scene_id,video_name,category,dominant_mood,PC1,PC2,PC3,PC4,PC5,PC6,PC7,PC8,PC9,PC10,PC11,PC12,PC13,PC14,cluster_label,cluster_v2
0,man_vs_baby_trailer.mp4,other,seriousness,-1.8754051,7.063675,3.793056,-13.098389,0.25721058,-4.523604,-5.802408,0.28842086,3.688722,-3.5791123,3.5643396,0.85378367,-1.6871573,3.3120282,3,C3b
1,man_vs_baby_trailer.mp4,other,amusement,14.45697,-30.478098,-17.014658,-17.929169,-1.2161282,12.468849,-0.09762906,2.9357674,-2.1812572,-4.7888513,2.7005057,0.4913256,2.1984894,-0.95111656,2,C2
2,man_vs_baby_trailer.mp4,other,unknown,21.577894,-17.460974,-9.587249,-14.8878,5.4873033,5.355963,2.4659343,0.34421068,-1.0445571,0.54980814,-2.138417,-8.478166,-0.9985633,-2.5867386,2,C2
3,man_vs_baby_trailer.mp4,other,celebration,-14.140511,-2.6137938,-0.18583474,10.095917,-3.0612364,-0.4772017,3.912784,2.0629182,3.2377193,-2.6768079,3.1957295,1.9311354,-0.521584,1.7036638,3,C3a
4,man_vs_baby_trailer.mp4,other,seriousness,1.1148412,5.173206,5.1003366,-13.508984,1.7151655,-4.511669,-6.2190056,-1.7527391,2.9837513,-8.0682,3.177953,-0.5438954,-2.5970287,4.38467,3,C3b
5,man_vs_baby_trailer.mp4,other,seriousness,5.1677065,8.042701,0.7759664,-13.96689,-3.4280937,-5.3179507,-5.8674507,-3.708442,4.2658687,-7.7352605,2.9634788,-1.9148046,-4.9208403,4.674866,1,C1
6,man_vs_baby_trailer.mp4,other,celebration,-4.844388,-14.931563,-8.892588,4.965767,2.4570491,-2.1529646,2.8712955,-0.4121004,0.15747555,-3.536114,2.6543837,0.42312708,-1.3700209,0.12537776,3,C3a
7,man_vs_baby_trailer.mp4,other,celebration,-14.753625,-4.9745736,-5.1589227,12.810351,-6.1924562,1.8756229,2.5182014,1.291817,2.3761804,-3.9855611,1.3714702,2.3634083,-2.2607503,0.1671135,3,C3a
8,man_vs_baby_trailer.mp4,other,tension,17.000551,-9.134857,-10.599961,-15.6160345,1.9463991,0.074731454,2.9023917,0.95775545,2.2873545,3.570801,-3.7620308,-8.596635,-0.2274559,-3.3641264,2,C2
9,man_vs_baby_trailer.mp4,other,neutral,15.838064,-30.486656,-11.363224,-16.576532,-1.2249262,9.888554,5.001688,0.7511738,-3.1150541,-5.0842566,4.5175858,0.7263244,1.786046,-1.0045406,2,C2
10,man_vs_baby_trailer.mp4,other,amusement,-5.6338177,-3.9701555,-6.540403,2.4034164,3.1784754,-1.8454005,4.639124,4.5518045,4.772272,-1.7856797,1.3045228,-8.292978,1.4268615,-2.1207201,3,C3a
0,ready_or_not_trailer.mp4,other,sadness,18.556587,17.492783,-26.151188,10.53265,-5.504396,6.100066,-5.1887307,-0.85293907,-0.9555908,0.7946558,-0.19927949,4.424729,2.5036414,3.5236232,1,C1
1,ready_or_not_trailer.mp4,other,tension,19.616285,-0.13526042,10.002912,-8.713381,-7.006232,-8.107258,-0.82337314,-3.188362,2.301227,-1.6718764,1.848517,-1.1282666,3.2545786,1.3696274,0,C0
2,ready_or_not_trailer.mp4,other,vulnerability,12.861991,15.921313,-21.59845,0.88644874,-2.5288215,1.5784643,-4.5919,-2.5371513,-0.07152604,0.010004164,-3.755445,-0.3619352,4.5118303,-2.313467,1,C1
3,ready_or_not_trailer.mp4,other,sadness,32.19866,8.031819,0.03466333,10.712808,6.0945077,7.7180657,-6.615918,-5.7329235,6.8821993,-1.3380997,-1.9516534,-4.1124287,-0.7811394,-1.7848495,0,C0
4,ready_or_not_trailer.mp4,other,seriousness,-5.4748125,9.475358,1.7812579,-3.5660527,0.8997648,-2.9748447,2.9606893,-1.7228463,0.2727094,-4.267562,6.3675394,1.1567218,-1.3776681,3.1821818,3,C3b
5,ready_or_not_trailer.mp4,other,seriousness,1.6683636,-0.06400467,4.6694303,-8.976931,-0.38140216,-11.5018215,-6.534105,1.6997323,-1.0063869,-7.2467284,3.6923358,-0.9692912,0.29161042,0.15178859,3,C3b
6,ready_or_not_trailer.mp4,other,tension,33.13978,4.988261,13.11211,12.008475,1.4005713,9.351398,-4.4730573,-5.046599,6.1647763,-3.4280467,0.17813267,-3.2148879,1.5382231,0.36369246,0,C0
7,ready_or_not_trailer.mp4,other,seriousness,11.062481,15.9607935,-16.949434,-1.3274933,-4.4738836,-3.0994005,-0.24310233,0.7798989,0.16372359,-4.902314,5.2445035,-1.8140804,0.45793962,-1.8826078,1,C1
8,ready_or_not_trailer.mp4,other,weariness,17.003351,14.374361,-22.417501,6.353514,-1.749246,-1.5641747,-1.5857252,-0.6128706,0.53869665,2.7151563,2.3362236,2.1309657,0.5052622,-2.5843503,1,C1
9,ready_or_not_trailer.mp4,other,fear,32.24597,3.7424743,17.304113,8.000156,-11.326123,4.8798246,3.6885238,-0.16336995,-3.9135854,-1.6323514,-3.305575,5.7761183,-2.5441144,-1.4190667,0,C0
0,toy_story_5_trailer.mp4,other,informative,-2.5236824,8.742634,-0.29932353,-14.292627,1.1525975,0.80906916,-1.8447558,9.0340805,9.91022,1.0028648,-0.66191405,2.1863313,-4.1447873,-1.079401,3,C3b
1,toy_story_5_trailer.mp4,other,amusement,-12.9706745,-7.2841573,-4.150766,8.844375,-2.9809608,-0.5342532,1.4823021,3.9476326,3.5382621,-0.65214807,-1.478553,-2.2115617,-1.7281464,0.09301714,3,C3a
2,toy_story_5_trailer.mp4,other,tension,16.870676,-5.0770903,9.00545,4.161425,2.0902104,1.8668128,-0.07748962,-13.221022,8.178507,-3.0381641,-5.292453,-4.6411786,-2.8057837,-3.327906,0,C0
3,toy_story_5_trailer.mp4,other,tension,22.391748,-7.4739227,14.334629,10.270276,3.1274757,3.7281914,0.31130132,-10.428469,3.3942242,-2.6282134,-4.092026,-1.2197596,-2.858432,-2.896722,0,C0
4,toy_story_5_trailer.mp4,other,fear,26.319643,-29.126936,-5.214083,-12.458299,3.150665,13.512628,2.1396227,-1.2321588,0.13205504,-4.0466237,1.9231693,1.6457129,0.1724271,-1.9233696,2,C2
16,gacs_advertisements_00_-avONMmQ.mp4,advertisements,darkness,16.319468,11.696866,-21.381683,9.551821,-0.84337467,-1.2245255,-0.07186955,-3.4120507,0.3709347,2.3642569,0.08263094,-1.3971941,-2.5936549,-0.22870743,1,C1
13,gacs_advertisements_01_jBnseji3.mp4,advertisements,joy,-12.381431,-13.172445,-2.8944564,8.165423,-6.961996,-1.5070494,0.21903776,-0.48358586,2.8575802,0.13543679,0.99477464,3.4523344,-1.2387153,0.253654,3,C3a
14,gacs_advertisements_01_jBnseji3.mp4,advertisements,darkness,30.704668,5.8585796,6.315064,1.7746357,4.6556764,6.7629,5.8206577,7.20733,8.797589,11.316543,13.615976,-3.982462,-5.3263855,1.8547475,0,C0
15,gacs_animations_00_WIPV1iwz.mp4,animations,vulnerability,-14.264281,-5.062863,0.9302445,9.41153,-1.6133852,-1.0997509,-0.48523712,5.697216,1.0043575,-1.707299,-1.0338202,-4.72137,0.59451187,1.1053067,3,C3a
16,gacs_animations_00_WIPV1iwz.mp4,animations,calm,-10.78814,7.4755063,-2.868101,1.1516674,3.4018288,-0.8006725,6.3630824,-0.102541074,0.016287897,-0.6332486,1.76952,-1.862145,-1.7521857,2.2672625,3,C3b
17,gacs_animations_00_WIPV1iwz.mp4,animations,calm,-10.490735,7.031087,-0.93298566,3.5230217,4.216448,-0.43652806,7.474925,1.1358293,-0.112536915,-2.0783205,0.14314625,-1.6844193,1.5699401,2.725249,3,C3b
18,gacs_animations_00_WIPV1iwz.mp4,animations,calm,-16.374302,-2.6361341,1.9166028,9.158655,1.3195255,3.342123,0.68910766,3.6268377,1.1680285,-1.3359954,-1.3775784,-2.6650667,-0.43805936,1.2420876,3,C3a
19,gacs_animations_00_WIPV1iwz.mp4,animations,calm,-11.1820545,1.6265787,0.9698927,10.35134,2.2128363,-2.0454564,4.2091427,-0.46036106,-2.5318785,-2.6290934,1.519712,-0.9981549,0.87517864,3.3604574,3,C3a
20,gacs_animations_00_WIPV1iwz.mp4,animations,calm,-13.428005,0.90876645,-3.3520947,7.7168317,0.1352113,-1.7705904,3.896077,-0.86746633,0.939276,-1.1973543,1.2743071,2.3375664,1.1879319,0.80259764,3,C3a
21,gacs_animations_00_WIPV1iwz.mp4,animations,informative,-9.749305,5.5355043,3.1113214,-9.70523,0.2043461,-2.1414523,-3.4948592,3.5869224,7.2814536,1.274083,-3.8009682,3.1427925,-0.34885138,1.7490258,3,C3b
16,gacs_animations_02_qLGNj-xr.mp4,animations,hope,-11.005891,-0.3663816,1.5480058,-1.5783358,0.13938197,-5.897737,-3.613251,0.68126714,5.7974973,0.12989931,-3.5508707,5.1262293,-0.3160528,2.3788352,3,C3a
17,gacs_animations_02_qLGNj-xr.mp4,animations,calm,-10.498989,3.8711398,3.349763,0.6604314,3.0214028,0.87492704,4.526197,1.758373,6.0646877,-1.3780638,0.71697116,0.22021557,-1.7078589,0.69560206,3,C3b
18,gacs_animations_02_qLGNj-xr.mp4,animations,calm,-15.478529,-5.6222987,-2.6314578,8.829324,-4.523985,0.13474408,2.6834495,1.1089492,3.0741513,-1.509406,1.2944939,1.3425297,-4.9159937,2.3001237,3,C3a
19,gacs_animations_02_qLGNj-xr.mp4,animations,calm,-5.3151126,1.4551415,-1.0533137,-2.0735984,4.242423,-6.75179,5.877278,-0.22517973,2.271499,2.0584042,-1.321322,0.44116324,-4.7453012,0.7086272,3,C3b
15,gacs_emotional_shorts_00_WAmw-erI.mp4,emotional_shorts,tension,3.9973743,10.338601,3.6631944,-9.998958,-14.879972,-1.8817694,2.3162718,-3.7320504,-0.3176957,-4.804275,1.0595416,-4.806923,-2.3078337,-0.48480096,3,C3b
16,gacs_emotional_shorts_00_WAmw-erI.mp4,emotional_shorts,contemplation,-10.729409,8.920939,2.1181388,-1.7386105,3.7245834,2.817199,4.865501,-0.52823365,-4.2669907,-1.5923947,1.9649101,-0.6921552,1.5956955,-1.1328576,3,C3b
17,gacs_emotional_shorts_00_WAmw-erI.mp4,emotional_shorts,contemplation,-5.2608542,5.752102,-3.5023928,-7.3930087,4.9948177,-1.7998097,7.0239596,0.549557,2.4320378,-1.435204,0.39551735,-2.6564364,0.6233276,1.2704057,3,C3b
18,gacs_emotional_shorts_00_WAmw-erI.mp4,emotional_shorts,seriousness,-8.302213,10.216121,5.7240577,-10.277881,2.7317023,2.845986,-2.3168204,-0.9882445,-3.6200716,-2.0739272,1.4979587,-1.1266488,1.0576173,-0.41292349,3,C3b
19,gacs_emotional_shorts_00_WAmw-erI.mp4,emotional_shorts,tension,17.70668,-28.277111,-15.089995,-22.365383,0.30569226,11.228453,2.4628925,-0.031003656,-2.2576687,-1.344518,1.3474491,0.43928885,1.4629781,-1.5961952,2,C2
20,gacs_emotional_shorts_00_WAmw-erI.mp4,emotional_shorts,contemplation,-11.492548,6.5362554,1.9535649,-4.080917,1.0524647,0.8920244,-0.7546545,-3.5241454,-5.1178517,-3.6116164,2.0740705,-0.025031917,-0.8269371,0.5972426,3,C3b
21,gacs_emotional_shorts_00_WAmw-erI.mp4,emotional_shorts,seriousness,-3.2799394,9.2297735,10.840569,-10.883032,-4.337373,0.04744756,-6.563796,-5.6302896,-2.191642,-5.060061,2.3181715,-1.8526459,-2.4541771,4.056631,3,C3b
22,gacs_emotional_shorts_00_WAmw-erI.mp4,emotional_shorts,seriousness,-6.74132,5.724128,8.217997,-13.032942,-1.4807795,-1.7994682,-5.063664,-6.1620336,-1.9154015,-2.754066,0.8086765,0.0011153141,-1.364643,1.6104028,3,C3b
23,gacs_emotional_shorts_00_WAmw-erI.mp4,emotional_shorts,contemplation,-4.5238023,13.864804,-0.33906224,-6.581066,3.7293916,0.7048989,7.3029885,-2.2131846,0.3193043,-6.9539747,2.597152,-0.47635177,0.46257824,0.54112476,3,C3b
24,gacs_emotional_shorts_00_WAmw-erI.mp4,emotional_shorts,weariness,-12.112003,6.8305025,5.554723,-5.075044,3.6326673,4.0434246,0.81977946,3.04719,-0.2251127,-0.6690436,-0.18550041,-1.390956,4.57029,-2.6854649,3,C3b
25,gacs_emotional_shorts_00_WAmw-erI.mp4,emotional_shorts,contemplation,-3.8818371,11.744328,-18.362698,2.544719,2.8345475,0.828411,6.1089854,-4.4186726,-1.292749,-2.4720864,-0.27633914,1.292629,1.4747611,-0.73581266,1,C1
26,gacs_emotional_shorts_00_WAmw-erI.mp4,emotional_shorts,tension,-2.8212981,11.36529,-4.0896907,-4.6230183,-13.92743,1.1034943,-1.8496982,-8.491122,-7.128125,3.4064915,-0.74542385,-5.0916953,-0.18292363,-2.9641113,3,C3b
27,gacs_emotional_shorts_00_WAmw-erI.mp4,emotional_shorts,focus,-14.931658,-0.99285173,4.438917,-3.207076,-0.65944475,2.745182,-4.178551,1.065296,-2.7899408,1.017281,-0.9274452,-0.7699987,0.34820145,0.62722397,3,C3a
28,gacs_emotional_shorts_00_WAmw-erI.mp4,emotional_shorts,poignance,-10.733532,3.7326899,0.07856573,-2.0771484,2.0923815,-0.95565426,-1.1520913,1.7483687,-0.7938758,-4.477761,-0.25298992,-4.364092,2.487588,0.6261236,3,C3b
29,gacs_emotional_shorts_00_WAmw-erI.mp4,emotional_shorts,tension,0.5996504,10.316673,4.061938,-11.548345,-20.17754,4.6547165,-1.1129756,0.82660836,-3.437973,1.4772756,-0.8022372,-9.030522,-2.698509,-2.6876824,3,C3b
30,gacs_emotional_shorts_00_WAmw-erI.mp4,emotional_shorts,domesticity,-1.9728452,6.878715,2.6081223,-11.933917,1.3282043,-3.027526,3.0582647,-0.8373582,3.6301973,-0.7432708,-2.3439128,1.0950854,4.128053,-0.12832516,3,C3b
31,gacs_emotional_shorts_00_WAmw-erI.mp4,emotional_shorts,contemplation,22.247925,4.7033057,-0.13491562,8.093604,-3.5779972,6.078892,7.518715,-18.613358,1.5569148,-4.363648,0.93408746,-4.307325,-2.2627838,-2.3078563,0,C0
32,gacs_emotional_shorts_00_WAmw-erI.mp4,emotional_shorts,contemplation,-7.2455106,5.924545,3.6338582,-8.131912,4.3109035,-2.3651123,-3.4043837,-0.799437,-3.0768049,-4.5989494,1.7459521,-1.9926417,0.9923323,1.335978,3,C3b
33,gacs_emotional_shorts_00_WAmw-erI.mp4,emotional_shorts,sadness,-2.5163164,10.053743,-21.963037,5.7320924,-2.7370358,3.2886422,-2.9586568,-5.6073017,-2.65195,-0.5817134,-0.91794574,0.07275461,0.35325795,-1.4108112,1,C1
34,gacs_emotional_shorts_00_WAmw-erI.mp4,emotional_shorts,focus,-8.285621,8.364322,-0.69717866,-5.6038995,5.2839694,-0.36282423,9.188146,-2.7412999,0.28603733,-1.5299227,-0.11820974,1.0513709,0.8000965,-1.0269597,3,C3b
35,gacs_emotional_shorts_00_WAmw-erI.mp4,emotional_shorts,calm,-11.382725,9.4139,2.6273324,-3.8615823,2.013955,3.0889223,3.208383,-1.7390642,-4.9900556,0.24403764,0.2362291,-0.44360068,0.9671613,-0.78098893,3,C3b
36,gacs_emotional_shorts_00_WAmw-erI.mp4,emotional_shorts,tension,-10.199695,8.812663,-7.819222,-0.37199816,0.9284432,0.46989146,-0.07130028,-3.1131365,-1.0969771,-3.0566523,0.49743673,-1.0297071,1.2142268,-3.0851762,3,C3b
37,gacs_emotional_shorts_00_WAmw-erI.mp4,emotional_shorts,joy,-13.657495,-1.1025734,-4.4593186,4.6653666,-2.038838,0.1868375,4.7063894,0.3896239,2.4173281,-4.2424474,0.3261114,4.0826473,-1.4753907,-1.6721159,3,C3a
38,gacs_emotional_shorts_00_WAmw-erI.mp4,emotional_shorts,neutral,-12.647868,3.6471705,5.127835,-5.5481205,1.5085499,2.900506,-3.661951,-0.3061117,-3.650322,3.8035133,-0.10107095,0.5152483,0.60857725,-1.1273624,3,C3b
39,gacs_emotional_shorts_00_WAmw-erI.mp4,emotional_shorts,calm,-14.095518,4.0457277,-0.37030888,2.4515886,1.8537529,2.1278567,5.452094,1.3792055,2.015466,-0.8752706,1.4683287,0.39425805,0.037204802,-2.5576434,3,C3a
40,gacs_emotional_shorts_00_WAmw-erI.mp4,emotional_shorts,tension,18.968847,-20.476845,-9.300133,-15.526038,-3.8144865,4.3574047,3.6213145,-7.109999,-3.580006,2.086696,-1.7293601,-7.0015793,-4.9083037,-2.2258399,2,C2
41,gacs_emotional_shorts_00_WAmw-erI.mp4,emotional_shorts,neutral,-10.630117,7.353858,3.9333801,-7.0704036,1.066256,3.0016267,-0.8321925,-1.995766,-5.4325337,3.3109767,0.740668,-0.90782726,1.1612215,0.84900737,3,C3b
42,gacs_emotional_shorts_00_WAmw-erI.mp4,emotional_shorts,contentment,-15.831485,3.8681054,1.7251582,5.3424993,-3.5245256,3.2690783,1.3228844,-1.2388153,-2.0724921,-2.2171502,-0.35794488,1.2872553,-1.4813244,0.33183104,3,C3a
43,gacs_emotional_shorts_00_WAmw-erI.mp4,emotional_shorts,loneliness,-1.6276847,14.914937,-3.2947419,-3.9467044,4.900446,0.9130717,6.2451158,1.4456359,-1.1599399,-1.041818,0.4771705,-3.8405988,5.31697,0.7231392,3,C3b
44,gacs_emotional_shorts_00_WAmw-erI.mp4,emotional_shorts,neutral,-13.655416,9.131178,8.286179,-4.5715637,0.16646785,7.3575277,2.5657964,3.0938942,-3.4542997,0.6307753,-1.5015956,-0.87616074,0.18970983,-1.5410702,3,C3b
45,gacs_emotional_shorts_00_WAmw-erI.mp4,emotional_shorts,domesticity,-12.935275,7.7276263,5.944959,-4.946288,0.37900433,3.5749066,1.1128737,-2.2225366,-3.5999646,1.087521,-0.5025454,0.5414615,-0.9123844,-0.5663551,3,C3b
46,gacs_emotional_shorts_00_WAmw-erI.mp4,emotional_shorts,contemplation,-6.658165,8.571643,-8.211493,-0.79214346,-0.53672624,-0.24170628,-6.7204757,-6.3942003,-5.475177,-2.6756778,3.4413965,-2.4685798,-2.7942157,-1.1260154,3,C3b
47,gacs_emotional_shorts_00_WAmw-erI.mp4,emotional_shorts,calm,-15.140912,6.1139383,0.86347926,3.2041724,0.78124106,4.2570887,3.0336087,-0.66786045,-2.7193012,-2.0426986,-2.085155,-0.09030296,-0.18505287,-0.07049334,3,C3a
48,gacs_emotional_shorts_00_WAmw-erI.mp4,emotional_shorts,loneliness,-1.56212,16.743929,-17.463741,2.1127608,5.042773,4.145235,-0.7250753,-2.895018,-3.3712924,0.8566672,-1.5096586,0.25968632,3.039437,0.23670182,1,C1
49,gacs_emotional_shorts_00_WAmw-erI.mp4,emotional_shorts,contemplation,-10.27864,10.4363,3.707763,-4.7687616,3.7624881,3.1820552,3.034299,-1.7737762,-2.990456,-0.072076306,0.11202242,-0.37215,0.93763334,-1.6828022,3,C3b
50,gacs_emotional_shorts_00_WAmw-erI.mp4,emotional_shorts,contemplation,-12.499724,8.502438,4.846407,-2.2068274,1.8647683,4.9822435,2.6221018,-1.0692154,-4.6648846,-0.24656476,0.5430934,-0.41085416,1.306551,-1.0934932,3,C3b
51,gacs_emotional_shorts_00_WAmw-erI.mp4,emotional_shorts,calm,-11.451569,11.8379,3.894093,-0.33950466,1.1268541,4.497159,2.6356947,0.61686957,-2.1677194,-6.1967564,1.175332,-0.9945069,1.9042189,-0.32328057,3,C3b
52,gacs_emotional_shorts_00_WAmw-erI.mp4,emotional_shorts,contemplation,-11.583893,8.491326,1.5489483,-2.9468307,4.0029893,4.080634,6.647876,1.8043196,0.904466,-2.5792828,-1.9216757,-2.9743845,3.7031047,-3.8152056,3,C3b
53,gacs_emotional_shorts_00_WAmw-erI.mp4,emotional_shorts,contemplation,-13.068571,9.192572,5.867636,-3.1696618,2.1216016,6.0748067,1.4560229,-0.35628617,-4.5414495,0.27334177,-0.18315476,-1.4140608,0.5766497,-0.60111654,3,C3b
54,gacs_emotional_shorts_00_WAmw-erI.mp4,emotional_shorts,focus,-5.617056,7.8681264,5.174292,-10.602184,5.545059,-1.9987565,1.3954529,3.5316586,4.087442,0.92765796,-2.1610355,-0.61078286,4.6873612,0.63559633,3,C3b
55,gacs_emotional_shorts_00_WAmw-erI.mp4,emotional_shorts,sadness,24.345133,4.8695126,5.8368483,10.755504,9.361567,7.3595657,-9.412522,-11.152323,2.4113123,-1.847547,-0.059235293,-6.141345,1.4337771,-0.6243847,0,C0
56,gacs_emotional_shorts_00_WAmw-erI.mp4,emotional_shorts,sadness,23.448496,6.9170775,8.335951,11.059863,6.555686,7.723605,-7.7184277,-11.181473,3.4179618,-3.2526374,0.1784523,-6.5256352,-0.18293439,0.9037351,0,C0
57,gacs_emotional_shorts_00_WAmw-erI.mp4,emotional_shorts,sadness,25.90043,4.163202,3.8293252,15.998712,6.9205594,7.1191697,-7.2705793,-8.713533,3.0171156,-3.9655373,0.13370767,-5.886507,-0.1876291,0.23140779,0,C0
58,gacs_emotional_shorts_00_WAmw-erI.mp4,emotional_shorts,warmth,-11.139075,6.834868,1.4011154,-3.861401,4.9506445,1.8919473,1.3357195,1.3186537,1.0800064,0.6814164,-1.5134898,2.3311002,2.0897288,-3.4938283,3,C3b
59,gacs_emotional_shorts_00_WAmw-erI.mp4,emotional_shorts,poignance,28.733854,4.97,3.7889884,9.290789,6.7152505,6.5324183,-7.256303,-4.0455937,5.048532,-3.6461358,-0.30001298,-6.883419,-0.049722515,-0.8360304,0,C0
60,gacs_emotional_shorts_00_WAmw-erI.mp4,emotional_shorts,neutral,-8.930171,4.688588,-1.0571038,-6.757381,-0.8478631,-2.2470133,3.6769342,0.5900663,5.332599,-1.1329126,-1.2679762,1.983903,-1.9197191,-2.2212107,3,C3b
61,gacs_emotional_shorts_00_WAmw-erI.mp4,emotional_shorts,focus,-10.244138,6.5292945,8.076256,-11.902183,0.751512,3.7129138,-2.8905838,-3.5085058,-2.3431854,4.463165,-3.7389421,-0.1009133,0.68977666,1.0120631,3,C3b
62,gacs_emotional_shorts_00_WAmw-erI.mp4,emotional_shorts,sadness,27.309906,5.271734,4.0619316,10.027602,4.553947,5.810704,-7.367741,-7.8413525,3.2681699,-3.7961996,-0.7255156,-6.4500046,0.67992985,-2.3056908,0,C0
63,gacs_emotional_shorts_00_WAmw-erI.mp4,emotional_shorts,seriousness,6.7371044,12.203356,0.87857825,-14.385159,-0.17444384,-1.8160218,-0.8186756,1.0033729,1.8636547,-7.947967,3.844662,-4.596832,-3.3546646,1.7855619,1,C1
64,gacs_emotional_shorts_00_WAmw-erI.mp4,emotional_shorts,warmth,-7.1867027,9.026248,1.3827845,-7.2750683,0.81557924,1.7158167,6.649174,-2.7422507,4.8451257,-1.1840659,-4.224809,2.5563896,0.4688538,0.6200835,3,C3b
65,gacs_emotional_shorts_00_WAmw-erI.mp4,emotional_shorts,warmth,-13.60048,3.8468626,4.295858,-6.5971785,2.3571768,3.3036406,-2.6226616,0.36317146,-1.9296106,3.239605,-1.7116077,2.4861033,1.5180789,-2.3926747,3,C3b
66,gacs_emotional_shorts_00_WAmw-erI.mp4,emotional_shorts,sadness,1.1883852,7.401956,-25.209623,7.1849194,-4.764434,0.78447413,-7.4575715,-2.600039,-2.360559,-3.7987616,-1.0315504,-0.06913073,1.6921152,-0.8970913,1,C1
67,gacs_emotional_shorts_00_WAmw-erI.mp4,emotional_shorts,contemplation,9.810204,16.85736,-24.647053,-5.35374,-0.9599756,1.0297129,-0.24271704,1.0068762,1.4941449,-0.9056252,0.82102007,0.17829825,0.67753685,-1.7803919,1,C1
68,gacs_emotional_shorts_00_WAmw-erI.mp4,emotional_shorts,calm,-8.382411,13.029669,2.5392683,-3.4951355,8.057653,6.061657,5.82421,1.7760026,-0.28248662,-2.3284276,-2.1666691,0.29731008,4.400778,-2.7429016,3,C3b
69,gacs_emotional_shorts_00_WAmw-erI.mp4,emotional_shorts,romance,-3.6330872,17.100908,-9.508336,2.0933065,5.701465,3.8679821,2.5668304,-0.55818737,-3.7884688,-2.0920665,0.81218237,-0.7571953,2.565795,-2.431259,1,C1
70,gacs_emotional_shorts_00_WAmw-erI.mp4,emotional_shorts,neutral,-6.209738,5.94888,4.35001,-6.714382,1.3461561,-1.7887173,5.2341247,-0.80276835,2.71139,0.09298386,1.1008856,1.0294329,-1.0136619,-2.1754646,3,C3b
71,gacs_emotional_shorts_00_WAmw-erI.mp4,emotional_shorts,calm,-12.275765,9.481806,3.0146832,-0.8143758,3.2395608,5.322447,8.140585,-0.07108173,2.062078,-3.3710444,-1.744336,0.7976748,1.2440999,-1.8813267,3,C3b
72,gacs_emotional_shorts_00_WAmw-erI.mp4,emotional_shorts,fear,12.117602,3.0249686,19.818863,3.1012874,8.892838,5.2063537,-4.9142466,-4.399888,-4.291456,1.1489787,-0.7850277,-0.8784579,2.519354,0.6642407,0,C0
73,gacs_emotional_shorts_00_WAmw-erI.mp4,emotional_shorts,contemplation,-7.5169697,10.703875,4.777988,-5.335741,3.2253325,2.6829243,4.796414,-2.4385812,-2.7525945,-1.0766263,0.016676815,-1.0201397,0.251129,-0.05232581,3,C3b
74,gacs_emotional_shorts_00_WAmw-erI.mp4,emotional_shorts,contemplation,-10.394704,10.861013,3.6768956,-5.135433,5.0881286,3.419852,4.3499255,-3.042195,-3.4361732,-0.20050843,-1.002043,0.46294478,2.4185164,-0.8023725,3,C3b
75,gacs_emotional_shorts_00_WAmw-erI.mp4,emotional_shorts,contemplation,-5.0266924,10.092121,3.3232028,-10.122035,5.644361,2.0572178,1.3795094,-4.214637,-3.2755618,0.042111136,-1.0673797,-3.1987655,0.30093825,0.64548445,3,C3b
76,gacs_emotional_shorts_00_WAmw-erI.mp4,emotional_shorts,contemplation,-8.040758,9.484642,4.099203,-7.6166735,4.085217,0.55968064,3.3729234,-3.6928737,-3.6074865,-0.29803658,-0.35759202,0.583531,0.6945716,-0.62530434,3,C3b
77,gacs_emotional_shorts_00_WAmw-erI.mp4,emotional_shorts,calm,-5.6414485,13.567832,1.2151219,-8.574279,6.9134226,3.368693,10.42409,-1.1303439,0.8063665,-2.4171355,-1.4778022,-1.236355,2.20327,-2.140586,3,C3b
78,gacs_emotional_shorts_00_WAmw-erI.mp4,emotional_shorts,calm,-10.823472,9.963337,5.0019126,-4.494913,5.5741525,4.165865,3.84829,-2.3833783,-4.361383,-0.016605055,-0.13762806,-0.13385774,1.2790862,-0.78219384,3,C3b
79,gacs_emotional_shorts_00_WAmw-erI.mp4,emotional_shorts,contemplation,-1.5458338,9.962362,1.9357704,-4.880773,6.0083423,-3.1574323,8.052043,-4.6256557,0.52598965,-3.228322,-0.1720927,-1.7142357,0.3612879,3.847851,3,C3b
80,gacs_emotional_shorts_00_WAmw-erI.mp4,emotional_shorts,contemplation,-8.834209,11.886903,4.3130393,-6.7640724,4.1580644,4.656515,2.3665214,-1.6328049,-5.425934,0.50092846,0.13136187,-1.1125814,1.0335884,-0.6406885,3,C3b
81,gacs_emotional_shorts_00_WAmw-erI.mp4,emotional_shorts,contemplation,-5.9056835,9.919798,-0.5473735,-5.322308,8.50161,0.4683964,6.321313,0.27011907,-1.8051424,-2.231875,-1.6964542,-1.4645619,2.7785509,-1.2342216,3,C3b
82,gacs_emotional_shorts_00_WAmw-erI.mp4,emotional_shorts,tension,14.716819,-27.129051,-13.182579,-20.922031,2.1715217,8.3887415,0.4203463,-0.90506285,-3.0647566,-2.0652454,2.0359492,0.4088539,2.270634,-0.9251146,2,C2
83,gacs_emotional_shorts_00_WAmw-erI.mp4,emotional_shorts,tension,24.792841,3.519677,13.97536,3.0514593,2.0171633,5.759321,-0.714665,-13.534762,4.3623633,-3.9265041,-1.1246604,-3.567616,-0.4949759,-2.2333994,0,C0
84,gacs_emotional_shorts_00_WAmw-erI.mp4,emotional_shorts,calm,-14.438091,9.633924,-1.0290627,6.1536736,-1.6899587,5.9664955,7.7108526,1.4063804,0.42404848,-5.5340934,-3.2486498,1.356077,-0.6207026,-0.47069156,3,C3a
85,gacs_emotional_shorts_00_WAmw-erI.mp4,emotional_shorts,calm,-17.354935,3.4297073,-0.29823408,8.60424,-2.245949,5.641807,3.7096944,0.9166509,-1.9587626,-2.722495,-0.84839237,1.3750548,-1.3354163,0.098800756,3,C3a
86,gacs_emotional_shorts_00_WAmw-erI.mp4,emotional_shorts,calm,-10.346904,9.585166,-2.12944,0.30282778,4.460897,2.4659486,10.027901,-1.1136758,0.84886974,-2.8138473,0.18460871,1.2298238,1.2427347,-1.5610967,3,C3b
87,gacs_emotional_shorts_00_WAmw-erI.mp4,emotional_shorts,warmth,-13.541051,4.9911995,8.64868,-2.1452363,-2.7374141,5.051896,0.88080573,2.0702205,-0.029171163,-1.5337696,-2.128943,-2.7575548,1.2445462,-0.6268539,3,C3b
88,gacs_emotional_shorts_00_WAmw-erI.mp4,emotional_shorts,seriousness,-8.9952345,4.8108706,1.368552,-3.667248,4.2477446,-3.9040403,-3.0754392,0.34776595,-0.39312354,-6.893698,2.9359546,-0.28199425,0.52954936,1.8941314,3,C3b
89,gacs_emotional_shorts_00_WAmw-erI.mp4,emotional_shorts,sadness,5.671513,15.768255,-23.832724,3.8271515,-4.0147634,3.6336236,-2.5103981,-6.8323665,-2.4427447,-0.48836565,-2.566547,-0.38523853,2.6091495,0.03139967,1,C1
90,gacs_emotional_shorts_00_WAmw-erI.mp4,emotional_shorts,weariness,-10.315228,4.775231,6.6656084,-4.2641664,1.257248,2.6634598,-1.3034308,-5.704522,-3.1429343,0.71876484,-0.59796137,-1.1062962,-0.011488569,-0.45165202,3,C3b
91,gacs_emotional_shorts_00_WAmw-erI.mp4,emotional_shorts,unknown,19.188824,4.4453287,-4.2014966,-13.573914,-0.44323236,13.950978,-1.4675426,9.241569,7.424643,4.2289977,-8.742266,0.32812613,-4.1034117,12.480625,1,C1
92,gacs_emotional_shorts_00_WAmw-erI.mp4,emotional_shorts,unknown,19.188824,4.4453287,-4.2014966,-13.573914,-0.44323236,13.950978,-1.4675426,9.241569,7.424643,4.2289977,-8.742266,0.32812613,-4.1034117,12.480625,1,C1
93,gacs_emotional_shorts_00_WAmw-erI.mp4,emotional_shorts,unknown,19.188824,4.4453287,-4.2014966,-13.573914,-0.44323236,13.950978,-1.4675426,9.241569,7.424643,4.2289977,-8.742266,0.32812613,-4.1034117,12.480625,1,C1
94,gacs_emotional_shorts_00_WAmw-erI.mp4,emotional_shorts,joy,-16.08581,1.2319206,1.1988817,1.7329327,-0.124017134,3.70748,-0.93381286,-1.5162804,-2.9853642,2.30285,-0.54529,1.9998945,-1.9924049,-1.5487626,3,C3a
95,gacs_emotional_shorts_00_WAmw-erI.mp4,emotional_shorts,warmth,-15.417011,-0.87329966,-0.3095219,1.8062689,-0.14482658,2.3648446,-3.4118347,-3.0454445,-3.1624982,3.2996197,-0.8590226,2.8423598,-1.0364349,-1.5897413,3,C3a
96,gacs_emotional_shorts_00_WAmw-erI.mp4,emotional_shorts,joy,-13.942046,-3.1933134,-7.2557864,4.9068284,-0.032391697,0.012443236,1.9584221,-1.3129327,2.4516852,-0.07895817,-1.9365443,3.6444364,-0.062141903,-1.6782662,3,C3a
97,gacs_emotional_shorts_00_WAmw-erI.mp4,emotional_shorts,warmth,-15.496073,5.8167644,2.7565422,0.093958855,2.298389,4.8108993,-2.1440928,0.14033754,-3.8271132,1.8398244,-0.93092144,1.2078172,0.9573025,-1.6589755,3,C3a
98,gacs_emotional_shorts_00_WAmw-erI.mp4,emotional_shorts,calm,-13.229358,6.81648,3.7243004,-3.281435,0.5234192,3.8020046,4.962838,-2.0190294,-1.6010519,-1.266212,-0.54394686,2.3332772,-0.80614763,-2.0512774,3,C3b
99,gacs_emotional_shorts_00_WAmw-erI.mp4,emotional_shorts,calm,-12.694242,8.691983,9.634466,-4.409665,3.0784564,6.7734942,1.4517833,3.1865633,-2.5162213,-0.1676392,-1.2843878,-1.5185865,3.5613458,-2.2545161,3,C3b
100,gacs_emotional_shorts_00_WAmw-erI.mp4,emotional_shorts,calm,-15.323542,6.130556,6.496151,-1.7357004,-0.3122162,6.3350058,2.0204456,-0.9418746,-4.3671827,0.86081684,-0.6645208,0.7788357,0.001271613,-1.2140877,3,C3b
101,gacs_emotional_shorts_00_WAmw-erI.mp4,emotional_shorts,contemplation,-15.573633,6.4901934,3.5473804,2.6842546,0.6560585,4.7566924,1.7876245,2.3985765,-3.000801,-1.8184719,-0.38400733,-0.112962276,1.3010768,0.45462257,3,C3a
102,gacs_emotional_shorts_00_WAmw-erI.mp4,emotional_shorts,neutral,0.026060352,7.51424,4.076668,-15.19175,3.925186,-1.2857901,2.2577202,2.137344,4.445378,2.5209112,-2.1005352,2.3656454,1.7869939,-0.14886919,3,C3b
103,gacs_emotional_shorts_00_WAmw-erI.mp4,emotional_shorts,joy,-17.295824,2.5326934,1.944599,8.752196,-3.9614844,5.915021,4.328733,0.43105265,-2.4903266,-2.6469371,-0.9114834,0.93984854,-1.9328249,-0.14579126,3,C3a
104,gacs_emotional_shorts_00_WAmw-erI.mp4,emotional_shorts,calm,-13.796045,6.9075475,2.0438552,0.7423993,0.7034504,5.0820045,7.4270625,1.5244061,-0.038328625,-3.7821934,0.031006271,-1.9089694,2.1013448,-1.6244115,3,C3a
105,gacs_emotional_shorts_00_WAmw-erI.mp4,emotional_shorts,calm,-6.370033,10.586524,0.51439995,-3.2950885,4.4843554,-1.4040203,9.070803,-1.503725,-0.8307914,-4.5996766,0.55530745,-0.70127386,1.7797071,1.0765666,3,C3b
106,gacs_emotional_shorts_00_WAmw-erI.mp4,emotional_shorts,calm,-6.1186833,13.990299,2.809462,-6.434767,5.2348456,5.292786,12.048487,1.0402501,0.3651117,-3.9940467,-0.58600926,-2.4439864,3.4745655,-0.82438904,3,C3b
107,gacs_emotional_shorts_00_WAmw-erI.mp4,emotional_shorts,calm,-12.045918,9.2081585,3.8160334,-3.010632,3.2525897,4.1484027,6.881225,2.5771906,-0.22281133,-2.3425674,0.397163,-2.836997,4.725607,-1.7378156,3,C3b
108,gacs_emotional_shorts_00_WAmw-erI.mp4,emotional_shorts,contemplation,-9.312894,11.320626,5.32091,-8.939627,2.6767836,2.3836997,0.735512,-2.4002216,-4.3931546,-1.8748685,2.3863864,-1.1229967,-0.21040316,1.3348031,3,C3b
109,gacs_emotional_shorts_00_WAmw-erI.mp4,emotional_shorts,calm,-14.232787,9.122907,0.76161927,2.9354496,0.4727115,4.1332426,6.4480743,-1.4665611,-2.3201952,-3.8465383,-0.06177458,0.83585835,0.67090374,0.62327045,3,C3b
110,gacs_emotional_shorts_00_WAmw-erI.mp4,emotional_shorts,contemplation,3.599389,17.831062,-15.6727495,3.0947812,2.9873116,0.26079378,3.2090793,-1.9811044,-3.070874,-3.8004498,0.32884353,0.44848812,3.7880058,-0.2452891,1,C1
111,gacs_emotional_shorts_00_WAmw-erI.mp4,emotional_shorts,calm,-15.52331,6.5762377,1.1978562,3.9379275,-1.2353408,3.4488053,6.8715353,0.23264864,-0.33218896,-3.5460439,-1.5539734,-0.10757441,1.3660553,-0.26935297,3,C3a
112,gacs_emotional_shorts_00_WAmw-erI.mp4,emotional_shorts,calm,-15.216055,8.442824,1.4526299,4.263921,-0.9227425,4.3935914,5.162936,-0.018502008,-1.3566343,-4.4441133,-1.3691642,0.9602277,1.1741645,0.16087806,3,C3a
113,gacs_emotional_shorts_00_WAmw-erI.mp4,emotional_shorts,neutral,-9.729014,11.856156,8.391499,-3.3905501,2.7146888,6.0943007,5.583476,2.1046124,-1.5938846,-1.854266,1.391319,-2.4351606,3.2438135,-1.899281,3,C3b
114,gacs_emotional_shorts_00_WAmw-erI.mp4,emotional_shorts,contemplation,-10.113015,8.660981,3.1554127,-2.5370598,5.6683445,2.2636619,3.8823571,-0.48025182,-4.4826403,-0.79133373,1.869126,-0.7181794,3.4668884,0.7312762,3,C3b
115,gacs_emotional_shorts_00_WAmw-erI.mp4,emotional_shorts,contemplation,-10.39326,5.6970744,6.692852,-3.7043478,2.9103587,0.82275724,-7.0294495,1.9037634,-5.9250813,-2.0354679,4.813509,-2.181485,1.4198662,1.2866606,3,C3b
116,gacs_emotional_shorts_00_WAmw-erI.mp4,emotional_shorts,calm,-7.3691354,8.1008005,1.610217,-0.89018404,7.46329,-1.3210112,4.933128,3.0364535,-0.75974786,-2.1229386,1.6097395,-0.22963078,4.1290407,-1.4470392,3,C3b
117,gacs_emotional_shorts_00_WAmw-erI.mp4,emotional_shorts,calm,-11.2048435,6.3107524,6.280819,-3.3123572,4.399645,1.4903806,-0.9626586,1.4661574,-2.7576852,1.2923107,1.3320386,-0.32170737,2.9683514,-0.60680556,3,C3b
118,gacs_emotional_shorts_00_WAmw-erI.mp4,emotional_shorts,contemplation,-4.7061777,13.57815,-10.622323,2.8540967,1.4068998,2.7527316,-2.3659492,-8.448478,-5.3085413,0.29395375,-0.46174094,-2.0467403,-0.091264695,0.018512975,1,C1
119,gacs_emotional_shorts_00_WAmw-erI.mp4,emotional_shorts,calm,-10.081806,10.884873,2.6779296,-1.211905,5.1248407,3.1417258,4.7828627,-0.1558029,-4.545313,-1.6215229,1.681187,-1.0798947,1.8743601,0.31061754,3,C3b
120,gacs_emotional_shorts_00_WAmw-erI.mp4,emotional_shorts,seriousness,0.67078745,16.680773,-14.404993,1.759267,1.4095252,-2.663681,0.00574379,-3.6521652,-0.9763196,-5.405903,4.3144307,-0.29828575,-0.88758296,0.12619814,1,C1
121,gacs_emotional_shorts_00_WAmw-erI.mp4,emotional_shorts,contemplation,-7.871288,6.5772266,-1.7417027,-0.08535179,6.0421,-2.7508812,7.040514,0.84005964,-0.9579355,-2.4987059,0.5587782,-0.59782135,3.9983723,1.085365,3,C3b
122,gacs_emotional_shorts_00_WAmw-erI.mp4,emotional_shorts,warmth,-13.168531,2.303903,0.69800293,1.8204424,3.1138687,-0.8416236,4.1512237,1.0660248,0.83696383,-1.0739743,-0.6057578,2.6109304,2.5250585,0.43973145,3,C3a
123,gacs_emotional_shorts_00_WAmw-erI.mp4,emotional_shorts,romance,-12.260565,1.0374237,6.9720445,-2.7343192,1.0174409,-0.0788165,-4.6543455,-2.227179,-3.264704,0.7065715,-1.4072071,-1.5305178,0.53443605,2.4861352,3,C3b
124,gacs_emotional_shorts_00_WAmw-erI.mp4,emotional_shorts,romance,-11.780184,4.6271057,-1.9939559,0.72015303,5.790303,-0.5070826,4.3755918,1.9355534,-0.15450017,-1.7431189,-0.79009,0.36374196,2.7217977,-0.8474675,3,C3b
125,gacs_emotional_shorts_00_WAmw-erI.mp4,emotional_shorts,warmth,-14.763473,3.82761,4.0502934,-2.3287423,1.7375134,4.1387024,-1.2071749,-1.5827477,-3.7911797,3.1886778,-0.32426998,1.3622943,-0.4858024,-1.1853526,3,C3a
126,gacs_emotional_shorts_00_WAmw-erI.mp4,emotional_shorts,mystery,16.340809,10.1325035,-17.205784,-6.133605,0.89003104,-2.5452652,-1.5300219,4.744913,1.6838366,-0.86036396,3.099966,-2.997102,-4.218236,-5.1732516,1,C1
127,gacs_emotional_shorts_00_WAmw-erI.mp4,emotional_shorts,contemplation,4.0886207,14.149902,-22.952883,2.8721848,1.652165,0.79174435,-1.8900626,0.97820276,-0.26233643,-2.343009,0.8016519,-0.45140803,3.151303,-2.043912,1,C1
128,gacs_emotional_shorts_00_WAmw-erI.mp4,emotional_shorts,joy,-15.919183,2.9491534,-0.59598607,11.344243,-1.0713274,4.9206576,3.2827628,4.5565205,-0.3850914,-3.6958287,0.2826005,0.7470802,0.32397288,-0.3550216,3,C3a
129,gacs_emotional_shorts_00_WAmw-erI.mp4,emotional_shorts,calm,-10.38958,3.4035058,-0.11687826,-3.7841873,4.7700787,-2.778263,4.5714784,2.3538322,2.5679834,-1.7760379,1.5665902,2.970802,2.0543492,-1.203595,3,C3b
130,gacs_emotional_shorts_00_WAmw-erI.mp4,emotional_shorts,romance,-9.83007,-2.4810145,0.059880424,-0.30675808,-1.4657792,-3.5740342,-1.855619,4.6883197,1.6511995,-1.511649,2.9660788,-0.3412388,2.994232,-4.2988734,3,C3a
131,gacs_emotional_shorts_00_WAmw-erI.mp4,emotional_shorts,romance,-12.806003,-2.9724016,-4.860984,4.6407514,1.0754925,-2.072833,0.9978854,2.401817,2.892022,-0.44837973,0.430627,2.1758237,0.06527285,-1.1295562,3,C3a
132,gacs_emotional_shorts_00_WAmw-erI.mp4,emotional_shorts,romance,-14.144783,3.31835,2.763165,-2.8562639,2.8922045,1.716957,-0.037800677,-0.4142739,-2.412058,0.9314758,0.85613644,1.200232,0.83193207,-1.1209332,3,C3b
133,gacs_emotional_shorts_00_WAmw-erI.mp4,emotional_shorts,romance,-13.734355,1.2191474,-3.1071846,4.1331854,1.6838818,-0.67961615,0.6571056,4.757421,2.5424495,-0.034340326,-0.07858827,1.6912826,2.0334692,-1.1621073,3,C3a
134,gacs_emotional_shorts_00_WAmw-erI.mp4,emotional_shorts,calm,-4.4072256,12.345629,-0.12688155,-6.077221,7.8565135,-0.38508782,10.265072,1.7877654,3.6369884,-1.5330079,1.0857009,2.2447722,3.061033,-1.6314924,3,C3b
135,gacs_emotional_shorts_00_WAmw-erI.mp4,emotional_shorts,joy,-15.3989105,0.81481016,1.1242023,2.474584,0.8489953,2.7534726,-1.433719,-1.00614,-2.16791,1.2309988,0.30531105,1.7979769,0.36563393,-2.0628142,3,C3a
136,gacs_emotional_shorts_00_WAmw-erI.mp4,emotional_shorts,poignance,-11.216112,0.73163813,-5.9549985,5.401973,1.1117574,-1.2734665,-4.376707,0.11913597,-3.4151466,-3.0644186,0.862516,0.4607267,-0.53294927,-1.4722354,3,C3a
137,gacs_emotional_shorts_00_WAmw-erI.mp4,emotional_shorts,joy,-16.73104,3.0881443,2.1914895,3.8724034,-0.869374,5.744369,2.3310256,-1.0175436,-2.4335945,0.32151014,-0.252576,1.0999465,-1.2919955,-1.4273545,3,C3a
138,gacs_emotional_shorts_00_WAmw-erI.mp4,emotional_shorts,calm,-16.464727,4.0363703,-1.7846638,9.710799,-3.2180872,5.14742,6.886487,2.0032058,1.4268603,-5.7417636,-0.94394195,1.5775939,-0.9375827,1.1152996,3,C3a
139,gacs_emotional_shorts_00_WAmw-erI.mp4,emotional_shorts,calm,-11.19519,5.0918794,-2.3003194,-0.48619878,0.63955003,0.27233168,10.101644,-2.428805,0.5481791,-2.9663756,0.92189425,1.6403167,-1.2523603,-0.2701349,3,C3b
140,gacs_emotional_shorts_00_WAmw-erI.mp4,emotional_shorts,focus,-9.898936,5.790748,8.630068,-6.085878,1.854912,1.6533302,0.9581596,-4.8533673,-4.1665106,1.6029613,0.33951676,1.3924034,-0.3758064,1.0365795,3,C3b
141,gacs_emotional_shorts_00_WAmw-erI.mp4,emotional_shorts,warmth,-3.6916003,7.12358,6.76915,-6.4586287,1.9801873,-4.478734,1.1986576,-4.0927763,3.3726401,1.0371273,-2.4908466,2.026256,1.5785259,-0.07503158,3,C3b
142,gacs_emotional_shorts_00_WAmw-erI.mp4,emotional_shorts,joy,-17.414263,1.7509744,1.4308792,6.513971,0.23229939,5.6133504,1.6441342,3.016596,0.23405345,-0.27533343,-1.0802354,-0.90810716,1.1057591,-2.040824,3,C3a
143,gacs_emotional_shorts_00_WAmw-erI.mp4,emotional_shorts,contentment,-15.989354,6.2194376,1.2014205,4.6009517,-2.0604124,4.755656,3.2589848,-0.7458672,-2.3883028,-2.7788987,-1.3820939,1.5578938,-0.2495561,-0.29767373,3,C3a
144,gacs_emotional_shorts_00_WAmw-erI.mp4,emotional_shorts,joy,-17.408735,-3.3063195,0.6734962,5.9516287,-1.7839314,4.5323105,-1.3148943,1.1765238,-1.5795162,2.0656645,0.7265131,1.1447544,-1.6239322,-0.65398294,3,C3a
15,gacs_emotional_shorts_01_LIed92r8.mp4,emotional_shorts,warmth,-11.976717,5.8801994,5.074536,-5.4602523,4.265809,1.9375206,-3.2801652,-1.4834504,-2.6445467,3.8561053,-0.6659742,1.8749607,3.5582845,-0.4044027,3,C3b
16,gacs_emotional_shorts_01_LIed92r8.mp4,emotional_shorts,joy,-17.427618,-2.8520963,-1.7224786,4.0708895,-2.152454,3.1577327,-1.0317984,1.8191944,-0.48307663,-0.39840084,-1.4439073,-1.7741524,-1.6857175,-1.9382435,3,C3a
17,gacs_emotional_shorts_01_LIed92r8.mp4,emotional_shorts,urban,9.539151,7.3295493,-3.7858303,-2.7053945,6.729472,-3.7966273,4.3989034,5.91749,3.914603,1.4820006,5.75504,-2.3584414,4.0080004,4.816368,1,C1
18,gacs_emotional_shorts_01_LIed92r8.mp4,emotional_shorts,weariness,-2.735873,9.60461,-17.711283,0.40973416,0.6452892,-0.21702239,-3.402798,-4.7155185,-2.0205815,1.389391,2.069694,0.5389414,0.36621886,-3.2857926,1,C1
19,gacs_emotional_shorts_01_LIed92r8.mp4,emotional_shorts,warmth,-11.681303,6.613462,-3.5824146,3.2019064,-0.9166389,1.6260347,7.4551687,1.7340256,0.842518,-1.4866656,-0.3482431,-2.5891306,0.02725871,-0.68060285,3,C3b
20,gacs_emotional_shorts_01_LIed92r8.mp4,emotional_shorts,excitement,-16.312431,-6.5357237,4.7537727,5.553453,-3.679797,3.4361112,-2.4218078,2.0464191,0.6471896,0.72855,-0.49320447,-0.90140766,0.12871577,-0.35577983,3,C3a
21,gacs_emotional_shorts_01_LIed92r8.mp4,emotional_shorts,contemplation,16.147732,16.498283,-30.075174,3.9502332,-4.0104694,5.179333,-0.64314693,-1.6544323,1.406253,2.281381,-1.0942941,1.6278296,4.1597705,4.9043922,1,C1
22,gacs_emotional_shorts_01_LIed92r8.mp4,emotional_shorts,calm,-9.503329,13.639952,-0.23661537,-4.639338,4.135359,2.1624348,8.482493,-0.6650803,3.0529993,-2.7524378,-0.5847111,3.0583827,-0.93708783,-2.5549636,3,C3b
7,gacs_emotional_shorts_02_DZQtVmKM.mp4,emotional_shorts,warmth,-17.858902,0.8760232,0.8026641,5.0902004,0.2114351,6.0764165,1.2510478,1.5380077,-0.6375073,-0.56114596,-1.6764865,-0.1346239,1.6406354,-2.188755,3,C3a
8,gacs_emotional_shorts_02_DZQtVmKM.mp4,emotional_shorts,joy,-14.553643,-10.094781,-3.3620446,4.332456,-2.5042596,0.5358461,-1.7045307,-2.4891243,0.2236864,1.0278087,1.0825161,4.1644015,-1.9811713,-1.7262589,3,C3a
9,gacs_emotional_shorts_02_DZQtVmKM.mp4,emotional_shorts,poignance,-16.877272,-5.724361,1.2907971,1.2817014,-2.1740532,2.5568366,-5.265891,0.94555616,-1.4318295,0.9689751,0.9355116,1.9539937,-0.8145951,0.745692,3,C3a
10,gacs_emotional_shorts_02_DZQtVmKM.mp4,emotional_shorts,poignance,-16.369974,-8.742064,2.1142764,4.175672,-4.540156,2.7285542,-4.3173566,2.79962,-1.0423572,-0.66723335,2.7097023,1.3624351,-2.3622463,-0.32598406,3,C3a
11,gacs_emotional_shorts_02_DZQtVmKM.mp4,emotional_shorts,joy,-16.351463,-8.827142,0.4228814,6.6592474,-2.641109,2.6492958,-4.049485,1.441941,-0.24040288,-0.14525074,2.453849,2.5725946,-2.1573079,0.015100828,3,C3a
12,gacs_emotional_shorts_02_DZQtVmKM.mp4,emotional_shorts,joy,-13.54608,-5.466429,-1.806894,4.1648664,-0.51204324,1.0167328,-0.35127258,-2.911744,0.118625805,2.4555402,-0.9007596,0.8325675,-0.18571033,-1.5905536,3,C3a
13,gacs_emotional_shorts_02_DZQtVmKM.mp4,emotional_shorts,joy,-13.964475,-8.014437,-3.1356516,3.8832026,-1.5380046,0.5077897,-0.2448697,-2.0201747,1.8067604,2.2549984,-1.4832504,1.0068673,-0.82540256,-2.001359,3,C3a
14,gacs_emotional_shorts_02_DZQtVmKM.mp4,emotional_shorts,joy,-14.65905,-6.360526,-1.0741663,4.10185,-1.4752924,1.4872746,-0.119085714,-2.5914073,1.3062099,1.980317,-0.8253743,1.9563828,-0.8040364,-1.7665863,3,C3a
15,gacs_emotional_shorts_02_DZQtVmKM.mp4,emotional_shorts,warmth,-14.695404,-3.9875188,-1.8764176,1.9821664,1.4076765,2.618602,-2.4435282,-0.2280208,-0.17623284,3.110694,-2.06559,1.5305778,0.079718955,-2.521045,3,C3a
16,gacs_emotional_shorts_02_DZQtVmKM.mp4,emotional_shorts,joy,-14.341945,-6.712221,-2.1707492,4.6680293,-1.4436352,1.5663904,-0.95091826,-0.91846573,0.9081502,1.7871587,-0.8617472,0.5611118,-0.66300106,-1.6981956,3,C3a
17,gacs_emotional_shorts_02_DZQtVmKM.mp4,emotional_shorts,warmth,7.8401756,-28.759115,-17.128765,-12.570908,0.8017061,8.118631,0.5837574,-2.482678,-1.3753119,-1.7255114,1.5139143,2.9019854,1.7413862,-2.9629896,2,C2
18,gacs_emotional_shorts_02_DZQtVmKM.mp4,emotional_shorts,seriousness,-5.419428,7.0922837,10.428759,-15.715947,0.37789565,-0.2966881,-8.336184,0.11029904,0.70406026,-0.79854614,3.3249433,1.6384968,-3.9130335,2.5576298,3,C3b
19,gacs_emotional_shorts_02_DZQtVmKM.mp4,emotional_shorts,joy,-16.854755,-7.0809536,2.4797401,6.159029,-4.072287,4.355379,-3.6805573,2.5391765,-0.90671366,-0.99444354,1.294664,1.0412531,-1.1045046,-0.2501019,3,C3a
20,gacs_emotional_shorts_02_DZQtVmKM.mp4,emotional_shorts,nostalgia,-16.196188,-4.2107544,2.627352,2.8861358,-0.9988165,2.5177753,-5.7094665,2.8352602,-1.7372999,0.65246254,-0.47115758,0.15635438,0.48375848,-0.0029087379,3,C3a
21,gacs_emotional_shorts_02_DZQtVmKM.mp4,emotional_shorts,neutral,-8.6471615,-3.1065624,5.39099,-4.2141275,2.4656532,-3.826174,-5.7082405,-2.9945166,-0.5665158,5.521424,-0.37823015,0.28783455,4.3975205,0.69918096,3,C3b
22,gacs_emotional_shorts_02_DZQtVmKM.mp4,emotional_shorts,amusement,-15.537574,-3.2570467,-0.7101448,4.031731,-2.532297,3.079608,0.82075256,2.1201336,-1.4136366,0.008563694,-1.1420432,-3.6732035,-0.7604915,-1.3148389,3,C3a
23,gacs_emotional_shorts_02_DZQtVmKM.mp4,emotional_shorts,neutral,-9.4462805,7.239303,5.7098575,-5.119282,1.3706336,2.8229597,-0.22502303,-5.2021794,-2.8548,3.3471634,1.4979732,-0.044536106,-0.5702668,-1.3809087,3,C3b
24,gacs_emotional_shorts_02_DZQtVmKM.mp4,emotional_shorts,neutral,4.5385723,7.568479,8.180662,-5.5125246,2.938776,2.802133,0.32520267,-2.129714,4.1417074,10.080165,11.335706,-4.6086845,-3.0375404,-5.1957817,3,C3b
25,gacs_emotional_shorts_02_DZQtVmKM.mp4,emotional_shorts,calm,-13.754554,4.6723385,3.9576042,-0.35471445,-0.8751463,4.527455,0.5442397,-4.5185037,-3.6965272,2.8987212,1.775455,-0.2295308,-2.0166163,-1.1293765,3,C3b
26,gacs_emotional_shorts_02_DZQtVmKM.mp4,emotional_shorts,calm,-3.3993762,14.729258,1.7818956,-8.243268,3.980277,-0.06482953,10.326436,2.0542686,2.9305015,-1.1020426,-1.2171837,1.492632,-0.027275914,-1.4581419,3,C3b
27,gacs_emotional_shorts_02_DZQtVmKM.mp4,emotional_shorts,poignance,-13.667446,-0.95593756,6.955125,-3.1592007,1.498327,2.0412421,-8.11706,1.0567604,-4.3092675,3.2024426,-0.07506805,-0.40907717,0.6714928,1.1856261,3,C3a
28,gacs_emotional_shorts_02_DZQtVmKM.mp4,emotional_shorts,poignance,-15.513965,-2.3357754,5.7163906,0.4732204,2.493828,2.7493088,-6.095196,2.7026308,-2.6201634,2.1984038,0.2466164,0.09358828,0.06878296,1.1343527,3,C3a
29,gacs_emotional_shorts_02_DZQtVmKM.mp4,emotional_shorts,darkness,9.065538,8.093179,12.710312,0.16778173,4.767018,-0.85251385,-5.567532,-3.0051575,-4.7311063,6.0640125,6.102083,0.1269049,0.02602641,0.48961318,0,C0
30,gacs_emotional_shorts_02_DZQtVmKM.mp4,emotional_shorts,sadness,14.026583,11.321533,-4.185974,4.3226466,1.0439255,1.4392827,-6.856031,-14.808746,0.23798274,1.3308264,1.1262258,-3.265244,1.0472147,0.41824758,1,C1
31,gacs_emotional_shorts_02_DZQtVmKM.mp4,emotional_shorts,tension,18.048887,13.672143,-16.270073,5.6887484,-5.209195,-2.6552722,-1.9436451,-5.5934057,-0.44820744,4.3394814,3.9144475,1.4007623,0.7041537,-1.6345974,1,C1
32,gacs_emotional_shorts_02_DZQtVmKM.mp4,emotional_shorts,contemplation,-10.839454,4.3699803,1.3801062,2.094912,5.0163827,0.5434177,1.095953,-3.6293254,-3.9782288,3.870826,2.004868,-0.06532007,-0.37099335,0.10147718,3,C3b
33,gacs_emotional_shorts_02_DZQtVmKM.mp4,emotional_shorts,tension,-3.7537546,1.3164861,5.1850405,-0.4118438,-2.6453402,-7.269648,-2.4212115,-3.5066357,-0.7381615,-2.784087,7.1390734,-1.0319668,-1.5856471,1.5916268,3,C3b
34,gacs_emotional_shorts_02_DZQtVmKM.mp4,emotional_shorts,calm,9.196518,17.570599,-19.019238,5.350287,-1.7570688,1.0453987,5.5460997,-6.932956,1.0801965,-0.2584113,1.0467623,-0.008892615,-0.090264715,0.5666943,1,C1
35,gacs_emotional_shorts_02_DZQtVmKM.mp4,emotional_shorts,amusement,-15.173855,-3.9193106,1.882559,6.665672,-2.152506,2.4044528,0.54292667,1.3868632,-0.10998065,0.11196831,-0.92133534,-3.9265838,0.61941063,-0.4744386,3,C3a
36,gacs_emotional_shorts_02_DZQtVmKM.mp4,emotional_shorts,amusement,-14.693225,-0.95287746,0.025452215,5.510113,-0.6392998,2.516523,0.8402422,1.2746826,-1.7623546,1.3248231,-0.58635116,-4.426764,0.342647,0.3093014,3,C3a
37,gacs_emotional_shorts_02_DZQtVmKM.mp4,emotional_shorts,joy,-15.071185,-6.685844,0.9371564,6.943878,-3.1353245,2.439352,2.0900505,-0.7482977,-0.7869397,1.2927463,0.58889806,-3.6482508,-0.8201545,-0.9363051,3,C3a
38,gacs_emotional_shorts_02_DZQtVmKM.mp4,emotional_shorts,contemplation,-4.853943,6.227087,4.2157016,-12.974249,5.3165584,2.4512532,-3.1282225,-1.3282208,-4.7152624,4.395798,0.41379443,-2.1039789,3.0302067,0.68270206,3,C3b
39,gacs_emotional_shorts_02_DZQtVmKM.mp4,emotional_shorts,urban,-8.690061,4.8837986,6.4629273,-11.297756,1.7884154,2.1014628,-4.34975,-3.8024697,-2.5263593,6.6357565,-1.2446483,0.9941371,1.1962596,-0.38135877,3,C3b
40,gacs_emotional_shorts_02_DZQtVmKM.mp4,emotional_shorts,calm,-6.82715,9.272375,7.128361,-12.591909,1.8823105,4.837902,0.19573995,-4.3757215,-1.7986139,4.7848067,0.19775201,0.12630755,-0.82181615,-1.4322902,3,C3b
41,gacs_emotional_shorts_02_DZQtVmKM.mp4,emotional_shorts,warmth,-15.329849,2.0359595,5.7587156,0.47836807,-2.0426216,2.6624727,-3.8718822,0.11084805,-3.8456206,2.007464,1.0588211,0.30183506,-1.0477097,3.3905702,3,C3a
42,gacs_emotional_shorts_02_DZQtVmKM.mp4,emotional_shorts,poignance,-16.403564,-5.0165744,4.4523706,2.8056486,-4.314361,2.191065,-5.025066,2.8043718,-2.2928004,0.6060533,2.6193902,0.7581016,-1.2436402,2.2397416,3,C3a
43,gacs_emotional_shorts_02_DZQtVmKM.mp4,emotional_shorts,joy,-14.897736,-11.11913,-1.5054991,7.2061257,-5.283968,1.802309,-1.5923064,-1.7673098,-0.29805332,0.51539433,2.165815,1.88392,-3.0530386,-1.3140978,3,C3a
44,gacs_emotional_shorts_02_DZQtVmKM.mp4,emotional_shorts,warmth,-15.545287,-0.39960727,4.4758606,-4.3851953,1.429418,4.807677,-5.5768094,3.4472885,-2.3773654,1.8527305,-1.0405421,-0.592091,0.48485327,-1.7788596,3,C3a
45,gacs_emotional_shorts_02_DZQtVmKM.mp4,emotional_shorts,joy,-15.90659,-5.482245,-2.5720713,6.291688,-3.425066,2.48852,-0.11280301,0.21718237,0.5996541,-0.08818504,-0.59484464,-2.7607582,-2.3653631,-3.0143456,3,C3a
46,gacs_emotional_shorts_02_DZQtVmKM.mp4,emotional_shorts,joy,-16.487654,-2.8220038,0.20573989,5.3008456,-2.1428618,2.9562788,-1.4478118,-0.6763188,-0.19778942,1.5792092,-0.1852749,1.5512722,-2.883231,-1.1757405,3,C3a
47,gacs_emotional_shorts_02_DZQtVmKM.mp4,emotional_shorts,excitement,-14.21582,-8.506209,1.7288747,6.519123,-3.6485772,-0.08418069,-2.15231,-0.68095803,1.5508658,-0.36878878,1.9367099,0.61029977,-1.158414,-0.54982376,3,C3a
48,gacs_emotional_shorts_02_DZQtVmKM.mp4,emotional_shorts,joy,-14.932842,-8.169146,0.8186633,4.3037734,-1.9134928,3.1969097,-1.7226466,-2.1342437,-0.44461194,2.2780464,0.9674953,-0.035097957,-0.5117011,-2.1654842,3,C3a
49,gacs_emotional_shorts_02_DZQtVmKM.mp4,emotional_shorts,joy,-17.08264,3.0926335,3.2330775,3.1523573,1.7344407,7.173502,1.3361348,3.360284,-0.74986076,0.10017786,-1.7845873,-1.9189267,2.1132457,-2.463872,3,C3a
50,gacs_emotional_shorts_02_DZQtVmKM.mp4,emotional_shorts,poignance,14.3203335,5.942071,10.810544,5.1536713,6.0484715,8.299859,-7.4400244,-9.82332,2.0651608,-1.826992,0.25054002,-10.70314,1.5905911,-2.64319,0,C0
51,gacs_emotional_shorts_02_DZQtVmKM.mp4,emotional_shorts,joy,-17.181074,0.010779417,1.5765553,7.9108453,-3.1663363,5.247027,0.5914984,1.726618,-1.0068333,-1.1493704,0.25369808,0.7350549,-1.7268331,-0.69067484,3,C3a
52,gacs_emotional_shorts_02_DZQtVmKM.mp4,emotional_shorts,warmth,-12.6864805,3.9779918,6.0346794,-4.080379,3.4057043,2.8750725,-6.491766,4.00992,-3.8165274,2.2412114,-1.6651666,-0.2757274,3.011837,0.12619823,3,C3b
53,gacs_emotional_shorts_02_DZQtVmKM.mp4,emotional_shorts,warmth,-14.9166,-1.5332204,0.30234432,-0.66353357,1.1611503,2.0052931,-2.8018994,-3.0806558,-1.4576457,3.3998413,-1.5117255,2.9229171,0.10681633,-1.196361,3,C3a
54,gacs_emotional_shorts_02_DZQtVmKM.mp4,emotional_shorts,poignance,19.80624,8.7998295,9.945853,5.297289,8.297583,9.343873,-10.533642,-6.3419123,2.8498027,-1.2148767,-0.9285256,-8.129795,2.8931875,-1.4448268,0,C0
55,gacs_emotional_shorts_02_DZQtVmKM.mp4,emotional_shorts,warmth,-12.153979,1.2589326,4.055705,-2.4700603,4.559938,-0.15449895,-6.7335715,1.2858948,-2.7501638,1.6878407,-0.62917864,1.5561614,2.4988832,1.6944199,3,C3b
56,gacs_emotional_shorts_02_DZQtVmKM.mp4,emotional_shorts,calm,1.0361557,10.121735,9.048254,-3.7667425,2.1448846,-0.022221645,8.516068,-4.546277,2.0864937,3.560509,7.398313,2.2924085,-2.6100068,-0.08213285,3,C3b
57,gacs_emotional_shorts_02_DZQtVmKM.mp4,emotional_shorts,focus,20.770342,-6.9832006,-4.5025764,-17.144184,3.7750418,2.531957,5.584811,-2.2442315,-1.5605175,8.699551,-1.4739223,-10.097889,-4.210248,1.0299747,2,C2
58,gacs_emotional_shorts_02_DZQtVmKM.mp4,emotional_shorts,joy,-13.891125,-11.347462,-3.6714008,7.989461,-3.1025631,1.4429173,-1.4476624,-1.9657171,0.8916553,0.014063956,1.2787975,2.3374326,-0.91058135,-1.4255469,3,C3a
59,gacs_emotional_shorts_02_DZQtVmKM.mp4,emotional_shorts,celebration,-16.217548,-3.1001983,-0.5857998,7.68468,-4.750364,2.5426767,-0.15591566,-0.70977247,-2.7874994,-1.1022967,1.0074581,2.5805912,-2.0512433,-0.61169165,3,C3a
60,gacs_emotional_shorts_02_DZQtVmKM.mp4,emotional_shorts,joy,4.060406,-29.620262,-17.082775,-7.2711997,-0.9499169,6.7527785,-0.31976268,-2.072602,-1.8438426,-2.4514112,2.7418072,3.5748837,0.5254894,-3.1992135,2,C2
61,gacs_emotional_shorts_02_DZQtVmKM.mp4,emotional_shorts,joy,-15.0606575,-6.4569597,0.49930483,6.3530965,0.6650848,3.3930006,-3.4261298,2.0612996,-2.1572435,1.5069389,1.4004937,0.9556875,-0.6679427,-1.3231921,3,C3a
62,gacs_emotional_shorts_02_DZQtVmKM.mp4,emotional_shorts,neutral,-14.782041,0.60403204,2.9083133,3.9045854,-1.3953054,1.8559123,1.4203099,-3.9760146,-2.076335,3.7129374,2.4831438,1.396153,-2.254737,0.39618698,3,C3a
63,gacs_emotional_shorts_02_DZQtVmKM.mp4,emotional_shorts,joy,-14.889662,-8.623245,0.13649304,10.082177,-1.2520618,1.2421787,-0.90621644,-0.739275,0.66009516,3.2025416,3.2657635,2.3781497,-3.3004205,1.286371,3,C3a
64,gacs_emotional_shorts_02_DZQtVmKM.mp4,emotional_shorts,warmth,-15.263724,-4.0611296,5.331605,-1.803969,-0.1402727,3.4715014,-2.0201712,-0.6533953,-1.0339193,3.0209043,-0.7406348,0.7447985,0.47616094,0.39718825,3,C3a
65,gacs_emotional_shorts_02_DZQtVmKM.mp4,emotional_shorts,warmth,-16.830795,-5.8237715,3.329973,5.4158115,-2.813462,3.516521,-3.433985,0.7007117,-1.2261187,1.8696986,1.4005004,0.78904104,-2.2826526,1.1527946,3,C3a
66,gacs_emotional_shorts_02_DZQtVmKM.mp4,emotional_shorts,warmth,-16.439205,-2.2770934,4.284249,3.3934524,-1.4028928,3.3330352,-3.7532053,-0.069293134,-1.9147773,2.3624697,0.85627586,1.2721295,-1.4785618,0.7086641,3,C3a
67,gacs_emotional_shorts_02_DZQtVmKM.mp4,emotional_shorts,warmth,-16.480766,-6.1851807,2.3724914,6.5666175,-2.0436018,3.02455,-4.054589,1.2851577,-1.1688517,1.9670869,1.3611989,0.7916161,-0.72747916,2.0048847,3,C3a
68,gacs_emotional_shorts_02_DZQtVmKM.mp4,emotional_shorts,calm,-7.193384,8.463735,4.9063177,-8.579495,4.5781345,2.7854326,-1.7253326,-3.8619447,0.5747468,3.6865072,-1.845085,-0.54149306,-0.6899583,-1.0568687,3,C3b
69,gacs_emotional_shorts_02_DZQtVmKM.mp4,emotional_shorts,informative,-8.029916,8.449409,3.6263216,-7.500959,3.8845294,2.8560634,-3.5106814,-2.7623043,-3.8698218,3.0347574,-0.39733455,-2.6933453,-2.5542088,-0.64366466,3,C3b
70,gacs_emotional_shorts_02_DZQtVmKM.mp4,emotional_shorts,neutral,-7.404792,9.154119,6.1135383,-4.931926,0.3820178,3.0637548,-2.024916,-2.702473,-6.0225477,6.1416483,2.7107682,-0.9027966,0.6971064,1.6562492,3,C3b
71,gacs_emotional_shorts_02_DZQtVmKM.mp4,emotional_shorts,informative,-10.265413,8.675992,8.2978,-3.8710413,4.181176,5.4442015,0.089281306,1.5063778,-2.0574164,3.487887,1.4925692,-3.2422016,3.296374,-0.3937702,3,C3b
72,gacs_emotional_shorts_02_DZQtVmKM.mp4,emotional_shorts,joy,-16.613802,1.5627649,1.6467645,8.597136,-2.077415,5.0645986,3.3327625,0.8082903,-1.913492,-1.0123103,0.009197693,-1.2594581,0.76480824,-0.6153686,3,C3a
73,gacs_emotional_shorts_02_DZQtVmKM.mp4,emotional_shorts,calm,-15.808984,-3.7319777,0.21599372,3.6891582,0.44039795,1.359453,1.2497797,2.0739667,0.23027998,0.44922918,-0.8941378,-2.987241,-0.1443354,-0.21674047,3,C3a
74,gacs_emotional_shorts_02_DZQtVmKM.mp4,emotional_shorts,calm,-15.769491,-2.8315456,-4.009763,9.004127,-1.3518815,1.7393842,5.2621646,1.8078538,2.923935,-2.8861542,0.5148219,-1.8186592,-1.3238156,0.48279533,3,C3a
75,gacs_emotional_shorts_02_DZQtVmKM.mp4,emotional_shorts,calm,1.0945474,18.406769,-9.0551815,1.5841045,2.4678597,2.0975518,5.8975964,11.700139,3.8663461,-1.3481117,4.0137835,0.5397234,2.7141006,3.239821,1,C1
76,gacs_emotional_shorts_02_DZQtVmKM.mp4,emotional_shorts,joy,0.4281321,-28.723919,-14.617743,-6.6130786,-0.92571867,7.330464,-0.86884785,-0.9035079,-1.1059045,-2.5261135,2.2339954,2.1414561,0.97253823,-4.0263634,2,C2
77,gacs_emotional_shorts_02_DZQtVmKM.mp4,emotional_shorts,warmth,-17.015697,-3.6967897,2.8507545,5.3088813,-2.6842704,3.6501274,-2.752991,0.43203503,-2.5430906,1.8038843,-0.446621,0.08184764,-0.6651708,0.13670398,3,C3a
78,gacs_emotional_shorts_02_DZQtVmKM.mp4,emotional_shorts,seriousness,-8.665505,9.6256075,9.619377,-11.5087385,1.568209,3.097223,-7.221553,-0.17153564,-3.141877,-0.7265837,1.2531747,0.5556685,-0.6914759,2.6693246,3,C3b
79,gacs_emotional_shorts_02_DZQtVmKM.mp4,emotional_shorts,poignance,-16.682724,-3.985204,2.5168424,8.002939,-0.7939577,4.8543334,-4.542591,3.2957556,-1.8404269,-0.28138816,1.6439079,0.7195407,-0.85409963,1.6205055,3,C3a
80,gacs_emotional_shorts_02_DZQtVmKM.mp4,emotional_shorts,domesticity,-13.440514,7.857417,6.83919,1.1635778,0.49992758,6.0146074,-2.7058153,4.262393,-3.7223127,0.7014497,1.933915,-0.112521045,-0.31713262,-0.028757313,3,C3b
81,gacs_emotional_shorts_02_DZQtVmKM.mp4,emotional_shorts,joy,-2.9252074,-25.772926,-10.020679,-3.8837137,1.9166719,6.3157034,-1.286833,0.13136655,-1.1346563,0.12428829,2.7672236,0.8568243,0.71407,-2.0329084,2,C2
82,gacs_emotional_shorts_02_DZQtVmKM.mp4,emotional_shorts,poignance,10.230929,-31.377861,-15.57135,-15.362213,-0.24951196,10.199311,-0.01029291,-1.0270374,-3.0477319,-2.6926394,2.7907028,1.7628764,1.7758087,-1.1491386,2,C2
83,gacs_emotional_shorts_02_DZQtVmKM.mp4,emotional_shorts,warmth,7.9973245,-30.83542,-14.367585,-14.423412,0.712389,10.138862,-0.10248433,0.016331086,-2.6868956,-2.5256414,3.6569488,1.5495771,2.0103588,-2.368251,2,C2
84,gacs_emotional_shorts_02_DZQtVmKM.mp4,emotional_shorts,joy,4.823624,-28.771582,-13.342693,-13.019479,0.9016835,8.775174,-0.43600658,-1.0916879,-1.8915579,-1.5880076,2.4935853,0.8170978,1.7677816,-3.3834581,2,C2
85,gacs_emotional_shorts_02_DZQtVmKM.mp4,emotional_shorts,joy,-16.520477,-5.554226,-0.92297596,5.2570233,-1.9548175,2.413802,-0.55647206,0.7353879,0.4900992,1.3499291,-0.7104082,-1.4014517,-0.3925313,-0.97854024,3,C3a
86,gacs_emotional_shorts_02_DZQtVmKM.mp4,emotional_shorts,excitement,11.680549,-30.325356,-14.243594,-17.660213,0.5977833,11.756921,0.28389147,0.6285268,-2.2613091,-2.8113203,2.3893547,0.7280385,2.9679523,-2.3958275,2,C2
87,gacs_emotional_shorts_02_DZQtVmKM.mp4,emotional_shorts,joy,-14.66427,3.1400893,5.6100683,-1.2760595,-0.11131267,4.382973,0.83426815,-3.2125766,-1.0997586,3.0492532,0.43532214,1.1938306,-1.7447861,-0.4205759,3,C3a
88,gacs_emotional_shorts_02_DZQtVmKM.mp4,emotional_shorts,warmth,-16.591116,-3.5304976,-0.017100092,5.1919847,-1.9599278,4.106264,-1.8727969,-0.02797003,-0.94062865,1.4681233,0.13754655,0.94466484,-0.61783624,-0.5077102,3,C3a
89,gacs_emotional_shorts_02_DZQtVmKM.mp4,emotional_shorts,contemplation,-16.772957,-1.1632777,0.7705795,3.6647701,0.39838678,4.441563,1.2318189,1.1095513,-1.9339647,-0.6723883,0.6744402,0.2016257,0.46373814,-0.769628,3,C3a
90,gacs_emotional_shorts_02_DZQtVmKM.mp4,emotional_shorts,celebration,-15.507628,-7.715,-4.183461,3.056535,-2.391077,2.2699761,-1.7742645,-2.616388,-1.0438004,3.1326907,-0.45091966,2.5913966,-0.7616686,-2.4278033,3,C3a
91,gacs_emotional_shorts_02_DZQtVmKM.mp4,emotional_shorts,celebration,-15.377928,-5.737968,-0.9739478,3.9776487,-2.2332435,2.0990894,-2.589956,-1.0575517,-2.5622218,4.179956,0.9908847,1.6805774,-0.011585031,-1.7726637,3,C3a
92,gacs_emotional_shorts_02_DZQtVmKM.mp4,emotional_shorts,warmth,-10.430806,9.454388,-4.7166653,-0.28343427,5.0349784,3.3846056,5.1523204,-0.1301236,1.9844003,-0.36611497,-2.6548796,1.8599943,2.598742,-2.242028,3,C3b
93,gacs_emotional_shorts_02_DZQtVmKM.mp4,emotional_shorts,joy,-13.876866,5.2968144,4.693666,-1.8505977,-1.3684028,4.3266425,1.6105896,-1.6749746,-2.8319504,2.6527603,-0.6565523,-0.80252874,-1.5998678,-0.79698175,3,C3b
94,gacs_emotional_shorts_02_DZQtVmKM.mp4,emotional_shorts,joy,-17.445744,-4.964654,-0.6955321,7.7257833,-3.1907356,3.9253428,0.19518529,2.7640486,-0.5050375,0.23437019,-0.4913861,-3.0491831,-1.6655589,0.06651756,3,C3a
95,gacs_emotional_shorts_02_DZQtVmKM.mp4,emotional_shorts,weariness,30.968077,9.261576,-1.5003059,8.875996,4.151762,7.74702,-8.077107,-5.5218167,8.41509,-1.382087,0.34810647,-3.6395018,1.5626199,-1.2439431,0,C0
96,gacs_emotional_shorts_02_DZQtVmKM.mp4,emotional_shorts,seriousness,7.3356996,6.1672006,10.989586,-10.168969,-2.877052,-1.989649,-9.924342,-8.894646,1.4170265,-3.9462407,4.379264,-1.094455,-2.5852187,5.525174,3,C3b
97,gacs_emotional_shorts_02_DZQtVmKM.mp4,emotional_shorts,seriousness,17.640104,11.873341,-13.982563,5.5378475,-2.6581814,0.89834625,-10.555471,-7.7040234,2.3342588,-4.868482,2.5279818,-2.2481384,0.42743853,0.8293254,1,C1
98,gacs_emotional_shorts_02_DZQtVmKM.mp4,emotional_shorts,seriousness,20.422293,8.045919,9.383948,-4.719119,-5.272974,-0.20732011,-9.344633,-8.645635,4.4880576,-8.017597,4.739896,-2.7718108,-2.3094957,6.8407187,0,C0
99,gacs_emotional_shorts_02_DZQtVmKM.mp4,emotional_shorts,amusement,-17.802776,-3.260662,1.1943052,6.5211563,-1.2131618,5.0609035,-1.3318155,5.6064806,1.8518007,-1.1945168,-0.74492615,-2.6849046,0.6567968,-0.86519086,3,C3a
100,gacs_emotional_shorts_02_DZQtVmKM.mp4,emotional_shorts,seriousness,-8.716803,6.45977,9.373791,-4.390615,-0.47202766,1.4132992,-9.558363,-4.1236324,-4.0075097,-0.5689952,4.0813575,0.5414033,-1.8653404,3.4116223,3,C3b
101,gacs_emotional_shorts_02_DZQtVmKM.mp4,emotional_shorts,warmth,-14.652014,0.054919224,7.0255666,-0.44151166,1.480747,2.5501447,-6.409351,3.2558656,-1.5796256,2.0013163,-0.42516318,0.11553811,0.98778826,2.0082214,3,C3a
102,gacs_emotional_shorts_02_DZQtVmKM.mp4,emotional_shorts,excitement,-17.876268,-4.0801024,0.037474062,10.063301,-4.9650154,4.909528,1.086708,3.067489,-0.59499407,-1.4924155,0.28506657,-2.483303,-1.6557496,-0.20636913,3,C3a
103,gacs_emotional_shorts_02_DZQtVmKM.mp4,emotional_shorts,warmth,-13.50593,7.909705,-0.5089792,4.103936,0.63497734,4.2594604,-2.160871,-0.9342296,-4.2371955,1.5100286,1.0431896,0.24794003,-0.5210302,1.6401296,3,C3a
104,gacs_emotional_shorts_02_DZQtVmKM.mp4,emotional_shorts,warmth,-16.85424,-3.0556026,-1.58817,7.2191505,-3.6252065,4.5046163,0.14817123,1.6913327,-1.1371317,-0.3338028,-1.1801955,-2.3799465,-0.8447236,-1.9936359,3,C3a
105,gacs_emotional_shorts_02_DZQtVmKM.mp4,emotional_shorts,excitement,-15.718369,-4.4714813,1.0286287,4.7535663,-0.7149801,2.8516097,1.1157777,1.3385897,1.3450415,-0.37366608,-1.1168995,-2.7414544,1.4560764,-1.970247,3,C3a
106,gacs_emotional_shorts_02_DZQtVmKM.mp4,emotional_shorts,contemplation,-3.5974805,9.117054,2.7094333,-9.040302,2.269363,-0.2827692,0.5928437,-4.0377407,-6.5319686,6.7504125,2.028148,-2.8464916,2.4883215,2.7816305,3,C3b
107,gacs_emotional_shorts_02_DZQtVmKM.mp4,emotional_shorts,contemplation,10.147783,-29.39303,-16.980839,-14.997607,0.50964284,9.66743,0.9085669,-1.5497782,-1.9847901,-2.5424194,2.6797822,2.188271,0.91998196,-2.2926586,2,C2
108,gacs_emotional_shorts_02_DZQtVmKM.mp4,emotional_shorts,excitement,-15.389378,-1.7298859,1.5746799,2.9469564,1.3613575,3.565418,2.4420114,0.454779,0.7413719,-0.49255732,-1.1243302,-1.0745012,2.7314775,-3.5492222,3,C3a
109,gacs_emotional_shorts_02_DZQtVmKM.mp4,emotional_shorts,focus,-6.7852745,6.496358,4.5800176,-10.993198,5.4945445,1.9715637,2.545699,-5.0955987,-2.4108636,3.4936984,-2.0824444,-2.1575246,1.7894839,0.6816833,3,C3b
110,gacs_emotional_shorts_02_DZQtVmKM.mp4,emotional_shorts,poignance,11.753226,-28.744799,-18.472572,-16.254908,1.4963347,9.524182,-1.0796658,-1.8112445,-4.0936623,-2.5523136,2.6897097,2.4209723,1.3088018,-2.8469756,2,C2
111,gacs_emotional_shorts_02_DZQtVmKM.mp4,emotional_shorts,poignance,-0.6734136,6.5332184,-22.658707,6.9585686,-2.5009556,2.5911274,-7.5249624,-5.6291394,-4.740884,0.22232792,-0.33917615,1.7579268,2.4090624,-2.731741,1,C1
112,gacs_emotional_shorts_02_DZQtVmKM.mp4,emotional_shorts,sadness,-3.1269948,7.0730367,-22.355007,6.7940083,-3.5633483,3.9739573,-6.35712,-5.484478,-4.862748,-0.160694,-0.4052693,1.8916202,1.7298918,-1.9907054,1,C1
113,gacs_emotional_shorts_02_DZQtVmKM.mp4,emotional_shorts,poignance,8.595416,-30.638163,-14.61678,-13.821388,0.7376938,9.557966,0.10264014,-1.016341,-3.1037917,-2.3420517,2.5442934,2.7167258,1.8383663,-2.231663,2,C2
114,gacs_emotional_shorts_02_DZQtVmKM.mp4,emotional_shorts,poignance,-14.629878,-0.88324064,2.9879906,1.2068601,0.23030585,3.6340606,-4.7477612,1.3949606,-4.2042885,2.5038056,-0.1171609,-0.56864905,0.9562368,-0.39339185,3,C3a
115,gacs_emotional_shorts_02_DZQtVmKM.mp4,emotional_shorts,poignance,-11.960466,1.2753514,-2.907109,-1.5844033,-0.25444943,2.7995453,-4.132581,-4.2658615,-3.6424031,2.5609348,0.111876585,1.9797915,-0.2564847,-1.2521286,3,C3a
116,gacs_emotional_shorts_02_DZQtVmKM.mp4,emotional_shorts,neutral,-5.6051865,7.669345,8.124097,-15.208026,1.5408269,3.7119927,-2.4482226,-2.277659,-4.0582423,5.162487,-0.24893107,0.5902412,1.1916412,-0.45849314,3,C3b
117,gacs_emotional_shorts_02_DZQtVmKM.mp4,emotional_shorts,joy,-17.449934,-0.36431986,2.6399062,9.613222,-4.6945004,5.9597483,1.2707393,2.398525,-1.6974833,-2.4963644,0.8411117,0.6565847,-1.917153,1.0154114,3,C3a
118,gacs_emotional_shorts_02_DZQtVmKM.mp4,emotional_shorts,warmth,-15.746489,-0.28255334,2.332116,2.4256377,1.1286517,4.6010385,-0.87282825,-1.0502751,-1.4914345,3.498327,-0.33407477,2.1041977,-0.5348777,-0.71112794,3,C3a
119,gacs_emotional_shorts_02_DZQtVmKM.mp4,emotional_shorts,contemplation,-13.498448,3.5438147,3.298703,-0.49237517,0.16016465,3.4863484,2.8543096,-2.5385196,-3.6315513,0.7482751,0.7041588,0.6517924,-0.2513394,-0.050519604,3,C3a
120,gacs_emotional_shorts_02_DZQtVmKM.mp4,emotional_shorts,neutral,-8.060998,12.483271,6.600738,-10.927973,1.5585474,5.54895,3.025219,-0.9985778,-2.4897408,1.9511864,-1.4843433,0.15885392,0.40036353,-2.4725153,3,C3b
121,gacs_emotional_shorts_02_DZQtVmKM.mp4,emotional_shorts,focus,-13.695469,8.340263,4.615273,-3.4062653,2.5701416,5.147853,1.3678766,1.2703737,-1.1513804,-0.40648884,-2.2004106,-0.9971594,2.4994767,-2.2679224,3,C3b
122,gacs_emotional_shorts_02_DZQtVmKM.mp4,emotional_shorts,joy,10.669247,-32.142673,-15.371464,-14.909207,-0.3332645,11.291689,-0.028456427,-0.09299789,-3.941711,-3.400137,3.257724,2.290785,1.6191262,-1.3384234,2,C2
123,gacs_emotional_shorts_02_DZQtVmKM.mp4,emotional_shorts,neutral,-14.7048,9.907175,0.82800245,2.8714309,-2.126035,6.682043,3.7847145,3.2298582,-0.5006955,-2.8893216,-0.81758994,-0.4719595,0.1965508,-1.6005957,3,C3a
124,gacs_emotional_shorts_02_DZQtVmKM.mp4,emotional_shorts,neutral,-10.294584,10.878196,7.645889,-8.356223,1.0276382,4.6369624,3.5954068,-1.595214,-1.3913623,-0.89694583,-1.5211649,1.9987073,0.086214416,-2.3446872,3,C3b
125,gacs_emotional_shorts_02_DZQtVmKM.mp4,emotional_shorts,poignance,13.425132,-28.628277,-17.443302,-17.888731,0.6233414,11.242305,0.0056996956,-0.47593772,-3.5471573,-2.686819,2.6531634,2.7298162,1.9359555,-1.1716088,2,C2
126,gacs_emotional_shorts_02_DZQtVmKM.mp4,emotional_shorts,poignance,-16.21652,-6.799897,4.4356976,2.364515,-2.4477637,3.3895142,-2.3214023,-0.43348172,-2.5811493,1.7031977,-0.31512713,0.5574866,-0.53690267,1.1039035,3,C3a
127,gacs_emotional_shorts_02_DZQtVmKM.mp4,emotional_shorts,joy,-17.201729,0.6991956,1.7382,3.7152662,-1.4173586,4.8194046,-2.0251093,-0.07222947,-3.5371857,2.2566364,-1.3389041,1.6693568,-1.0937835,0.058876555,3,C3a
128,gacs_emotional_shorts_02_DZQtVmKM.mp4,emotional_shorts,joy,-17.282185,-7.093507,-2.6939206,7.992364,-4.374778,3.8662171,-0.6764464,2.3462589,-0.2845447,-0.4981462,-0.34534147,-2.3304994,-2.3239603,-1.3932186,3,C3a
129,gacs_emotional_shorts_02_DZQtVmKM.mp4,emotional_shorts,joy,-15.897175,-8.491155,-1.5797484,6.163809,-5.190053,2.2204869,-1.8553041,-0.5250453,-0.6754583,1.0376129,1.8273355,2.4430907,-2.851843,-1.2293204,3,C3a
130,gacs_emotional_shorts_02_DZQtVmKM.mp4,emotional_shorts,warmth,-16.671886,-3.445461,1.3263631,4.3908086,-1.3737717,3.1158347,-3.3313162,0.4979682,-2.9627335,2.6779432,-0.4105114,1.6024983,-0.68293065,-0.56487596,3,C3a
131,gacs_emotional_shorts_02_DZQtVmKM.mp4,emotional_shorts,excitement,8.976131,-0.86850446,11.749717,-9.567995,2.0912654,-2.2501662,-7.182661,-11.718038,2.960682,3.8295453,0.316451,-0.6049554,2.88436,3.0957878,0,C0
132,gacs_emotional_shorts_02_DZQtVmKM.mp4,emotional_shorts,poignance,-16.642096,-6.3850756,2.9673908,5.104683,-4.1070895,3.228774,-3.2278254,2.1110296,-1.7436446,0.64240974,1.3470677,-0.33853617,-0.35363427,0.33756462,3,C3a
133,gacs_emotional_shorts_02_DZQtVmKM.mp4,emotional_shorts,joy,-14.886308,-13.533034,-2.9751532,6.0189366,-4.3543296,1.1395731,-2.3035696,-0.5540508,1.0234936,1.1017808,1.299946,2.5334866,-1.9779166,-1.5464002,3,C3a
134,gacs_emotional_shorts_02_DZQtVmKM.mp4,emotional_shorts,neutral,-8.384451,8.201887,8.270468,-7.2956557,2.731185,1.201779,0.23653333,-3.5165696,-4.458265,3.6981573,1.4860998,1.90089,0.29788876,0.5078991,3,C3b
135,gacs_emotional_shorts_02_DZQtVmKM.mp4,emotional_shorts,calm,-9.428953,11.647423,6.5638285,-5.3351007,0.6501658,3.4806592,4.3969946,-0.165291,-3.3754644,1.3127048,1.569354,-0.028398603,2.002897,0.24358387,3,C3b
136,gacs_emotional_shorts_02_DZQtVmKM.mp4,emotional_shorts,calm,20.875776,11.689418,9.043897,3.8177967,7.6600857,3.7079685,5.356421,-1.2204689,3.157598,7.6947293,7.91882,-1.0750006,-1.9425173,1.1462195,0,C0
137,gacs_emotional_shorts_02_DZQtVmKM.mp4,emotional_shorts,excitement,-16.753262,-8.423836,0.1786128,7.203914,-3.3036015,3.110637,-1.4177284,-0.15274727,1.0258043,0.6730977,1.1994704,-0.14755622,-2.1527205,-1.8973058,3,C3a
138,gacs_emotional_shorts_02_DZQtVmKM.mp4,emotional_shorts,joy,0.93780303,-29.316847,-10.740992,-3.5808394,0.3754914,5.9158797,-0.6968301,-1.4763162,-2.6169293,-1.5502127,1.9470807,1.191368,1.3024852,-2.0553834,2,C2
139,gacs_emotional_shorts_02_DZQtVmKM.mp4,emotional_shorts,excitement,-15.445064,-11.068169,0.77113855,8.080205,-3.9317796,1.9054592,-3.08236,0.5911954,0.5165902,0.22053751,2.0734327,2.2658968,-1.2154028,-0.14461991,3,C3a
140,gacs_emotional_shorts_02_DZQtVmKM.mp4,emotional_shorts,excitement,-16.3166,-12.762802,1.0275197,8.204852,-4.03399,3.8990495,-2.3804126,0.49261308,1.7279272,0.34609902,1.1717492,1.290354,-1.4971852,-1.4520248,3,C3a
141,gacs_emotional_shorts_02_DZQtVmKM.mp4,emotional_shorts,excitement,1.7795857,-5.5869527,10.15746,-3.2505744,-0.34659347,-1.2908623,-1.888186,-1.0117064,4.3181915,10.076268,9.682066,-2.0040216,1.8132026,-6.026052,3,C3b
142,gacs_emotional_shorts_02_DZQtVmKM.mp4,emotional_shorts,joy,-13.681089,-12.669369,-2.595826,4.6211596,-2.5049474,0.81239116,-3.891894,-3.7141743,1.0521097,2.887204,0.18550533,2.7763963,0.00029698104,-2.5217016,3,C3a
143,gacs_emotional_shorts_02_DZQtVmKM.mp4,emotional_shorts,seriousness,-13.673219,3.5675516,6.11597,-4.988474,-1.5150452,1.1665059,-5.0580835,-1.6301781,-4.1961527,-3.4248946,2.462304,-0.2538415,-2.9278996,1.4700717,3,C3b
144,gacs_emotional_shorts_02_DZQtVmKM.mp4,emotional_shorts,poignance,-10.884775,5.553513,-6.649531,0.122250035,0.5457389,3.9035275,-9.56212,0.64231825,-5.6072545,1.4222788,1.2134345,-1.3524859,1.3034335,-3.5557399,3,C3b
145,gacs_emotional_shorts_02_DZQtVmKM.mp4,emotional_shorts,warmth,-15.196462,1.6352806,3.6085997,0.21247017,1.0772393,3.7698328,-4.2319098,0.48850715,-2.4746597,2.8521857,-1.3120283,-0.13653621,-0.30294374,-0.29033664,3,C3a
146,gacs_emotional_shorts_02_DZQtVmKM.mp4,emotional_shorts,warmth,-16.489271,2.4424303,0.13900842,5.3352847,-2.9828205,4.480431,1.6559155,-1.2117012,-2.550287,-0.05593875,-0.95075685,1.0673106,-1.2949716,-1.2834554,3,C3a
147,gacs_emotional_shorts_02_DZQtVmKM.mp4,emotional_shorts,joy,-16.923174,-4.0420117,0.55142504,4.816639,-0.47405908,4.254223,0.3570317,3.0197532,1.6391188,-0.5449851,-1.1370403,-2.7362173,0.7417832,-1.5427012,3,C3a
148,gacs_emotional_shorts_02_DZQtVmKM.mp4,emotional_shorts,joy,-17.127722,-6.064312,-0.5694397,5.947984,-0.47326013,4.4415684,0.3720766,2.911994,2.5449455,-0.24193801,-1.3790411,-2.9514132,0.85102093,-1.7334975,3,C3a
149,gacs_emotional_shorts_02_DZQtVmKM.mp4,emotional_shorts,joy,-14.5411625,-5.8757653,2.7016609,2.0643475,-3.6159382,0.44854414,-0.6110336,-1.5511476,-0.8585633,2.8454225,0.70182955,-0.035182416,1.1474769,-2.399621,3,C3a
150,gacs_emotional_shorts_02_DZQtVmKM.mp4,emotional_shorts,warmth,-12.44332,1.9494386,5.33306,-2.8759906,-0.8265648,0.18335344,-3.674475,-1.5446941,-3.842875,4.6469836,-1.0200111,-1.0792947,1.3972067,0.054890078,3,C3b
151,gacs_emotional_shorts_02_DZQtVmKM.mp4,emotional_shorts,warmth,-14.71676,-3.864066,-0.26119888,0.6697891,0.0026687295,1.7761785,-4.6810646,0.93050766,-1.5493286,3.1834524,-0.6477716,0.7226642,0.43485227,-2.2700055,3,C3a
152,gacs_emotional_shorts_02_DZQtVmKM.mp4,emotional_shorts,hope,15.085297,-1.5395973,7.650857,-3.2635336,-1.5791072,-4.0568867,0.6563616,-7.0698247,5.5738745,4.8769298,3.9773011,-0.41749746,-2.071431,3.63272,0,C0
153,gacs_emotional_shorts_02_DZQtVmKM.mp4,emotional_shorts,excitement,-12.550325,-12.373768,-1.9164597,12.551098,-3.0945444,0.19870427,-2.0360827,2.0063589,4.1747584,-1.8638232,1.2077683,0.72588634,0.008951156,0.5014062,3,C3a
154,gacs_emotional_shorts_02_DZQtVmKM.mp4,emotional_shorts,joy,-13.282277,-12.543226,-3.9178696,9.087392,-3.0003269,-1.2372143,-0.5559662,1.2356478,4.9626045,-0.3434102,-1.5346898,0.8638985,-0.1358444,-0.6490703,3,C3a
155,gacs_emotional_shorts_02_DZQtVmKM.mp4,emotional_shorts,excitement,-12.8015585,-14.696728,-3.2055879,9.677276,-2.9155724,-0.7158091,-1.0790141,1.604129,4.9466467,-1.0218415,0.103418946,1.6852765,-0.13719738,0.32877702,3,C3a
156,gacs_emotional_shorts_02_DZQtVmKM.mp4,emotional_shorts,warmth,-15.424574,-8.973977,1.024482,9.589829,-3.3737943,2.3286355,-3.4764285,1.4606959,-0.50407207,0.45220476,1.432938,0.34609804,-0.9826197,-1.0950408,3,C3a
157,gacs_emotional_shorts_02_DZQtVmKM.mp4,emotional_shorts,neutral,-8.423003,-4.1916623,6.912082,-4.1952143,2.308416,-3.2826908,-6.3052487,-1.7307372,0.7929119,5.7872005,0.7012142,2.1454961,3.2638059,1.4709748,3,C3b
158,gacs_emotional_shorts_02_DZQtVmKM.mp4,emotional_shorts,neutral,-11.029078,0.41215473,6.9315343,-6.5503364,0.772155,0.21485984,-6.679404,-1.4862747,-1.407222,5.458553,0.84301096,2.3813226,-0.39541665,0.13832285,3,C3b
159,gacs_emotional_shorts_02_DZQtVmKM.mp4,emotional_shorts,joy,-17.85157,1.6865903,1.4024042,8.917379,-2.8441887,6.2572227,2.494535,2.7484467,-1.1619081,-2.1771939,-0.7971543,-0.73461413,0.037698057,0.092020325,3,C3a
160,gacs_emotional_shorts_02_DZQtVmKM.mp4,emotional_shorts,joy,-17.735415,-1.8727546,2.2377706,9.116872,-2.981758,5.4012165,1.3713982,1.7932783,-1.0397589,-1.2384773,0.42439488,-0.08963669,-0.6702128,0.06450129,3,C3a
161,gacs_emotional_shorts_02_DZQtVmKM.mp4,emotional_shorts,contemplation,4.8353186,9.451605,1.0116522,-4.170395,2.784149,-5.1937094,11.342769,-3.3854885,1.5693598,-1.1489974,5.1129394,-0.12573355,1.360351,1.657016,3,C3b
162,gacs_emotional_shorts_02_DZQtVmKM.mp4,emotional_shorts,weariness,27.745241,7.1902475,0.5518373,-6.349312,-5.407214,3.532052,2.2236187,6.8311825,7.1643105,9.009487,12.324483,-5.730604,-3.822877,-2.2751975,0,C0
163,gacs_emotional_shorts_02_DZQtVmKM.mp4,emotional_shorts,contentment,-17.651579,-2.6119418,-2.2920122,10.666907,-3.8532267,4.4739966,1.417159,0.7499011,-0.0982586,-1.7471699,-0.18541674,1.8038028,-1.8209939,1.0904785,3,C3a
164,gacs_emotional_shorts_02_DZQtVmKM.mp4,emotional_shorts,wonder,23.474728,-23.970615,-7.886548,-8.278274,13.638413,5.219721,2.3027081,3.647861,-2.993371,3.5515656,0.751388,2.3869963,-2.875874,1.9769435,2,C2
165,gacs_emotional_shorts_02_DZQtVmKM.mp4,emotional_shorts,domesticity,-15.794732,5.8574553,5.4209127,0.856484,-3.3321798,5.2157917,0.66324466,-0.2808016,-3.3717492,-0.1704327,-1.9510577,1.3803701,-0.97260547,1.4801464,3,C3a
166,gacs_emotional_shorts_02_DZQtVmKM.mp4,emotional_shorts,joy,-15.444898,-9.243369,-0.33841556,8.515676,-3.2924936,1.8973935,-2.451487,-0.042742684,0.18804494,1.2725083,2.7381816,3.1814644,-2.1853793,0.4833655,3,C3a
167,gacs_emotional_shorts_02_DZQtVmKM.mp4,emotional_shorts,celebration,-6.9250264,-7.721665,4.3721533,-0.15208831,-0.9538989,0.17742006,-2.5292966,-3.1173189,1.6457965,8.779819,9.124004,0.15713297,-2.5314567,-0.72484845,3,C3a
168,gacs_emotional_shorts_02_DZQtVmKM.mp4,emotional_shorts,celebration,-12.84705,-7.2335625,0.95962256,-1.0294574,-2.5584345,0.69239163,-3.2064753,-1.815211,-1.0696735,4.4701505,2.8679001,2.9867215,-1.9874828,-0.7729001,3,C3a
169,gacs_emotional_shorts_02_DZQtVmKM.mp4,emotional_shorts,calm,-15.203536,1.0955952,0.5516507,6.605737,-1.4139218,3.329663,3.4040718,0.97121936,0.64918965,-1.8759656,-1.2526714,-3.4275084,-0.50183827,-1.297896,3,C3a
170,gacs_emotional_shorts_02_DZQtVmKM.mp4,emotional_shorts,calm,-15.893473,1.1029909,0.45869532,6.829421,-1.474974,4.3577056,3.8942502,1.5106404,1.171393,-2.1656837,-1.9223508,-3.5417652,-0.8942146,-1.7218376,3,C3a
171,gacs_emotional_shorts_02_DZQtVmKM.mp4,emotional_shorts,amusement,-16.218107,-0.9590258,0.85625565,7.155412,-2.71581,5.1857686,3.5493922,1.140595,-0.1422446,-1.4097247,-3.0211167,-3.922346,-1.4284627,-1.2830433,3,C3a
172,gacs_emotional_shorts_02_DZQtVmKM.mp4,emotional_shorts,calm,-13.141132,5.68145,5.907866,2.3593147,0.53145903,3.9761891,3.3907356,-1.8493088,-0.84255904,-0.29193702,-1.405537,-2.2389023,-0.42296585,-1.3965261,3,C3b
173,gacs_emotional_shorts_02_DZQtVmKM.mp4,emotional_shorts,warmth,-14.73465,5.63734,3.4025285,4.7303686,1.1850954,4.6798944,2.527791,-0.36053786,-1.4396594,-1.1471554,-1.1272167,0.24695446,0.09915027,-0.5486013,3,C3a
174,gacs_emotional_shorts_02_DZQtVmKM.mp4,emotional_shorts,seriousness,1.6167185,8.263278,12.747018,-8.770912,2.0468006,1.4888544,-10.471449,-8.528512,-1.2688115,-1.9356016,1.4086909,-0.8663977,-1.6269035,5.687038,3,C3b
175,gacs_emotional_shorts_02_DZQtVmKM.mp4,emotional_shorts,vulnerability,9.498614,6.8905873,13.799407,-7.8633986,7.8704953,4.2733407,-7.029865,-5.0576825,1.5845473,1.9117231,0.010531049,-3.0208497,-0.13003951,2.7277765,0,C0
176,gacs_emotional_shorts_02_DZQtVmKM.mp4,emotional_shorts,warmth,-8.79002,4.9595,5.3324013,-8.677283,4.335404,0.6369289,-6.2006316,-0.6677259,-2.0140102,6.0741887,-1.7847737,0.64466774,0.5421422,0.39451176,3,C3b
177,gacs_emotional_shorts_02_DZQtVmKM.mp4,emotional_shorts,hope,-5.9419503,-0.25113636,2.0201719,-7.1555715,3.4955983,-1.8338802,-8.054664,-5.771848,-0.6807253,7.613152,0.7905881,2.4864328,0.39857632,2.1076968,3,C3b
178,gacs_emotional_shorts_02_DZQtVmKM.mp4,emotional_shorts,hope,-7.8414364,3.9414778,9.095515,-6.2804923,4.832954,0.98026794,-8.81645,-3.608967,-2.6906595,6.7938137,-0.3373697,1.5883814,0.7370109,2.4927778,3,C3b
179,gacs_emotional_shorts_02_DZQtVmKM.mp4,emotional_shorts,hope,-10.825605,2.9428444,1.5376958,-6.538823,0.59025645,-1.1349527,-7.3612595,-7.4615617,-1.478544,1.6284298,0.7771951,2.5831013,-3.697402,0.43384364,3,C3b
180,gacs_emotional_shorts_02_DZQtVmKM.mp4,emotional_shorts,joy,-17.048828,-1.7129347,0.22651555,9.91817,-4.64611,5.0134525,1.9718354,1.2950639,-1.1998146,-2.605169,0.10352394,-0.32127574,-0.14428845,-1.0824475,3,C3a
181,gacs_emotional_shorts_02_DZQtVmKM.mp4,emotional_shorts,calm,-13.485626,2.3222163,5.0448475,-3.3751006,0.10162975,2.7923112,-0.027529974,-0.945188,-2.272825,1.8564315,0.9519647,0.15564677,0.47317666,-2.5156162,3,C3b
182,gacs_emotional_shorts_02_DZQtVmKM.mp4,emotional_shorts,warmth,-9.05102,0.17158805,4.91338,-0.004849839,0.07383043,1.8883986,-4.0147133,1.7745364,-2.2401595,7.940938,6.310122,-5.355085,0.08684947,-3.2160287,3,C3b
183,gacs_emotional_shorts_02_DZQtVmKM.mp4,emotional_shorts,calm,-10.204789,11.663044,5.90364,-2.5600703,1.8215474,6.4739914,2.092862,-1.7788509,-5.5519333,1.4492494,-1.7488619,-2.891823,1.9994398,-0.14192049,3,C3b
184,gacs_emotional_shorts_02_DZQtVmKM.mp4,emotional_shorts,warmth,-10.781228,11.010672,6.908514,-3.4931173,1.2666264,7.118899,-0.4351879,-0.7402633,-4.8643494,3.4234812,-2.2830353,-0.5202384,2.9141192,-1.0375799,3,C3b
185,gacs_emotional_shorts_02_DZQtVmKM.mp4,emotional_shorts,warmth,-10.742854,12.064756,3.34621,-2.2073436,1.9685011,8.12445,-7.487136,1.7371227,-2.4781396,3.1351016,-0.7847375,-1.9857043,1.7625717,-0.9016019,3,C3b
186,gacs_emotional_shorts_02_DZQtVmKM.mp4,emotional_shorts,contemplation,-11.52581,9.233969,4.21581,-2.4561727,1.5020527,5.1975517,1.4656134,-2.4798977,-5.4258833,2.4741554,-1.1158772,-1.581472,2.0346482,-0.34210515,3,C3b
187,gacs_emotional_shorts_02_DZQtVmKM.mp4,emotional_shorts,warmth,-9.811337,9.365319,5.2748404,-2.149592,6.8560576,7.2943816,-5.073482,3.394291,-0.3175566,2.5064003,-2.7692668,-0.85137314,2.8261867,-0.89017123,3,C3b
188,gacs_emotional_shorts_02_DZQtVmKM.mp4,emotional_shorts,calm,-15.395056,3.692455,4.3333297,0.10850117,0.61370313,4.6847777,0.33727998,-2.9296603,-3.0520065,2.9508703,-0.7267211,1.7045488,-0.010523583,0.3943279,3,C3a
189,gacs_emotional_shorts_02_DZQtVmKM.mp4,emotional_shorts,poignance,9.971464,-29.237051,-15.339026,-16.330542,1.0718943,10.364037,0.12857585,0.54029065,-3.2963545,-2.4748223,2.9448655,1.2810119,2.445273,-1.4790659,2,C2
190,gacs_emotional_shorts_02_DZQtVmKM.mp4,emotional_shorts,joy,8.021693,-29.75929,-16.812723,-12.664474,-0.4667831,7.8555117,0.44399172,-1.9354738,-1.8628048,-2.2161689,1.8389457,2.19919,0.9215376,-2.6355324,2,C2
191,gacs_emotional_shorts_02_DZQtVmKM.mp4,emotional_shorts,excitement,10.929566,-31.1284,-17.221596,-13.893134,-0.36761215,9.986893,0.42116737,-1.1604171,-2.0798407,-2.826322,2.6945546,2.7782972,1.6603396,-2.22711,2,C2
192,gacs_emotional_shorts_02_DZQtVmKM.mp4,emotional_shorts,warmth,-16.888126,1.6579837,0.77393556,1.6016568,1.8138815,4.720613,1.4057518,1.2691321,0.078021124,0.3983447,-1.8274196,0.84657574,0.81643116,-2.716215,3,C3a
193,gacs_emotional_shorts_02_DZQtVmKM.mp4,emotional_shorts,joy,-16.347622,2.799132,2.6628172,6.4748735,-1.5629596,5.0705175,1.4621031,0.5292262,-2.6222415,-0.35657477,-0.25296304,1.0378643,-0.87184674,-0.65174115,3,C3a
194,gacs_emotional_shorts_02_DZQtVmKM.mp4,emotional_shorts,joy,-15.917868,-0.6032692,0.3680905,1.4206802,1.2677295,3.522494,1.5497481,-3.0217135,-0.11810507,2.0670955,-1.0915927,2.6971805,-1.2532281,-2.0697641,3,C3a
195,gacs_emotional_shorts_02_DZQtVmKM.mp4,emotional_shorts,romance,-14.804726,-2.9372532,0.34585214,1.4713652,1.0589874,2.8067534,-3.047892,-1.9376311,-3.2239485,4.518761,0.19065052,1.5519321,0.34194165,-1.5086352,3,C3a
196,gacs_emotional_shorts_02_DZQtVmKM.mp4,emotional_shorts,warmth,-16.439386,-4.8536305,3.7106462,4.700545,-0.83960515,4.1427894,-2.6266878,2.0343628,-2.3081698,2.240384,0.7161111,0.97504294,-0.41917557,0.90307426,3,C3a
197,gacs_emotional_shorts_02_DZQtVmKM.mp4,emotional_shorts,contentment,-16.684258,5.4724717,1.7763108,6.097391,-2.666237,6.000039,1.911108,2.827343,-2.4521852,-2.595768,-0.8733342,-2.587745,0.8662882,-1.2803236,3,C3a
198,gacs_emotional_shorts_02_DZQtVmKM.mp4,emotional_shorts,warmth,-15.18822,0.2880923,5.633729,0.72902155,0.7116554,4.0289874,-4.4212904,2.3326433,-1.4539274,1.6215488,0.8027089,-2.0194647,0.11122199,1.3802828,3,C3a
199,gacs_emotional_shorts_02_DZQtVmKM.mp4,emotional_shorts,calm,-9.415444,10.098652,6.72629,-9.387906,3.9342954,4.9285483,0.92617255,-3.695989,-3.2210827,3.5264173,-0.6149485,1.1511521,0.75046587,-1.4183241,3,C3b
200,gacs_emotional_shorts_02_DZQtVmKM.mp4,emotional_shorts,neutral,-11.727466,8.113926,5.9494267,-2.2778678,0.38873285,4.4595866,-0.019413244,-1.4216267,-5.133794,2.2201822,0.08849257,-0.5936267,-0.02012341,-1.1611105,3,C3b
201,gacs_emotional_shorts_02_DZQtVmKM.mp4,emotional_shorts,joy,-11.233905,-3.513015,-2.2482598,4.3240814,-5.643,2.036711,-2.9591932,3.3867984,1.1436247,2.7726614,3.7786665,-3.9392126,-2.0103445,-4.462441,3,C3a
202,gacs_emotional_shorts_02_DZQtVmKM.mp4,emotional_shorts,joy,-14.75529,-5.459673,-5.4072723,6.503676,-3.1942272,1.4524331,-1.9030104,-0.075530104,-0.14485568,0.18800026,-0.78561777,-4.0138564,-0.8138537,-2.4730086,3,C3a
203,gacs_emotional_shorts_02_DZQtVmKM.mp4,emotional_shorts,warmth,-15.114444,0.119049385,5.431258,0.35879812,1.266748,4.422665,-5.329641,2.3707452,-2.4575782,3.4892848,-0.77954686,-0.95915693,1.2019697,-0.57394546,3,C3a
204,gacs_emotional_shorts_02_DZQtVmKM.mp4,emotional_shorts,poignance,-16.111925,5.079315,3.3887532,2.1410232,0.7715793,6.977505,-3.1952882,4.727639,-2.9206579,-0.38079602,-0.1940116,-1.6986687,1.5497361,-1.0632766,3,C3a
205,gacs_emotional_shorts_02_DZQtVmKM.mp4,emotional_shorts,celebration,-13.253022,-8.159286,4.896137,0.62590677,-6.6494966,0.5422669,-3.953581,4.113353,0.6606677,-3.5674176,3.2370648,1.392999,-2.7245638,2.5294454,3,C3a
206,gacs_emotional_shorts_02_DZQtVmKM.mp4,emotional_shorts,excitement,-11.30631,-15.836162,-0.7521214,1.416904,-3.7621355,-1.2663057,-3.8571181,-3.713552,1.7015569,3.054606,0.76411355,2.6210215,1.2060395,-0.98929465,3,C3a
207,gacs_emotional_shorts_02_DZQtVmKM.mp4,emotional_shorts,gratitude,-10.494603,1.4017727,5.7880754,-11.766332,-0.3609563,1.3234524,-5.0501146,-2.0392926,-0.6209953,5.360841,0.44607314,3.2222502,-0.74214566,1.7744426,3,C3b
208,gacs_emotional_shorts_02_DZQtVmKM.mp4,emotional_shorts,neutral,-5.6632895,9.339365,6.8792033,-7.827721,1.5890023,-1.2598331,5.3031664,1.877529,2.2388103,-1.5312371,0.880681,3.8345942,-1.2333026,0.9291812,3,C3b
209,gacs_emotional_shorts_02_DZQtVmKM.mp4,emotional_shorts,joy,-18.080107,-1.5103421,0.1253773,10.251057,-5.1101494,4.992995,1.6867887,0.92706597,-1.0816581,-1.9460471,-0.16985765,1.2044209,-2.5867932,0.72374314,3,C3a
210,gacs_emotional_shorts_02_DZQtVmKM.mp4,emotional_shorts,joy,8.738884,-32.38018,-14.867749,-10.771033,0.0108191855,9.330592,1.5537875,-1.2245219,-2.9279518,-2.8462658,3.4085379,2.768717,1.8123391,-1.9935573,2,C2
211,gacs_emotional_shorts_02_DZQtVmKM.mp4,emotional_shorts,poignance,-13.953546,-4.2686715,4.0656834,-3.4027293,0.34115446,1.5739394,-3.7491448,-0.37159997,-1.9245108,3.9093745,-0.17457077,0.6487517,0.28198832,1.5610877,3,C3a
212,gacs_emotional_shorts_02_DZQtVmKM.mp4,emotional_shorts,poignance,-15.542714,-0.9065734,5.5083065,-1.9657915,0.5639045,3.0543566,-3.9651723,1.0660256,-3.2220128,2.703938,-0.5783285,0.530724,0.6906891,0.26492354,3,C3a
213,gacs_emotional_shorts_02_DZQtVmKM.mp4,emotional_shorts,calm,-16.344116,-1.5350595,0.7863883,8.4778185,-1.7782944,4.1521015,4.2164907,2.9731536,1.4391526,-1.2789066,-1.3325027,-4.2177563,0.75645,-0.5571426,3,C3a
214,gacs_emotional_shorts_02_DZQtVmKM.mp4,emotional_shorts,joy,-15.86099,-2.8509538,1.2424024,5.5332065,-2.9061246,3.6457524,-0.35351118,1.5677679,-1.2634351,0.75037766,0.115259334,-3.6047454,-1.6372491,-1.6533319,3,C3a
215,gacs_emotional_shorts_02_DZQtVmKM.mp4,emotional_shorts,calm,-8.343349,11.489811,6.2225914,-7.4577284,5.8726354,3.8529503,2.8721466,-4.0894656,-3.1073935,2.667913,-1.7952383,-0.2561344,2.3337522,1.7781259,3,C3b
216,gacs_emotional_shorts_02_DZQtVmKM.mp4,emotional_shorts,celebration,-15.640567,-5.8592587,1.9712849,0.51189,-1.4238551,1.8066262,-5.0979786,-0.13578114,-0.96705604,2.2438896,1.0714246,3.2145905,0.06966962,0.0587943,3,C3a
217,gacs_emotional_shorts_02_DZQtVmKM.mp4,emotional_shorts,hope,-14.525627,7.765466,5.8580647,5.809767,-0.30895674,5.298824,1.1476483,1.0587938,-3.7308567,-2.437646,-0.077620134,-0.63463765,1.8824174,-1.4593016,3,C3a
218,gacs_emotional_shorts_02_DZQtVmKM.mp4,emotional_shorts,warmth,-12.466285,8.436022,5.2191978,-3.4394896,2.0330672,5.761687,2.300832,-3.3665485,-3.1418438,1.2376281,-2.1555321,-0.29602522,1.0577018,-1.6426889,3,C3b
6,gacs_movie_trailers_01_n9xhJrPX.mp4,movie_trailers,tension,12.155706,16.152191,-23.448175,7.041803,-4.393307,-4.579712,-1.5225613,0.5715715,-1.95712,1.3060462,-1.2803391,2.7977314,3.4217403,-0.25205868,1,C1
7,gacs_movie_trailers_01_n9xhJrPX.mp4,movie_trailers,sadness,16.837934,16.809673,-28.052126,2.4691262,-2.477264,2.4116125,-2.2878375,-0.8258925,2.4106216,-0.017121784,-1.1233573,0.08341179,4.3964467,0.5715872,1,C1
8,gacs_movie_trailers_01_n9xhJrPX.mp4,movie_trailers,sadness,31.457273,10.2972765,2.68151,11.7044935,4.086353,7.6521673,-5.154594,-4.0404954,5.958961,-0.81246763,0.112285085,-2.4388015,-0.23805116,0.7794204,0,C0
10,gacs_movie_trailers_02_uYPbbksJ.mp4,movie_trailers,tension,0.62295896,7.069838,5.9924517,-12.366206,1.3104092,-6.078012,-5.2811127,4.772882,1.2253891,-6.3053355,3.3697135,-2.5793269,-1.2980872,-0.43614694,3,C3b
11,gacs_movie_trailers_02_uYPbbksJ.mp4,movie_trailers,celebration,-11.660821,-12.293155,-3.6609395,8.899277,-5.2803144,-1.4067132,-1.0393989,1.7503713,4.0744944,-1.7956922,3.1060934,2.0364943,0.5619154,2.210968,3,C3a
12,gacs_movie_trailers_02_uYPbbksJ.mp4,movie_trailers,seriousness,9.607741,5.7193127,2.9206686,-10.799308,-1.6374986,-9.024803,-5.24906,2.3625147,0.31865734,-9.185569,4.27014,-2.2694411,-0.44611025,3.7927115,1,C1
13,gacs_movie_trailers_02_uYPbbksJ.mp4,movie_trailers,tension,29.166039,-30.039454,0.53977156,-12.562932,4.032158,16.159306,1.5545766,1.9246857,-1.9501454,-3.6823924,1.9705279,2.3226025,3.1734746,-1.1913294,2,C2
14,gacs_movie_trailers_02_uYPbbksJ.mp4,movie_trailers,mystery,12.854956,-2.049298,2.8290706,1.0635067,-0.2616745,-14.98167,0.10762924,6.6165795,-8.162672,2.061877,0.5903838,-1.6211767,1.248577,-2.3836827,0,C0
15,gacs_movie_trailers_02_uYPbbksJ.mp4,movie_trailers,chaos,23.42346,-2.4877274,14.496065,-2.1003325,-37.020927,9.939199,11.886417,1.0836544,-8.555083,1.0688804,-5.1684093,3.5537443,-3.5927217,6.9421525,0,C0
0,gacs_advertisements_00_-avONMmQ.mp4,advertisements,darkness,-2.690916,10.429094,-6.572202,6.964072,1.9133817,-4.3285794,3.5393245,-1.5456994,-2.8596184,2.540075,6.3399825,2.5670166,-3.4176009,4.7070627,3,C3b
1,gacs_advertisements_00_-avONMmQ.mp4,advertisements,loneliness,24.446165,17.968344,-18.474026,-1.7564765,-6.9204154,1.8740219,1.1710819,10.201884,-1.2607338,2.6067944,5.136171,4.545406,-0.018011129,1.7944564,1,C1
2,gacs_advertisements_00_-avONMmQ.mp4,advertisements,calm,-4.2624836,9.061064,-5.6972713,7.6335444,-1.3324518,-3.4571166,3.9396024,-2.7638433,-3.015209,2.7249954,5.749654,1.5558165,-5.9034057,5.0021863,3,C3b
3,gacs_advertisements_00_-avONMmQ.mp4,advertisements,calm,-14.092708,0.28226826,-4.7424865,12.515832,-0.5725624,0.7184443,4.8415675,2.549549,1.4524295,-2.2318332,1.0377356,-1.1451017,-0.60900915,1.6979995,3,C3a
4,gacs_advertisements_00_-avONMmQ.mp4,advertisements,calm,-13.498523,-4.369528,-3.685159,11.681571,0.16341276,-0.59094805,3.3740485,1.8412594,1.8223454,-0.77901196,-1.6467158,-2.9408567,0.026560036,1.4559362,3,C3a
5,gacs_advertisements_00_-avONMmQ.mp4,advertisements,darkness,-3.0723376,0.23637682,-6.956724,10.790316,-0.8185557,-5.442152,4.9045663,-4.042199,-4.9973817,1.7235581,6.5503736,0.9288772,-5.249956,5.806021,3,C3a
6,gacs_advertisements_00_-avONMmQ.mp4,advertisements,tension,34.183975,-12.57821,19.090519,7.1704316,4.578797,13.697065,2.2305481,-3.5359955,0.99520904,-2.0519588,0.49621105,0.80644053,2.6747265,1.4685521,0,C0
7,gacs_advertisements_00_-avONMmQ.mp4,advertisements,darkness,6.4286036,-12.024183,-7.7180233,9.766576,11.784218,-7.320641,4.7641897,-1.4605706,-5.3026023,2.254353,-1.5194033,-1.6848655,-4.501112,4.500015,2,C2
8,gacs_advertisements_00_-avONMmQ.mp4,advertisements,fear,31.359035,0.9683417,16.941383,14.186171,8.259082,5.6303277,-1.3380992,1.8705876,-0.013282682,-1.8256204,-3.5596435,4.1356516,0.16024871,2.6880453,0,C0
9,gacs_advertisements_00_-avONMmQ.mp4,advertisements,amusement,-4.273766,-7.9267054,-4.978458,14.851571,4.2491636,-5.251666,-0.4999875,1.3712673,-3.644473,-0.3398848,0.82325274,-2.0945706,-2.9807553,5.6526046,3,C3a
10,gacs_advertisements_00_-avONMmQ.mp4,advertisements,wonder,-1.0331239,-9.217467,-10.467488,8.66438,6.6512604,-6.8667455,4.5981245,-1.4666958,-0.8928525,-0.08650948,-2.316424,-4.641644,-0.30840042,3.9738307,3,C3a
11,gacs_advertisements_00_-avONMmQ.mp4,advertisements,amusement,-11.164016,-6.097279,-4.426726,15.326727,0.6521674,-1.36335,1.2049485,3.1864238,-1.0887344,-2.1911457,1.9022002,-3.165827,-3.042477,4.6685543,3,C3a
12,gacs_advertisements_00_-avONMmQ.mp4,advertisements,amusement,-8.50472,-6.331037,-3.3882952,11.221033,1.3253444,-4.1856723,1.6648693,1.0493363,-0.3538833,-0.1349891,2.0348563,-3.3854272,-0.74610573,4.998201,3,C3a
13,gacs_advertisements_00_-avONMmQ.mp4,advertisements,amusement,-11.73463,-9.086448,-2.8623395,14.058336,-0.506866,-0.5534024,2.7949023,4.2754555,0.93255985,-2.3199384,-0.66660875,-5.3204446,-0.49955735,2.5942209,3,C3a
14,gacs_advertisements_00_-avONMmQ.mp4,advertisements,excitement,-14.290889,-9.593956,-1.4292904,11.944169,-1.2205203,-0.8988295,0.8168421,1.5515149,3.4349966,-0.28267872,-2.947601,-1.4181806,-0.3609664,1.6764549,3,C3a
15,gacs_advertisements_00_-avONMmQ.mp4,advertisements,darkness,19.478489,15.690838,-19.477587,4.601103,-3.3763366,-3.1855762,1.4240311,0.54249924,-3.3108563,3.5183759,4.339258,1.893483,-5.083888,1.6599039,1,C1
0,gacs_advertisements_00_F4sJLG2z.mp4,advertisements,mystery,-1.4745508,3.0833445,-1.4729884,-0.37471116,4.9699326,-7.2363605,9.137052,0.0039660856,-2.8219142,3.7783897,0.47845614,1.879009,-5.935718,1.5622895,3,C3b
1,gacs_advertisements_00_F4sJLG2z.mp4,advertisements,excitement,-10.153569,-13.519419,1.4030768,6.7820916,-8.235036,-3.5152526,1.661641,2.188576,4.625231,0.77816105,2.819117,0.08988513,-0.5515507,0.39156216,3,C3a
2,gacs_advertisements_00_F4sJLG2z.mp4,advertisements,contemplation,-1.1222749,5.897388,5.9483223,-7.44507,-2.6373475,-4.7824416,6.539902,1.6973662,0.5459456,1.0655279,1.0995982,-5.1442657,3.1980042,2.349739,3,C3b
0,gacs_advertisements_01_9G5luoju.mp4,advertisements,urban,-4.513562,-3.167761,-0.58366036,-8.399019,3.974362,-4.1451807,-4.312399,3.1696198,6.815192,5.262622,0.2680403,3.382515,-0.9362862,2.1952856,3,C3b
1,gacs_advertisements_01_9G5luoju.mp4,advertisements,focus,-11.399892,7.8711214,5.1142335,-5.719108,1.2792323,4.566445,4.4783325,-3.742998,-2.6254423,2.637464,-1.7347558,1.6229906,0.12012661,0.10393915,3,C3b
2,gacs_advertisements_01_9G5luoju.mp4,advertisements,loneliness,18.042385,15.394137,-25.550386,3.896238,-4.8302045,1.5679923,-1.8338584,-1.3892415,1.8128476,4.107083,-1.1133809,1.3882321,4.3276987,3.2874508,1,C1
3,gacs_advertisements_01_9G5luoju.mp4,advertisements,excitement,13.258161,-7.5830097,1.0168855,-6.426839,0.8304772,-3.98216,3.1316833,-1.2277052,8.005364,9.419685,6.13438,-3.121401,-1.8266732,-1.3744577,0,C0
4,gacs_advertisements_01_9G5luoju.mp4,advertisements,hope,-11.093809,3.2600522,-0.11138876,1.9920259,-1.4051344,-0.32290387,7.0570755,-0.8960583,2.8974195,-0.21107252,1.3754655,3.6632173,-2.3043303,2.2778666,3,C3b
5,gacs_advertisements_01_9G5luoju.mp4,advertisements,wonder,6.2025924,-21.569735,-6.305941,-0.20576401,7.5380964,-3.1435943,2.278549,1.484402,-2.6368217,1.3611466,-2.0104668,-2.4393802,-0.7276528,7.5962996,2,C2
6,gacs_advertisements_01_9G5luoju.mp4,advertisements,excitement,-7.437611,-3.9093688,5.614477,-3.4796116,-0.6315687,-3.8810594,1.1657562,-5.6306524,6.1583576,-0.49277824,-3.1689253,2.5187767,2.5858843,0.75427055,3,C3b
7,gacs_advertisements_01_9G5luoju.mp4,advertisements,focus,-6.66783,3.5611045,0.088597804,-2.5575914,0.35247663,-0.56591785,4.516062,-6.772782,6.902036,-3.1253285,-1.1701436,2.749145,-0.07930664,-4.0410275,3,C3b
8,gacs_advertisements_01_9G5luoju.mp4,advertisements,excitement,-10.507026,-9.356708,2.9041243,4.2645645,-3.7619905,-3.839529,2.403713,-1.5863944,6.7708254,1.0193267,0.66862684,-0.4626436,2.9807596,1.1675879,3,C3a
9,gacs_advertisements_01_9G5luoju.mp4,advertisements,sadness,16.13951,17.099674,-30.93512,4.0900664,-5.015537,5.135941,-3.508157,-0.13030796,0.694988,3.0495834,-5.1132917,2.183963,3.068769,1.9737263,1,C1
10,gacs_advertisements_01_9G5luoju.mp4,advertisements,hope,1.7343253,-0.9053648,5.934771,-4.335656,-0.7356974,-7.133208,-1.5723878,-4.1319985,3.775099,3.3332021,2.0754116,-0.2307896,1.8511552,2.937851,3,C3b
11,gacs_advertisements_01_9G5luoju.mp4,advertisements,calm,0.7812215,-0.33446628,-6.405098,10.484106,5.0546527,-3.2374651,4.5336585,-4.821076,2.9208999,4.506078,7.850722,-0.5601242,1.0669023,2.661157,3,C3b
12,gacs_advertisements_01_9G5luoju.mp4,advertisements,hope,-7.4500113,1.5939798,5.0902658,6.5818944,5.4570165,-0.3958303,1.4508147,-4.925475,-2.1914456,5.235229,7.0881066,1.0462798,0.21321149,1.7850767,3,C3b
0,gacs_advertisements_01_jBnseji3.mp4,advertisements,excitement,4.552802,-10.801425,6.5167446,2.4842317,-5.323324,-8.841283,2.05436,-6.1518917,4.989666,1.2428045,-0.5993793,-1.3588289,7.6419253,0.23415042,3,C3b
1,gacs_advertisements_01_jBnseji3.mp4,advertisements,hope,-12.740035,-2.9528434,6.1091394,-1.3720418,0.32259095,0.4632143,-8.993647,0.5792238,-4.247462,2.97444,-1.3695104,0.59371185,0.5437581,1.2490878,3,C3a
2,gacs_advertisements_01_jBnseji3.mp4,advertisements,contemplation,13.213938,15.592751,-23.801697,2.889153,-2.9180057,-1.8337111,-1.8481169,-0.5467374,-0.7192154,-0.6149224,-1.5484123,0.07357572,3.369251,-0.6032231,1,C1
3,gacs_advertisements_01_jBnseji3.mp4,advertisements,tension,-3.3233695,-2.406771,7.3127074,-0.49303922,-3.6650367,-7.4453425,1.9761616,-5.501613,3.4973838,0.8685803,0.17782742,-0.6769895,3.7675586,1.8107655,3,C3b
4,gacs_advertisements_01_jBnseji3.mp4,advertisements,excitement,-12.496342,-7.0083437,5.035197,-0.21416947,-0.41940224,-2.2045143,-5.2807536,-2.5465977,0.24728717,3.5305872,-0.38688433,1.2460198,1.7661097,0.9267107,3,C3a
5,gacs_advertisements_01_jBnseji3.mp4,advertisements,joy,-14.825322,-9.782231,-2.240479,7.306416,-4.859512,0.8614583,-1.7098147,-0.61001706,1.0243721,0.33432406,2.1005697,3.301321,-3.2385862,-1.5210077,3,C3a
6,gacs_advertisements_01_jBnseji3.mp4,advertisements,joy,-11.32127,-14.140281,-2.2362244,10.300653,-7.385776,-1.5882491,-0.86973447,-1.057637,2.476935,-0.6257583,2.871974,2.7958055,-0.45046225,-1.8789917,3,C3a
7,gacs_advertisements_01_jBnseji3.mp4,advertisements,calm,-8.87575,5.8750367,2.1817505,-0.8236723,7.482822,-0.2652803,5.7410154,-3.170137,0.30513808,-3.027011,1.0527577,0.8769806,0.7158583,0.12671177,3,C3b
8,gacs_advertisements_01_jBnseji3.mp4,advertisements,excitement,2.3129358,-7.2268085,10.4374695,-5.0746665,-2.6444113,-2.6225297,-3.5845213,-2.080214,4.8209867,10.032453,7.8003235,-2.7857256,1.0558919,-2.0706208,3,C3b
9,gacs_advertisements_01_jBnseji3.mp4,advertisements,hope,-13.210766,-8.31036,-2.6185877,5.655235,-1.9875495,-0.6930426,-0.09950997,-1.0037358,3.2680907,2.4104817,1.3254199,4.3616123,-1.8415073,2.629399,3,C3a
10,gacs_advertisements_01_jBnseji3.mp4,advertisements,excitement,-9.448465,-10.462479,5.6216745,1.1815408,-4.0218573,-4.853097,-1.551732,-3.3124375,5.922443,1.8726045,-0.043733027,2.411059,2.253853,2.5824947,3,C3a
11,gacs_advertisements_01_jBnseji3.mp4,advertisements,mystery,28.478704,-10.446864,0.76340395,1.0773903,12.955084,-0.53053594,0.70010763,11.796784,-5.8995805,1.2513582,3.6014018,-1.5988246,-1.1201506,0.799638,0,C0
12,gacs_advertisements_01_jBnseji3.mp4,advertisements,calm,9.636822,8.617077,-1.0289509,7.4126806,12.265149,-2.5568144,8.46246,0.9212041,-2.304072,3.746824,5.0932574,1.9095267,-4.335728,1.4880966,1,C1
0,gacs_advertisements_02_VGa1imAp.mp4,advertisements,tension,20.305798,-0.880147,5.7062263,-7.933662,-5.014344,-10.365397,1.0391793,-0.39428908,0.5800767,-0.26344597,2.095685,-0.0887129,1.9729086,-0.028297722,0,C0
1,gacs_advertisements_02_VGa1imAp.mp4,advertisements,calm,-10.747825,3.9140973,0.79230535,-0.8526864,2.044676,-0.25310838,6.8717365,-1.3197963,4.26679,-1.4798341,0.6068345,1.4539058,0.043067906,-0.89881843,3,C3b
2,gacs_advertisements_02_VGa1imAp.mp4,advertisements,amusement,-7.4597983,-10.842311,-0.7216935,4.6853805,-0.5758557,-7.038608,0.092551984,0.84156317,1.4185213,0.2904519,-5.206569,-4.7155013,-1.7540259,-1.6838883,3,C3a
3,gacs_advertisements_02_VGa1imAp.mp4,advertisements,contemplation,-6.5860267,12.731272,-2.4068341,-3.418014,6.7670274,1.1607955,9.157263,0.6319744,-0.43130586,-2.3967955,0.45152503,-1.0666859,1.0578415,0.39325038,3,C3b
4,gacs_advertisements_02_VGa1imAp.mp4,advertisements,fear,33.06902,-11.105625,13.988514,10.120382,11.372996,7.3696527,0.9272805,4.7918563,-2.7920446,-2.4784627,0.59895974,2.3707023,1.1521322,0.3284573,0,C0
5,gacs_advertisements_02_VGa1imAp.mp4,advertisements,tradition,-3.96526,11.486432,1.9691143,-2.457054,4.952878,0.15028046,10.490469,3.6449473,1.7316267,-2.6029081,0.6235494,-2.0243092,1.0063049,1.4855603,3,C3b
6,gacs_advertisements_02_VGa1imAp.mp4,advertisements,contemplation,2.818002,-6.291623,2.7645106,7.456451,10.964499,-3.1740801,3.334107,6.6225357,-3.7329886,-4.0369687,6.1487226,-7.076155,1.4993852,0.69242716,3,C3b
7,gacs_advertisements_02_VGa1imAp.mp4,advertisements,calm,12.8585615,11.131667,4.0140023,-1.7638527,7.494458,1.5274525,10.597054,2.7957997,4.554602,5.6616774,10.555542,-4.3568463,-1.0698246,-0.8304813,1,C1
8,gacs_advertisements_02_VGa1imAp.mp4,advertisements,excitement,-10.402071,-8.417583,5.5410285,2.574909,-1.5298636,-2.7673495,-3.027842,4.267207,2.6831071,-1.5207925,-0.3199324,-1.4589132,2.929605,2.554502,3,C3a
9,gacs_advertisements_02_VGa1imAp.mp4,advertisements,mystery,18.023079,-9.99032,-0.8016879,-1.812124,16.33927,-2.4843721,4.788783,5.9484916,-6.188636,0.4871233,5.6370416,-5.0510163,-0.14602715,-0.12247414,2,C2
10,gacs_advertisements_02_VGa1imAp.mp4,advertisements,calm,-1.0513574,5.1789737,-5.5944004,5.575965,7.3503413,-7.2592635,5.2066197,-0.37965497,-1.0672466,2.340478,-0.70618415,0.22591718,-2.7262912,1.8036075,3,C3b
11,gacs_advertisements_02_VGa1imAp.mp4,advertisements,contemplation,7.9133863,-8.008968,-5.117518,2.063051,6.748076,-6.884397,-0.6027103,5.668575,-5.4525886,-1.6649511,-1.2405303,-5.811562,2.7132638,0.56109947,2,C2
12,gacs_advertisements_02_VGa1imAp.mp4,advertisements,calm,-10.196111,8.116309,-1.9254298,-1.1088396,4.8001156,2.257698,8.611763,-3.8876545,1.5077854,-0.86947316,-0.9079829,-0.5357236,0.24089476,-0.13784726,3,C3b
13,gacs_advertisements_02_VGa1imAp.mp4,advertisements,calm,-4.6639676,8.404479,1.0880923,0.65987974,9.617632,-0.9369488,8.788236,0.12626082,-1.6411182,-4.097612,1.1689899,-0.7137072,-0.2073743,-0.019648524,3,C3b
0,gacs_advertisements_02_WDld_tTL.mp4,advertisements,joy,-15.989284,-4.6825137,-3.4159482,3.595531,-1.1195581,2.6287293,0.526766,1.0915351,0.49046406,0.40484542,-1.2794721,-1.3996978,-1.4724145,-2.7659059,3,C3a
1,gacs_advertisements_02_WDld_tTL.mp4,advertisements,contentment,-15.520716,2.1365314,-4.1134753,12.884326,-3.760939,5.236931,4.055771,2.2370596,0.9497763,-5.2084537,-1.2380508,1.6095909,-1.6505077,-0.7125798,3,C3a
2,gacs_advertisements_02_WDld_tTL.mp4,advertisements,joy,-17.555357,-1.8312614,1.0923994,7.5153475,-3.2203817,4.7576537,-0.10859947,1.2931083,-1.2976816,-1.4340056,0.02412131,1.7868235,-2.1115909,-0.64029944,3,C3a
3,gacs_advertisements_02_WDld_tTL.mp4,advertisements,joy,-16.844393,3.0284445,-0.33698106,9.417647,-2.1468368,6.80025,2.993489,3.449512,-0.5567349,-3.578235,-1.3566977,-0.71707135,-1.2780762,-1.2877764,3,C3a
4,gacs_advertisements_02_WDld_tTL.mp4,advertisements,informative,-5.33449,6.711789,4.894335,-14.02753,1.8609692,-1.7830245,-4.391023,2.5825732,7.8511996,4.081892,-3.778813,6.029499,-3.3831892,2.079908,3,C3b
0,gacs_animations_00_-HMqv0zl.mp4,animations,mystery,-7.720001,1.9951077,-6.380119,10.394819,2.921575,-4.450388,7.423984,0.7762846,-2.1082978,2.153288,3.6337774,1.7181963,-3.510683,3.0947497,3,C3a
1,gacs_animations_00_-HMqv0zl.mp4,animations,tension,33.293015,-0.6755676,20.65808,12.185706,-3.8096225,9.89748,-1.0502261,2.998729,-1.4106513,-3.3579907,-3.4409773,5.5335736,0.0638349,-1.1445515,0,C0
0,gacs_animations_00_WIPV1iwz.mp4,animations,mystery,15.4592285,13.977736,-10.345563,3.484311,9.946083,-2.1396234,10.619766,0.7787515,-0.98087543,3.6216147,5.75506,1.5955635,-0.0225496,0.9842023,1,C1
1,gacs_animations_00_WIPV1iwz.mp4,animations,mystery,22.07982,7.185737,0.47598076,6.3880224,8.759927,-0.7453109,6.7515965,3.4674582,-0.26110142,8.593396,11.604552,-0.86390793,-5.9082556,1.148434,0,C0
2,gacs_animations_00_WIPV1iwz.mp4,animations,calm,6.057401,13.593684,1.7918273,-2.4463267,9.235641,-2.5579927,13.123348,2.8255754,0.5479289,4.838922,4.6698327,-0.3337034,-2.122755,-0.6943374,1,C1
3,gacs_animations_00_WIPV1iwz.mp4,animations,calm,-1.3673726,8.137005,-2.6078086,2.1357808,9.278438,-3.5172884,12.644902,-3.201165,-1.1093353,1.1254104,1.1188786,-0.24254997,-1.4099014,0.39585876,3,C3b
4,gacs_animations_00_WIPV1iwz.mp4,animations,calm,-9.562488,12.986663,1.7003648,5.3853283,5.2104516,4.296553,8.256755,-2.1569102,-2.2657182,-2.8900282,0.75599796,0.65164095,1.1943551,1.0800636,3,C3b
5,gacs_animations_00_WIPV1iwz.mp4,animations,amusement,-13.407574,-5.7691135,-1.5225708,9.093906,-1.3087198,-0.12641387,3.1032248,3.5109928,3.455792,-0.17998767,-2.418521,-5.2457423,-1.0521934,-0.30904615,3,C3a
6,gacs_animations_00_WIPV1iwz.mp4,animations,amusement,-15.227172,-1.7370533,-2.431566,7.694674,0.31375206,1.1456299,2.9060566,3.0631475,0.4947262,-1.734141,-3.246435,-6.392495,0.8775976,1.0049162,3,C3a
7,gacs_animations_00_WIPV1iwz.mp4,animations,amusement,-14.129771,-0.2659592,-2.5623536,7.310313,0.21814182,0.47371024,2.097813,4.57806,0.091402635,-1.8802022,-2.875283,-6.4730997,0.9553825,1.0723011,3,C3a
8,gacs_animations_00_WIPV1iwz.mp4,animations,amusement,-11.410183,2.6665118,-1.0741309,8.8305,6.5574226,3.7073092,1.5667093,3.3594067,0.6141833,0.052604318,-2.33209,-9.550538,2.947247,-0.24110986,3,C3a
9,gacs_animations_00_WIPV1iwz.mp4,animations,calm,-15.741175,7.337685,0.38745245,7.5633173,0.29039863,5.7516747,6.834958,3.5242407,-0.8298643,-4.6289387,-0.18936463,-1.8934095,-0.21822666,2.4708889,3,C3a
10,gacs_animations_00_WIPV1iwz.mp4,animations,calm,-14.306116,2.2993622,-0.40387988,6.2111454,0.7521973,1.0009906,6.7217803,1.0772632,1.3141452,-2.5469503,1.505042,1.221397,1.5294113,3.242223,3,C3a
11,gacs_animations_00_WIPV1iwz.mp4,animations,calm,-15.983182,2.7024984,-1.5428034,11.161718,-0.99753535,4.5628805,5.5914803,3.7515512,-0.40350989,-4.1895037,-0.10895508,-3.2999542,-0.55760574,2.5479848,3,C3a
12,gacs_animations_00_WIPV1iwz.mp4,animations,calm,-9.890367,6.603266,2.7111747,0.96980226,3.8442311,-1.0748125,6.855589,4.0291133,0.55337197,-1.808494,0.55287904,-3.766158,0.8207422,2.7492993,3,C3b
13,gacs_animations_00_WIPV1iwz.mp4,animations,calm,-10.964088,6.986498,2.1385827,0.07695208,2.9922988,-0.4998491,4.8378506,1.0025283,0.16178365,-0.13372381,-1.0632793,-3.3590853,-0.30032438,1.4542636,3,C3b
14,gacs_animations_00_WIPV1iwz.mp4,animations,calm,-11.382844,9.109499,2.9306436,7.012255,1.5464116,3.1787307,10.052155,2.920968,1.1056705,-2.4498053,3.487925,-0.92233324,0.49642003,3.0572016,3,C3b
0,gacs_animations_01_CWnqX41J.mp4,animations,informative,29.177046,1.3774546,17.250498,-2.0116067,3.312098,10.565475,-1.5777963,7.109124,5.7330565,1.0061985,-5.8229012,0.61252797,-0.24197446,3.013257,0,C0
1,gacs_animations_01_CWnqX41J.mp4,animations,mystery,30.11996,-4.615894,14.117888,1.297011,7.0911207,6.6787176,2.2051194,6.8947663,0.15348181,3.2245862,-2.340631,0.7156497,-0.4497329,-0.39530334,0,C0
2,gacs_animations_01_CWnqX41J.mp4,animations,chaos,29.77821,2.2717083,11.746343,1.9136959,2.223886,4.1720963,5.461558,3.3968308,2.7942014,5.0791755,-2.500109,4.0956073,-3.5523002,-3.7086842,0,C0
3,gacs_animations_01_CWnqX41J.mp4,animations,mystery,-8.085163,-5.235792,-5.1177545,0.40765744,3.2129405,-6.4624043,3.9128575,-0.923867,-0.17650026,2.1909084,-4.1659436,-2.141107,-7.1079803,-0.97662735,3,C3a
4,gacs_animations_01_CWnqX41J.mp4,animations,contemplation,-13.737071,1.5017468,-1.5794592,1.2260243,0.090643525,-1.0659357,4.325932,0.5459481,0.80892485,-3.2317219,-0.85325444,-0.8180273,-1.58166,1.021104,3,C3a
5,gacs_animations_01_CWnqX41J.mp4,animations,fear,27.831818,-3.6075842,13.536845,0.6297439,10.2662325,4.905551,0.04498791,5.6536174,1.4777595,-1.9332751,-4.2611814,3.1484473,-2.119528,-2.0295134,0,C0
6,gacs_animations_01_CWnqX41J.mp4,animations,sadness,2.6626222,13.900072,-21.664255,0.24765791,-0.9320119,-0.10087152,1.0344508,-0.59403247,0.66800684,-0.5837672,-3.3083432,-0.8202849,-0.21790624,0.20438313,1,C1
7,gacs_animations_01_CWnqX41J.mp4,animations,tension,17.3439,-0.99621075,12.34177,-3.39336,0.046292353,-5.7664146,0.6363528,-2.959356,-0.8945657,1.9271646,-6.0881085,-1.8206369,-2.180081,-2.7543166,0,C0
8,gacs_animations_01_CWnqX41J.mp4,animations,fear,32.871773,-12.109746,11.103364,5.0381465,13.7178755,7.2590055,-0.7887315,7.208518,-4.2123256,-1.9182696,-1.6640005,-1.0519656,0.004581971,-0.3992625,0,C0
9,gacs_animations_01_CWnqX41J.mp4,animations,contemplation,4.4189377,5.565682,-2.21289,-12.455231,2.340673,-5.948503,-3.0715537,1.7142055,-0.51907223,-5.848864,1.9849125,-4.2045684,-6.696786,-1.2961749,1,C1
10,gacs_animations_01_CWnqX41J.mp4,animations,mystery,9.843573,4.333019,-22.852083,5.1829433,3.1749203,-5.5935817,-0.78275394,-2.863939,-2.0750403,3.4916763,-7.960371,-2.0985482,-1.3424253,-0.40220928,1,C1
11,gacs_animations_01_CWnqX41J.mp4,animations,mystery,4.1346335,-14.048225,-6.881139,3.2553794,12.308185,-6.125778,6.6015024,-2.8682077,-4.5729976,1.8931521,-3.8494499,-4.587419,-5.514365,3.4068646,2,C2
0,gacs_animations_01_hJnAHzo4.mp4,animations,fear,28.542723,4.7330074,17.578955,11.027479,3.2655382,3.5416274,-2.8368828,-0.21379854,0.2906258,-2.0845742,-2.6790333,4.444549,0.2069789,-0.8725877,0,C0
1,gacs_animations_01_hJnAHzo4.mp4,animations,contemplation,12.794015,3.8426309,-1.5461674,-2.815309,7.1268034,-7.749157,0.5283764,-2.5834007,0.08566659,-0.684705,-5.875985,-5.2170568,-2.8003268,-0.08020645,1,C1
2,gacs_animations_01_hJnAHzo4.mp4,animations,contemplation,6.8336577,4.71868,-0.7356033,-9.687376,-1.3859847,-7.5520425,4.3646617,3.0071769,4.022253,-0.51145643,-3.2468286,-5.853721,1.9521716,-0.7427664,1,C1
3,gacs_animations_01_hJnAHzo4.mp4,animations,tension,34.19175,-8.516305,14.940395,6.509219,1.0434068,8.896961,0.21216728,-6.8528676,3.8117397,-4.014469,0.33323047,-0.6759714,-0.39303458,-2.306561,0,C0
4,gacs_animations_01_hJnAHzo4.mp4,animations,mystery,18.008173,5.1858587,-8.999574,2.214546,2.111535,-4.5880904,5.8655214,-1.0539929,2.0920675,13.862378,11.783928,-3.5174732,-8.42545,-2.9835756,1,C1
5,gacs_animations_01_hJnAHzo4.mp4,animations,joy,-14.516729,-7.1218143,-1.6902353,11.16121,-5.7144694,-0.27420634,3.1325998,0.040864237,1.9761171,-0.8132916,0.96330106,-0.29347005,-3.9926536,0.5659204,3,C3a
6,gacs_animations_01_hJnAHzo4.mp4,animations,excitement,14.336582,-31.53683,-15.302586,-16.503086,-2.3723116,11.67217,1.1486849,1.9308599,-2.2017782,-4.1368814,2.125746,0.8945873,1.8772042,-0.28981754,2,C2
7,gacs_animations_01_hJnAHzo4.mp4,animations,nature,-5.566471,-10.809606,5.942303,6.2960286,-0.62154704,-8.83972,0.14082041,3.3162515,3.438909,0.81130993,-0.1720835,-4.281257,6.778908,1.9659283,3,C3a
8,gacs_animations_01_hJnAHzo4.mp4,animations,excitement,-6.108186,-12.87496,-0.66358316,6.6713853,-0.6098311,-9.603405,-0.89690244,0.2619989,2.755686,1.2403706,-1.0698463,-1.265547,6.3079915,1.4231604,3,C3a
9,gacs_animations_01_hJnAHzo4.mp4,animations,contemplation,11.965335,-31.686804,-14.186285,-14.526022,0.047085144,9.549021,1.301604,1.1537037,-3.5180066,-3.6480482,1.7026472,-0.90413177,1.6753262,0.008613971,2,C2
10,gacs_animations_01_hJnAHzo4.mp4,animations,tension,26.09736,-0.012171788,21.409258,8.506883,1.5775084,4.6873283,-0.87330824,2.9949007,1.2730696,-1.2500056,-3.0157628,-1.2899091,1.6046345,1.2925757,0,C0
11,gacs_animations_01_hJnAHzo4.mp4,animations,calm,-15.177591,6.143935,0.0057244636,8.637041,-1.8723315,2.5742767,3.5536733,0.82047945,-1.9785782,-6.148594,2.769062,0.058703195,-1.9380466,3.0369515,3,C3a
12,gacs_animations_01_hJnAHzo4.mp4,animations,focus,-13.795332,0.67839205,0.28652096,4.2251005,0.09286132,-0.30988538,1.5748713,0.5511085,-0.1620048,-0.85984856,-0.50776416,-1.9603956,-1.9603854,0.64708126,3,C3a
13,gacs_animations_01_hJnAHzo4.mp4,animations,tension,22.851587,-27.93549,-12.163259,-18.03466,1.3964826,12.184951,-0.27088052,-0.714917,-2.070941,-3.8615634,1.1535602,-0.77872545,0.102214605,-2.6102562,2,C2
0,gacs_animations_02_lTxn2Buq.mp4,animations,mystery,26.311953,0.8927484,18.556149,9.1511755,8.448788,3.3421805,2.102904,-1.0849986,-0.09461373,0.42262504,-1.9478177,2.8134139,-4.166587,0.219376,0,C0
1,gacs_animations_02_lTxn2Buq.mp4,animations,contentment,-17.078459,-0.95350176,-0.13881232,5.294586,-3.9262433,1.2707573,2.6411614,2.67514,3.0608337,-2.8125308,-3.6818852,1.6971557,-1.8915381,1.336986,3,C3a
2,gacs_animations_02_lTxn2Buq.mp4,animations,joy,-17.11017,-3.7525752,-3.6305459,10.407159,-4.7318544,2.8816805,3.068176,1.7435738,2.6597977,-2.3631642,-2.8596592,0.2565495,-2.978074,-0.13310467,3,C3a
3,gacs_animations_02_lTxn2Buq.mp4,animations,contemplation,-3.6137178,1.905192,-9.0583725,-4.615947,0.12089813,-3.0587347,3.3146496,0.07598656,6.42834,-0.45986363,-1.5633824,-6.205083,-2.2979505,-1.859569,3,C3b
4,gacs_animations_02_lTxn2Buq.mp4,animations,mystery,27.824179,3.6966138,12.279571,4.29702,9.822898,4.0307484,2.558838,2.6557903,0.3508896,0.47085243,-6.4248223,0.9072204,-3.3107698,1.3134904,0,C0
5,gacs_animations_02_lTxn2Buq.mp4,animations,amusement,-2.346008,3.1507056,0.2098753,-3.010534,-5.718096,7.144,-5.9277244,20.67885,8.632709,-1.3011609,-3.0637355,-13.086835,-0.17588246,-3.040245,3,C3b
6,gacs_animations_02_lTxn2Buq.mp4,animations,sadness,11.820398,15.178844,-29.150614,0.615935,-4.5325146,5.6191187,-4.2133055,-1.2678856,3.8648007,1.3356589,-5.2525563,1.2536012,2.907601,-0.3961152,1,C1
7,gacs_animations_02_lTxn2Buq.mp4,animations,tension,10.641939,4.1268,2.4763076,-14.618471,-9.602249,9.1803,-7.9213796,26.009165,10.591523,0.24789494,-3.819123,-7.313931,-1.9159799,0.8923418,1,C1
8,gacs_animations_02_lTxn2Buq.mp4,animations,seriousness,4.199851,15.3624735,-2.3629541,-15.038679,-2.0380986,0.13582322,-1.7351669,5.276712,3.291507,-7.967051,2.7960722,-5.4774723,-5.0670915,-0.5053672,1,C1
9,gacs_animations_02_lTxn2Buq.mp4,animations,sadness,30.51795,5.927481,-3.6814857,8.9445305,3.3725224,7.2250867,-7.034039,-10.531533,7.81391,-0.18002683,-1.8293262,-7.5493736,-0.591458,-1.2426226,0,C0
10,gacs_animations_02_lTxn2Buq.mp4,animations,tension,14.6368885,7.2089524,8.311284,-6.265249,-3.9843266,-4.2299857,-1.6802393,-2.4503686,4.254906,-0.46055365,-4.4823003,-8.2457,-0.9862339,-1.9166794,0,C0
11,gacs_animations_02_lTxn2Buq.mp4,animations,chaos,10.83819,-26.049124,-11.54537,-11.268194,2.2347956,2.5397823,1.1641533,-1.292304,-1.0267615,-1.8208723,0.2807564,-2.1550498,-0.47037566,-4.1220937,2,C2
12,gacs_animations_02_lTxn2Buq.mp4,animations,excitement,-9.4277935,-11.254142,-1.7862153,-0.5321283,-3.2201886,-5.217013,1.4750291,0.6720148,6.354214,0.004269988,-3.144744,-1.0324624,1.619322,1.8354723,3,C3a
13,gacs_animations_02_lTxn2Buq.mp4,animations,excitement,14.7923155,-4.8523264,3.1621346,-9.986995,-11.602733,-5.0160403,4.33448,-5.9305315,6.706055,1.0345534,-2.9720445,-0.0153353205,0.33476394,-2.4866993,0,C0
14,gacs_animations_02_lTxn2Buq.mp4,animations,joy,-8.484079,-5.7489123,-9.529542,4.5318246,-3.0212586,-0.49319208,1.3164619,2.0280418,7.345576,3.3397686,0.9296596,-6.4587526,-4.0449147,-3.9242802,3,C3a
15,gacs_animations_02_lTxn2Buq.mp4,animations,calm,-4.71113,10.590992,4.125104,-6.430588,1.321423,-1.0669397,10.849877,-0.8558394,2.8909006,-3.2651262,0.36120233,3.5401495,-0.42256296,1.0662192,3,C3b
0,gacs_animations_02_qLGNj-xr.mp4,animations,neutral,-0.73491573,9.571006,-3.6479397,-10.338416,0.07058084,-5.263431,-0.51710385,-2.0341754,3.0341012,-5.207028,3.9118986,0.6213027,-4.2881656,-1.6491302,3,C3b
1,gacs_animations_02_qLGNj-xr.mp4,animations,vulnerability,12.12892,-0.5770392,-0.7929523,-12.37032,-32.669014,2.7837424,9.843051,-2.7256842,-2.4458966,3.9898443,-8.397287,-8.42134,-4.577612,3.600669,1,C1
2,gacs_animations_02_qLGNj-xr.mp4,animations,neutral,-11.528458,-0.573148,1.0379851,1.8075827,-0.53939146,-1.8817024,4.437762,-2.617416,4.990712,-0.28203106,-0.013502325,-1.0029281,-1.5331619,-0.3202836,3,C3a
3,gacs_animations_02_qLGNj-xr.mp4,animations,neutral,-9.643523,5.44899,4.927621,-1.5424786,0.65390885,-0.8550952,6.156793,-0.32314333,5.2221813,-1.4590604,0.7481404,0.27466196,-1.7129381,0.7067021,3,C3b
4,gacs_animations_02_qLGNj-xr.mp4,animations,neutral,-8.674846,6.430114,4.089258,-3.690864,1.5677646,-2.5396547,6.819371,-1.0889686,4.1745143,-0.0064111734,1.350131,0.84770024,-1.4364078,1.4866037,3,C3b
5,gacs_animations_02_qLGNj-xr.mp4,animations,amusement,-12.885698,-8.031382,2.060362,0.0999665,-4.370622,0.5735507,-2.7393003,6.7125144,1.7713895,0.15379898,-4.6757197,-6.6051536,-3.248796,-2.0042155,3,C3a
6,gacs_animations_02_qLGNj-xr.mp4,animations,urban,-10.793935,6.959442,4.829144,-5.175287,1.2500738,0.57937664,-1.3226595,0.7896087,1.396653,-0.12349777,-0.96646905,-0.61614096,-0.17581151,0.4502742,3,C3b
7,gacs_animations_02_qLGNj-xr.mp4,animations,vulnerability,15.19286,12.825714,-23.612358,2.8739345,-3.9295244,2.2619514,-6.9004745,-4.03038,0.06061504,2.410121,-3.3830814,-1.3392415,1.6012506,-0.96047366,1,C1
8,gacs_animations_02_qLGNj-xr.mp4,animations,urban,-8.218672,5.679673,4.827983,-5.41863,-0.85821146,1.3592424,-2.982265,5.733614,3.8974319,1.2991465,-1.2629235,-4.6620393,-2.6762712,0.15534364,3,C3b
9,gacs_animations_02_qLGNj-xr.mp4,animations,vulnerability,-7.2033067,-3.2150273,2.9679785,2.073859,-1.7324892,-5.2132177,-3.9563913,3.7973566,2.0818062,-0.4484596,-4.115734,-7.97607,-0.5213668,-0.78137815,3,C3b
10,gacs_animations_02_qLGNj-xr.mp4,animations,contemplation,18.030493,-29.598875,-15.882587,-20.548618,-1.2579671,13.4348755,0.36393198,3.4565902,-1.3102895,-3.2288923,2.0405548,2.189918,1.8724095,1.0165708,2,C2
11,gacs_animations_02_qLGNj-xr.mp4,animations,seriousness,0.44334877,8.390773,-1.7747842,-12.645703,3.4728515,-5.5005927,-3.4021242,1.7305099,3.8458164,-7.7677827,3.9319124,-3.1248586,-3.3234417,4.67167,3,C3b
12,gacs_animations_02_qLGNj-xr.mp4,animations,tension,-16.10755,-1.5242122,-1.3279908,6.5063667,-4.078085,-0.91923857,2.8156354,-0.31734803,1.7768239,-1.7981035,-3.1410084,-0.6131746,-1.3701918,0.78905034,3,C3a
13,gacs_animations_02_qLGNj-xr.mp4,animations,joy,-13.198651,-6.630021,-4.350218,8.080454,-4.1196404,1.3615856,2.885774,3.8853235,3.9351187,-1.6618699,-2.3259454,-3.1415293,-3.0606086,-2.1593764,3,C3a
14,gacs_animations_02_qLGNj-xr.mp4,animations,contemplation,5.432489,6.252702,-2.0372882,-10.809344,-0.38936338,-5.6593733,2.4404495,4.2498937,7.01027,-0.31787255,-2.3599682,-6.1584907,-3.6149352,1.5857923,1,C1
15,gacs_animations_02_qLGNj-xr.mp4,animations,calm,-15.110046,-4.5116506,-1.2116889,7.9816375,-3.3196733,-0.64342296,2.4727907,1.1661403,3.917716,-0.7898431,0.9408555,0.49353468,-3.8828216,0.76011616,3,C3a
0,gacs_emotional_shorts_00_44buVmzh.mp4,emotional_shorts,excitement,-8.812654,-13.027884,-2.1305401,-1.3075641,2.6710615,-1.8637918,-3.6157033,-5.412515,5.114998,4.5977616,-1.5873454,3.8156123,3.2433844,-0.61015785,3,C3a
1,gacs_emotional_shorts_00_44buVmzh.mp4,emotional_shorts,joy,-15.064688,-6.0605617,-2.5388837,8.043787,-1.7752286,2.46014,-0.67478204,-0.77278024,2.1829782,-0.05562267,-0.63836026,1.835081,-0.7001283,-0.5794385,3,C3a
2,gacs_emotional_shorts_00_44buVmzh.mp4,emotional_shorts,contentment,-12.211542,4.903568,6.8300195,-5.138607,3.3156686,5.1883793,-1.9367586,3.92401,2.0132775,1.1878003,-2.5560787,-2.614071,3.6055222,-1.1424615,3,C3b
3,gacs_emotional_shorts_00_44buVmzh.mp4,emotional_shorts,excitement,-11.209105,-11.491088,0.57749814,3.1484663,-0.16241933,-0.5417498,-2.883329,-2.919369,4.4175735,2.0819426,-0.8927427,2.2311213,2.8769746,-0.22584404,3,C3a
4,gacs_emotional_shorts_00_44buVmzh.mp4,emotional_shorts,informative,-12.297391,-10.794879,0.7221385,3.1435988,-1.5605779,-1.414786,-2.3081813,-2.24117,4.4107866,2.13129,-0.81384134,2.9428298,1.6283637,0.57226706,3,C3a
5,gacs_emotional_shorts_00_44buVmzh.mp4,emotional_shorts,excitement,-8.840861,-7.3424044,4.4887023,-4.745077,2.9918747,0.6864919,-6.627921,-3.037337,2.22389,6.158514,-0.97170156,0.76061904,3.5360181,-0.97001517,3,C3a
6,gacs_emotional_shorts_00_44buVmzh.mp4,emotional_shorts,informative,-11.625105,1.8333493,4.5365314,-6.118674,1.5943475,2.4985733,-5.7623873,1.379831,2.5819573,3.8767052,-1.6245879,1.8705766,0.16816603,-0.45832843,3,C3b
7,gacs_emotional_shorts_00_44buVmzh.mp4,emotional_shorts,informative,-14.532156,-2.968793,-1.7256407,3.3088155,-0.03921444,0.552368,-1.2378309,-1.3557436,3.333456,-0.6206457,-1.0735592,2.667351,-0.44337535,-0.70716333,3,C3a
8,gacs_emotional_shorts_00_44buVmzh.mp4,emotional_shorts,focus,-8.923042,-9.742606,-0.32503787,-4.063788,-0.27169964,-3.3885689,-1.7496288,-4.0483217,7.7688212,2.2718062,1.7106086,4.602493,0.14272147,0.2488371,3,C3a
9,gacs_emotional_shorts_00_44buVmzh.mp4,emotional_shorts,contentment,-14.567087,-0.6930237,0.703965,2.7660851,-0.68841594,0.28028908,-0.89946866,-1.3265916,2.7000165,-0.36908332,-1.9562355,1.7419082,1.2517512,0.5982713,3,C3a
10,gacs_emotional_shorts_00_44buVmzh.mp4,emotional_shorts,hope,-9.1948,-7.873641,4.1221256,-1.4211686,2.1474004,-0.36273846,-5.9112663,-3.0190213,5.113196,4.492881,-0.7485691,1.364431,3.004196,0.17044666,3,C3a
11,gacs_emotional_shorts_00_44buVmzh.mp4,emotional_shorts,focus,-3.5171678,-6.3663116,3.6542,-9.524641,1.8282957,-2.7541726,-2.629844,-6.705531,7.737901,4.4498053,-0.617465,2.5967875,2.105365,0.5011008,3,C3b
12,gacs_emotional_shorts_00_44buVmzh.mp4,emotional_shorts,joy,-15.659011,-3.927569,-2.9376085,9.883282,-3.2326696,2.7767456,0.6015373,-0.36177915,1.3680968,-1.7550747,-1.4823616,2.1633773,-0.9078714,-0.19883764,3,C3a
13,gacs_emotional_shorts_00_44buVmzh.mp4,emotional_shorts,focus,-8.564834,-1.8483782,4.6517653,-9.548015,1.910405,-0.05713655,-4.8865824,-5.7048483,4.4762444,5.186037,-1.4422913,3.216025,0.69573647,0.97904354,3,C3b
14,gacs_emotional_shorts_00_44buVmzh.mp4,emotional_shorts,excitement,-11.314759,-7.217398,2.7572217,1.1201398,0.54785675,1.5460235,-4.333933,-3.6862662,3.4297187,2.7664998,-0.38121647,1.1461182,2.4662352,-0.8866447,3,C3a
0,gacs_emotional_shorts_00_WAmw-erI.mp4,emotional_shorts,mystery,8.76623,-10.862923,-4.970118,-8.509452,1.2577133,-5.056903,2.8805416,4.4310994,-2.7867544,5.348763,-4.484775,-0.74249625,-7.6010513,0.33656386,2,C2
1,gacs_emotional_shorts_00_WAmw-erI.mp4,emotional_shorts,neutral,-9.083557,10.305489,6.191454,-6.4989457,3.7219217,3.0298793,0.77681357,-5.0152197,-3.6264758,1.6443632,-0.9003415,0.13539185,0.6739028,-2.2184186,3,C3b
2,gacs_emotional_shorts_00_WAmw-erI.mp4,emotional_shorts,calm,-12.345567,10.535124,2.0628357,0.03974269,2.9086695,6.137571,5.682254,1.2484668,0.39860457,-3.6282115,-1.898513,-2.5974216,4.2408123,-4.6735454,3,C3b
3,gacs_emotional_shorts_00_WAmw-erI.mp4,emotional_shorts,calm,-10.8582,7.783404,6.8308263,-8.517005,1.0514938,3.4278781,-0.8557552,-3.571225,-4.1078024,3.717106,-1.2850852,0.58243537,0.88869625,-0.22090827,3,C3b
4,gacs_emotional_shorts_00_WAmw-erI.mp4,emotional_shorts,seriousness,-6.566184,6.6979213,7.605312,-13.104983,-4.3227725,-0.44796208,-5.5605054,-7.033612,-1.6537625,-3.6694424,1.6058905,-0.30851486,-5.5184283,3.0661986,3,C3b
5,gacs_emotional_shorts_00_WAmw-erI.mp4,emotional_shorts,contemplation,14.549496,-28.142017,-15.4359,-21.102022,0.8248308,10.31958,1.2002335,0.08957528,-3.4762528,-2.7102966,2.4888098,1.0832752,2.4010777,-1.7020252,2,C2
6,gacs_emotional_shorts_00_WAmw-erI.mp4,emotional_shorts,contemplation,-5.8650045,11.201509,6.163867,-10.791657,2.189592,1.876494,0.44470808,-2.2662444,-3.7922833,1.1560211,-0.45036757,-1.7586818,0.30345443,-0.254452,3,C3b
7,gacs_emotional_shorts_00_WAmw-erI.mp4,emotional_shorts,contemplation,-11.533936,7.6729937,4.430457,-5.779695,0.72847587,3.0459945,2.5507004,-2.1576314,-4.8213,0.91058344,-0.85508,-0.22014315,1.537498,-0.43229654,3,C3b
8,gacs_emotional_shorts_00_WAmw-erI.mp4,emotional_shorts,contentment,-16.392382,5.782268,1.3690771,3.972435,-2.5514364,5.008501,4.1334066,0.38493302,-2.3258991,-3.1457653,-1.9532531,1.103665,-0.6458461,-0.21294299,3,C3a
9,gacs_emotional_shorts_00_WAmw-erI.mp4,emotional_shorts,seriousness,-8.016817,9.726605,6.9217925,-12.0710745,-0.6879864,2.313513,-3.3208237,-1.160792,-4.7670226,-2.3251615,2.3731098,-1.809654,-0.8028292,2.2090616,3,C3b
10,gacs_emotional_shorts_00_WAmw-erI.mp4,emotional_shorts,contemplation,-0.15700385,7.628033,-1.146918,-8.759094,1.1493666,-2.8905895,-0.3414129,-3.2270143,1.0726923,-7.7907186,3.079398,-3.6898487,-3.4623067,2.2182367,3,C3b
11,gacs_emotional_shorts_00_WAmw-erI.mp4,emotional_shorts,contemplation,15.375706,-28.18576,-17.655878,-20.992357,-0.063864455,11.871106,0.9371086,1.4264882,-2.9064562,-3.1321487,2.891914,1.5685589,1.7192868,-1.3986095,2,C2
12,gacs_emotional_shorts_00_WAmw-erI.mp4,emotional_shorts,poignance,-13.113011,-1.200998,0.5222553,-2.2162545,-1.6690238,-0.5493024,-1.2651976,0.8694742,2.4359283,-0.7755401,-2.468212,-1.0429443,-1.0151058,1.2550101,3,C3a
13,gacs_emotional_shorts_00_WAmw-erI.mp4,emotional_shorts,calm,-9.113321,9.398706,2.4103804,-5.499672,2.7059622,1.4994353,3.2897792,-2.659387,-2.8187418,-0.8429323,0.5583811,-0.0014370542,-0.11981349,-2.2986848,3,C3b
14,gacs_emotional_shorts_00_WAmw-erI.mp4,emotional_shorts,calm,-10.290741,8.763468,5.479857,-6.3754206,1.1149548,4.099756,2.425373,-1.5972447,-5.533636,0.20883405,0.010148823,-0.76344556,0.3351011,-0.7942452,3,C3b
0,gacs_emotional_shorts_01_Jzt3pQmF.mp4,emotional_shorts,warmth,-17.088295,-2.5306144,2.434948,0.2747056,-1.2092,3.2947266,-4.984603,0.3199944,-1.8477428,1.1174299,-0.6510285,2.0445662,-0.07173515,0.99934655,3,C3a
1,gacs_emotional_shorts_01_Jzt3pQmF.mp4,emotional_shorts,poignance,-16.443584,-3.6949773,5.968182,-0.5850192,-1.9578385,4.7007723,-3.542425,0.78412074,-1.2217258,2.0142748,-0.13916272,0.10672648,-0.9006433,1.7232045,3,C3a
2,gacs_emotional_shorts_01_Jzt3pQmF.mp4,emotional_shorts,poignance,-17.126926,-6.2524767,4.0018754,1.6790786,-2.4797547,3.6205173,-5.0415826,2.2813358,-0.78864443,1.7890487,0.68661445,0.78578454,-1.1562153,1.1559906,3,C3a
0,gacs_emotional_shorts_01_LIed92r8.mp4,emotional_shorts,contemplation,-6.4623957,9.563845,-4.2700434,-0.21344045,7.6236715,-2.8538184,6.2630444,-0.102383696,0.19910422,-1.9669565,-0.108928494,0.4165032,5.1220117,2.4641666,3,C3b
1,gacs_emotional_shorts_01_LIed92r8.mp4,emotional_shorts,calm,-8.995315,8.747835,8.434086,-12.383312,2.8755646,2.3779507,-1.4345676,-1.6686846,0.5952862,2.2374656,-1.6944772,1.8732281,0.3792352,-1.3635563,3,C3b
2,gacs_emotional_shorts_01_LIed92r8.mp4,emotional_shorts,warmth,-13.834392,4.7361693,1.757722,5.3028946,1.3635541,1.0125453,2.3661802,2.9694347,1.3182286,-2.716076,-2.1639977,0.010720863,1.9939723,-0.078303255,3,C3a
3,gacs_emotional_shorts_01_LIed92r8.mp4,emotional_shorts,sadness,8.3293495,5.8094487,-0.5608508,9.730292,3.9001834,4.8500714,1.2744398,-18.124792,-1.2591908,-1.8733878,-0.7091444,-4.692215,-2.074931,-2.1353579,1,C1
4,gacs_emotional_shorts_01_LIed92r8.mp4,emotional_shorts,tension,22.005209,5.497933,-19.043987,4.215466,4.658416,-4.7196293,-1.9150007,-1.6455415,-4.4689655,3.2079554,-3.6092165,0.16164026,-3.081267,-6.236039,1,C1
5,gacs_emotional_shorts_01_LIed92r8.mp4,emotional_shorts,contemplation,14.239866,11.776521,-9.956857,-10.6690855,1.4587303,-0.84394324,7.301189,10.521764,5.4309916,0.4220158,5.3160625,-0.6846174,2.4644005,1.2803825,1,C1
6,gacs_emotional_shorts_01_LIed92r8.mp4,emotional_shorts,contemplation,-5.3415723,8.026096,9.144718,-9.803987,2.547049,0.85116667,-5.497141,-2.745559,-5.046466,-1.4030185,2.1556408,-3.8397946,0.47039285,3.445861,3,C3b
7,gacs_emotional_shorts_01_LIed92r8.mp4,emotional_shorts,focus,7.0952644,8.2181425,0.632522,-11.001943,2.3173094,-8.255458,3.6530616,1.3398032,3.8156583,-1.4781982,-3.0529232,-1.2373759,4.073013,1.1825362,1,C1
8,gacs_emotional_shorts_01_LIed92r8.mp4,emotional_shorts,sadness,15.762917,15.849183,-30.290855,-1.830548,-6.480111,7.1448245,0.32089564,1.8497552,4.381437,1.9201878,-1.0143336,0.56599706,4.0210805,1.6728051,1,C1
9,gacs_emotional_shorts_01_LIed92r8.mp4,emotional_shorts,sadness,12.216146,17.199759,-27.859388,2.7188864,-2.4659166,4.810284,0.39759353,1.1813128,2.4371324,1.8865603,-1.4498396,0.35965693,2.0907884,1.0998389,1,C1
10,gacs_emotional_shorts_01_LIed92r8.mp4,emotional_shorts,calm,-13.838989,8.279123,8.704084,-1.7699488,-1.0960796,6.5794272,3.5151753,0.41805685,-4.103238,0.68343425,-0.051213782,0.027305843,-0.21407253,0.5076989,3,C3b
11,gacs_emotional_shorts_01_LIed92r8.mp4,emotional_shorts,romance,11.882591,-28.519608,-16.399237,-18.84221,0.6990294,9.447723,-1.2404939,0.23739444,-2.8189247,-2.818959,2.157586,1.7046213,2.1704051,-1.6736883,2,C2
12,gacs_emotional_shorts_01_LIed92r8.mp4,emotional_shorts,tension,28.174744,4.7579274,8.220517,-5.809985,-5.0704746,5.4123454,2.052371,6.3037252,10.424591,9.164776,8.4243965,-8.0440855,-2.604141,-1.0278369,0,C0
13,gacs_emotional_shorts_01_LIed92r8.mp4,emotional_shorts,sadness,28.847486,13.944873,-10.671436,14.055126,0.85499984,9.721327,-4.2487626,-5.8751974,3.8474138,-2.1831257,-0.16459697,-0.9177532,2.0644279,2.2107635,1,C1
14,gacs_emotional_shorts_01_LIed92r8.mp4,emotional_shorts,contemplation,-5.2557364,9.316961,8.559891,-9.822921,2.6875825,-0.32573965,0.28687453,-5.595396,-3.8423347,1.115214,-1.7647855,-3.27725,1.817737,2.8642414,3,C3b
0,gacs_emotional_shorts_02_DZQtVmKM.mp4,emotional_shorts,tension,-6.2427735,3.015144,11.876993,-7.8823667,0.098767936,-0.90819925,-2.291995,-4.161883,-0.53683466,2.763043,1.3434509,-0.53006166,0.9616742,0.9389008,3,C3b
1,gacs_emotional_shorts_02_DZQtVmKM.mp4,emotional_shorts,warmth,-14.220509,-2.3116074,-2.1018994,3.1993382,2.8050122,2.325467,-4.7353506,0.9013047,0.8276788,2.5167673,0.8020471,1.8571879,0.045608245,-0.63724023,3,C3a
2,gacs_emotional_shorts_02_DZQtVmKM.mp4,emotional_shorts,warmth,-13.110236,0.37179717,2.6958444,-1.6687003,3.917492,1.3415958,-6.535161,-0.78692895,-1.1949036,4.1897717,-0.67506015,2.1192582,2.1715138,-0.10072749,3,C3a
3,gacs_emotional_shorts_02_DZQtVmKM.mp4,emotional_shorts,neutral,-6.16006,9.583882,8.352046,-11.407228,6.2877154,6.1472673,-10.274398,10.386819,1.0152977,3.202203,0.20993868,-4.144517,1.6465523,0.24866618,3,C3b
4,gacs_emotional_shorts_02_DZQtVmKM.mp4,emotional_shorts,calm,-10.154193,8.01288,4.958541,-2.8317192,3.1467197,3.7731009,-2.0458727,-5.249303,-1.8352048,3.8963335,-0.1377046,-0.43692768,-0.99328595,0.054950204,3,C3b
5,gacs_emotional_shorts_02_DZQtVmKM.mp4,emotional_shorts,neutral,-8.389904,6.7619796,5.1494923,-9.803596,5.602997,3.629403,-3.9163268,2.8673573,-2.1675262,4.332999,-1.4636734,-1.2794669,1.237194,0.42156136,3,C3b
6,gacs_emotional_shorts_02_DZQtVmKM.mp4,emotional_shorts,excitement,-14.507848,-4.3579936,-1.864865,3.5699694,-0.9320997,1.6692201,2.9271626,-0.49652478,1.4050066,0.07548062,-0.7162143,-1.4414022,0.58868027,-2.9224389,3,C3a
0,gacs_emotional_shorts_02_VpkiVRxH.mp4,emotional_shorts,poignance,14.083697,8.024033,-4.952351,7.664241,1.75835,0.52282596,-10.640374,-10.109375,-0.023897026,-0.664898,0.239257,-3.959598,1.7361307,-3.830562,1,C1
1,gacs_emotional_shorts_02_VpkiVRxH.mp4,emotional_shorts,contemplation,-0.22304134,12.611831,0.80324,-10.802159,3.298544,-1.7560861,2.2315614,-4.402108,0.3615362,-5.4319205,3.3631551,-0.93531156,-2.3836453,3.8032126,3,C3b
2,gacs_emotional_shorts_02_VpkiVRxH.mp4,emotional_shorts,warmth,-16.375893,-0.9878849,-0.30058894,2.50233,0.41492745,2.2796144,-3.3569424,-2.0106032,-1.3785967,3.923821,-1.1171013,2.832669,-1.2247955,1.0443182,3,C3a
3,gacs_emotional_shorts_02_VpkiVRxH.mp4,emotional_shorts,warmth,-13.672144,2.2057793,1.6811152,-0.54194885,3.0716782,-0.756979,-2.5997028,4.102422,1.2657945,-0.8031143,-1.4015739,1.3777052,2.9681132,-0.53040415,3,C3a
4,gacs_emotional_shorts_02_VpkiVRxH.mp4,emotional_shorts,warmth,-15.425371,-3.1706128,-1.7709397,8.018599,0.24306332,1.2146591,-1.2757853,5.662928,1.9906775,-0.7244836,-1.0210344,0.49600264,0.80192393,-0.54024774,3,C3a
5,gacs_emotional_shorts_02_VpkiVRxH.mp4,emotional_shorts,warmth,-9.951528,8.486291,6.850477,-9.515839,1.1868019,3.5529156,-7.314826,3.9387093,-2.7216668,5.069857,-2.7141027,-0.25046575,1.7764403,-2.922338,3,C3b
0,gacs_movie_trailers_00_mqqft2x_.mp4,movie_trailers,darkness,17.830124,16.629684,-12.128122,5.8127975,-2.91619,-3.731304,-5.5680337,6.701175,-2.4519432,1.7665964,-1.341002,2.70298,-2.0439475,-5.440335,1,C1
1,gacs_movie_trailers_00_mqqft2x_.mp4,movie_trailers,tension,10.44392,4.1366224,-2.4174643,3.6588666,2.38233,-14.71589,-3.346373,1.0779201,-8.522358,-4.617859,3.097847,-1.5787573,-2.6882436,-4.389798,1,C1
2,gacs_movie_trailers_00_mqqft2x_.mp4,movie_trailers,tension,22.227312,-3.6003578,17.143486,-2.1212234,-32.51141,5.203449,9.68858,-1.2998505,-9.5797415,-0.6892668,-5.2924705,2.5583563,-2.8301337,4.9428706,0,C0
0,gacs_movie_trailers_00_UDfjsSqC.mp4,movie_trailers,chaos,29.03093,0.11542182,13.194459,4.5573187,-14.828046,0.028016083,5.7640615,7.692073,1.3982809,2.158118,3.7103167,5.5888376,2.0347486,-2.4275658,0,C0
1,gacs_movie_trailers_00_UDfjsSqC.mp4,movie_trailers,seriousness,-6.001746,-0.5639414,3.6747105,-4.537333,-0.23683344,-4.88019,-4.1886816,1.7328962,4.1367006,-5.0211186,3.2784498,1.1872659,-5.2835994,3.6087677,3,C3b
2,gacs_movie_trailers_00_UDfjsSqC.mp4,movie_trailers,tension,27.177698,6.3420625,6.2498693,7.4734693,5.0871015,-3.3878345,-5.937157,4.4743795,-5.470661,-1.836768,-0.62123615,4.9256234,-4.11922,-4.624549,0,C0
0,gacs_movie_trailers_01_fsQgc9pC.mp4,movie_trailers,tension,22.720957,-5.0593853,18.170752,10.676256,5.3773093,-2.6227176,-0.6522779,-2.8010573,0.6333577,-3.0059023,-0.68164957,-0.27931285,5.38497,1.5508583,0,C0
1,gacs_movie_trailers_01_fsQgc9pC.mp4,movie_trailers,wonder,12.179864,-28.786373,-12.455914,-7.209307,3.391181,1.6575575,2.5819397,0.64644426,-5.1207476,-0.49808788,1.3352721,1.2864951,-0.5409159,4.076631,2,C2
2,gacs_movie_trailers_01_fsQgc9pC.mp4,movie_trailers,fear,33.44788,-7.3747168,18.426964,8.252931,-0.89378375,5.419742,2.732474,-3.2552872,0.9110866,-2.136713,1.6509504,5.6762123,1.5997885,-1.0021641,0,C0
3,gacs_movie_trailers_01_fsQgc9pC.mp4,movie_trailers,tension,11.827932,-0.04746722,3.530814,-8.014633,-1.4882749,-13.967735,-4.838056,-2.7293928,-3.6282156,-4.2149963,-0.8137982,-0.4727636,-2.2208602,-3.2954566,0,C0
4,gacs_movie_trailers_01_fsQgc9pC.mp4,movie_trailers,tension,12.108555,7.164469,-6.8384924,1.7327008,-27.518787,-4.2248454,2.10092,-3.3032353,-5.1448455,-2.0060036,2.7778618,-3.3350396,-0.012233961,0.009303568,1,C1
5,gacs_movie_trailers_01_fsQgc9pC.mp4,movie_trailers,seriousness,10.311979,1.0100216,11.293856,-9.902043,-28.36688,-4.6880717,4.530115,-3.3009472,-6.2841616,-0.46574795,-0.25337878,-1.5792878,-1.9291145,2.8918977,0,C0
6,gacs_movie_trailers_01_fsQgc9pC.mp4,movie_trailers,tension,33.337833,-19.478024,11.631524,2.9504397,2.547712,8.925576,1.6441053,5.2343593,-3.7454102,-1.8215535,3.3791919,6.7501874,1.3103546,-2.1254745,0,C0
7,gacs_movie_trailers_01_fsQgc9pC.mp4,movie_trailers,chaos,29.462942,-3.7379725,21.958391,11.589203,2.0277922,5.7095013,2.4148192,-0.009086994,2.0624838,-2.0904152,-0.071544304,5.841269,2.6596706,-0.007675129,0,C0
8,gacs_movie_trailers_01_fsQgc9pC.mp4,movie_trailers,tension,15.6536255,-1.9640007,6.452869,-7.8269267,-10.570265,-10.086365,-0.4914352,-2.123418,1.4287031,-2.2883332,2.0150635,-0.9196493,2.5841894,0.62643987,0,C0
9,gacs_movie_trailers_01_fsQgc9pC.mp4,movie_trailers,tension,2.6833777,1.6686848,9.877056,-0.6481357,-4.132866,-9.865085,-6.6967998,5.524588,-3.0117922,-4.763473,6.350607,-0.27657402,3.3936856,2.0261924,3,C3b
10,gacs_movie_trailers_01_fsQgc9pC.mp4,movie_trailers,tension,13.573164,7.785621,2.5060482,-0.73221743,-4.235127,-8.378098,-7.506362,12.653789,-2.8088603,-0.34614357,-2.4538376,1.9443411,-0.021043953,-5.879633,1,C1
0,gacs_movie_trailers_01_n9xhJrPX.mp4,movie_trailers,wonder,8.175622,-23.956917,-13.405575,-1.3018795,7.648932,-2.0883825,2.7437181,-0.78350794,-4.7192817,1.463294,-1.0224936,-2.5141268,1.0929675,5.732603,2,C2
1,gacs_movie_trailers_01_n9xhJrPX.mp4,movie_trailers,seriousness,14.730492,15.32957,-25.95859,2.4827492,-7.1647553,-0.34767252,-2.0760996,-1.3222989,-0.30733284,-3.8934803,3.6719828,-0.23841853,0.6405988,-0.0389276,1,C1
2,gacs_movie_trailers_01_n9xhJrPX.mp4,movie_trailers,hope,-1.26425,-3.9601035,2.0278275,-4.555945,0.41809162,-11.71671,-4.0902047,-0.040141374,1.5788618,-2.754708,0.033165786,2.5559695,2.2276504,5.791786,3,C3b
3,gacs_movie_trailers_01_n9xhJrPX.mp4,movie_trailers,darkness,27.84176,0.24735759,15.251968,8.836374,5.6040587,-2.518547,-1.8797399,6.4141135,-4.5006065,0.51148564,-0.9219344,4.144069,-2.5359387,-2.8470376,0,C0
4,gacs_movie_trailers_01_n9xhJrPX.mp4,movie_trailers,darkness,32.160625,1.1971024,14.051282,10.330551,5.715714,2.6594574,1.3181409,3.5645614,0.6877677,1.0020083,6.1703377,3.9379253,0.14509541,-0.035105802,0,C0
5,gacs_movie_trailers_01_n9xhJrPX.mp4,movie_trailers,tension,27.524286,-1.509093,20.143484,6.5589094,0.5628179,0.37431493,1.9184583,0.9150225,-0.021724408,-1.7682619,-1.354602,3.9940953,3.8133001,2.1485386,0,C0
0,gacs_movie_trailers_02_nb_fFj_0.mp4,movie_trailers,adventure,-2.4840627,-16.30863,-4.522081,7.1859775,4.814197,-8.5373125,1.7145188,-2.4298391,-0.86347115,1.0491288,-1.6997473,-0.23297538,0.36677396,3.1571372,3,C3a
1,gacs_movie_trailers_02_nb_fFj_0.mp4,movie_trailers,calm,0.7504958,3.8104792,-2.3566833,6.237138,9.627237,-6.1903567,5.2898374,0.33738804,-1.7273356,1.1280307,-0.02099561,-1.2296022,-1.3752266,1.6761857,3,C3b
2,gacs_movie_trailers_02_nb_fFj_0.mp4,movie_trailers,wonder,6.708965,-18.462523,-9.957378,4.0442777,12.011976,-4.925252,5.2742343,-2.6434774,-5.488624,2.1971262,0.2530494,-1.9247917,-2.5772717,5.2050877,2,C2
3,gacs_movie_trailers_02_nb_fFj_0.mp4,movie_trailers,tension,17.075502,8.896274,4.3118596,5.7543154,5.5997777,-7.8349786,-5.3175325,3.1291752,-3.97159,-5.451824,-1.8253788,1.3261776,-2.865715,-2.2297776,0,C0
4,gacs_movie_trailers_02_nb_fFj_0.mp4,movie_trailers,tension,10.16501,13.259602,-26.658283,6.606634,-7.4795933,0.7959897,-3.3635395,-5.8255076,0.36340123,-1.1526619,-4.370714,-0.84090036,1.9980012,-1.7838662,1,C1
5,gacs_movie_trailers_02_nb_fFj_0.mp4,movie_trailers,darkness,15.430157,10.038201,-19.466982,5.797386,2.5301924,-7.9471016,-3.0530245,1.4866321,-4.080516,1.1031255,-5.387551,1.6759125,-1.9703884,-2.731014,1,C1
6,gacs_movie_trailers_02_nb_fFj_0.mp4,movie_trailers,tension,2.2270834,-11.103123,6.4249187,0.98673904,-3.0332584,-10.980162,-1.9766334,-0.7603749,2.9033568,0.30228278,0.210071,-0.37535062,7.907951,0.37322795,3,C3b
7,gacs_movie_trailers_02_nb_fFj_0.mp4,movie_trailers,wonder,-3.480538,-18.816536,-6.309798,5.114513,5.119202,-6.218037,2.935492,-1.1925482,-0.7368089,0.5407409,-3.6893997,-2.1634412,0.12477642,4.203699,2,C2
8,gacs_movie_trailers_02_nb_fFj_0.mp4,movie_trailers,mystery,25.297916,-17.547367,9.499624,8.70636,14.489154,2.1950967,1.3776861,0.46180883,-4.5958776,0.23840311,-4.37182,0.33406544,-1.1224899,4.0895853,0,C0
0,gacs_movie_trailers_02_uYPbbksJ.mp4,movie_trailers,mystery,17.053322,6.7478547,-25.893452,-0.47396645,-1.6045125,-2.4100099,-2.367031,-3.3625357,-0.48620135,2.2735782,-3.4128668,1.0269669,-0.86837584,-3.7074983,1,C1
1,gacs_movie_trailers_02_uYPbbksJ.mp4,movie_trailers,mystery,13.362636,6.537752,-10.301673,5.0712013,15.830317,-1.8366102,7.271863,-1.7382449,-1.1194983,4.7539325,3.8515177,-3.4477913,-0.2743859,5.1583376,1,C1
2,gacs_movie_trailers_02_uYPbbksJ.mp4,movie_trailers,loneliness,-2.8428605,8.0771475,-2.1447945,5.0298586,3.1373956,-5.739936,6.6418543,0.4092458,-3.072296,1.5932653,4.846109,1.7661432,5.5836973,4.256186,3,C3b
3,gacs_movie_trailers_02_uYPbbksJ.mp4,movie_trailers,tension,13.981152,0.69083923,0.1345303,-0.38490877,3.4836254,-12.85686,-5.1833754,6.058531,-4.843435,-1.6264932,-0.317431,2.6827443,-0.42164072,-5.632415,1,C1
4,gacs_movie_trailers_02_uYPbbksJ.mp4,movie_trailers,contemplation,-7.804378,7.0039163,1.971802,-5.4248624,3.8267,-5.190059,-1.5369878,-0.57828677,-1.8213661,-4.2057266,3.5621512,-1.3284163,2.4568377,1.4120849,3,C3b
5,gacs_movie_trailers_02_uYPbbksJ.mp4,movie_trailers,loneliness,4.169603,-4.65707,-1.3216698,7.9704747,1.607606,-11.129554,2.6074972,0.5707433,-2.8542466,2.7224548,2.1984684,0.23412916,7.6117816,4.7622685,3,C3b
6,gacs_movie_trailers_02_uYPbbksJ.mp4,movie_trailers,seriousness,5.8614407,3.7018516,4.148785,-13.6317625,-1.5233681,-12.504553,-8.533764,0.33916634,0.6366392,-7.7095113,2.410979,1.3872862,-0.3763271,1.6461933,3,C3b
7,gacs_movie_trailers_02_uYPbbksJ.mp4,movie_trailers,seriousness,2.5400112,9.604271,5.658651,-11.240773,0.73773754,-7.8632617,-7.6598377,3.9852874,0.9688217,-9.037655,3.8697956,-1.2423867,-0.31877953,4.8834186,3,C3b
8,gacs_movie_trailers_02_uYPbbksJ.mp4,movie_trailers,seriousness,11.587887,-11.123718,-22.831753,-0.45191392,5.541457,-3.9168246,-3.0911345,-2.0658364,-3.7452452,-4.530549,-0.33392462,-0.87282366,-1.910783,1.2682633,2,C2
9,gacs_movie_trailers_02_uYPbbksJ.mp4,movie_trailers,calm,-3.0841134,10.670623,-5.1816683,-1.2931769,5.3809304,-1.220692,10.749333,0.40303102,2.016412,-2.5564835,2.058753,-0.6616869,5.0853662,3.0184872,3,C3b
0,gacs_advertisements_01_DnWykPvf.mp4,advertisements,neutral,-10.121048,7.6888638,6.1902933,-3.601574,1.8760465,1.6156838,4.348731,-2.546545,-2.4347498,0.69505984,0.0120181,1.975169,-0.33137625,-0.28900352,3,C3b
1,gacs_advertisements_01_DnWykPvf.mp4,advertisements,joy,-16.09239,-8.303322,-4.944077,7.0607963,-4.133078,1.9668486,1.4958235,-0.15158078,1.6685878,0.107344635,-1.3741536,-1.6770078,-2.7223868,-1.6510651,3,C3a
2,gacs_advertisements_01_DnWykPvf.mp4,advertisements,excitement,-13.633256,-11.284765,2.2269063,11.150517,-5.3874836,0.37747744,0.055633444,0.42118323,4.6569643,-1.6614403,2.4678428,1.9792377,-2.5961914,3.2824066,3,C3a
3,gacs_advertisements_01_DnWykPvf.mp4,advertisements,darkness,0.87462187,15.077853,-6.8964868,4.7871366,4.505528,-3.1005428,3.335934,1.8527311,-1.7866111,2.153934,2.3591003,2.7919035,-1.2865812,-1.7261008,1,C1
4,gacs_advertisements_01_DnWykPvf.mp4,advertisements,loneliness,18.535955,11.5748,-4.1191235,-5.264934,-28.478249,1.1919789,5.3776193,-4.6940436,-5.8157835,5.5464334,-6.017857,-4.5462604,-0.84195846,5.034984,1,C1
5,gacs_advertisements_01_DnWykPvf.mp4,advertisements,excitement,-14.623719,-9.542218,-3.7159977,10.169344,-4.869744,-0.2837011,0.65160257,-0.9580513,2.975516,-2.4811141,0.6268562,3.271083,-1.2797958,0.6625241,3,C3a
6,gacs_advertisements_01_DnWykPvf.mp4,advertisements,excitement,-15.165182,-9.615597,-2.255204,10.605926,-5.572224,0.0073694154,1.4558625,2.8265123,4.5882077,-3.0276074,1.333463,0.9058811,-0.70613474,1.1622801,3,C3a
0,gacs_advertisements_02_DsonSEll.mp4,advertisements,darkness,13.868652,4.8289094,1.0061194,7.0907655,0.38641518,-14.450654,-5.0958343,8.823334,-9.144497,-0.57773995,-3.777056,0.7582056,-3.2341075,-7.6174088,1,C1
1,gacs_advertisements_02_DsonSEll.mp4,advertisements,darkness,14.316177,20.868933,-22.557924,4.096628,-6.067652,1.672884,0.0051469826,4.399405,0.7853101,1.7104691,2.2292862,2.8999414,0.7038255,0.7233916,1,C1
2,gacs_advertisements_02_DsonSEll.mp4,advertisements,darkness,19.761415,10.077186,-7.2236238,4.28072,0.34578276,-6.031268,-0.8516611,5.6908374,-4.036782,7.393322,0.855994,3.3581743,2.3608146,2.703016,1,C1
3,gacs_advertisements_02_DsonSEll.mp4,advertisements,loneliness,14.668045,3.6695457,-0.27944618,-0.7191989,-1.8916327,-11.228426,-3.1789236,4.914712,-3.4588437,1.584458,1.5196569,2.3428195,5.3947296,3.3357747,1,C1
4,gacs_advertisements_02_DsonSEll.mp4,advertisements,loneliness,18.338017,-3.222828,-8.708424,-1.8485588,4.4752016,-5.9859176,0.5183704,1.7401671,1.3803856,7.9702144,-3.8637254,-2.235229,-0.58808476,1.2761077,1,C1
5,gacs_advertisements_02_DsonSEll.mp4,advertisements,calm,-1.6624209,3.7397168,1.2880512,-1.3679117,3.2597597,-8.544393,5.712835,-2.182294,-0.21922801,-2.17745,2.9143367,4.19399,3.2018533,2.1463923,3,C3b
6,gacs_advertisements_02_DsonSEll.mp4,advertisements,focus,-10.197139,-4.9238143,5.201456,1.1211852,-3.9542248,-2.0363696,-1.2125084,-0.57597977,6.0656033,-1.8671396,0.62101656,2.193643,-2.524121,4.00798,3,C3a
7,gacs_advertisements_02_DsonSEll.mp4,advertisements,contemplation,14.863128,20.262268,-22.41453,0.06487824,-5.9881334,1.3590266,3.2486892,-0.42518717,-0.90220684,0.05131481,3.1747363,2.7436395,2.6427941,0.9423052,1,C1
8,gacs_advertisements_02_DsonSEll.mp4,advertisements,urban,3.2738674,-14.498834,-2.3760507,-5.1814466,0.5682595,-9.108225,-1.7800082,0.15423173,1.5959039,1.5977927,-3.6076531,1.6124108,3.4151068,6.112361,2,C2
9,gacs_advertisements_02_DsonSEll.mp4,advertisements,loneliness,14.411511,4.674278,-1.9346389,-2.8820844,-1.7946383,-11.174028,-4.201865,3.0509531,-3.7769358,-0.26244494,1.6310879,1.8585469,4.9653673,4.1809554,1,C1
10,gacs_advertisements_02_DsonSEll.mp4,advertisements,darkness,17.166607,-3.800513,-7.123986,-0.83133364,7.7442675,-13.09779,0.36081108,2.5680614,-7.7878923,3.2667837,-4.183754,1.6344967,-4.2524495,-1.6695406,1,C1
0,gacs_advertisements_03_peuPOPIh.mp4,advertisements,elegance,0.030470105,0.48477384,-1.4556004,-12.5001955,2.4063187,-8.117937,-1.3046279,1.4676337,7.239089,-0.45614132,-2.8648107,9.247743,0.824202,0.21579464,3,C3b
1,gacs_advertisements_03_peuPOPIh.mp4,advertisements,elegance,-9.143843,1.3273314,2.0943823,-3.5510232,-0.08851073,-4.120432,4.348651,-0.29775056,4.109303,-2.4174266,0.5816598,6.3866515,-2.8108945,0.27337763,3,C3b
2,gacs_advertisements_03_peuPOPIh.mp4,advertisements,elegance,6.029925,11.050351,-7.971654,-8.889536,6.6697273,-6.4134073,0.29745677,6.4469647,4.78803,0.4717483,0.19794044,6.442565,-3.377054,-2.4045823,1,C1
3,gacs_advertisements_03_peuPOPIh.mp4,advertisements,mystery,13.922426,0.84600365,-9.436568,-5.6833854,8.892173,-7.787759,-1.4614595,4.304901,-0.33337438,4.6621337,-4.9717607,4.6685324,-6.9406815,-3.911392,1,C1
4,gacs_advertisements_03_peuPOPIh.mp4,advertisements,elegance,0.38842043,1.3608049,-0.08068935,-5.426909,8.0483,-10.397932,2.595792,1.7066752,0.27899688,-0.2718645,-3.42587,3.8806617,0.81815106,-0.28658167,3,C3b
5,gacs_advertisements_03_peuPOPIh.mp4,advertisements,urban,-5.7185307,3.0884645,-0.009280694,-4.747976,7.19163,-5.6106415,6.329197,-2.6667404,1.4284761,-0.6172282,-3.008603,5.07996,-1.3636461,-0.85766625,3,C3b
6,gacs_advertisements_03_peuPOPIh.mp4,advertisements,urban,13.014038,0.33432442,-2.235633,-8.898576,6.3103642,-10.551609,1.0611295,7.109655,-1.1008861,3.6095974,-5.2562838,2.5661945,-2.8921902,-0.796131,1,C1
7,gacs_advertisements_03_peuPOPIh.mp4,advertisements,elegance,-7.1449533,4.564799,-0.9173626,-9.68242,4.618345,-3.9153266,3.2871437,-1.8099556,6.4768195,-3.266758,-3.1619818,7.0492034,0.59937894,-2.6073585,3,C3b
8,gacs_advertisements_03_peuPOPIh.mp4,advertisements,excitement,0.76969343,-11.345233,2.3392894,-2.0943444,-1.7371093,-10.587282,0.15083545,-4.001654,5.7202106,2.807472,-3.4994025,0.33171743,6.4547496,0.50414526,3,C3b
9,gacs_advertisements_03_peuPOPIh.mp4,advertisements,elegance,-4.947017,6.9222,0.950139,-8.239445,3.6282609,-2.4531798,4.668492,-0.6733437,4.162259,-3.9723012,-2.4883583,5.9209547,1.6845517,-1.0874349,3,C3b
0,gacs_advertisements_04_w7oDM_as.mp4,advertisements,contemplation,-5.891214,8.166329,1.6512223,-3.4819798,6.592637,-2.6286387,9.795448,-2.551059,-0.64824796,-1.6994762,1.4851105,0.46468294,2.7622268,2.618018,3,C3b
1,gacs_advertisements_04_w7oDM_as.mp4,advertisements,tension,11.371147,-3.468457,7.015481,-3.722318,-9.061437,-12.404203,-1.9822998,4.6104116,-3.8257864,-2.1793416,1.9827685,-0.7421879,4.715457,-0.9312314,0,C0
2,gacs_advertisements_04_w7oDM_as.mp4,advertisements,excitement,-4.1726727,-12.582708,5.22425,2.95133,-2.4158134,-8.933084,-0.85776216,-5.2494593,2.7730136,2.2889194,-0.99062544,-0.57798994,7.0227065,-0.4411514,3,C3a
3,gacs_advertisements_04_w7oDM_as.mp4,advertisements,excitement,3.7722712,-12.183177,-0.27035317,-9.295668,-2.580106,-8.312014,1.1719466,-5.079089,7.1592116,6.3804455,-1.4612354,0.5311728,5.948265,-0.7401818,2,C2
4,gacs_advertisements_04_w7oDM_as.mp4,advertisements,elegance,1.4375379,1.6426944,-3.0816374,-17.169714,2.2698076,-5.1921115,-0.9006768,-1.1625445,8.440115,-0.25517285,-6.4647784,7.0087495,-3.111136,-3.1428502,3,C3b
5,gacs_advertisements_04_w7oDM_as.mp4,advertisements,darkness,16.35775,19.137957,-7.9448647,7.010447,-7.9349256,-0.69121,-0.7082072,10.074805,-1.5020212,3.1847312,1.9174113,0.8014815,-2.5018184,-3.5578496,1,C1
6,gacs_advertisements_04_w7oDM_as.mp4,advertisements,tension,14.496628,8.294046,1.0328431,-2.1806037,-10.048867,-9.787572,-5.67556,3.7302482,-3.2472029,-2.2559545,3.3803248,0.22665524,-2.6205509,-4.187936,1,C1
7,gacs_advertisements_04_w7oDM_as.mp4,advertisements,sadness,23.282654,14.96454,-22.539646,7.290509,3.2836223,1.4990017,0.2853844,1.2264495,-0.33456346,6.0260644,1.4117192,3.3347836,-2.9394681,2.757441,1,C1
8,gacs_advertisements_04_w7oDM_as.mp4,advertisements,elegance,-1.2934568,1.4515365,-1.9364896,-19.33011,1.3884232,-4.5575695,0.63957644,-1.9981652,9.012857,-0.7396833,-6.945402,7.1589065,-3.8699634,-2.3401296,3,C3b
9,gacs_advertisements_04_w7oDM_as.mp4,advertisements,focus,1.6303432,2.577928,-1.1684483,-17.577496,3.6348097,-4.0037494,0.16951087,-1.5099344,8.44052,-0.16266297,-5.454553,6.6701627,-2.6974478,-1.5005987,3,C3b
10,gacs_advertisements_04_w7oDM_as.mp4,advertisements,elegance,-5.732144,7.9162555,2.1440637,-13.130437,3.810681,-2.6412265,5.4346166,-5.006119,5.802924,-0.7823468,-4.4483795,6.228421,-2.3511765,-1.0393324,3,C3b
11,gacs_advertisements_04_w7oDM_as.mp4,advertisements,tradition,-0.7772779,-4.1645384,-3.3774495,-3.1534328,2.0753574,-9.02048,-5.8589053,5.5170064,3.734866,2.2654517,-2.4960988,3.364607,5.837933,4.3413815,3,C3b
12,gacs_advertisements_04_w7oDM_as.mp4,advertisements,elegance,-0.20193326,9.34517,2.430111,-17.722633,1.7699342,-2.6998281,1.6766781,3.254076,8.98315,-1.47672,-5.7291555,7.8690667,-3.0930307,-0.915534,3,C3b
0,gacs_advertisements_04_w7oDM_as.temp.mp4,advertisements,calm,-3.0732746,10.703227,1.9694643,-3.4395971,5.043062,-2.5275187,10.340374,-1.2565928,-0.73394406,-1.1908984,4.6066523,0.3608067,3.2641256,1.9963744,3,C3b
1,gacs_advertisements_04_w7oDM_as.temp.mp4,advertisements,mystery,10.422738,-7.164284,-2.9253066,-3.3472936,2.519024,-11.90433,-0.697413,2.141286,-7.7300944,2.2475286,-5.748688,-2.6117387,-2.1099,-3.872839,2,C2
2,gacs_advertisements_04_w7oDM_as.temp.mp4,advertisements,excitement,21.3346,-4.4445825,8.04645,-4.2989745,-6.7416587,-3.1111696,2.2643247,-0.8098787,7.378633,9.676808,10.606406,-4.64453,1.1298459,-3.3705184,0,C0
3,gacs_advertisements_04_w7oDM_as.temp.mp4,advertisements,excitement,12.759716,-6.499243,7.7411647,-2.4721124,-7.4826255,-8.655082,4.0418777,-5.1904593,5.1994762,7.554089,6.30441,-3.6456056,4.4240866,-4.26797,0,C0
4,gacs_advertisements_04_w7oDM_as.temp.mp4,advertisements,elegance,1.1131041,4.1381626,0.33069402,-18.238367,2.0081294,-4.5118484,1.3141471,-1.5893034,7.6995144,-0.16726479,-5.90712,6.2931447,-2.9986308,-1.2212194,3,C3b
5,gacs_advertisements_04_w7oDM_as.temp.mp4,advertisements,darkness,16.069778,16.50838,-27.260525,7.9190016,-4.700402,1.461886,-5.6491137,3.033859,-1.8596566,2.5764349,-1.6181396,3.1410291,1.3171674,0.46986723,1,C1
6,gacs_advertisements_04_w7oDM_as.temp.mp4,advertisements,tension,23.564573,4.194978,5.608008,-1.284351,-7.3173923,-3.110539,0.08739086,4.2937517,5.6875267,6.7638087,12.626191,-4.118684,-4.374662,-3.9625778,0,C0
7,gacs_advertisements_04_w7oDM_as.temp.mp4,advertisements,darkness,22.868795,14.471206,-22.752419,8.57619,1.6179744,1.270099,-0.39758027,-0.4217789,-0.16864835,5.12609,0.73662966,1.5247942,-1.4945124,1.652449,1,C1
8,gacs_advertisements_04_w7oDM_as.temp.mp4,advertisements,elegance,-3.4354863,1.0106246,-0.111484125,-16.588667,0.6864486,-5.0948806,-0.005116295,-2.178776,8.071512,-0.8648658,-5.5526743,6.941387,-3.246618,-2.7595553,3,C3b
9,gacs_advertisements_04_w7oDM_as.temp.mp4,advertisements,elegance,-8.47142,5.269341,-0.105850436,-8.461848,3.5115235,-1.4822067,2.2265365,-0.52011794,4.6909738,-4.084067,-2.769766,5.349653,0.65601355,-4.5477285,3,C3b
10,gacs_advertisements_04_w7oDM_as.temp.mp4,advertisements,elegance,-6.782558,8.607924,1.9680545,-11.592669,3.9751816,-2.382505,3.9205182,-2.4596224,5.079579,-2.0717828,-2.7170193,6.2311954,-2.2274356,-0.70252633,3,C3b
11,gacs_advertisements_04_w7oDM_as.temp.mp4,advertisements,excitement,0.07714814,-13.090393,1.8655568,0.6232997,-1.1645029,-9.284268,-3.6080978,0.007377084,3.0705955,1.6174271,0.23827551,0.8114732,7.37298,0.31116617,3,C3b
12,gacs_advertisements_04_w7oDM_as.temp.mp4,advertisements,elegance,2.5862837,8.260613,2.392758,-17.322584,1.4838724,-4.487294,2.1386163,3.1856,9.46232,-0.71145356,-5.370017,8.338851,-4.0955324,-0.036572948,3,C3b
0,gacs_animations_00_hXzcyx9V.mp4,animations,excitement,-8.071221,-12.655321,-2.5481431,4.5773373,-2.8301442,-5.702905,-0.5467913,1.9083579,7.000825,0.39186758,-2.5985444,-2.019432,0.025228448,1.5631832,3,C3a
1,gacs_animations_00_hXzcyx9V.mp4,animations,anger,20.25062,-25.801464,-5.730978,-17.205956,-8.166523,8.637344,6.5560884,-1.1457531,-3.218606,-2.4674296,-0.7463227,-0.9700976,-0.9056736,-2.3249543,2,C2
2,gacs_animations_00_hXzcyx9V.mp4,animations,excitement,-12.085135,-10.701793,-0.298684,7.0668707,-4.452218,-1.2441251,-0.2969998,4.5843215,5.699718,0.26247168,-0.0647908,-2.4698853,-2.039051,-0.8390468,3,C3a
3,gacs_animations_00_hXzcyx9V.mp4,animations,fear,25.689604,-8.591983,16.940987,9.998525,13.168304,5.3219438,-1.5209581,1.1909602,0.04350024,-0.41533273,-6.753413,-0.8092823,-0.077766806,1.347166,0,C0
4,gacs_animations_00_hXzcyx9V.mp4,animations,tension,20.278606,-1.8231796,13.169646,-5.880352,-37.452473,7.4830856,10.605334,1.5214593,-9.342951,0.6157583,-7.347004,1.9755402,-4.794956,7.9592967,0,C0
5,gacs_animations_00_hXzcyx9V.mp4,animations,excitement,-13.279492,-11.668381,-2.7370281,9.649817,-3.672711,-2.024218,1.2749732,2.3694596,4.6705403,-1.7092037,-0.7090267,-2.6286905,-0.8962955,1.6125071,3,C3a
6,gacs_animations_00_hXzcyx9V.mp4,animations,anger,13.229143,0.72312784,8.482369,-11.284221,-36.946644,2.2092547,9.885905,-0.31412685,-7.535736,1.6661911,-7.4004827,-1.4503976,-3.6173565,5.905363,0,C0
7,gacs_animations_00_hXzcyx9V.mp4,animations,tension,17.546991,-3.3086107,11.141609,2.544639,-8.535664,-4.6208596,1.925638,-11.583904,1.7302554,-4.258241,-2.2452233,-4.07245,0.10533764,-2.196782,0,C0
8,gacs_animations_00_hXzcyx9V.mp4,animations,sadness,3.2781067,5.8382487,-23.318865,3.6972868,-10.531473,-0.36949316,-3.574779,-2.7628772,0.8021744,0.45203975,-1.5415142,0.2617896,0.52747154,-0.77085423,1,C1
9,gacs_animations_00_hXzcyx9V.mp4,animations,wonder,3.7986684,-25.138088,-7.989171,3.0331774,6.5563183,-2.4263988,2.9476483,-0.20720233,-2.479838,0.5587795,-1.5508639,-2.4658191,-1.4443825,3.2157848,2,C2
10,gacs_animations_00_hXzcyx9V.mp4,animations,wonder,-0.51911354,-21.05063,-7.9759126,3.2999203,5.323084,-3.324831,3.6936874,-1.0648447,-1.3255606,1.1306065,-3.0971096,-4.062815,-2.175591,3.1770444,2,C2
11,gacs_animations_00_hXzcyx9V.mp4,animations,joy,-12.885268,-10.6752,-3.4574373,7.633282,-4.2673607,-1.226015,1.8902713,3.6986449,5.142362,-0.905952,-1.5768439,-4.2258043,-1.1322967,0.34750855,3,C3a
12,gacs_animations_00_hXzcyx9V.mp4,animations,mystery,8.987139,-19.11786,-4.5937157,-3.374505,9.120885,-6.3895965,3.5556016,0.13952102,-5.907351,2.8369818,-1.107486,-3.1951423,-1.1141903,1.9894617,2,C2
13,gacs_animations_00_hXzcyx9V.mp4,animations,tension,35.562984,-7.5681705,15.754,6.5675406,5.359092,13.744007,-0.32222837,-6.342535,6.6537476,-5.0271225,-0.080469556,-1.5576072,-0.56239575,-0.6431015,0,C0
14,gacs_animations_00_hXzcyx9V.mp4,animations,poignance,27.247444,1.964077,9.088053,7.2537365,6.282187,7.940833,-8.241614,-2.1228378,5.973128,-3.4305127,0.9684198,-8.69417,0.4771789,-0.40511912,0,C0
0,gacs_animations_01_O515YeHQ.mp4,animations,calm,3.1875722,0.6996468,4.519773,2.3727205,12.6957035,-3.5058591,2.7977598,-2.918118,-3.105715,2.5568538,-2.8725681,-3.8837461,-0.70802534,-0.68398434,3,C3b
1,gacs_animations_01_O515YeHQ.mp4,animations,calm,-1.6997468,9.456232,-16.43032,1.1087353,5.5521894,-2.1220849,1.5244877,-4.2727866,1.816284,0.81468207,-2.0528069,-0.4072833,-0.22945362,-1.2055116,1,C1
2,gacs_animations_01_O515YeHQ.mp4,animations,tension,18.483713,8.465331,-7.839283,11.113055,3.1891735,-7.175987,-5.3111434,-2.8949735,-5.826074,-0.6557323,-6.1000385,1.6193172,-5.016374,-8.177281,1,C1
3,gacs_animations_01_O515YeHQ.mp4,animations,mystery,10.544535,4.7424307,-9.651593,-0.6272921,5.2930074,-12.400616,-0.18915161,1.3902628,-5.2366185,2.1320605,-7.3065534,-0.5759394,-5.0144663,-5.8503823,1,C1
4,gacs_animations_01_O515YeHQ.mp4,animations,mystery,13.412534,-1.5059911,-9.165179,-2.9464524,6.682969,-11.002545,-1.3175344,2.0902646,-4.6777654,2.5071938,-6.350107,-2.1001704,-3.7810173,-3.114044,1,C1
5,gacs_animations_01_O515YeHQ.mp4,animations,fear,27.628405,7.007219,-2.2615345,11.532334,7.274312,1.4707509,-3.4487927,-1.0413455,-0.84959114,0.7695086,-4.2907066,1.7674859,-4.9600224,-5.1158504,0,C0
6,gacs_animations_01_O515YeHQ.mp4,animations,wonder,4.5289207,-17.203205,-14.762997,-2.3957155,7.8567834,-2.373186,5.9262896,-2.4829793,-1.585739,0.24413447,0.2809578,-0.31548664,-4.186669,2.5335364,2,C2
7,gacs_animations_01_O515YeHQ.mp4,animations,wonder,7.00656,-16.376719,-12.6224165,1.4282789,10.754763,-5.904929,-1.7104641,-0.8199511,-3.4421167,-1.5133253,-1.3755625,-0.03591888,-2.2645328,-0.8111709,2,C2
8,gacs_animations_01_O515YeHQ.mp4,animations,calm,-9.715404,-1.2388475,-4.60619,-0.74911153,3.1956382,-5.4947624,1.7167053,-3.2600753,1.5682874,-0.89834946,-2.7798307,1.9540379,-3.8143272,-2.5699518,3,C3a
9,gacs_animations_01_O515YeHQ.mp4,animations,darkness,18.127993,3.1040337,-2.2031734,6.7776275,8.549653,-10.615275,-3.3943279,7.808364,-6.762517,-0.39433008,-4.191606,2.5108042,-4.3775043,-4.28717,1,C1
10,gacs_animations_01_O515YeHQ.mp4,animations,darkness,15.968356,11.13041,-21.501049,3.0433936,3.7551389,-4.607153,-4.7468657,0.64618564,-1.801175,-2.1569722,0.60555005,1.4786636,-4.361993,-4.3458138,1,C1
11,gacs_animations_01_O515YeHQ.mp4,animations,darkness,28.075798,0.4644967,13.412789,7.999152,9.615724,-1.6565845,-1.4581133,4.3641386,-3.217062,0.3347756,-3.290921,4.1123424,-3.1433892,-0.92555493,0,C0
0,gacs_animations_02_1o8GWhoD.mp4,animations,mystery,-8.568411,-14.311993,-3.0223424,10.150426,1.0296961,-5.770587,1.6800959,0.07593674,-0.99902004,-0.42697904,-3.1225755,-2.0142906,-2.4050064,1.7040786,3,C3a
1,gacs_animations_02_1o8GWhoD.mp4,animations,tension,31.035053,-14.196405,19.100094,6.1621065,5.559235,10.929777,0.21326779,-1.4279103,1.7754139,-2.256671,0.83583295,-0.13284312,2.961518,-0.14308456,0,C0
2,gacs_animations_02_1o8GWhoD.mp4,animations,tension,3.6430194,-20.734612,-0.051455207,6.14604,5.3594537,-6.4081063,0.90705866,-1.9026542,-4.3307757,-0.3663829,-3.6251185,-2.0361872,-1.1095775,2.9156573,2,C2
3,gacs_animations_02_1o8GWhoD.mp4,animations,fear,24.805101,4.9091744,15.644738,5.2953396,3.1041799,-2.9185326,-3.5089743,1.2444694,-1.9119647,-1.2701077,-6.556811,2.814558,-2.1828864,-2.6563826,0,C0
4,gacs_animations_02_1o8GWhoD.mp4,animations,fear,27.663157,-5.1241617,18.778889,9.15839,6.434541,2.4678812,-2.3399897,-1.057217,-1.6034805,-2.4905043,-6.2897854,1.8726302,-0.64263254,1.2997825,0,C0
5,gacs_animations_02_1o8GWhoD.mp4,animations,wonder,8.776807,-22.728395,-9.306464,-3.5921679,6.124233,-6.7678022,1.1692051,0.067765534,-6.2336373,-1.5207785,-6.6076818,-2.9610682,-2.43698,2.000072,2,C2
6,gacs_animations_02_1o8GWhoD.mp4,animations,tension,18.536871,-30.0394,-13.435304,-14.808095,-0.18424979,9.874633,2.5309992,-3.9308925,-2.287821,-4.3558006,1.0081676,0.28098613,-0.57603335,-2.051828,2,C2
7,gacs_animations_02_1o8GWhoD.mp4,animations,amusement,-10.817023,-15.454636,-5.494224,8.130599,-0.5457163,-1.3087777,1.0145515,3.8882327,2.2690039,-1.4292604,-3.7750046,-5.732165,-3.1378648,0.6856547,3,C3a
8,gacs_animations_02_1o8GWhoD.mp4,animations,tension,14.997306,0.29165006,15.828526,0.4010031,2.4809203,-3.2937076,-4.8434825,-2.6348054,-1.294812,-1.7564714,-5.6806865,-2.2473748,-0.34698018,-1.7044383,0,C0
9,gacs_animations_02_1o8GWhoD.mp4,animations,tension,6.6431627,-16.809526,-1.3332618,-3.5395133,-7.5186462,-7.522591,6.2968197,-4.7854757,-5.6845865,-0.7179845,-5.813187,-4.935588,-3.2661374,1.0506183,2,C2
10,gacs_animations_02_1o8GWhoD.mp4,animations,hope,-4.21299,-3.7752972,2.2577858,-2.794996,-5.1836486,-11.051599,-2.8820038,-2.5066252,3.5797436,-1.3708712,-3.174537,-0.306653,0.4811448,0.85515875,3,C3b
11,gacs_animations_02_1o8GWhoD.mp4,animations,excitement,-11.518776,-9.993746,-0.8199897,3.34012,-2.5895338,-6.3287253,-1.1704673,-2.8157785,5.2467923,-0.1650076,-3.5072637,0.54949325,0.07715645,-0.79844964,3,C3a
12,gacs_animations_02_1o8GWhoD.mp4,animations,excitement,-3.226377,-3.857273,6.8161416,1.9631076,-9.618092,-9.073441,3.0285795,-0.25452447,-0.5186806,0.45769912,1.7505691,0.7325561,2.5272033,-1.8229036,3,C3b
13,gacs_animations_02_1o8GWhoD.mp4,animations,chaos,17.565586,-12.204467,4.2415295,2.4248743,5.520611,-8.042553,4.3946424,-3.4589915,-4.295529,0.687982,-5.71347,-1.4455974,-2.5368304,-1.9325907,0,C0
14,gacs_animations_02_1o8GWhoD.mp4,animations,tension,32.36857,-22.823912,9.934549,-2.654278,5.572573,12.149616,2.6227849,-2.4914145,0.53723204,-2.9353447,0.58982575,-0.81960523,2.039568,-0.5865396,0,C0
15,gacs_animations_02_1o8GWhoD.mp4,animations,tension,22.56018,1.2264315,21.217463,4.967467,-12.37731,-0.9173213,5.8197074,-3.578659,-3.468344,-1.9014806,-4.0274844,0.75731826,0.43677524,1.8312391,0,C0
0,gacs_animations_03_VWavstJy.mp4,animations,contemplation,15.785498,-30.68252,-17.721287,-18.811504,-0.5810144,12.2833395,0.97877663,1.6798053,-2.072227,-3.8049026,2.4382443,2.63183,1.6404657,-0.2284282,2,C2
1,gacs_animations_03_VWavstJy.mp4,animations,contemplation,9.157343,10.453969,1.7429912,-10.8929405,-2.7281504,-6.317594,2.2576082,1.5482172,3.2478712,-1.2757508,-2.9840775,-5.917944,-1.3351997,2.8195224,1,C1
2,gacs_animations_03_VWavstJy.mp4,animations,tension,28.533655,-1.6552267,14.090009,2.4154134,-7.861649,3.826446,4.597291,-9.581984,4.96677,-4.0667076,0.6604934,-3.8270774,-2.577708,0.6985622,0,C0
3,gacs_animations_03_VWavstJy.mp4,animations,joy,-13.301993,-9.304321,-2.3844662,7.6585503,-4.9469337,-1.6889046,0.02787702,2.016854,5.575363,-1.1655544,-1.02942,-1.1597346,-2.320662,-0.46486458,3,C3a
4,gacs_animations_03_VWavstJy.mp4,animations,chaos,6.020561,-5.204902,4.59876,-7.42998,-29.87761,-4.0498176,8.049668,-4.389994,-5.0954556,1.5383419,-1.7816769,0.043498073,-3.0394285,0.18959467,3,C3b
5,gacs_animations_03_VWavstJy.mp4,animations,contemplation,13.770945,10.528259,-16.015852,-6.8829575,-1.161287,-1.1860362,2.0939176,6.8793745,8.037413,1.7553533,-2.6314528,-1.3145567,3.1706104,1.772247,1,C1
6,gacs_animations_03_VWavstJy.mp4,animations,excitement,-12.755505,-9.365621,-4.891038,2.115391,-0.10055799,-2.2271414,0.99342424,1.2624142,5.9411197,-0.9484766,-3.6605902,-2.7349102,-0.067089394,-0.24676517,3,C3a
7,gacs_animations_03_VWavstJy.mp4,animations,tension,-7.881296,-7.8589654,2.2920763,5.166693,-7.1511803,-6.1394463,0.708099,-3.425486,3.8370368,-0.43062872,-1.8671116,-2.5694213,-0.7463149,-0.52508456,3,C3a
8,gacs_animations_03_VWavstJy.mp4,animations,mystery,35.08299,-2.2789757,15.22263,11.206624,8.398885,10.37145,1.0072466,2.0060172,4.9059386,3.7304335,2.3552084,1.1657557,-3.2674634,0.03399034,0,C0
9,gacs_animations_03_VWavstJy.mp4,animations,excitement,-8.576519,-13.838515,0.068045415,9.095479,-1.0438715,-5.5679984,0.7984602,2.946447,2.987903,0.15511388,-0.5044448,-3.5290027,0.17754108,0.39126357,3,C3a
0,gacs_animations_04_cqGjhVJW.mp4,animations,excitement,12.560267,-6.9045987,9.492313,4.388827,-11.416685,-7.3741703,5.934291,-1.4835585,1.465765,3.5715153,-0.43641737,-0.9946525,3.0654325,-4.600423,0,C0
1,gacs_animations_04_cqGjhVJW.mp4,animations,amusement,-15.054984,-2.2145298,0.9870022,2.6935651,-0.5009485,1.170978,0.7945888,3.0614343,2.0908997,-1.1182964,-2.2035646,-3.8364253,1.9861803,-2.5541687,3,C3a
2,gacs_animations_04_cqGjhVJW.mp4,animations,calm,-10.8522,1.4322554,-1.514494,-3.4889307,2.7383971,-2.4347525,2.5855155,-1.7520291,5.227524,-1.8015378,-3.793673,-0.072027735,-0.8875322,-1.4727771,3,C3b
3,gacs_animations_04_cqGjhVJW.mp4,animations,mystery,15.986422,-1.3923142,-11.239678,-7.4876976,5.443283,-8.887639,3.1764908,2.8892646,-3.1843297,6.0027933,-7.016502,-2.0881965,-3.7712214,-0.2944759,1,C1
4,gacs_animations_04_cqGjhVJW.mp4,animations,excitement,-7.1261005,-14.439947,-3.896296,1.5759791,-1.8217779,-5.993467,-1.9610809,-1.2767386,7.163218,1.2918385,-2.7180495,0.22732797,1.3797476,0.5224656,3,C3a
5,gacs_animations_04_cqGjhVJW.mp4,animations,tension,5.9192705,-3.6699529,5.087535,-2.262099,-11.537372,-8.997801,3.6828792,-5.045743,3.805355,2.1723273,-2.448615,-1.6994655,1.8700122,-7.1756725,3,C3b
6,gacs_animations_04_cqGjhVJW.mp4,animations,hope,-5.8465285,-6.623443,-0.7799029,-2.2221282,-2.672699,-9.897015,-1.5211014,-2.4466445,6.513469,1.8618984,-2.8612297,1.3171806,0.33341625,0.19945559,3,C3b
7,gacs_animations_04_cqGjhVJW.mp4,animations,excitement,12.001043,-10.045776,11.08521,3.624212,-13.708635,-7.160489,5.5602584,0.36029503,1.06531,2.741095,0.10096034,0.42517576,5.2316284,-6.178437,0,C0
0,gacs_emotional_shorts_00_qm5hen3q.mp4,emotional_shorts,tension,-3.935329,9.648484,13.840917,-4.408362,-5.694829,0.19763936,5.062776,-3.3966253,-0.74105984,-0.42852765,3.5409927,-1.269349,0.9208385,2.3595207,3,C3b
1,gacs_emotional_shorts_00_qm5hen3q.mp4,emotional_shorts,tension,14.79191,6.003506,15.554352,-7.5208893,-8.11223,-2.4056993,-0.870103,-5.1720934,1.0886872,-4.4027915,4.1424513,-0.049432844,-0.92264783,6.1293316,0,C0
2,gacs_emotional_shorts_00_qm5hen3q.mp4,emotional_shorts,seriousness,30.394024,2.6222074,14.775876,11.150078,4.92227,8.512248,-6.956737,-6.082275,5.345153,-6.3243785,2.2185779,-4.400911,-0.078833334,2.606349,0,C0
3,gacs_emotional_shorts_00_qm5hen3q.mp4,emotional_shorts,seriousness,25.83193,3.5216014,5.1909957,-1.8566811,-6.991152,1.8742853,-1.6688693,-13.328815,6.9010057,-4.682384,5.7698507,-3.0326357,-3.5782628,4.91441,0,C0
4,gacs_emotional_shorts_00_qm5hen3q.mp4,emotional_shorts,informative,-14.320132,-1.9781692,1.501008,3.6158993,-1.3083949,1.69811,1.6891034,-1.1949571,2.3770368,1.4107187,2.2909772,0.7945848,-3.6140025,0.6372436,3,C3a
5,gacs_emotional_shorts_00_qm5hen3q.mp4,emotional_shorts,seriousness,-9.640578,-1.5529432,2.8003159,-4.3766284,-2.7794063,-4.4512506,-1.9460148,-4.702687,2.5407462,-3.0851479,6.592114,3.5472045,-4.907864,3.8846056,3,C3b
6,gacs_emotional_shorts_00_qm5hen3q.mp4,emotional_shorts,informative,-11.02044,2.9697735,5.664202,-3.1626055,0.5462895,0.42131054,-3.8706572,-2.0608866,3.2110262,-3.4246063,3.855012,2.087084,-3.445658,2.187909,3,C3b
7,gacs_emotional_shorts_00_qm5hen3q.mp4,emotional_shorts,seriousness,-7.66105,5.8893137,7.9863973,-5.1403093,-4.653695,-2.4559426,-3.6373818,-2.6895206,1.9674065,-4.205064,6.2921853,3.484294,-6.3246946,4.6925287,3,C3b
8,gacs_emotional_shorts_00_qm5hen3q.mp4,emotional_shorts,excitement,0.93021524,-12.981045,5.031064,3.6812887,-6.151469,-8.667517,-2.5962315,-6.546611,1.8959881,-1.2681524,4.1036296,3.362311,2.2514927,1.7898909,3,C3a
9,gacs_emotional_shorts_00_qm5hen3q.mp4,emotional_shorts,tension,-6.2165446,0.42673507,5.5772266,-2.112091,-3.6625628,-5.6942983,1.6087989,-3.6474266,-0.39068538,0.11251043,0.22991931,0.0689428,1.0760945,2.7575252,3,C3b
0,gacs_emotional_shorts_01_hCOOAE_s.mp4,emotional_shorts,warmth,-11.335855,12.558413,4.3966594,-4.9955015,1.640453,6.6618667,1.0205548,1.7855847,-2.3700283,-0.4111993,-1.7464979,0.34851378,0.98281133,-0.8648588,3,C3b
1,gacs_emotional_shorts_01_hCOOAE_s.mp4,emotional_shorts,warmth,-11.494617,11.835347,4.659805,-6.270827,2.6348546,7.067572,0.81927246,0.86348784,-3.0916986,1.6546278,-3.224342,0.4152796,1.8490902,-1.0849262,3,C3b
2,gacs_emotional_shorts_01_hCOOAE_s.mp4,emotional_shorts,calm,-13.807377,9.479405,3.2488663,-1.9599831,2.7405257,6.9332314,0.6268624,0.11906224,-3.533349,0.83501184,-1.9452491,0.35116696,0.5051984,-0.44947213,3,C3b
3,gacs_emotional_shorts_01_hCOOAE_s.mp4,emotional_shorts,calm,-12.108911,5.8918757,6.5119243,-5.5948873,2.2940602,3.317895,0.3350096,-2.4662082,-1.7195562,3.5030658,-1.8477745,0.39160573,0.40675458,-2.0467563,3,C3b
4,gacs_emotional_shorts_01_hCOOAE_s.mp4,emotional_shorts,warmth,-13.822517,8.871379,5.02735,-2.025671,3.360553,5.9716744,-1.167291,1.6265455,-2.9597645,1.5299464,-1.257148,0.288891,2.4215267,-1.2498125,3,C3b
5,gacs_emotional_shorts_01_hCOOAE_s.mp4,emotional_shorts,warmth,-11.288579,11.812297,2.0685704,-4.3545427,1.9636449,5.9485307,0.795487,0.47353184,-3.7773058,1.0497113,-1.6625594,-0.10737667,0.8766704,-0.65270543,3,C3b
6,gacs_emotional_shorts_01_hCOOAE_s.mp4,emotional_shorts,loneliness,-3.9314487,12.748755,-8.31972,5.799111,4.60891,-2.420315,7.5062976,-0.046918076,-1.3056455,-1.6819811,2.733685,-1.1918745,2.9570162,1.8193904,3,C3b
7,gacs_emotional_shorts_01_hCOOAE_s.mp4,emotional_shorts,calm,-1.7573049,14.363667,-14.554648,6.451455,3.3756385,-1.0941759,4.8696976,-3.2663524,-0.23602973,-1.0881523,1.332197,-0.68270093,1.522233,0.35072926,1,C1
8,gacs_emotional_shorts_01_hCOOAE_s.mp4,emotional_shorts,loneliness,2.6226323,16.027391,-20.205482,4.578712,1.9828532,0.58025986,3.3129666,-2.5334246,1.2830224,1.2436299,-0.3395039,0.14040731,1.9467206,1.1134783,1,C1
9,gacs_emotional_shorts_01_hCOOAE_s.mp4,emotional_shorts,sadness,15.752166,19.038649,-27.982464,5.655897,-3.4875808,5.241926,-2.2679856,0.55833924,2.6290085,1.0373504,-2.3628023,-0.16251315,4.660607,1.9089632,1,C1
10,gacs_emotional_shorts_01_hCOOAE_s.mp4,emotional_shorts,contemplation,3.8029068,17.293106,-20.300846,6.134362,2.08451,0.6119489,4.311906,-1.418997,0.08315328,0.6720314,1.2526232,0.64524627,2.7921278,0.81398535,1,C1
11,gacs_emotional_shorts_01_hCOOAE_s.mp4,emotional_shorts,loneliness,9.097224,19.899912,-23.175762,8.910849,0.015314369,2.6228194,2.8130531,-1.0632511,0.20202132,0.31185594,-0.6198621,-0.7010575,3.405479,1.8966066,1,C1
12,gacs_emotional_shorts_01_hCOOAE_s.mp4,emotional_shorts,warmth,-13.394802,8.935534,6.573968,-3.1829708,1.528672,6.3092413,-1.4305414,-0.129723,-4.051865,2.6095324,-1.1236652,0.20740062,1.4255513,-0.46246633,3,C3b
0,gacs_emotional_shorts_02_R2KyQF34.mp4,emotional_shorts,unknown,3.4651983,-3.2794533,2.5049272,-9.85221,7.829437,-5.779372,-3.8992488,7.265727,4.4262185,1.6822001,-3.7251568,3.2245002,3.8125753,3.9287155,3,C3b
1,gacs_emotional_shorts_02_R2KyQF34.mp4,emotional_shorts,excitement,-12.394579,-9.852221,-4.6477594,10.377797,-2.9655905,-2.416964,-0.2733408,-1.2663231,3.7529051,-0.29182246,1.7171118,1.5293418,-0.12704901,2.4061062,3,C3a
2,gacs_emotional_shorts_02_R2KyQF34.mp4,emotional_shorts,weariness,24.363888,3.2502573,-3.5724285,-1.2897997,2.5023122,3.5726898,-1.3026354,2.0817668,7.8330483,4.349099,-2.6032078,-13.73822,-3.3087077,-1.897516,0,C0
3,gacs_emotional_shorts_02_R2KyQF34.mp4,emotional_shorts,weariness,21.174244,1.1405083,-4.738511,8.509093,-0.0006039418,3.047672,1.1441885,-19.723907,5.527608,-3.7409058,-2.2686772,-4.4184365,-2.950298,-3.1693141,0,C0
4,gacs_emotional_shorts_02_R2KyQF34.mp4,emotional_shorts,loneliness,11.533649,20.555246,-12.423132,-9.541299,-5.995008,7.191579,0.64149606,4.876979,5.8847027,-1.5247924,-1.8434881,-3.4061987,0.12764029,0.087353736,1,C1
0,gacs_emotional_shorts_03_NEpfRHly.mp4,emotional_shorts,seriousness,-8.252897,3.8640025,9.428408,-5.5840187,0.17120819,-0.5432167,-8.778709,-1.7655481,-4.2141137,-1.866153,3.049092,-0.6904593,1.5857478,4.037488,3,C3b
1,gacs_emotional_shorts_03_NEpfRHly.mp4,emotional_shorts,contemplation,7.4234033,15.858418,-26.586332,2.7841384,-1.0152303,4.0631766,-6.15213,-2.5500464,-0.38721874,0.20352985,-0.9060674,0.6069605,3.7534003,1.2051619,1,C1
2,gacs_emotional_shorts_03_NEpfRHly.mp4,emotional_shorts,contemplation,-2.5924478,7.6109805,5.191252,-9.339539,6.1608367,-2.8268204,-3.197163,-1.0528178,-3.4286854,-1.1614199,3.221396,-3.3700225,2.5414886,3.131243,3,C3b
3,gacs_emotional_shorts_03_NEpfRHly.mp4,emotional_shorts,sadness,2.5194879,12.274272,-22.674822,5.8458686,1.6594882,3.322652,-5.9620667,-6.743108,-4.4973636,1.5065185,-1.7606568,1.8955313,3.0370996,0.56918895,1,C1
4,gacs_emotional_shorts_03_NEpfRHly.mp4,emotional_shorts,seriousness,-7.3044796,6.6121907,6.1088185,-9.529053,0.9496982,-1.0260471,-7.1868334,-4.0447593,-6.15815,-0.51405394,2.9281259,-1.1856518,-0.17890368,3.5960248,3,C3b
5,gacs_emotional_shorts_03_NEpfRHly.mp4,emotional_shorts,hope,-7.704321,4.1712694,1.0493535,-7.5310493,-0.39294875,-0.783016,-6.5574665,-6.5679116,-0.15076326,4.4665174,-0.31637964,1.7952013,-2.216967,3.2294827,3,C3b
0,gacs_emotional_shorts_04_C2RsYF1B.mp4,emotional_shorts,informative,-10.66774,2.7949064,3.6881516,-8.827696,3.233737,1.6141188,-3.4449906,-0.3137618,5.2346644,3.6527817,-0.61316204,4.3609185,-2.83358,-0.509432,3,C3b
1,gacs_emotional_shorts_04_C2RsYF1B.mp4,emotional_shorts,joy,-15.904921,-9.332898,-0.46232042,6.467828,-4.5290446,3.0107906,-3.205405,-0.98110515,-0.7684159,0.20903726,2.6364455,3.2702203,-2.1122918,-0.23397772,3,C3a
2,gacs_emotional_shorts_04_C2RsYF1B.mp4,emotional_shorts,warmth,-16.248817,-4.660264,4.5737615,3.8375096,-2.806678,2.3709362,-2.6531742,-0.082508765,-0.66801035,1.170085,0.44054472,1.5029564,-1.4353316,2.807363,3,C3a
3,gacs_emotional_shorts_04_C2RsYF1B.mp4,emotional_shorts,focus,-10.608445,6.207119,6.837753,-4.934198,2.5145864,1.536039,-3.841222,-3.492827,-3.6610596,2.555834,-0.4643114,1.0603151,0.9030831,-0.38231656,3,C3b
4,gacs_emotional_shorts_04_C2RsYF1B.mp4,emotional_shorts,calm,-4.289678,10.825111,11.360578,-7.693178,0.6733044,2.3370562,0.25608048,-6.729642,-4.268064,0.49737597,-1.4264106,1.5238059,-1.5392116,2.615914,3,C3b
5,gacs_emotional_shorts_04_C2RsYF1B.mp4,emotional_shorts,seriousness,-0.6842234,7.976854,7.707978,-13.588436,-4.1737986,-2.0873096,-5.2028317,-1.8816181,2.695226,-4.0806203,5.2226067,-0.49320045,-5.903513,3.293743,3,C3b
6,gacs_emotional_shorts_04_C2RsYF1B.mp4,emotional_shorts,warmth,-10.804178,10.338429,8.080551,-2.1379228,4.656302,7.532543,-3.1683989,2.3354504,-2.6343036,3.014928,-0.96635437,-0.53160024,2.0794482,-1.8575609,3,C3b
7,gacs_emotional_shorts_04_C2RsYF1B.mp4,emotional_shorts,joy,-14.003739,-9.499818,-4.448442,5.4266,-4.4257,1.3190016,-0.72235376,-1.5107574,0.59104735,2.4722476,0.36233315,1.1888813,-2.7224684,-2.9934945,3,C3a
8,gacs_emotional_shorts_04_C2RsYF1B.mp4,emotional_shorts,informative,-11.099705,2.8833306,1.9041892,-7.600804,4.5561876,1.8516136,-0.98210377,-2.1823952,5.182908,2.9136178,-1.8790635,3.612114,-1.7513688,-1.1861302,3,C3b
0,gacs_movie_trailers_00_ew7aQG7a.mp4,movie_trailers,calm,0.33042717,-16.239574,-6.1329813,5.813029,7.7552123,-4.7564635,6.3544908,-2.2946398,-3.462727,0.5267944,2.3585172,-2.2440095,-1.6372739,6.050674,2,C2
1,gacs_movie_trailers_00_ew7aQG7a.mp4,movie_trailers,seriousness,-3.4308445,5.059084,3.6418629,-10.118095,-0.053592578,-5.361726,-7.3347898,1.5777031,1.2453806,-8.633436,3.7714584,1.3717455,-2.8972268,0.5718453,3,C3b
2,gacs_movie_trailers_00_ew7aQG7a.mp4,movie_trailers,mystery,15.158747,3.6040077,-23.916338,0.43588856,0.18725984,-3.283585,-5.7869964,-2.697778,-1.4688083,-2.1783636,1.4254466,0.5144498,-1.619179,-3.0154178,1,C1
3,gacs_movie_trailers_00_ew7aQG7a.mp4,movie_trailers,tension,10.211676,6.527819,4.2101517,-8.632814,-6.1818924,-10.072311,-7.7173843,2.2844212,-0.8816709,-6.825203,1.8397138,0.12830253,-1.1237959,-1.8479955,1,C1
0,gacs_movie_trailers_01_JfVOs4VS.mp4,movie_trailers,excitement,2.1463895,-15.33638,-0.44173506,1.7189986,0.8141607,-10.882816,-1.3190813,-0.9175428,4.348287,2.5559127,-2.4948673,-0.07260605,5.923177,3.0913506,3,C3a
1,gacs_movie_trailers_01_JfVOs4VS.mp4,movie_trailers,fear,33.162514,-3.9670951,20.749628,8.423197,3.0982816,7.1195846,1.1460665,-2.273105,1.9043925,-3.3674214,-2.4538293,4.2175355,0.7123364,2.8262105,0,C0
2,gacs_movie_trailers_01_JfVOs4VS.mp4,movie_trailers,tension,3.383989,5.935053,4.7382493,-9.337611,0.8326097,-9.467061,1.7648971,2.8943508,-0.692295,1.0022053,1.9108247,-1.7510521,2.9914405,0.9087062,3,C3b
3,gacs_movie_trailers_01_JfVOs4VS.mp4,movie_trailers,tension,22.095116,-2.1027005,14.41412,10.197019,0.15739161,-5.879988,3.4495606,-1.755183,-3.433208,-0.09235293,1.1194835,4.1299253,1.7220026,-2.4926617,0,C0
4,gacs_movie_trailers_01_JfVOs4VS.mp4,movie_trailers,fear,30.747078,-4.826131,18.637014,12.712957,7.7880397,4.4773664,-0.48035607,-0.978198,-1.4120487,-3.257629,-1.067126,4.08805,-1.1958313,0.55804855,0,C0
5,gacs_movie_trailers_01_JfVOs4VS.mp4,movie_trailers,chaos,19.048882,-3.0691926,7.5564284,0.963812,-15.398912,-7.4642367,7.4245276,-3.9810371,2.6843452,1.5567138,1.5668418,1.816647,3.398105,-8.069481,0,C0
6,gacs_movie_trailers_01_JfVOs4VS.mp4,movie_trailers,seriousness,7.3976345,1.7592373,2.135554,-7.4777884,3.5992715,-13.00659,-5.4325643,1.4608481,-3.620531,-7.7538333,3.8788896,-0.95613253,-1.4194096,1.486503,3,C3b
7,gacs_movie_trailers_01_JfVOs4VS.mp4,movie_trailers,contemplation,3.3789394,13.691314,-6.8755813,-6.3903756,3.7169387,-1.419612,10.952487,1.8537954,3.274161,-2.2619276,4.8569775,-0.1523926,0.9744636,-0.080597766,1,C1
8,gacs_movie_trailers_01_JfVOs4VS.mp4,movie_trailers,chaos,33.8231,-4.434438,18.175192,8.650627,-5.3915267,5.3642235,3.294366,-2.796692,1.7785428,-0.92709404,2.3802443,4.9733195,2.348803,-1.9554548,0,C0
9,gacs_movie_trailers_01_JfVOs4VS.mp4,movie_trailers,excitement,27.908598,-0.039942183,13.629025,3.654191,-2.962541,-0.96577024,3.3622468,1.3123792,6.7090917,5.9552727,7.097187,-2.0269334,-1.2829171,-3.308154,0,C0
10,gacs_movie_trailers_01_JfVOs4VS.mp4,movie_trailers,tension,27.148172,2.2148468,16.388977,9.801816,-1.2059456,-2.3617947,2.4393094,0.6141339,0.12816511,-1.0843242,1.3023795,5.1606593,1.6850065,-2.456873,0,C0
0,gacs_movie_trailers_02_32RAq6Jz.mp4,movie_trailers,calm,-15.398457,4.236934,-1.9791214,7.455459,-2.4970615,2.112748,5.651214,0.97261786,1.4096801,-4.7449827,-0.075218655,2.0635808,-0.51328075,0.5482764,3,C3a
1,gacs_movie_trailers_02_32RAq6Jz.mp4,movie_trailers,chaos,29.561283,-3.875084,19.090843,9.691839,-7.0993752,1.7356657,5.1498003,-1.9340383,0.5178395,0.5091434,1.909507,5.4686546,3.340483,-4.4707775,0,C0
2,gacs_movie_trailers_02_32RAq6Jz.mp4,movie_trailers,tension,33.100677,1.960328,3.2269862,-3.1228387,-6.9707313,2.323519,1.3169143,7.029393,7.401588,8.764759,11.650971,-2.171964,-3.5247426,-3.097229,0,C0
3,gacs_movie_trailers_02_32RAq6Jz.mp4,movie_trailers,tension,0.98880553,1.3813503,6.112388,-4.585145,-2.3510094,-11.108429,-1.1669468,-1.3223772,0.52969134,0.5989458,-1.4204919,-0.8574062,4.1103287,1.5549759,3,C3b
4,gacs_movie_trailers_02_32RAq6Jz.mp4,movie_trailers,wonder,2.4732857,-15.595853,-8.881706,-0.6592347,4.768393,-7.6956363,-1.1770207,-1.3957518,-1.3785686,-2.832985,3.150703,0.13679446,-2.2961822,4.4526143,2,C2
5,gacs_movie_trailers_02_32RAq6Jz.mp4,movie_trailers,excitement,11.871237,-3.5516849,13.389217,2.8678188,-11.0539875,-7.557678,4.391676,-1.0247185,0.4480202,2.3478012,3.5775106,0.70391566,4.318243,-5.3455634,0,C0
6,gacs_movie_trailers_02_32RAq6Jz.mp4,movie_trailers,tension,14.507465,-4.5477366,10.288013,-7.034088,-27.516249,-3.112689,8.999436,-3.8334556,-3.283137,1.0103797,-3.7411814,-1.4229198,1.3297566,0.18164116,0,C0
7,gacs_movie_trailers_02_32RAq6Jz.mp4,movie_trailers,chaos,24.954681,-0.9076556,9.5235195,1.617236,-20.05624,-1.7889969,8.272946,-0.129394,2.0663457,1.7164721,4.9642267,0.9279982,2.4943101,-6.273966,0,C0
8,gacs_movie_trailers_02_32RAq6Jz.mp4,movie_trailers,tension,27.61918,-5.7378445,21.339182,8.726331,-4.466872,0.77135706,2.8543913,0.39952418,-1.0435112,-0.116190426,2.6968265,4.935212,3.9846857,-2.4903276,0,C0
0,gacs_movie_trailers_03__Z3QKkl1.mp4,movie_trailers,seriousness,-5.785709,6.722728,-13.191445,5.2884116,-0.30960926,-1.5985126,-9.482553,-0.84798735,-2.4073603,-5.3915887,1.9516041,0.72453785,-1.692778,-0.6986234,3,C3b
1,gacs_movie_trailers_03__Z3QKkl1.mp4,movie_trailers,seriousness,-7.853078,7.413354,12.6361,-4.7312684,-0.45416543,0.82280993,-4.970804,8.215527,-0.16795483,-7.110939,2.9322436,-1.5942616,-1.886297,0.56252056,3,C3b
2,gacs_movie_trailers_03__Z3QKkl1.mp4,movie_trailers,tradition,-3.7316167,3.4063928,3.5302968,-5.953146,0.08356647,-2.634178,-3.793438,8.250051,5.5302467,-1.7040595,1.111825,0.72105914,1.4923733,4.4877496,3,C3b
3,gacs_movie_trailers_03__Z3QKkl1.mp4,movie_trailers,darkness,2.3627505,5.17667,-0.5422722,-0.4240808,1.7279065,-9.524623,-10.877538,4.8970714,-3.395154,-6.396241,5.540418,3.2392132,-3.1079607,0.3492097,3,C3b
4,gacs_movie_trailers_03__Z3QKkl1.mp4,movie_trailers,seriousness,-9.099649,2.529442,-11.719545,10.281043,-0.80523074,-3.0423849,-4.8893995,-0.12979436,-1.6845857,-6.724426,3.043518,1.1838751,-0.64874053,0.8196156,3,C3a
5,gacs_movie_trailers_03__Z3QKkl1.mp4,movie_trailers,tension,18.209833,-0.118732624,8.917017,-3.7967823,-14.705864,-6.766231,5.356056,6.2101045,1.7715707,2.2646453,3.8751245,-0.7431419,4.5013676,-2.4630556,0,C0
0,gacs_movie_trailers_04_qSqVVswa.mp4,movie_trailers,tension,15.250564,11.13316,-1.6112585,2.074529,-7.405369,-10.758191,-5.0301924,2.1202638,-4.6007323,-5.3463583,1.4953169,0.26962137,-1.727558,-5.5668707,1,C1
1,gacs_movie_trailers_04_qSqVVswa.mp4,movie_trailers,loneliness,-1.591451,8.418761,-6.581342,4.6865187,3.791066,-7.069571,6.244844,0.7238545,-3.745657,0.8551839,1.5356586,3.2020602,6.345637,3.6856928,3,C3b
2,gacs_movie_trailers_04_qSqVVswa.mp4,movie_trailers,excitement,3.9011536,-12.998332,5.848703,5.5460534,-4.11563,-8.6464205,1.8346181,-2.3514261,1.4491723,2.439783,0.6844407,1.2400123,6.14606,3.107379,3,C3b
3,gacs_movie_trailers_04_qSqVVswa.mp4,movie_trailers,tension,4.8429556,-9.193124,5.4862165,0.40481335,-5.4013777,-12.585297,1.1495099,3.1771705,-2.9549122,-0.3214104,1.309659,1.0211767,8.415117,2.596365,3,C3b
4,gacs_movie_trailers_04_qSqVVswa.mp4,movie_trailers,tension,28.28874,3.3736217,13.343514,13.999041,4.4919987,0.054605514,-2.671792,5.8059654,-3.7611413,-3.2078183,-1.6194239,4.2179112,0.40304404,-1.8480878,0,C0
5,gacs_movie_trailers_04_qSqVVswa.mp4,movie_trailers,excitement,-4.1927085,-12.934018,2.4130473,6.4754977,-0.84255505,-8.396718,-2.2793317,-2.010822,2.6181998,0.6772482,-1.1075715,0.84659225,5.062177,2.9784725,3,C3a
6,gacs_movie_trailers_04_qSqVVswa.mp4,movie_trailers,contemplation,14.168962,13.003122,-17.191599,1.084591,3.240196,-5.5607734,-0.95985764,3.1764448,0.14400524,0.5601677,-0.68676436,-0.6278608,0.9438361,-1.860631,1,C1
7,gacs_movie_trailers_04_qSqVVswa.mp4,movie_trailers,tension,0.7536696,-2.5707011,10.184752,-1.342209,-10.9318905,-10.304926,-3.93989,-0.6529156,-3.5872455,-3.2781317,0.41670808,-1.419488,4.1343246,0.8108182,3,C3b
8,gacs_movie_trailers_04_qSqVVswa.mp4,movie_trailers,excitement,-2.8157713,-5.979444,5.6875567,1.6061187,-0.76174617,-11.42275,-2.4163854,-1.793377,0.19846468,-0.35838094,-1.0148133,0.44585192,6.222217,1.6337075,3,C3b
9,gacs_movie_trailers_04_qSqVVswa.mp4,movie_trailers,contemplation,15.490819,16.253054,-26.841145,4.657496,-1.9368812,0.15407144,-0.9703356,-0.64895684,0.01066465,0.8397269,-1.2276169,1.4566481,4.4168186,2.7355587,1,C1
10,gacs_movie_trailers_04_qSqVVswa.mp4,movie_trailers,tension,6.4610357,8.217783,-19.486956,-0.9552315,-3.6524322,-6.9138103,-6.5838666,-4.688725,-0.7493368,-4.283514,1.6176099,1.8127925,-1.9761653,-3.3679817,1,C1
0,gacs_advertisements_00_fo4LLux-.mp4,advertisements,calm,-6.463613,1.0035925,-1.7442348,-2.881058,7.8577394,-4.746742,5.8087087,-2.2294095,-0.3320102,-1.2722349,-1.4741387,2.7137778,-2.32962,-3.0420609,3,C3b
1,gacs_advertisements_00_fo4LLux-.mp4,advertisements,calm,-17.035559,1.345027,-0.14937659,9.9722595,-3.7670221,4.981102,3.9322786,-0.65733665,-1.6685164,-2.6676104,0.44840297,1.3857859,-2.0924296,-0.14671402,3,C3a
2,gacs_advertisements_00_fo4LLux-.mp4,advertisements,neutral,4.6594563,2.7878227,8.958177,-5.077411,1.5269142,-7.4019694,-0.18282604,1.7125287,0.27747595,2.3767655,2.911315,0.47387844,2.3440807,1.8313069,3,C3b
3,gacs_advertisements_00_fo4LLux-.mp4,advertisements,calm,-1.8457923,14.352656,2.476891,-9.028777,8.004162,2.3575141,4.615743,2.9634938,1.6763133,-1.7763139,1.9035053,-1.2638708,0.025317807,-1.5748677,3,C3b
4,gacs_advertisements_00_fo4LLux-.mp4,advertisements,calm,-6.61029,7.1179457,2.5046241,-6.8367004,7.3772697,-1.0956334,0.7209886,3.223638,2.7822528,-0.72666657,0.32974163,0.5747526,0.7293341,-2.893337,3,C3b
5,gacs_advertisements_00_fo4LLux-.mp4,advertisements,calm,-6.023666,7.5471325,-1.1273115,0.2941241,7.9867363,-3.4822621,9.697539,1.0982593,-0.6649002,-2.5149784,3.3139055,0.659546,4.0544224,2.1893997,3,C3b
6,gacs_advertisements_00_fo4LLux-.mp4,advertisements,elegance,-13.540781,-8.692841,-4.4650393,7.8357635,-1.5632657,-0.48225734,2.131404,0.35511762,3.693968,-3.144125,1.2845771,4.0928617,-2.7637377,-0.11546063,3,C3a
7,gacs_advertisements_00_fo4LLux-.mp4,advertisements,calm,-10.720997,-0.6662815,0.15613966,6.2189846,1.7344108,-5.2095966,4.8359895,1.3053575,0.13403231,-1.462218,2.3605082,1.3471781,4.0925403,2.8474324,3,C3a
8,gacs_advertisements_00_fo4LLux-.mp4,advertisements,calm,-4.8739514,2.903356,4.644338,3.6232774,2.6800385,-4.475668,8.9887,-1.4131876,-0.47823045,-0.2069439,5.433312,1.4630557,3.9821835,4.681869,3,C3b
9,gacs_advertisements_00_fo4LLux-.mp4,advertisements,loneliness,1.1450145,3.235471,2.9791465,0.65762967,1.8828366,-4.6546903,8.750712,-1.4481188,-2.2352378,3.9338138,5.485082,3.4111006,4.2216544,5.011346,3,C3b
10,gacs_advertisements_00_fo4LLux-.mp4,advertisements,excitement,-6.028853,-14.786157,-0.5507255,4.133126,-0.14957039,-8.608295,-0.83348835,-1.7905611,3.3044882,1.8718231,-1.0634633,-0.5381205,5.433228,1.4785775,3,C3a
11,gacs_advertisements_00_fo4LLux-.mp4,advertisements,focus,-3.947684,9.36969,-1.374628,-5.527429,6.241047,-3.4504175,7.8386292,-1.1560445,-0.29386798,-0.32538092,2.020425,0.96863157,3.224834,1.7894337,3,C3b
12,gacs_advertisements_00_fo4LLux-.mp4,advertisements,calm,-9.309117,8.203126,-0.5997021,0.40213752,5.431273,-0.22875479,8.346158,0.82275736,-1.1425062,-4.4110074,2.6063015,0.4347167,2.7753465,1.0222003,3,C3b
13,gacs_advertisements_00_fo4LLux-.mp4,advertisements,calm,-2.3066595,2.5839798,2.6912315,0.06335236,10.428227,-6.9519,4.773972,3.5127153,-1.7949109,2.2513125,-1.3338753,-0.51833403,2.3049717,1.5821381,3,C3b
14,gacs_advertisements_00_fo4LLux-.mp4,advertisements,tension,17.776562,-31.889284,-14.823122,-19.102287,-0.274246,11.750914,0.41332603,1.5792516,-3.5429347,-3.666871,1.4349798,1.5600444,3.569303,-0.17817307,2,C2
0,gacs_advertisements_02_YG8kLlRw.mp4,advertisements,urban,-5.1347575,3.5981665,8.904832,-7.611521,-0.1334387,-5.0288773,-7.462684,1.7509773,-0.8669452,1.1649985,-1.4808513,0.695362,2.7234845,-0.9244651,3,C3b
1,gacs_advertisements_02_YG8kLlRw.mp4,advertisements,elegance,-4.29471,-1.2172109,-3.6355307,-4.2420425,2.0507946,-3.5173788,-1.4236774,6.752465,3.3909767,-5.0027575,-1.4315866,1.9724202,0.25836253,-5.519518,3,C3b
2,gacs_advertisements_02_YG8kLlRw.mp4,advertisements,seriousness,14.800656,-29.40881,-15.623966,-19.534735,0.45141783,10.826755,0.30064467,3.0692267,-3.117768,-5.853179,3.749384,2.260754,2.3411093,-2.1499147,2,C2
3,gacs_advertisements_02_YG8kLlRw.mp4,advertisements,tradition,-6.0452237,0.49431956,4.692246,-3.6884487,-0.16036266,-5.565061,-7.0197024,4.428689,0.7336559,-6.8135676,5.3604693,0.02593182,-0.033078644,0.030447634,3,C3b
4,gacs_advertisements_02_YG8kLlRw.mp4,advertisements,excitement,-12.254008,-11.384393,-4.4055243,7.965535,-3.9723666,-0.9660877,0.28110814,1.4257123,3.9445379,-3.668757,1.671283,-0.022387238,-2.3998945,-1.85879,3,C3a
5,gacs_advertisements_02_YG8kLlRw.mp4,advertisements,excitement,-11.384278,-11.721581,-0.9296437,7.3569913,-3.141509,-3.0103593,-1.1277177,1.7799629,4.7404447,-1.4112992,2.7138793,1.9060253,1.2357126,-0.99135363,3,C3a
6,gacs_advertisements_02_YG8kLlRw.mp4,advertisements,joy,-12.317464,-10.469525,-1.1891645,3.978121,-1.6733828,-1.8013977,-3.20424,-1.8660069,0.03037806,2.0951786,0.8736752,-0.14631271,0.96007305,-3.0364873,3,C3a
7,gacs_advertisements_02_YG8kLlRw.mp4,advertisements,joy,-16.829088,-6.8311462,-0.7131797,12.349469,-7.253513,4.563048,-0.02040289,1.6466019,-0.7323269,-2.3118782,1.6606011,1.2249169,-2.7834158,-0.5837414,3,C3a
8,gacs_advertisements_02_YG8kLlRw.mp4,advertisements,tension,-1.574896,-7.660673,4.845217,1.3451046,-1.4724462,-8.201872,-0.46623033,-0.11092136,3.1415353,-3.8188486,3.8599782,2.1280248,2.5119164,-5.455951,3,C3b
9,gacs_advertisements_02_YG8kLlRw.mp4,advertisements,elegance,-10.793988,-6.6887136,0.82747984,1.4772972,0.19999638,-1.7622054,-0.36765727,2.0433836,4.5251293,-3.4250548,-0.71309686,-0.25428122,1.3363,-2.0743632,3,C3a
10,gacs_advertisements_02_YG8kLlRw.mp4,advertisements,amusement,-13.019631,-10.352383,-2.7546368,8.583116,-3.6271868,-1.0185887,-0.17497617,4.883141,2.7212496,-3.3503847,1.1917181,-1.0726689,-0.50892925,-0.4909103,3,C3a
11,gacs_advertisements_02_YG8kLlRw.mp4,advertisements,celebration,-11.474581,-11.055891,1.0591491,-3.1910648,-1.2625376,-1.6371297,-3.0217972,-1.7306359,2.8423934,2.7437642,-0.6036309,1.5100458,2.1287796,-2.2251427,3,C3a
12,gacs_advertisements_02_YG8kLlRw.mp4,advertisements,celebration,-13.336026,-12.677072,-2.5092697,12.963213,-6.8093333,0.95142114,-0.7116777,2.3035238,3.6325243,-3.0118837,1.9435694,0.82700545,-1.5784694,-0.5568577,3,C3a
13,gacs_advertisements_02_YG8kLlRw.mp4,advertisements,contemplation,-11.462188,-3.7531855,-4.648482,2.7564569,0.52401465,-2.3924015,-0.1705188,3.0147147,2.0740068,-3.984581,-1.5573373,-3.999831,0.52178746,-2.134018,3,C3a
14,gacs_advertisements_02_YG8kLlRw.mp4,advertisements,tension,10.43382,-13.802013,0.77173316,-2.385634,5.866773,-4.864701,-3.7231715,6.5291796,-2.3687322,-2.2091565,6.3369327,-4.116504,1.5694549,-4.116522,2,C2
0,gacs_advertisements_03_mC-NysO3.mp4,advertisements,tension,13.2806425,4.396785,14.938587,-11.20363,-9.969078,-6.575021,-1.5278943,8.946496,-1.3310971,0.8776208,-0.14444348,-1.710703,5.298567,1.5292866,0,C0
1,gacs_advertisements_03_mC-NysO3.mp4,advertisements,darkness,16.50225,14.099599,3.8788147,3.5519242,-9.054301,-2.725374,-7.2176514,12.0288105,-3.5760574,0.61714923,-2.188162,1.4918585,1.7717396,-1.0627897,1,C1
2,gacs_advertisements_03_mC-NysO3.mp4,advertisements,mystery,2.8917484,7.3400297,-5.7318144,2.2249773,9.276452,-8.906591,6.5046797,-1.9517709,-5.775106,1.3265234,-1.7430634,-0.50200444,-0.89449394,0.15826996,1,C1
0,gacs_advertisements_04_YU7TcxwF.mp4,advertisements,darkness,33.11981,2.2633975,11.522318,6.0892572,6.288867,3.8038454,2.844313,6.365988,3.697518,5.70467,4.170531,3.1168318,-3.9693658,-0.69155896,0,C0
1,gacs_advertisements_04_YU7TcxwF.mp4,advertisements,darkness,20.772491,9.017021,-7.228771,2.9871035,5.9953876,-9.491656,0.5808697,4.7149677,-5.66746,2.2164845,-3.0012267,0.7955246,-1.231039,0.20148347,1,C1
2,gacs_advertisements_04_YU7TcxwF.mp4,advertisements,poignance,-10.667081,-10.498372,2.6399984,3.4009402,-3.7478907,-3.7605133,-3.9896402,2.7402215,0.8060815,-2.824411,0.29497868,-1.6872782,2.8480833,1.69086,3,C3a
3,gacs_advertisements_04_YU7TcxwF.mp4,advertisements,calm,-1.8620085,15.498691,0.9621735,-9.523649,3.6432064,1.4538493,11.503344,-0.5551626,1.6690885,-4.448925,0.32200766,2.101784,0.01832083,-0.69986606,3,C3b
4,gacs_advertisements_04_YU7TcxwF.mp4,advertisements,adventure,5.3858037,-9.778517,-1.0839161,3.4260685,2.1520634,-12.931148,-2.8329527,2.60103,-3.327833,-0.890829,1.2227509,0.79397285,7.442044,2.6788466,3,C3b
5,gacs_advertisements_04_YU7TcxwF.mp4,advertisements,calm,-7.591733,9.7285795,-0.41448984,-1.1177827,5.7053933,-0.22072156,8.220431,1.9144366,0.768801,-5.9845605,1.753699,2.1931908,4.491142,0.8373447,3,C3b
6,gacs_advertisements_04_YU7TcxwF.mp4,advertisements,mystery,11.730636,-16.452755,-7.350721,4.4925833,13.550874,-8.075345,0.9516832,0.82643896,-8.014983,1.02304,-3.0955367,-0.9172395,-2.909275,2.1082883,2,C2
7,gacs_advertisements_04_YU7TcxwF.mp4,advertisements,mystery,3.089016,8.240797,3.2644253,-0.19378291,8.952219,-5.0682383,12.147493,-0.4745212,-2.7582223,1.3421953,-0.14837804,0.6800598,-2.2102826,2.7670074,3,C3b
8,gacs_advertisements_04_YU7TcxwF.mp4,advertisements,elegance,-0.7040885,2.2117524,-1.8803993,-13.797325,3.4866533,-5.2857842,0.8709232,-0.6556594,8.35251,-1.3223741,-5.4893537,7.4026966,-0.33268526,-2.5248427,3,C3b
9,gacs_advertisements_04_YU7TcxwF.mp4,advertisements,excitement,18.507835,1.2532235,5.456917,-6.058797,-6.9725122,-9.785806,-0.42752284,-2.8022306,1.2626506,2.744545,2.1541839,0.90573984,2.0884418,-1.3988719,0,C0
10,gacs_advertisements_04_YU7TcxwF.mp4,advertisements,elegance,-1.8687167,-7.96602,0.42310655,-3.1110075,2.5967503,-10.220415,-3.7012208,1.8944405,4.4592443,0.28705454,0.9702323,4.96851,4.4382014,0.9458633,3,C3b
11,gacs_advertisements_04_YU7TcxwF.mp4,advertisements,mystery,5.7320957,-9.239009,3.7796857,-2.9626465,1.3373823,-13.463271,-1.1036787,0.11595446,-2.6407506,0.18000937,-2.5399413,-0.11566768,2.0784523,-1.3260603,3,C3b
12,gacs_advertisements_04_YU7TcxwF.mp4,advertisements,darkness,17.373617,16.940546,-28.215805,5.543101,-2.4743407,1.8191518,-3.019458,2.5290105,-1.0021207,2.767438,-2.8894253,3.2031152,1.2352694,0.8263988,1,C1
0,gacs_animations_00_ysqiEC6b.mp4,animations,seriousness,11.833899,7.02063,-26.205849,-0.5889339,-3.892474,-2.4966357,-6.2548385,-1.7821189,1.5674776,-1.5574682,-2.5297754,1.2652751,-2.3359761,-2.5872881,1,C1
1,gacs_animations_00_ysqiEC6b.mp4,animations,contemplation,-0.6902561,7.252262,-19.00112,4.149391,0.15823841,-2.3466253,-4.382475,0.95640236,0.359199,-2.9715297,0.0808968,-1.6054971,2.0414197,1.6003199,1,C1
2,gacs_animations_00_ysqiEC6b.mp4,animations,tension,2.6713295,-15.569306,-6.617234,-4.589812,3.2510293,-9.616275,1.1994535,-0.8472579,-3.541754,-2.0790818,-4.8222833,-4.767443,-1.9599491,2.3266306,2,C2
3,gacs_animations_00_ysqiEC6b.mp4,animations,darkness,18.620573,5.120427,6.7070603,6.809184,-1.1464788,-11.771135,-1.6279247,8.986622,-7.3448896,0.5269089,0.64351153,1.4124768,-1.771853,-6.53313,0,C0
4,gacs_animations_00_ysqiEC6b.mp4,animations,tension,22.05548,-5.828803,18.725615,7.602277,2.2071686,-3.661511,0.14781189,2.637726,-2.4823732,-0.98027515,-2.116292,1.3519946,0.89560246,-1.7752877,0,C0
5,gacs_animations_00_ysqiEC6b.mp4,animations,tension,0.105099306,-0.5555258,4.1471024,-7.7492285,-5.4041443,-12.69337,-5.603034,-0.54347885,-0.4268491,-4.0180855,0.3912363,-1.5382597,1.2485207,-0.81603414,3,C3b
6,gacs_animations_00_ysqiEC6b.mp4,animations,tension,-1.9312133,-10.335961,1.5536801,6.988945,-0.85658264,-9.455699,1.5924488,2.5639353,-4.75058,2.719076,1.679678,-1.3481636,-1.481536,1.6312441,3,C3a
0,gacs_animations_01_taE3Pwur.mp4,animations,amusement,-11.533295,-3.836339,-10.310434,8.009891,-0.5520766,-2.5292401,0.92588496,4.238976,1.9856124,-1.4800446,-4.2027726,-4.688687,-1.3493555,0.09688903,3,C3a
1,gacs_animations_01_taE3Pwur.mp4,animations,darkness,8.787108,3.1078455,-5.717153,-4.0486164,3.2944806,-13.6700535,-4.040297,2.4247465,-4.549766,-1.1294633,-5.1058025,-0.34967312,-6.633236,-5.8787546,1,C1
2,gacs_animations_01_taE3Pwur.mp4,animations,celebration,-13.78244,-10.955398,-3.9597769,11.4474945,-6.115351,0.12798895,-0.22731587,2.1435115,2.8920922,-3.1292431,2.3854017,0.71988326,-1.5713432,1.2408457,3,C3a
3,gacs_animations_01_taE3Pwur.mp4,animations,tension,23.097998,10.43807,-4.710941,10.089733,0.60341173,-0.046505157,-5.9298587,-9.787794,4.699371,-1.4694284,-2.950411,-4.1241083,-0.83759576,-2.9455752,1,C1
4,gacs_animations_01_taE3Pwur.mp4,animations,chaos,28.493143,-27.86231,-7.7548747,-13.552293,3.192045,13.308476,1.645164,1.4960774,-2.2051582,-3.4735696,2.090004,2.6492093,2.811526,-0.7825476,2,C2
5,gacs_animations_01_taE3Pwur.mp4,animations,vulnerability,12.888763,10.1433115,-3.5378523,4.341597,2.6048367,-8.321115,-5.216814,0.2737903,-4.6709046,0.5464386,-4.4582133,-0.853361,-0.1360467,-2.6661088,1,C1
6,gacs_animations_01_taE3Pwur.mp4,animations,amusement,-7.080165,-11.588609,-2.8148441,1.0909699,4.015148,-0.65856737,-1.9316564,8.454131,5.0696135,-1.6902125,-4.875742,-9.4531145,1.1264518,-1.0978175,3,C3a
7,gacs_animations_01_taE3Pwur.mp4,animations,amusement,-10.778055,-11.084154,-1.8904612,8.9106455,-1.4482373,-2.135633,1.3300979,2.9937027,4.001223,-0.3194768,-2.8142529,-4.9152904,-1.4257686,1.9901146,3,C3a
8,gacs_animations_01_taE3Pwur.mp4,animations,unknown,19.188824,4.4453287,-4.2014966,-13.573914,-0.44323236,13.950978,-1.4675425,9.241569,7.4246426,4.2289987,-8.742267,0.3281275,-4.103413,12.480625,1,C1
9,gacs_animations_01_taE3Pwur.mp4,animations,chaos,5.564538,-5.7390976,9.020777,-2.1414144,-22.44864,-7.340256,5.866331,-3.6227953,-1.9067354,1.035221,-5.1278586,-2.4644232,0.7285996,-3.331924,3,C3b
0,gacs_animations_02_shW9i6k8.mp4,animations,excitement,-8.270615,-12.757252,1.5998561,3.9595058,-4.6587286,-9.056943,0.2299632,-1.961724,4.3353605,1.4423668,-0.45375186,-0.18241498,0.92297274,1.3679888,3,C3a
1,gacs_animations_02_shW9i6k8.mp4,animations,chaos,15.475913,-5.3576202,7.144769,0.031232562,-14.9976425,-7.235451,6.644842,-3.8166842,3.315687,1.8738694,0.23728055,-0.47139573,1.1841141,-7.772157,0,C0
2,gacs_animations_02_shW9i6k8.mp4,animations,contemplation,-3.8423936,-3.6871986,0.2620728,0.0987911,-0.26923215,-10.8601265,4.1265593,-1.4917355,1.8253226,0.7137425,-2.2180521,-3.9819527,3.6115472,3.120484,3,C3b
3,gacs_animations_02_shW9i6k8.mp4,animations,fear,34.32947,-16.431135,8.937306,2.2756352,13.378475,10.280115,0.35558417,5.2639656,1.5841798,2.215992,-0.033644464,0.73301613,-1.2276613,-0.9799853,0,C0
4,gacs_animations_02_shW9i6k8.mp4,animations,neutral,15.562061,10.084767,-0.7477003,-9.850004,-8.662334,1.6368444,0.35877538,9.082193,8.593341,1.4976559,-4.47035,-7.3697095,-1.6299986,-4.65257,1,C1
5,gacs_animations_02_shW9i6k8.mp4,animations,neutral,3.937672,15.150025,-1.7028608,-12.549876,4.0813847,-0.34603763,7.4814014,5.2300177,3.0977573,0.6023629,3.0602384,2.9784002,-1.7118914,-1.8605541,1,C1
6,gacs_animations_02_shW9i6k8.mp4,animations,vulnerability,14.367862,-2.8419302,10.41144,5.5120955,3.619013,-2.871579,-4.551909,-8.941495,4.417424,-1.3427639,-1.0209247,-1.7519594,0.5748163,-3.2422385,0,C0
7,gacs_animations_02_shW9i6k8.mp4,animations,excitement,7.007109,-8.647883,5.1717687,-2.0910218,-22.694181,-6.2171993,9.028501,-5.4683022,-0.9680041,2.2545624,-5.5382147,-2.2208166,-0.010021957,-2.5433815,3,C3b
8,gacs_animations_02_shW9i6k8.mp4,animations,excitement,0.15092844,-14.497424,-0.93919855,1.0081685,-1.0218706,-9.164682,-0.6383458,-2.4280953,6.7249484,5.07481,-5.9949384,-4.4061437,2.302592,0.11878581,3,C3a
9,gacs_animations_02_shW9i6k8.mp4,animations,excitement,-4.0845838,-14.485964,-0.39509514,3.4215431,0.9252705,-6.7743707,-0.14638439,1.2886924,6.3539324,0.90908706,-2.6778085,-3.068516,4.873867,0.8449222,3,C3a
10,gacs_animations_02_shW9i6k8.mp4,animations,seriousness,-2.2047966,3.1966958,-0.112165794,-11.215831,-2.2268875,-7.7195563,-5.870355,-0.70276564,5.981335,-4.695509,0.24121709,-1.3342382,-4.567933,1.9632362,3,C3b
0,gacs_animations_03_xOsLIiBS.mp4,animations,excitement,-12.204061,-14.327939,0.021221878,6.807717,-2.4946845,-0.84925866,-1.6975135,0.70634824,4.8939767,-0.04154696,-1.0438727,-0.40586823,-0.6400112,1.2091174,3,C3a
1,gacs_animations_03_xOsLIiBS.mp4,animations,chaos,17.551203,0.2425216,9.043647,-9.062819,-17.42406,-6.515218,6.2668695,-6.013523,2.5578387,1.0999705,-1.3402146,-1.0407201,0.74296385,-4.2680697,0,C0
2,gacs_animations_03_xOsLIiBS.mp4,animations,tension,20.386507,-31.513775,-10.06503,-16.448683,1.0724578,12.197372,1.9915938,2.1745439,-3.2440546,-2.5458512,1.5965493,1.8303658,1.5680097,0.144171,2,C2
3,gacs_animations_03_xOsLIiBS.mp4,animations,mystery,4.2706475,-7.496188,-6.799637,-4.6062436,9.650482,-7.006092,4.050505,-2.8045185,-0.48325312,6.38577,-4.798709,-3.3649049,-6.0356717,0.7494652,2,C2
4,gacs_animations_03_xOsLIiBS.mp4,animations,mystery,8.399142,-7.505419,-2.5465512,-4.9990373,5.4359803,-7.609086,1.526746,6.0615277,-5.3528576,5.3138714,-2.6047344,-0.8244634,-2.7511408,2.5181768,2,C2
5,gacs_animations_03_xOsLIiBS.mp4,animations,mystery,1.1507398,-9.653084,-4.112776,5.9335556,8.704568,-8.129535,4.9249682,-1.1108911,-2.7921677,4.5308666,-2.9273567,-2.815783,-3.3656597,3.8609843,3,C3a
6,gacs_animations_03_xOsLIiBS.mp4,animations,mystery,-9.276288,-12.1086645,-7.208594,5.6932673,2.7200277,-1.9033184,1.2401998,3.5717103,1.4945077,0.34265122,-1.5811065,-3.4066768,-2.6752102,0.7733325,3,C3a
7,gacs_animations_03_xOsLIiBS.mp4,animations,mystery,-0.76277506,-8.1825285,-7.5291324,2.9287176,12.779819,-3.9650419,3.917056,-1.3852555,-0.04096461,2.2518568,1.409271,-1.7176541,-3.1517017,0.8267984,3,C3a
8,gacs_animations_03_xOsLIiBS.mp4,animations,mystery,-1.9524716,-3.9034235,-5.160871,-1.8474283,6.1116643,-8.958207,2.633859,-3.388702,-3.375871,3.1604273,-1.0363983,-2.1955109,-6.280415,-1.9488937,3,C3b
9,gacs_animations_03_xOsLIiBS.mp4,animations,mystery,-3.626341,-1.8174087,-2.6890142,-1.5240065,9.665872,-5.442701,6.422605,-1.3533461,-0.3857353,2.6308057,-0.11745107,-0.9342151,-4.9371414,0.533227,3,C3b
0,gacs_animations_04_h9h-2ENa.mp4,animations,amusement,-11.8087015,-9.04233,-3.392763,10.181056,0.62241817,0.8390767,-0.69533086,5.444143,2.177838,-1.5051612,-0.77668107,-5.5969257,0.5830769,0.7395515,3,C3a
1,gacs_animations_04_h9h-2ENa.mp4,animations,amusement,-15.255908,-9.375554,-5.182071,10.774702,-3.1664243,0.5380343,-1.075575,2.8413284,4.129868,-0.44688717,-1.1879727,-0.5681658,-1.1115121,0.99964505,3,C3a
2,gacs_animations_04_h9h-2ENa.mp4,animations,amusement,-15.725986,-10.1329975,-1.1307956,11.064683,-3.1389651,2.0281084,-0.97257555,4.3933687,2.5253334,-1.7886393,0.19344085,-1.888033,-2.115747,0.5169497,3,C3a
3,gacs_animations_04_h9h-2ENa.mp4,animations,amusement,-15.006136,-6.6982794,-1.650278,10.32755,-3.5830336,1.2656436,2.1081412,2.9592907,0.59918225,-1.1928655,-1.0682465,-3.9232967,-1.740708,0.11884414,3,C3a
0,gacs_emotional_shorts_00_78hzXX60.mp4,emotional_shorts,focus,-7.53806,5.1296535,5.9735303,-6.133928,2.284187,-1.0362085,2.178505,0.32320657,3.6480992,0.1914046,1.774506,2.527408,-0.10901315,-0.38062966,3,C3b
1,gacs_emotional_shorts_00_78hzXX60.mp4,emotional_shorts,tension,24.998156,-23.619534,2.720256,-2.5440118,8.586828,7.8977165,-3.8881552,4.728269,-6.956887,-1.6093467,0.58933485,3.1170826,4.039641,-1.5481234,2,C2
2,gacs_emotional_shorts_00_78hzXX60.mp4,emotional_shorts,sadness,24.228897,6.16124,4.4955773,12.054451,6.877646,5.958065,-8.140264,-10.844387,2.054534,-3.9026692,0.34124842,-5.011934,-0.096032485,-0.87317216,0,C0
3,gacs_emotional_shorts_00_78hzXX60.mp4,emotional_shorts,joy,-17.498446,2.0315018,2.814069,10.131819,-3.0029323,6.855084,1.8946195,3.9916952,-1.410217,-3.2518473,0.027381899,-0.6228495,0.5672074,-0.037129574,3,C3a
4,gacs_emotional_shorts_00_78hzXX60.mp4,emotional_shorts,warmth,-17.234747,-4.5294356,2.446386,6.9473915,-1.1780596,4.0330696,-3.3157144,2.06938,-1.3312091,1.9950098,0.67763376,0.9445585,-1.1046965,0.56346005,3,C3a
5,gacs_emotional_shorts_00_78hzXX60.mp4,emotional_shorts,sadness,15.048193,13.428374,-30.84842,-0.07910775,-7.8108935,6.439935,-2.4873726,2.1733937,3.0969446,1.2484779,-0.9016185,2.130743,4.5723133,1.109064,1,C1
6,gacs_emotional_shorts_00_78hzXX60.mp4,emotional_shorts,celebration,-14.609327,-3.5790577,0.29482877,4.550279,-1.4679493,1.0937246,1.2519809,1.6644444,3.5932117,-1.187884,1.4742135,-0.020464867,3.6429198,-0.7132747,3,C3a
7,gacs_emotional_shorts_00_78hzXX60.mp4,emotional_shorts,seriousness,-6.0858274,10.266508,7.135595,-10.55326,0.643588,0.061855003,-4.078895,-1.172975,0.9951973,-4.7343636,3.843646,1.7637931,-3.1899056,-0.07775177,3,C3b
8,gacs_emotional_shorts_00_78hzXX60.mp4,emotional_shorts,seriousness,-8.562201,8.52129,6.8799996,-10.209967,-1.6800884,-0.11829416,-5.0338745,-1.7635741,0.6869025,-5.1861944,2.4674637,1.979313,-5.487057,1.7108299,3,C3b
9,gacs_emotional_shorts_00_78hzXX60.mp4,emotional_shorts,warmth,-14.014141,3.783902,3.849182,-3.9530575,0.838575,3.7102044,-5.7598934,-2.0458186,-4.698124,4.536518,-1.4171857,0.83726406,-0.056132615,-1.3108104,3,C3b
10,gacs_emotional_shorts_00_78hzXX60.mp4,emotional_shorts,celebration,-11.686726,-7.617484,-2.830546,5.3691616,-2.0881217,0.67239213,-3.1719222,-1.2601666,1.873295,4.3078566,6.8747334,1.8178451,-3.2678347,-3.818487,3,C3a
11,gacs_emotional_shorts_00_78hzXX60.mp4,emotional_shorts,romance,12.139827,-2.1872902,-6.694533,-0.961889,-3.578908,-0.2811185,3.004329,4.3375382,6.608268,9.632149,12.428826,-6.314968,-3.9575663,-5.3075886,1,C1
12,gacs_emotional_shorts_00_78hzXX60.mp4,emotional_shorts,tension,-7.9691267,4.083326,6.6200843,-4.795184,2.1641123,0.25750306,-8.875962,2.3465962,-5.8201857,4.6297464,-0.8090838,-3.400011,4.6912994,-2.4007242,3,C3b
0,gacs_emotional_shorts_01_n5U8Z7VY.mp4,emotional_shorts,joy,-16.313946,-5.757718,-4.153001,6.472993,-0.7249952,3.2317898,-2.1971648,-0.67358744,1.8755089,0.72868794,-0.30100685,3.7167056,-2.0003202,0.93138653,3,C3a
1,gacs_emotional_shorts_01_n5U8Z7VY.mp4,emotional_shorts,warmth,-16.679808,2.117367,2.8497865,3.3920047,-0.68774045,5.7508264,2.0508943,-0.39841133,-1.7814713,-0.21598323,-0.9726431,-0.43858817,0.6007014,-2.071795,3,C3a
2,gacs_emotional_shorts_01_n5U8Z7VY.mp4,emotional_shorts,warmth,-12.784954,-4.976084,-12.392246,9.673716,0.8940349,0.116987504,-1.2143413,-0.075388506,2.8055866,-0.37251586,-1.4792396,2.633545,1.3561158,-0.049495652,3,C3a
3,gacs_emotional_shorts_01_n5U8Z7VY.mp4,emotional_shorts,warmth,-14.906199,-0.86031824,-2.6094437,6.9146905,-1.5844622,3.0839617,2.575511,0.81857646,2.3594215,-0.75362545,-0.6348772,1.0164382,-0.48949316,-1.5529284,3,C3a
4,gacs_emotional_shorts_01_n5U8Z7VY.mp4,emotional_shorts,nostalgia,2.4838948,11.416061,-9.456768,-2.9394743,6.833996,0.8333282,2.7773218,6.638745,4.76687,-2.0575616,-2.1375108,-3.6534421,6.2300444,1.491444,1,C1
5,gacs_emotional_shorts_01_n5U8Z7VY.mp4,emotional_shorts,nostalgia,-6.689481,-0.58026946,-6.253619,0.20469975,2.8682241,-2.0713193,-3.4459665,2.0252757,8.233426,1.5207736,-0.851537,1.6223677,3.6611617,1.2622783,3,C3b
6,gacs_emotional_shorts_01_n5U8Z7VY.mp4,emotional_shorts,celebration,-15.360245,-8.21022,-5.875228,9.635636,-4.3451996,0.8543931,0.41541952,0.19354852,2.4606915,-0.35947436,2.0315268,3.1315215,-1.6290108,0.5622373,3,C3a
7,gacs_emotional_shorts_01_n5U8Z7VY.mp4,emotional_shorts,joy,-16.495646,-8.34597,0.55366784,7.068927,-4.715059,3.6322665,-2.760241,0.5073075,-1.414574,1.3545443,2.7945921,1.6976827,-2.339857,-1.1277168,3,C3a
8,gacs_emotional_shorts_01_n5U8Z7VY.mp4,emotional_shorts,joy,-4.974669,-22.684776,-7.7367687,-3.1703827,2.5578449,4.7177453,-2.3032362,-0.694265,-1.9374183,0.54495937,1.1335714,0.027664486,0.6148945,-2.7268193,2,C2
9,gacs_emotional_shorts_01_n5U8Z7VY.mp4,emotional_shorts,warmth,-16.305082,1.8859954,-0.45572737,5.7995195,-0.8058409,4.535821,3.8285475,1.2009834,0.49726143,-2.1668048,-1.3599387,-0.5427894,1.1940085,-2.4460905,3,C3a
10,gacs_emotional_shorts_01_n5U8Z7VY.mp4,emotional_shorts,warmth,-12.10647,-3.3713007,-1.0296587,5.8631115,-2.7392762,-1.8166165,-3.5367885,-0.29457808,-0.8412849,-1.4916523,1.7834798,0.5307102,3.006001,-1.6389714,3,C3a
11,gacs_emotional_shorts_01_n5U8Z7VY.mp4,emotional_shorts,warmth,-17.220982,-2.2609951,2.3097064,6.4501586,-0.6098219,5.9962378,-3.389142,4.182139,-2.3022099,1.0920199,-0.23781428,-1.0583277,1.4024334,-0.9163127,3,C3a
12,gacs_emotional_shorts_01_n5U8Z7VY.mp4,emotional_shorts,warmth,-17.56386,-2.3604674,3.2235384,5.961982,-1.3059348,5.8819284,-3.174685,3.6601927,-1.8745617,1.0998144,-0.5273164,-0.42977408,0.12186653,-0.4389504,3,C3a
0,gacs_emotional_shorts_03_lEDHRh8g.mp4,emotional_shorts,darkness,32.631107,10.306044,10.646009,6.39364,3.1161568,9.638418,-1.459021,11.558904,4.8163776,3.8820477,3.9983463,1.7911134,-4.2857423,1.2391624,0,C0
1,gacs_emotional_shorts_03_lEDHRh8g.mp4,emotional_shorts,tension,24.135313,6.401334,15.508899,7.8946013,5.014839,5.406536,-6.1190763,-6.880674,1.0507485,-2.4502096,-0.256157,-5.0406566,3.0575776,2.261339,0,C0
2,gacs_emotional_shorts_03_lEDHRh8g.mp4,emotional_shorts,sadness,19.284588,18.248314,-19.399422,13.790622,-5.0110474,6.2726536,-5.9210553,-1.0488819,-0.28827018,2.141872,-2.4261193,2.3525734,3.302408,1.9705895,1,C1
3,gacs_emotional_shorts_03_lEDHRh8g.mp4,emotional_shorts,nature,15.834514,18.692131,-13.434039,-5.570545,-9.624748,10.873002,-2.2772183,15.431404,5.5368576,-0.9125394,-2.3762655,-3.8284466,3.022471,2.900716,1,C1
4,gacs_emotional_shorts_03_lEDHRh8g.mp4,emotional_shorts,tension,18.516148,5.156398,2.0627568,-1.9782193,-0.96452534,-8.7046,2.2514489,4.1598463,-4.4277616,3.7891097,1.4679852,-1.0867612,-0.73030895,-0.71150917,0,C0
5,gacs_emotional_shorts_03_lEDHRh8g.mp4,emotional_shorts,nature,-13.751362,1.681885,4.8190765,4.4731197,-3.8840435,3.7304013,-1.0361382,12.223953,3.4098818,-2.813559,0.98072845,-1.9092119,-0.36116216,2.9686725,3,C3a
6,gacs_emotional_shorts_03_lEDHRh8g.mp4,emotional_shorts,tension,8.827234,16.88166,-1.9374826,11.812298,-1.5028753,3.9173582,-9.0609045,0.6324726,-8.475201,-0.32182184,0.075407386,-1.0809405,0.94432825,-0.08290072,1,C1
7,gacs_emotional_shorts_03_lEDHRh8g.mp4,emotional_shorts,sadness,21.806135,17.204546,-15.406591,13.95487,-2.181861,6.2152104,-3.354792,-2.1315246,1.6047813,0.6746741,-2.4914024,2.4829216,3.155668,2.4531775,1,C1
8,gacs_emotional_shorts_03_lEDHRh8g.mp4,emotional_shorts,mystery,17.650803,12.409118,-0.37419048,5.295902,-6.809209,-4.3104405,-3.4692678,7.901449,-5.625292,0.89348507,-0.14136922,0.58393615,-2.1553907,-2.5593457,1,C1
9,gacs_emotional_shorts_03_lEDHRh8g.mp4,emotional_shorts,darkness,5.0681224,3.0545635,13.684163,11.9781065,7.1494846,-2.857985,-3.5077991,-2.0282393,-4.9445915,-4.6036625,3.8253515,3.694189,-1.3687663,4.3777328,0,C0
10,gacs_emotional_shorts_03_lEDHRh8g.mp4,emotional_shorts,tension,-0.8875684,4.8750052,11.033789,-4.322991,-0.7334657,-3.5752475,-1.348466,-4.1909885,-3.5568109,3.3632133,3.2897842,-2.4142036,3.5349727,3.923943,3,C3b
11,gacs_emotional_shorts_03_lEDHRh8g.mp4,emotional_shorts,tension,-8.601036,3.1006224,4.3964725,1.0981545,0.6198757,-3.3595886,-0.26245353,4.2145214,-2.2979982,-4.9371514,4.4916625,-1.9711933,3.1115196,5.011213,3,C3b
12,gacs_emotional_shorts_03_lEDHRh8g.mp4,emotional_shorts,vulnerability,21.165665,9.325397,5.970826,-6.5724616,-6.425045,4.034277,-8.178046,13.032228,1.3008592,-1.7727232,-0.1282213,-6.3210735,5.137172,1.2513762,0,C0
0,gacs_movie_trailers_01_9ix7TUGV.mp4,movie_trailers,darkness,4.0256324,9.257373,-3.8884547,1.3586823,8.701073,-6.4895043,4.3031344,1.5317323,-2.560977,1.8595847,-0.4417312,2.9509904,-3.5614748,-2.7311296,1,C1
1,gacs_movie_trailers_01_9ix7TUGV.mp4,movie_trailers,mystery,33.560066,-8.219401,16.636305,9.61445,11.063381,7.819073,-0.26689857,0.9282404,2.280627,1.0798229,-3.04161,3.5743427,-2.3985457,0.7690684,0,C0
2,gacs_movie_trailers_01_9ix7TUGV.mp4,movie_trailers,calm,-4.2728786,9.902311,-1.0786189,-2.0187016,7.981013,-2.1592293,10.10481,-1.7157259,-0.7424862,-3.662039,1.6999097,0.41688222,4.077979,1.9261364,3,C3b
3,gacs_movie_trailers_01_9ix7TUGV.mp4,movie_trailers,tension,31.851166,8.865612,12.358466,0.6429229,-10.329421,6.7737126,-0.60855955,4.8063626,-0.018484635,-0.7099686,0.8885014,2.2865958,0.37504634,1.1028017,0,C0
4,gacs_movie_trailers_01_9ix7TUGV.mp4,movie_trailers,focus,16.577175,15.033249,-26.540894,0.31483486,-3.4273083,2.9750276,-0.1186889,0.14812818,4.2249427,2.237905,-1.5380528,1.0604799,2.9065638,1.0968815,1,C1
5,gacs_movie_trailers_01_9ix7TUGV.mp4,movie_trailers,mystery,7.222976,-21.05732,-9.116354,-1.2409534,11.121017,-2.140269,4.0055666,-1.207459,-3.2619867,0.43995732,-1.8664773,-2.5819466,-2.5417411,3.3631492,2,C2
6,gacs_movie_trailers_01_9ix7TUGV.mp4,movie_trailers,tension,16.236673,1.7279447,-3.8465,0.2852822,1.789855,-12.683323,-5.2335496,3.9188685,-7.569001,-2.1111386,0.83882856,0.30823502,-4.486195,-7.1581936,1,C1
7,gacs_movie_trailers_01_9ix7TUGV.mp4,movie_trailers,tension,15.674527,-11.881541,2.0677176,0.39917302,-2.762761,-12.314591,0.7982886,3.2764635,-6.8656807,-0.37459233,-0.55439925,-0.013247648,2.6799643,-2.279061,0,C0
8,gacs_movie_trailers_01_9ix7TUGV.mp4,movie_trailers,sadness,16.416721,-2.556103,-26.432993,6.640365,-3.517112,-3.5789342,-1.0711911,-6.464513,-4.1723814,-0.013871638,-1.2441667,1.5745798,2.1171665,0.0411205,1,C1
9,gacs_movie_trailers_01_9ix7TUGV.mp4,movie_trailers,tension,30.12329,10.332282,2.2840712,13.690736,1.8791252,6.192571,-7.1006007,-5.1011224,3.2248318,-3.018074,-1.6709174,-2.2928615,0.16968042,-0.9937988,0,C0
10,gacs_movie_trailers_01_9ix7TUGV.mp4,movie_trailers,fear,30.552368,-6.7198286,19.272442,9.012967,-6.089678,1.5155289,4.0249534,-3.0682416,-1.5571494,-2.1641266,1.3685356,5.9747615,3.1849046,-3.4727373,0,C0
0,gacs_movie_trailers_02_aWzlQ2N6.mp4,movie_trailers,darkness,18.547241,-11.573853,4.9355545,10.226108,11.731118,-6.4260287,0.572891,0.98820484,-6.666743,0.47631425,-5.5230103,0.31009856,-3.4063973,1.0083802,0,C0
1,gacs_movie_trailers_02_aWzlQ2N6.mp4,movie_trailers,excitement,23.148272,-4.883097,11.165502,0.30237505,-14.180211,-2.9487112,5.6452317,-1.0900304,3.359961,1.7603911,3.1539865,1.7028002,2.8340747,-5.8258996,0,C0
2,gacs_movie_trailers_02_aWzlQ2N6.mp4,movie_trailers,tension,22.513662,-7.5975165,5.504145,3.081133,-1.4020635,-6.4691195,2.4175181,6.553492,-4.858081,1.1039766,4.345338,2.000538,0.4214807,-4.0867825,0,C0
3,gacs_movie_trailers_02_aWzlQ2N6.mp4,movie_trailers,fear,33.167213,1.7311847,16.052525,9.898682,1.7765112,5.160122,3.5766227,1.0973109,4.956183,1.4765217,-0.34759983,7.1077795,-0.22528096,0.5010357,0,C0
4,gacs_movie_trailers_02_aWzlQ2N6.mp4,movie_trailers,tension,30.194607,-0.6749534,15.956604,10.729563,7.614205,1.3349463,-1.1412466,4.779994,-2.4158938,-2.193484,-3.7857885,3.323368,-0.95066303,0.4410347,0,C0
5,gacs_movie_trailers_02_aWzlQ2N6.mp4,movie_trailers,darkness,35.13761,-1.6235011,16.355423,8.642334,5.1289186,6.4459496,1.0600843,8.182012,0.04011274,2.2885075,3.5109456,6.944564,-2.5462847,0.0066567585,0,C0
6,gacs_movie_trailers_02_aWzlQ2N6.mp4,movie_trailers,tension,11.565696,7.707492,1.0379592,-1.7894735,1.6429716,-14.079339,-4.1234775,8.614501,-3.5730586,-1.5585393,-3.3938828,0.72811884,0.50694525,-4.7662787,1,C1
0,gacs_movie_trailers_03_Go8nTmfr.mp4,movie_trailers,mystery,14.139572,-9.284871,5.6131907,2.5422723,2.8046224,-10.570518,-2.2445893,4.078249,-8.683795,-1.500612,-3.0578406,-1.2085066,1.1149337,0.68036246,0,C0
1,gacs_movie_trailers_03_Go8nTmfr.mp4,movie_trailers,tension,6.3005795,-6.8716125,1.972528,-1.2887018,2.075383,-14.527226,-2.6515644,2.4671483,-0.5634244,-0.30410412,-5.5948844,0.021393184,2.8487215,-0.9547424,3,C3b
2,gacs_movie_trailers_03_Go8nTmfr.mp4,movie_trailers,darkness,12.632694,3.2038372,4.099513,4.4893146,-4.990063,-11.947856,-3.1091607,5.5221667,-6.223946,0.20498505,1.1757956,-1.0822741,5.3012404,-2.971578,0,C0
3,gacs_movie_trailers_03_Go8nTmfr.mp4,movie_trailers,tension,20.849167,2.8738751,7.2290096,4.0001163,-16.7719,-8.296953,3.4495022,-2.865904,-1.2228192,0.20196106,3.905146,1.4652013,2.5311904,-6.0461326,0,C0
4,gacs_movie_trailers_03_Go8nTmfr.mp4,movie_trailers,wonder,13.827514,-27.42393,-9.920926,-1.9142723,8.399158,1.0899012,2.6230526,1.5433447,-5.412793,0.46658587,-1.931294,-1.8999375,-0.71187025,4.294986,2,C2
5,gacs_movie_trailers_03_Go8nTmfr.mp4,movie_trailers,seriousness,18.617859,12.204313,0.52204955,-8.571005,-30.60799,4.8934245,1.0217966,10.674073,-8.040388,-0.61404413,1.474301,1.7254599,-3.6947334,6.28288,1,C1
6,gacs_movie_trailers_03_Go8nTmfr.mp4,movie_trailers,tension,21.930471,-5.6179013,6.4363565,-3.7546377,-5.464089,-5.3970904,0.34180498,4.4582233,5.8155913,8.119497,9.76447,-3.9091065,0.5772586,-4.431514,0,C0
7,gacs_movie_trailers_03_Go8nTmfr.mp4,movie_trailers,tension,5.1555576,-9.380389,2.4561791,2.7781065,1.1185101,-12.8088665,-0.36593562,3.2034087,-0.5084632,-0.20527996,-3.7998452,-2.8131914,5.596524,0.32625097,3,C3b
8,gacs_movie_trailers_03_Go8nTmfr.mp4,movie_trailers,tension,12.492974,-16.975683,-5.3393836,1.6826419,2.5546865,-8.774334,2.9111335,0.9850389,-8.504598,-0.19122663,-2.8457463,-0.94768244,-2.2509649,2.6507473,2,C2
9,gacs_movie_trailers_03_Go8nTmfr.mp4,movie_trailers,wonder,13.665386,-21.697578,-5.529351,-3.6087112,8.843053,-4.5191627,2.9715807,2.8421965,-6.0169983,1.8008498,-1.9790342,-1.1617213,-1.4079334,3.816905,2,C2
10,gacs_movie_trailers_03_Go8nTmfr.mp4,movie_trailers,anger,12.6265335,-1.069119,7.0385923,-11.140525,-31.859194,-2.4623652,6.1289763,-2.20979,-6.5043225,1.1120235,-3.7686636,-1.885205,-2.385571,6.3364387,0,C0
0,gacs_movie_trailers_04_x_me3xsv.mp4,movie_trailers,loneliness,24.163378,18.32977,-21.747318,12.082793,-6.1407948,7.1980534,-1.9069431,-0.10236159,1.0478842,2.142509,0.17118305,3.2210643,1.4278165,6.385129,1,C1
1,gacs_movie_trailers_04_x_me3xsv.mp4,movie_trailers,seriousness,10.430864,14.294473,-21.938765,1.3830612,-5.861846,-1.3476497,-3.7844853,-4.6762486,1.2026831,-3.9777668,2.431999,0.21641722,-0.44957706,-0.42785415,1,C1
2,gacs_movie_trailers_04_x_me3xsv.mp4,movie_trailers,tension,22.281584,17.955479,-23.390318,8.663434,-7.7467237,4.7394524,-2.8385727,0.41389582,0.989435,0.73584604,0.1406905,1.7195085,1.7196695,5.290943,1,C1
3,gacs_movie_trailers_04_x_me3xsv.mp4,movie_trailers,mystery,13.783757,-4.5237455,-3.7170246,-1.5642527,3.3026857,-13.497755,2.6398408,2.0705285,-8.967212,2.8164878,-5.5010133,-2.466801,-2.605658,-3.1599758,1,C1
4,gacs_movie_trailers_04_x_me3xsv.mp4,movie_trailers,sadness,16.762182,15.734786,-31.637833,1.9672892,-5.2519436,4.985328,-1.4418778,-1.0319362,2.3638427,2.0875375,-1.7519813,1.1249566,4.748025,2.277836,1,C1
5,gacs_movie_trailers_04_x_me3xsv.mp4,movie_trailers,chaos,27.418684,1.6491363,13.746717,14.430734,0.5104899,2.8933759,2.2145483,-3.8275027,1.5330349,-0.5978621,0.9657861,7.220696,0.7812644,1.041334,0,C0
6,gacs_movie_trailers_04_x_me3xsv.mp4,movie_trailers,calm,1.3752532,0.8659736,2.705706,7.699008,9.946984,-7.953443,8.008404,-1.3993797,-3.2061973,1.9549189,3.3941815,1.2678857,1.8153465,2.1261175,3,C3b
7,gacs_movie_trailers_04_x_me3xsv.mp4,movie_trailers,fear,31.035616,-5.8305736,21.46659,11.533406,0.7341018,6.4131455,1.0341067,1.9423852,-0.21965782,-3.4458745,0.1324399,5.1694946,1.488523,2.2776446,0,C0
8,gacs_movie_trailers_04_x_me3xsv.mp4,movie_trailers,hope,-3.220249,-8.157385,-4.4792824,-1.3642938,2.6181948,-10.062483,-2.5935073,-2.9023883,-1.4462087,-3.3018448,1.4217262,1.041504,-2.0729778,4.2775397,3,C3b
9,gacs_movie_trailers_04_x_me3xsv.mp4,movie_trailers,contemplation,18.022696,-23.058176,-8.3305025,-3.2774518,13.3860855,-0.4433125,4.2851048,0.76356906,-6.42543,1.0759484,-2.643983,-3.673238,-2.334934,4.7286596,2,C2
0,gacs_advertisements_03_9Bo2OIxp.mp4,advertisements,calm,-12.93821,9.132032,4.870716,-5.18575,3.4155657,5.1695714,1.9731913,1.7398213,1.6844226,-0.43768823,-2.2749703,-0.9718156,1.8262314,-3.9503736,3,C3b
1,gacs_advertisements_03_9Bo2OIxp.mp4,advertisements,informative,-13.284562,6.9450884,4.0854607,-1.9158868,3.4937546,5.685354,1.2020506,2.9168696,1.3216807,-1.0536662,-1.1871601,-2.641537,2.699285,-4.702942,3,C3b
2,gacs_advertisements_03_9Bo2OIxp.mp4,advertisements,seriousness,-11.018289,-0.39428812,7.0318937,-8.999701,-3.2718081,-1.199813,-8.266919,-1.8709792,-1.1662071,-2.1829684,5.0228763,2.0306218,-2.3446598,3.3689594,3,C3b
3,gacs_advertisements_03_9Bo2OIxp.mp4,advertisements,sadness,24.123716,6.064836,13.274285,10.727194,9.095821,8.638298,-9.172288,-7.725332,3.849642,-2.6378572,0.100889355,-5.0311565,0.61619383,1.6915323,0,C0
4,gacs_advertisements_03_9Bo2OIxp.mp4,advertisements,informative,-10.185166,9.04949,7.3111205,-7.7570424,3.52201,5.1588864,1.2981833,0.6268987,-0.04988484,0.93605053,-0.54618967,-1.8625915,1.5961791,-3.8072488,3,C3b
5,gacs_advertisements_03_9Bo2OIxp.mp4,advertisements,neutral,-12.93309,8.475781,4.6594944,-4.15985,2.2751281,5.259514,3.0077722,0.664909,-0.24004647,-0.8908828,-1.1856185,-1.6878611,2.0151827,-4.4651055,3,C3b
6,gacs_advertisements_03_9Bo2OIxp.mp4,advertisements,informative,-13.022975,6.7817254,5.315286,-8.259337,1.387271,3.8755648,-1.9823658,1.1559467,0.48706535,-0.39512703,-1.0840176,-1.6148415,-0.044159684,-2.9234197,3,C3b
7,gacs_advertisements_03_9Bo2OIxp.mp4,advertisements,tension,4.57991,9.532776,9.327194,-13.477863,-25.763878,3.6043227,0.2550646,-2.8541648,-7.0689955,2.541054,-3.0891855,-5.0940647,-1.1836604,2.6173296,3,C3b
8,gacs_advertisements_03_9Bo2OIxp.mp4,advertisements,focus,-11.802488,9.018434,8.448908,-6.530512,3.1814303,6.8533998,0.8362773,3.7374823,0.4476166,-0.005188339,-1.2248336,-2.790046,2.4855988,-2.6828854,3,C3b
9,gacs_advertisements_03_9Bo2OIxp.mp4,advertisements,excitement,-10.1522255,-10.571653,6.020438,5.43932,-6.573226,-3.7783403,-3.8004298,-0.19518462,0.5502095,-1.9426633,1.7247833,0.7943979,1.1308491,-0.9821063,3,C3a
10,gacs_advertisements_03_9Bo2OIxp.mp4,advertisements,anger,-4.0120783,2.2104907,11.607762,-14.573092,-22.479294,3.3176816,0.033641584,-2.6783435,-8.0543375,2.3527725,-3.018578,-2.3527393,-5.4121165,4.5852714,3,C3b
11,gacs_advertisements_03_9Bo2OIxp.mp4,advertisements,informative,-10.895653,10.037078,6.0748854,-7.7903805,3.2563636,5.6631417,2.4108312,0.95605403,-0.07336051,0.69444776,-1.805365,-0.454263,1.1282362,-4.0525136,3,C3b
12,gacs_advertisements_03_9Bo2OIxp.mp4,advertisements,neutral,-13.287488,8.681022,4.422496,-3.8461766,3.4917052,5.889349,2.070815,2.4629323,1.1051774,-0.52848536,-1.8276796,-1.7492914,1.9783392,-4.0623736,3,C3b
0,gacs_emotional_shorts_03_KnEBs_-j.mp4,emotional_shorts,excitement,11.027971,-2.5843055,-8.031352,7.829972,0.19914906,-2.4382706,3.1411214,-3.9590707,4.515482,11.616441,11.676193,-5.2493706,-2.7771857,-2.1556203,1,C1
1,gacs_emotional_shorts_03_KnEBs_-j.mp4,emotional_shorts,excitement,1.4903975,-4.740245,7.477041,-7.605559,-0.65092504,-2.6240005,1.4334606,-4.1885343,-0.7965052,8.191147,5.1398835,-4.4181237,3.0075707,-1.9581228,3,C3b
2,gacs_emotional_shorts_03_KnEBs_-j.mp4,emotional_shorts,amusement,-15.935463,-1.8657626,4.465086,3.4845262,-0.70252705,5.2079797,-0.111150034,5.289085,-0.46028584,-0.12858519,-0.9586658,-6.2857904,3.0519202,-1.07507,3,C3a
3,gacs_emotional_shorts_03_KnEBs_-j.mp4,emotional_shorts,calm,-16.951334,0.8460272,3.657485,4.0446067,-0.52513635,5.2014813,0.81227505,-1.830092,-3.681749,2.9042716,-0.38212654,0.4559635,-1.0816456,-0.51905245,3,C3a
4,gacs_emotional_shorts_03_KnEBs_-j.mp4,emotional_shorts,sadness,24.957964,8.587931,-20.590137,7.436764,-14.046146,10.171431,-3.1017153,-1.9381427,2.3415298,1.4126159,-0.47074303,4.285712,3.4761968,2.7041833,1,C1
5,gacs_emotional_shorts_03_KnEBs_-j.mp4,emotional_shorts,tension,-3.5810106,1.6108289,13.378438,-5.1868806,-3.2213128,-3.0511153,-5.062757,-4.0690074,-2.4330406,1.7197431,3.1174824,-1.8893132,3.482451,4.435893,3,C3b
6,gacs_emotional_shorts_03_KnEBs_-j.mp4,emotional_shorts,warmth,-13.615998,2.5842965,5.8515058,-7.2544127,0.6073998,4.857191,-4.68108,-0.49384606,-2.9624486,4.684478,-2.3856487,2.204667,0.22570568,0.5718633,3,C3b
0,gacs_emotional_shorts_04_fz6ylIim.mp4,emotional_shorts,poignance,-13.564359,5.8109107,-3.4790413,2.4162428,-1.4781587,3.4281712,-8.492691,0.53266776,-6.6195335,0.07643898,0.1670332,-0.83047897,0.03382129,-1.1379118,3,C3a
1,gacs_emotional_shorts_04_fz6ylIim.mp4,emotional_shorts,poignance,-9.806484,6.675727,-7.7469444,3.4469962,2.2271538,2.7047884,-10.0861845,2.420287,-4.583186,0.4108541,0.3119594,-0.13511567,2.0532322,-2.2974184,3,C3b
2,gacs_emotional_shorts_04_fz6ylIim.mp4,emotional_shorts,warmth,-15.116984,-1.3544074,-0.062372483,2.4468472,2.0674648,2.5542371,-2.9055574,-1.7370694,0.287096,4.230273,-1.0979888,2.7655978,-0.35412157,0.59782493,3,C3a
3,gacs_emotional_shorts_04_fz6ylIim.mp4,emotional_shorts,poignance,-15.499027,-0.22285563,5.812251,-2.38126,-0.29580295,3.747873,-7.6201572,3.8347957,-3.8305404,1.6397456,-0.97628814,-0.87701964,2.332706,-0.07785376,3,C3a
4,gacs_emotional_shorts_04_fz6ylIim.mp4,emotional_shorts,warmth,-15.026674,-1.69492,3.4145205,-2.005146,0.4109097,2.7035449,-5.313028,3.9222302,-0.87628347,2.4921207,-0.6200916,0.024020793,1.0910773,0.51866287,3,C3a
5,gacs_emotional_shorts_04_fz6ylIim.mp4,emotional_shorts,poignance,-15.034346,-2.5599086,2.1032283,0.8137879,-0.008943917,0.8989768,-6.8187265,2.4057915,-2.1728086,0.5913953,0.23048198,0.18515064,1.096078,1.0731093,3,C3a
6,gacs_emotional_shorts_04_fz6ylIim.mp4,emotional_shorts,warmth,-10.381187,7.978208,4.887559,-10.472844,3.5646594,3.567878,-6.890146,-0.059384994,0.06635198,4.4190884,-2.3228583,0.6301289,1.3300636,0.30302152,3,C3b
7,gacs_emotional_shorts_04_fz6ylIim.mp4,emotional_shorts,poignance,-14.762833,2.3403146,-2.28938,0.83821917,0.071012445,2.885352,-6.513997,-1.435283,-3.6754456,1.1951928,-0.19403188,0.69336873,-0.39839205,-0.4710963,3,C3a
8,gacs_emotional_shorts_04_fz6ylIim.mp4,emotional_shorts,poignance,-14.469237,2.7934697,4.8667636,-4.5926113,-0.2222446,2.5588648,-6.518386,3.9520104,-3.834737,1.1748792,0.22146995,-1.4365722,1.4234718,0.7321238,3,C3b
9,gacs_emotional_shorts_04_fz6ylIim.mp4,emotional_shorts,warmth,-17.928907,-4.285215,3.7599325,5.735032,-4.084279,4.5211983,-3.2808156,3.0983412,-1.6961454,-1.0999869,0.75386566,0.22314796,-1.0577936,1.3384409,3,C3a
10,gacs_emotional_shorts_04_fz6ylIim.mp4,emotional_shorts,warmth,-15.492243,-1.2012768,5.1327477,-2.0875173,1.1317701,3.8663096,-7.977251,4.3600535,-3.2413795,3.6190448,-1.4598272,-0.5336504,2.8512266,0.1276463,3,C3a
11,gacs_emotional_shorts_04_fz6ylIim.mp4,emotional_shorts,warmth,-16.02818,-0.10090738,3.9106457,-2.1490216,0.16213961,4.1991115,-4.912244,2.8651235,-2.1034489,2.359082,-0.78525937,-0.22471707,0.26090652,0.48479345,3,C3a
12,gacs_emotional_shorts_04_fz6ylIim.mp4,emotional_shorts,poignance,-14.937244,-3.43094,1.724178,-1.5323602,-0.17953198,1.9760928,-6.6818585,1.5719529,-1.5320789,2.2877893,-0.9650446,0.117341585,1.5416274,1.4636337,3,C3a
13,gacs_emotional_shorts_04_fz6ylIim.mp4,emotional_shorts,warmth,-12.708112,0.94466805,5.871236,-2.7042625,3.3618033,2.3277788,-8.597032,5.7477183,-3.460528,3.666749,-0.37440735,-0.50201136,3.5675175,1.1632463,3,C3b
14,gacs_emotional_shorts_04_fz6ylIim.mp4,emotional_shorts,poignance,-15.719322,1.0756067,4.2120724,-2.7474585,0.054756522,3.7754571,-2.9199595,2.3467274,-0.72741866,2.2166283,-0.45316136,-0.83148694,0.68450356,0.7798103,3,C3a
0,gacs_movie_trailers_00_Way9Dexn.mp4,movie_trailers,contemplation,-6.009422,10.006907,-1.357673,4.620102,6.076923,-1.9988489,11.0908165,1.3161925,-1.8212212,-2.7803485,3.3950589,-0.16881229,6.670824,4.629372,3,C3b
1,gacs_movie_trailers_00_Way9Dexn.mp4,movie_trailers,hope,0.11593856,2.3299325,-0.3219137,2.711789,3.9725034,-9.032067,2.8940647,4.393305,-3.9708507,0.008912006,1.4140252,-1.7404486,4.5045333,4.427836,3,C3b
2,gacs_movie_trailers_00_Way9Dexn.mp4,movie_trailers,sadness,13.223112,17.144947,-22.837053,0.89891434,-7.2953296,0.29718903,-4.0621824,3.1119003,0.69815403,-0.80874705,-1.7665608,2.8081794,2.4404683,-0.7450194,1,C1
3,gacs_movie_trailers_00_Way9Dexn.mp4,movie_trailers,chaos,22.475554,-1.3035294,14.39243,-2.0139625,-37.165752,9.282077,11.638425,0.25223708,-8.7403755,0.67354286,-6.0542755,3.749427,-3.496797,7.3452716,0,C0
4,gacs_movie_trailers_00_Way9Dexn.mp4,movie_trailers,darkness,15.884301,14.661375,-18.499172,7.2416725,1.9616972,-6.579608,-2.412512,2.2187114,-3.846855,2.4434843,-1.3384113,2.601865,-0.9891848,-2.5447414,1,C1
5,gacs_movie_trailers_00_Way9Dexn.mp4,movie_trailers,tension,23.801918,5.8267093,17.354881,8.344039,0.7882163,-4.189582,-2.545586,2.9019895,-3.198477,-3.176424,-3.3624744,4.5672903,2.991155,-0.011548089,0,C0
6,gacs_movie_trailers_00_Way9Dexn.mp4,movie_trailers,tension,32.25866,9.281128,10.70909,8.286991,3.6065664,9.94125,-7.5024433,-0.76385367,5.3055377,-2.900539,-3.4876783,-2.7279358,0.55886495,0.27710113,0,C0
7,gacs_movie_trailers_00_Way9Dexn.mp4,movie_trailers,tension,4.265428,1.6252109,1.0053935,-3.0641172,1.0493186,-13.5603,-0.4333999,-2.2826848,-1.4622036,-2.538879,0.26102948,-0.41634497,0.19662762,0.5738512,3,C3b
8,gacs_movie_trailers_00_Way9Dexn.mp4,movie_trailers,tension,25.273834,12.412594,4.553273,-2.822418,-10.581303,-2.242154,0.31892094,10.546247,-4.288053,0.040319376,1.4224722,3.3379838,2.34676,0.0694301,0,C0
9,gacs_movie_trailers_00_Way9Dexn.mp4,movie_trailers,loneliness,14.624196,6.2754455,-8.369675,-1.5799171,2.5434663,-11.122635,-4.0442553,3.2488885,-5.6026917,-2.180398,2.594598,-0.25563866,-0.538072,0.05819081,1,C1
10,gacs_movie_trailers_00_Way9Dexn.mp4,movie_trailers,darkness,18.735834,13.285212,-10.162289,8.96923,-5.1475554,-7.005508,-1.812717,4.131781,-5.0505896,1.5872669,1.8511446,3.1155856,-1.5120982,-4.574712,1,C1
11,gacs_movie_trailers_00_Way9Dexn.mp4,movie_trailers,seriousness,-0.879914,9.742081,2.1197383,-8.031118,1.4017873,-4.343454,-1.5053246,-1.3559527,2.1750386,-6.6587067,4.6615825,-2.4519753,-2.662582,4.119971,3,C3b
12,gacs_movie_trailers_00_Way9Dexn.mp4,movie_trailers,sadness,13.173361,17.012636,-21.81539,1.6069646,-13.744069,2.104424,-2.712689,2.7184715,3.3845563,2.003599,1.3006715,2.1313517,3.4703896,1.0928249,1,C1
13,gacs_movie_trailers_00_Way9Dexn.mp4,movie_trailers,romance,12.279591,16.03784,-19.638525,3.1144054,-0.2478144,0.036405824,-0.121829666,-3.3987677,1.430305,-1.2420905,-0.5064854,-0.5302801,0.88694686,-2.3912518,1,C1
14,gacs_movie_trailers_00_Way9Dexn.mp4,movie_trailers,fear,28.35038,-19.733536,6.5454774,1.5479087,12.7783375,3.5131154,2.2781034,-1.9574956,-3.9772117,-1.5657244,-3.771799,-0.104723,-0.8566946,1.210488,0,C0
0,gacs_movie_trailers_02_wxN1T1ux.mp4,movie_trailers,contemplation,-0.8441529,12.13582,1.2882724,-10.528958,8.389806,2.3294177,3.4931479,2.38206,0.7607622,-2.9459772,0.11418378,-4.149987,0.071420774,-1.3277131,3,C3b
1,gacs_movie_trailers_02_wxN1T1ux.mp4,movie_trailers,amusement,-4.760244,-6.59235,3.7971191,7.3436084,1.4362402,-2.529296,-0.0133067975,2.0804968,4.5989337,-0.6252215,-4.887214,-5.70014,-1.255557,0.047752667,3,C3a
2,gacs_movie_trailers_02_wxN1T1ux.mp4,movie_trailers,sadness,14.920594,16.750402,-28.95357,-1.0917536,-5.713855,5.095977,0.78060097,1.2947916,3.9216213,1.8518946,-0.580949,0.6770408,3.761168,1.9108377,1,C1
3,gacs_movie_trailers_02_wxN1T1ux.mp4,movie_trailers,urban,23.309484,4.9072227,-6.7362423,-1.187772,-10.722403,1.0341873,6.8704133,-2.2201307,4.7950864,-1.2024912,2.287208,-2.4096832,2.2982094,-4.5531993,1,C1
4,gacs_movie_trailers_02_wxN1T1ux.mp4,movie_trailers,tension,31.630959,1.335552,-0.19458511,-8.000574,-2.226283,6.7896357,2.3263383,9.949241,10.846343,9.160278,6.9346056,-7.5348434,-3.7260458,1.0773754,0,C0
5,gacs_movie_trailers_02_wxN1T1ux.mp4,movie_trailers,contemplation,-0.5528125,8.052598,0.7469622,-11.763056,4.47602,-6.2215853,-1.939603,-2.9475884,1.7752559,-5.4244285,-0.23835367,-1.7548066,-1.5767847,3.355289,3,C3b
6,gacs_movie_trailers_02_wxN1T1ux.mp4,movie_trailers,mystery,19.258394,9.610209,-26.739695,0.32041293,1.8035004,-1.1704422,-2.588123,-1.3091631,-0.2533134,3.8837693,-4.2434416,2.389963,-2.302759,-1.8898618,1,C1
7,gacs_movie_trailers_02_wxN1T1ux.mp4,movie_trailers,excitement,-10.779655,-11.878723,3.1311607,1.7702827,-1.7601312,-1.856019,0.8649227,0.869357,4.508769,0.9043985,-2.8894649,-0.2981186,4.419179,-0.86550343,3,C3a
8,gacs_movie_trailers_02_wxN1T1ux.mp4,movie_trailers,fear,26.241726,3.9616985,20.489746,4.329184,-5.168621,0.9655531,-0.48922977,0.23891127,-3.416116,-2.2882314,-4.0871067,4.052846,1.0127859,0.28654245,0,C0
9,gacs_movie_trailers_02_wxN1T1ux.mp4,movie_trailers,contemplation,5.166712,17.97715,-6.9975147,-7.514098,4.3476925,-0.08432136,6.5543656,1.6845024,0.03519242,-2.8075452,1.1035234,-4.2976103,1.5276963,-1.3335092,1,C1
10,gacs_movie_trailers_02_wxN1T1ux.mp4,movie_trailers,neutral,-9.86805,9.364158,4.3976912,-3.0675416,4.7004447,2.1198313,3.6083226,-0.93839675,-3.34983,-0.28548393,1.4000971,-0.5569718,0.9598651,-0.24360007,3,C3b
11,gacs_movie_trailers_02_wxN1T1ux.mp4,movie_trailers,tension,30.03471,-19.101614,-3.0357893,-9.199944,7.353774,6.5708003,1.8526863,3.7510931,-0.36386144,0.6296881,1.0111977,-4.816787,-0.37349162,-2.591848,2,C2
0,gacs_movie_trailers_03_GY4BgdUS.mp4,movie_trailers,excitement,-0.5473699,-9.5511465,2.5738323,4.9905086,1.4575961,-9.1634865,-0.9474253,2.0010061,4.4698057,2.1603892,0.55451506,-1.2336168,7.565278,2.272168,3,C3a
1,gacs_movie_trailers_03_GY4BgdUS.mp4,movie_trailers,seriousness,10.0152,4.927386,2.3744226,-8.18826,-0.34188944,-8.979697,-6.43384,4.246077,-0.25307718,-9.229855,5.303041,-2.827752,0.21323203,1.038289,1,C1
2,gacs_movie_trailers_03_GY4BgdUS.mp4,movie_trailers,mystery,13.431042,-3.3159742,1.2948344,-5.872728,-2.4395645,-13.373132,1.2480341,-2.7207305,-3.8458643,0.5922852,-2.493612,-1.1768494,1.7510611,-0.017316064,0,C0
3,gacs_movie_trailers_03_GY4BgdUS.mp4,movie_trailers,anger,19.857971,0.44245088,12.044399,-7.008405,-36.913136,6.1779666,6.774237,9.493981,-9.454626,0.44392672,-8.436823,0.84833753,0.27707747,5.607165,0,C0
4,gacs_movie_trailers_03_GY4BgdUS.mp4,movie_trailers,tension,21.195972,3.342661,10.827131,-0.3751614,-25.822775,-4.4718795,7.3677115,-0.63306606,-5.351321,1.36268,1.4810314,1.2688577,0.5812476,-2.5370183,0,C0
5,gacs_movie_trailers_03_GY4BgdUS.mp4,movie_trailers,tension,20.488052,2.9920518,12.742777,-1.1390119,-15.459033,-7.900271,-0.6456088,5.002161,-3.0698628,-1.4662431,1.3993309,3.0581434,4.161635,-4.3140073,0,C0
6,gacs_movie_trailers_03_GY4BgdUS.mp4,movie_trailers,tension,28.822361,0.741437,20.0919,11.418362,-6.1939454,1.034858,1.0868052,3.290113,-2.2526453,-1.5202715,1.5659567,5.9295526,3.1910095,-2.3731523,0,C0
7,gacs_movie_trailers_03_GY4BgdUS.mp4,movie_trailers,excitement,-10.469405,-16.112347,-3.9341023,10.440087,-5.549423,-2.2468991,-0.7049716,-1.4277326,3.8745704,-1.1767858,2.0538445,3.0252392,0.8126811,-0.15200156,3,C3a
8,gacs_movie_trailers_03_GY4BgdUS.mp4,movie_trailers,excitement,0.96833944,-24.523718,-4.456806,1.3520234,3.878511,-2.5034409,0.47005698,-2.7195954,1.0746781,0.031728894,0.18839966,-0.27355418,1.8217028,2.2575014,2,C2
9,gacs_movie_trailers_03_GY4BgdUS.mp4,movie_trailers,seriousness,-6.8069572,2.899238,0.4902424,-1.5757018,-0.50692666,-7.2378035,-3.6753302,0.9323934,-0.17939699,-6.8110228,5.7645874,0.17374313,-1.5387702,3.1226757,3,C3b
10,gacs_movie_trailers_03_GY4BgdUS.mp4,movie_trailers,sadness,28.184887,14.699843,-12.600034,15.62753,1.96342,10.487282,-7.3044357,-5.5853696,2.376607,-2.2629802,-0.5255787,-1.0166633,2.9619074,3.3250694,1,C1
11,gacs_movie_trailers_03_GY4BgdUS.mp4,movie_trailers,tension,9.175863,8.631915,-0.42344874,3.06111,-1.2855366,-11.839432,-1.6799248,1.8795674,-3.6604187,2.2310388,1.2511495,1.5812474,3.032128,0.061336555,1,C1
12,gacs_movie_trailers_03_GY4BgdUS.mp4,movie_trailers,tension,23.113256,-1.4770026,13.397498,1.3589127,-17.231066,-4.5951457,5.158736,1.2210438,-1.5572504,-0.19493096,2.879947,0.15379825,5.1034636,-5.802048,0,C0
13,gacs_movie_trailers_03_GY4BgdUS.mp4,movie_trailers,tension,11.317279,9.366355,-1.1006438,0.8486484,-3.4710827,-12.424576,-10.149246,6.9240646,-5.833331,-8.490694,2.9108,1.6579269,-2.7071238,-6.1223984,1,C1
0,gacs_advertisements_00_-P6q0A9K.mp4,advertisements,urban,1.5621095,-13.3488245,1.2833937,-7.8030677,-1.5996473,-7.082351,-3.6560204,-3.6435657,8.840348,3.4450135,-1.3011721,3.736871,4.8938518,3.0525293,3,C3b
1,gacs_advertisements_00_-P6q0A9K.mp4,advertisements,joy,-12.6114435,-12.821407,-4.6333404,7.1694427,-1.8349712,-1.0233426,-0.8967091,-1.0640519,5.6922345,1.4369582,0.54805124,2.9107375,-1.6591818,0.19216584,3,C3a
2,gacs_advertisements_00_-P6q0A9K.mp4,advertisements,joy,-13.939313,-6.4350605,-2.252724,2.4738526,-1.1932412,0.75520223,0.29688877,2.1616032,6.7159505,1.6820846,-0.12180518,2.5429885,-1.7517028,-0.053900972,3,C3a
3,gacs_advertisements_00_-P6q0A9K.mp4,advertisements,informative,0.85431564,-3.7553878,2.1511257,-10.841763,4.4457374,-4.981081,-5.4827447,4.2091503,6.855863,4.5922904,-5.463359,2.0995512,2.0845346,4.9433537,3,C3b
4,gacs_advertisements_00_-P6q0A9K.mp4,advertisements,tension,-8.071013,-2.5223396,5.8615217,-5.435351,-1.0698186,-1.1750603,-4.8611274,-0.758232,5.1713185,5.7198963,-0.3565835,-0.63631374,1.9245749,0.04080436,3,C3b
5,gacs_advertisements_00_-P6q0A9K.mp4,advertisements,urban,-2.7014098,-2.1018226,4.606768,-11.757383,1.0898998,-3.4615386,-6.036112,2.3685374,7.262934,3.9458592,-3.3447375,3.9744074,0.4023376,3.5997646,3,C3b
6,gacs_advertisements_00_-P6q0A9K.mp4,advertisements,excitement,-2.363296,-10.564791,1.3747318,-5.511519,0.36480722,-6.967104,-4.4042506,-1.5185856,8.81614,2.6692634,-2.852805,4.478725,2.9746823,1.3108732,3,C3b
7,gacs_advertisements_00_-P6q0A9K.mp4,advertisements,joy,-10.144567,-14.534613,-2.044769,5.949296,-1.8185029,-2.8370996,-2.0888007,-1.8975949,6.374513,2.2312272,-0.70455223,2.5233471,0.7468208,1.8140434,3,C3a
8,gacs_advertisements_00_-P6q0A9K.mp4,advertisements,informative,-5.7511034,-10.972727,1.2338221,-4.376962,-0.16700046,-2.8666606,-7.6495867,1.8158522,7.152819,4.7178664,-2.1840506,1.1727654,0.7133366,2.4347236,3,C3a
9,gacs_advertisements_00_-P6q0A9K.mp4,advertisements,urban,-8.841751,-7.7667627,1.246807,-2.1454215,-2.2407072,-3.8490398,-5.289147,0.436515,5.4879847,4.5758767,-2.0304272,0.845581,0.18262053,-0.42781517,3,C3a
10,gacs_advertisements_00_-P6q0A9K.mp4,advertisements,informative,-6.388068,-3.5445018,-1.2205819,-10.3651705,0.7887701,-1.9042702,-6.178721,-0.60394686,6.7550955,4.3310375,-2.8639367,3.063425,-3.2703466,-0.36425254,3,C3b
11,gacs_advertisements_00_-P6q0A9K.mp4,advertisements,urban,-4.4740834,-16.985483,0.9523299,-1.9424758,-0.35022783,-6.1058326,-4.4518147,-2.434053,8.343479,3.985539,-2.0816565,1.9520628,3.5627327,2.8305843,3,C3a
12,gacs_advertisements_00_-P6q0A9K.mp4,advertisements,informative,3.641142,-6.851146,2.9885483,-10.699464,6.396961,-4.705869,-5.056307,0.4989741,7.306917,5.278858,-5.2609816,-0.87640435,1.4792612,3.9496129,3,C3b
0,gacs_advertisements_01_aDoT6K3B.mp4,advertisements,joy,-17.120296,2.0628388,-1.1819443,9.17875,-3.5927997,5.171851,2.4563048,-0.2900454,-2.9939985,-1.6932366,0.9830012,1.1236855,-3.6214817,1.9390504,3,C3a
1,gacs_advertisements_01_aDoT6K3B.mp4,advertisements,excitement,-16.006016,-11.558353,0.72601527,8.953481,-4.2009187,2.5886023,-1.7915103,0.546814,0.97746027,0.7806713,2.6955378,1.7687047,-2.241916,-0.8706291,3,C3a
2,gacs_advertisements_01_aDoT6K3B.mp4,advertisements,contemplation,11.1951,1.6754507,0.5693295,-17.99121,-27.596159,4.2537766,8.481697,-7.374697,-4.0280614,6.74776,-6.0311866,-8.543203,-5.07873,2.140568,1,C1
3,gacs_advertisements_01_aDoT6K3B.mp4,advertisements,amusement,-11.874338,-9.510863,-6.932651,1.5267216,-6.0896626,-1.9422399,-2.096846,0.6172643,1.6683736,-1.6462185,-0.5494732,-5.258645,-2.826583,0.0634584,3,C3a
4,gacs_advertisements_01_aDoT6K3B.mp4,advertisements,joy,-16.871643,-3.548482,-3.453112,7.405924,-2.5360818,3.1638656,2.137814,0.13675706,0.29466993,-1.0857791,-0.15773644,-1.0880069,-2.6166456,-1.2776028,3,C3a
5,gacs_advertisements_01_aDoT6K3B.mp4,advertisements,joy,-14.931056,-12.701959,-0.28920406,6.1781096,-5.1513615,1.7131853,-2.391537,-1.1415974,2.0911684,0.55484587,2.9932327,1.8998772,-2.1384673,-2.1474624,3,C3a
6,gacs_advertisements_01_aDoT6K3B.mp4,advertisements,joy,-15.1969795,-6.7243247,-3.0185065,6.4147725,-2.892025,1.5905733,0.61564326,0.8116611,0.8887507,0.24350138,-0.84002656,-1.5262455,-1.9056234,-1.6445737,3,C3a
0,gacs_animations_01_xo4rkcC7.mp4,animations,amusement,-13.104617,-11.270751,-5.061087,8.86534,-3.6036353,-0.4209436,-0.03901542,2.115094,4.5237103,-1.2113922,-2.4362638,-2.8448913,-2.5503726,-1.2313052,3,C3a
1,gacs_animations_01_xo4rkcC7.mp4,animations,tension,30.955841,-10.651738,20.412708,5.2268467,0.6357377,10.630821,2.7154274,-4.107017,2.4256902,-1.7976447,-0.45710772,-2.4382386,1.7263391,-2.6483302,0,C0
2,gacs_animations_01_xo4rkcC7.mp4,animations,mystery,35.646263,-4.711879,14.96411,9.45067,10.2883,11.809021,0.71218055,5.1035967,4.4209523,3.6270318,1.428761,0.37076825,-3.2769532,1.0191869,0,C0
3,gacs_animations_01_xo4rkcC7.mp4,animations,darkness,32.23774,4.789037,8.885567,13.2835655,9.044508,6.457307,0.9090889,-0.8236079,0.8180804,2.3333995,-2.0278857,5.8031588,-4.7518196,0.18428512,0,C0
4,gacs_animations_01_xo4rkcC7.mp4,animations,excitement,-11.739463,-11.884624,-2.1163151,8.621019,-0.59316134,-3.723473,-0.42385364,2.4331677,2.905654,-0.17623898,-1.5390996,-2.1420183,0.30570266,1.5325528,3,C3a
5,gacs_animations_01_xo4rkcC7.mp4,animations,excitement,-11.175216,-14.33942,-1.703573,10.087504,-6.3093634,-1.7907606,0.73016506,0.33975378,4.039474,-0.3907339,1.3112788,0.9572232,-1.0247236,-0.09164486,3,C3a
6,gacs_animations_01_xo4rkcC7.mp4,animations,tension,25.932962,-2.321615,20.808004,10.8880005,2.6003792,0.30791754,-0.9402353,-0.2024102,-1.425372,-3.2750397,-4.272003,0.6689926,0.50443065,0.47566113,0,C0
7,gacs_animations_01_xo4rkcC7.mp4,animations,amusement,-13.940516,-4.6751385,-0.4094442,4.488216,-2.0385768,-0.031209674,-0.910853,2.225619,2.3290184,-3.588247,-3.211148,-3.244542,-2.6607928,-1.9078542,3,C3a
8,gacs_animations_01_xo4rkcC7.mp4,animations,excitement,-12.289605,-12.686079,-5.269477,9.811617,-3.1890938,-1.2593977,-0.40207377,1.2748944,4.622998,-1.2518444,-2.0366955,-2.0549083,-1.592077,-0.870749,3,C3a
0,gacs_animations_01_xo4rkcC7.temp.mp4,animations,amusement,-13.485653,-10.429068,-1.6396661,9.14234,-1.7311555,0.110574745,1.0893235,0.62031484,3.3438072,-1.3982295,-2.7142117,-2.9615684,-2.196755,-0.67997056,3,C3a
1,gacs_animations_01_xo4rkcC7.temp.mp4,animations,fear,15.03198,-1.7524488,20.320087,15.52025,3.9755092,0.26721793,-1.851267,-3.3145916,-2.1253426,-3.7170992,-4.6019115,-0.715482,-0.7652253,-0.52751315,0,C0
2,gacs_animations_01_xo4rkcC7.temp.mp4,animations,fear,30.074526,0.44061804,15.855664,8.539285,9.954518,6.801076,4.3382683,-1.749189,2.0188115,2.0909107,-0.30204517,0.17223997,-5.6527243,-0.7618447,0,C0
3,gacs_animations_01_xo4rkcC7.temp.mp4,animations,loneliness,14.934506,10.515554,-7.9297967,5.7038255,1.0844351,-4.7969995,2.9739723,-2.714226,-3.8737059,6.784113,5.6259446,1.4384128,-9.063231,2.5826688,1,C1
4,gacs_animations_01_xo4rkcC7.temp.mp4,animations,excitement,-11.328226,-11.974718,-1.904908,9.417522,-1.6018834,-3.311871,-0.538781,2.7931778,3.0763154,-0.595697,-1.1911027,-2.4152026,0.091091685,1.7091622,3,C3a
5,gacs_animations_01_xo4rkcC7.temp.mp4,animations,excitement,-0.23040253,-21.6041,1.0160306,7.697,-0.29920048,-3.8040426,0.61799985,1.8694586,0.056213897,-0.80335975,3.3067787,-2.0804791,3.022467,-0.954479,2,C2
6,gacs_animations_01_xo4rkcC7.temp.mp4,animations,tension,4.2085557,-5.1546664,0.65092826,0.5952651,0.62768674,-15.240718,-0.1466058,1.484285,-5.9289994,0.21978168,-8.455819,-4.531903,-2.2691405,-3.897665,3,C3b
7,gacs_animations_01_xo4rkcC7.temp.mp4,animations,romance,-13.383033,-7.060403,-0.8060022,5.9768515,-0.9460251,-1.0507534,-2.7952027,0.4150434,2.15796,-3.0156052,-2.5558832,-2.5564332,-3.160732,-1.7413564,3,C3a
8,gacs_animations_01_xo4rkcC7.temp.mp4,animations,excitement,-11.607048,-13.012501,-5.336683,7.738811,-2.6632373,-1.9128431,-0.23075238,-0.051208522,4.952028,-0.54206276,-2.3749888,-1.7277122,-0.48503274,-0.7378027,3,C3a
0,gacs_animations_03_f_fuHRyQ.mp4,animations,excitement,19.079573,-3.2036247,18.167368,7.170955,-4.3195877,-4.868731,0.8828876,-2.5499353,-2.631494,-2.5494893,-4.643745,0.14949054,1.4833384,-3.5452442,0,C0
1,gacs_animations_03_f_fuHRyQ.mp4,animations,tension,21.727211,-1.6337495,17.79107,6.256315,-3.680581,-5.441461,2.1145477,0.38383293,-2.458955,-0.5047205,-1.0657654,1.8397477,0.7367108,-4.935275,0,C0
2,gacs_animations_03_f_fuHRyQ.mp4,animations,calm,-11.37853,7.62068,3.1471446,0.16758399,-1.1039385,-0.1723819,5.158397,0.3221683,2.5210743,-3.326154,-0.79893506,0.3394648,-0.8877103,0.7880578,3,C3b
3,gacs_animations_03_f_fuHRyQ.mp4,animations,celebration,-8.012869,-10.620648,2.5119123,7.697821,-0.46571544,-5.5673056,-1.5546087,-1.1499193,-0.9929908,-0.40913016,-0.45105547,1.1234307,-0.16003348,2.893453,3,C3a
4,gacs_animations_03_f_fuHRyQ.mp4,animations,seriousness,-1.434724,4.4523954,2.9399295,-7.573557,-3.328611,-10.560552,-6.6996026,-0.6743783,1.3833746,-8.481236,-2.4184113,-2.2669837,-4.34722,1.0260745,3,C3b
5,gacs_animations_03_f_fuHRyQ.mp4,animations,sadness,14.322333,6.0627556,-29.046917,0.692933,-4.7347984,0.9828658,-3.7375536,-6.163803,2.5094059,1.4903977,-3.6309133,-0.6544253,1.3448228,-1.229349,1,C1
6,gacs_animations_03_f_fuHRyQ.mp4,animations,tension,19.950546,-28.527617,-13.832408,-18.279003,-0.37077948,10.208375,1.4703847,-3.540152,-1.1692296,-3.656686,0.34056023,0.21815467,0.5942713,-2.4318721,2,C2
7,gacs_animations_03_f_fuHRyQ.mp4,animations,excitement,5.919515,-5.557791,3.4101584,1.0141844,-6.568688,-12.011746,3.4608064,0.6261423,-0.19455236,0.553067,-5.8803387,-1.6830347,-0.17963932,-7.160156,3,C3b
8,gacs_animations_03_f_fuHRyQ.mp4,animations,sadness,-0.09138423,6.60063,-25.154865,6.377172,-7.1554856,0.21676423,-6.559465,-1.9026464,-1.4373103,-2.0548878,-2.0657003,1.1453637,0.9705799,-1.0777199,1,C1
9,gacs_animations_03_f_fuHRyQ.mp4,animations,mystery,-9.745646,-11.808512,-2.1583812,5.3032675,-1.591968,-5.058272,-0.16998714,3.313312,1.6817297,-0.10959727,-4.1195283,-5.49441,-2.6067638,-1.8687567,3,C3a
10,gacs_animations_03_f_fuHRyQ.mp4,animations,tension,-3.2074683,1.5081542,2.3904278,-4.0963163,-1.9950492,-11.254059,-5.9579325,0.8070625,2.176898,-6.2968636,1.0154929,-0.62000555,-2.9210515,3.284976,3,C3b
0,gacs_emotional_shorts_01_ShIa60uL.mp4,emotional_shorts,darkness,4.038264,16.335321,-15.368876,8.307825,3.7111504,1.6133018,-5.188254,-2.2879658,-4.8440137,3.94409,2.5791907,2.3242154,1.2192894,0.010126308,1,C1
1,gacs_emotional_shorts_01_ShIa60uL.mp4,emotional_shorts,darkness,11.98387,14.126272,-13.893909,4.5720396,-4.690224,-3.0910044,-2.6403236,-0.5722746,-0.88215286,1.53506,5.0682473,2.6483545,-1.1252625,-2.8978877,1,C1
2,gacs_emotional_shorts_01_ShIa60uL.mp4,emotional_shorts,darkness,22.504929,5.910057,4.969956,4.040298,-0.666572,-8.802965,-0.9071649,5.5058727,-5.3025413,4.3499794,2.5399134,1.876942,-2.1905398,-5.3149033,0,C0
3,gacs_emotional_shorts_01_ShIa60uL.mp4,emotional_shorts,informative,-6.8895555,0.88788223,2.3109393,-10.00747,1.2627381,-0.9513521,-9.108217,-0.8538964,5.0964775,0.23607357,3.4849496,1.011405,-2.7422981,0.98846495,3,C3b
4,gacs_emotional_shorts_01_ShIa60uL.mp4,emotional_shorts,seriousness,6.304023,6.692791,9.408241,-7.337526,-5.8714533,-2.789167,-10.379713,-4.989527,3.9172266,-6.214468,5.7210994,-1.6460013,-5.5611277,5.559646,3,C3b
5,gacs_emotional_shorts_01_ShIa60uL.mp4,emotional_shorts,tension,-4.9837046,6.860307,11.44039,-12.877613,-0.23291796,-1.7830505,-8.783881,-0.52570045,-3.3254519,0.55901605,2.4162083,-0.69269025,1.1898504,1.4004859,3,C3b
6,gacs_emotional_shorts_01_ShIa60uL.mp4,emotional_shorts,joy,-16.87519,4.969778,0.7517396,5.3509088,-1.2461324,5.9854445,3.8807049,0.65483505,-1.3167728,-1.8018651,-1.2824187,0.48623854,-0.13605857,-0.98604035,3,C3a
7,gacs_emotional_shorts_01_ShIa60uL.mp4,emotional_shorts,neutral,-5.3285227,13.352393,7.8814626,-8.9734745,3.8032482,8.5697155,-1.9924607,8.321843,-0.94509,0.05771147,-0.3475293,-4.435748,3.868151,-3.3726447,3,C3b
8,gacs_emotional_shorts_01_ShIa60uL.mp4,emotional_shorts,informative,-8.39271,5.594092,7.453955,-11.1578045,-1.7000968,-1.6823936,-10.198771,1.3773775,2.5047622,-3.9966,3.0380478,0.45562407,-5.0481143,3.8599699,3,C3b
9,gacs_emotional_shorts_01_ShIa60uL.mp4,emotional_shorts,vulnerability,20.497782,20.475954,-20.486422,5.667573,-3.947568,6.1358976,-2.4016385,2.1096632,1.5134389,3.894948,-0.54155,2.7392077,2.569858,1.487997,1,C1
10,gacs_emotional_shorts_01_ShIa60uL.mp4,emotional_shorts,warmth,-15.075312,-2.9609075,6.2367377,0.6344782,1.4429246,2.459623,-6.953689,1.6367482,-1.9654356,1.8388717,1.0044622,0.9456674,1.063942,0.8797423,3,C3a
11,gacs_emotional_shorts_01_ShIa60uL.mp4,emotional_shorts,contemplation,-8.448587,10.806872,-11.368596,0.11518147,-0.0029671455,1.6873753,-5.5637407,-3.90281,-2.7267144,-3.2121546,2.0190623,-0.6203598,-1.5458627,-0.44793957,3,C3b
12,gacs_emotional_shorts_01_ShIa60uL.mp4,emotional_shorts,seriousness,-4.1570935,13.03503,-13.447603,-0.71683156,1.4488611,0.7579103,-7.9173846,-2.992965,-2.2255487,-4.2173386,3.4363813,0.48731464,-1.2076833,-0.43203768,1,C1
0,gacs_emotional_shorts_02_VSj0URO1.mp4,emotional_shorts,informative,-8.516052,3.1278067,5.159023,-9.669963,0.6538072,-1.5181758,-10.674021,1.4902092,2.8763177,-4.7597475,2.5947514,2.0231123,-4.335033,2.7220635,3,C3b
1,gacs_emotional_shorts_02_VSj0URO1.mp4,emotional_shorts,informative,-7.3400283,-0.75082177,2.6788473,-8.76564,2.561488,-1.6947418,-10.095744,0.28223774,2.398964,0.2671562,0.377443,0.29882672,-1.386491,0.52039826,3,C3b
2,gacs_emotional_shorts_02_VSj0URO1.mp4,emotional_shorts,warmth,-3.7386415,6.5108414,12.277384,-7.50588,5.117724,2.480894,-8.280645,-4.601356,-2.238928,4.6364765,-3.0521207,-0.40364563,1.1824312,2.2557545,3,C3b
3,gacs_emotional_shorts_02_VSj0URO1.mp4,emotional_shorts,contemplation,-2.809324,10.729958,9.765863,-6.844493,5.767257,3.228637,0.9890782,-3.27093,-3.7248406,2.43705,-1.8776631,-3.598625,0.17872056,1.4336349,3,C3b
4,gacs_emotional_shorts_02_VSj0URO1.mp4,emotional_shorts,celebration,-14.338731,-10.994341,-2.1686041,4.4037027,-2.8222754,1.3770416,-4.0966434,-1.6966026,1.3437108,2.161879,2.2533872,3.810005,-2.1206634,-0.22282873,3,C3a
5,gacs_emotional_shorts_02_VSj0URO1.mp4,emotional_shorts,hope,-13.82161,-6.746653,1.6414763,1.837686,-1.4087011,-0.50880814,-3.255987,-2.7851233,1.1911064,3.0615396,1.9789453,3.580999,-2.142621,0.20991498,3,C3a
6,gacs_emotional_shorts_02_VSj0URO1.mp4,emotional_shorts,joy,-15.771075,-3.8810987,0.1531862,3.552507,-1.579919,1.0165421,-2.594615,-2.1916275,-0.911041,2.6419811,1.1158823,2.5581198,-4.296119,-0.507221,3,C3a
7,gacs_emotional_shorts_02_VSj0URO1.mp4,emotional_shorts,joy,-14.491363,-11.398318,-0.5228779,6.843841,-3.4525504,1.4765007,-4.6154423,-0.7040976,-0.35829377,1.8388046,2.8525298,2.9109483,-1.3680036,-1.1599218,3,C3a
8,gacs_emotional_shorts_02_VSj0URO1.mp4,emotional_shorts,warmth,-15.69625,-7.604939,-1.530895,7.717155,-2.4732819,2.3325799,-3.5063972,-0.3336036,-0.24033181,0.9305314,1.8233515,2.1324031,-1.3835559,-0.77381647,3,C3a
9,gacs_emotional_shorts_02_VSj0URO1.mp4,emotional_shorts,joy,-16.172102,-7.43579,1.3332824,7.194101,-1.9109896,2.22279,-3.7515984,1.4453541,0.9853652,0.16340199,2.7457852,2.6232765,-2.0297756,1.3464686,3,C3a
10,gacs_emotional_shorts_02_VSj0URO1.mp4,emotional_shorts,hope,-10.530133,-2.4009047,-4.1751084,4.525963,3.7463145,-1.4382051,-2.5197127,-2.8868666,3.3433278,2.674355,0.23759843,3.9474733,-0.41963938,0.87566984,3,C3a
11,gacs_emotional_shorts_02_VSj0URO1.mp4,emotional_shorts,celebration,-15.195739,-8.580062,2.8946953,4.8022094,-2.7784858,1.169527,-4.4548717,0.30507478,-0.67005956,1.9655156,2.3153377,1.9440672,-1.515211,1.0564284,3,C3a
12,gacs_emotional_shorts_02_VSj0URO1.mp4,emotional_shorts,warmth,-15.965189,-4.6223097,3.3173966,5.331657,-0.080219366,1.7947431,-4.11354,0.31850818,-1.8446013,1.9332807,1.2084755,2.6187718,-1.2133598,1.2307556,3,C3a
0,gacs_emotional_shorts_04_2SP-7Nm1.mp4,emotional_shorts,contemplation,-3.8646162,8.884509,4.6711135,-10.319413,4.0969324,0.38998976,-1.2531435,-2.997582,-5.8040733,3.716419,1.347804,-1.8977891,0.97151005,0.25851488,3,C3b
1,gacs_emotional_shorts_04_2SP-7Nm1.mp4,emotional_shorts,calm,-9.569593,8.713347,5.095449,-5.9115624,5.6335583,4.6945615,1.3851546,0.81533045,0.80220234,0.64371663,-1.2731299,-2.676545,2.7953951,-3.6991177,3,C3b
2,gacs_emotional_shorts_04_2SP-7Nm1.mp4,emotional_shorts,joy,-12.951169,-3.8043733,-2.5860825,-0.078073785,1.4706708,0.18301116,-1.3824626,-3.2215774,0.85136324,4.82984,0.5923289,1.6841761,-1.8918557,-1.4818485,3,C3a
3,gacs_emotional_shorts_04_2SP-7Nm1.mp4,emotional_shorts,poignance,-12.804491,-1.7486957,4.381833,-4.5530877,-0.13869075,1.683133,-5.255754,1.6906987,-3.2992704,4.039987,1.1618236,0.2597643,0.5977364,0.8053575,3,C3b
4,gacs_emotional_shorts_04_2SP-7Nm1.mp4,emotional_shorts,poignance,-15.124194,-3.782786,1.2612318,2.3726683,-1.8874315,1.7705078,-3.189008,4.004157,-1.2588971,0.6309913,0.79719937,-0.9164218,-0.6890666,0.24912691,3,C3a
0,gacs_movie_trailers_00_vt98AlBD.mp4,movie_trailers,elegance,4.2206964,-2.2452765,-2.7365963,-4.835268,10.080635,-8.264564,1.8880023,4.3344517,-1.9320511,-2.696134,0.50892866,-0.20964038,-0.7642862,-2.0913472,3,C3b
1,gacs_movie_trailers_00_vt98AlBD.mp4,movie_trailers,darkness,14.941226,-10.4123955,-6.2275124,0.56436443,12.159403,-9.268332,2.0799656,3.9788678,-8.616182,1.4061393,-5.085105,-0.8352313,-3.5082397,1.7557833,2,C2
2,gacs_movie_trailers_00_vt98AlBD.mp4,movie_trailers,darkness,35.01055,-0.16192025,9.067027,5.76646,6.614139,3.1235309,1.1477681,4.8724236,2.1300616,6.56246,4.4383855,1.8898698,-5.7863665,-2.4958308,0,C0
3,gacs_movie_trailers_00_vt98AlBD.mp4,movie_trailers,mystery,29.18457,-0.49717194,13.920272,10.501519,10.176914,2.5934684,-0.98654336,2.430502,-1.9449214,-1.6639475,-6.1164007,2.3285835,-3.354439,-1.6847073,0,C0
4,gacs_movie_trailers_00_vt98AlBD.mp4,movie_trailers,seriousness,-1.5589077,3.2834024,1.298704,-10.551606,-0.8531228,-8.413297,-8.618951,3.7621517,1.6726776,-11.732797,3.4731848,1.1733285,-3.08817,1.5427939,3,C3b
5,gacs_movie_trailers_00_vt98AlBD.mp4,movie_trailers,amusement,-10.489359,-13.600273,-3.2530384,12.050957,-3.0823596,-2.0335133,1.8035607,3.1495228,2.9332013,-0.892485,-0.33294275,-3.1158113,-0.79875535,0.9859186,3,C3a
6,gacs_movie_trailers_00_vt98AlBD.mp4,movie_trailers,tension,23.470114,-7.4163117,12.516897,9.82098,9.217232,-3.7777715,1.9990686,-0.071340404,-4.363521,-1.8629103,-4.4885693,-0.46020076,-0.45121711,2.695482,0,C0
7,gacs_movie_trailers_00_vt98AlBD.mp4,movie_trailers,chaos,3.5759158,-8.6441765,5.585338,4.021892,-10.421698,-9.614345,4.4734416,-1.1482065,1.3812386,1.1982713,3.188743,2.672428,3.144185,-4.6338944,3,C3b
0,gacs_movie_trailers_03_xg88QIaj.mp4,movie_trailers,calm,-5.140938,2.0565648,0.9931442,1.9124546,1.7960494,-7.0584097,7.118483,0.8460407,0.9063927,-1.0125225,3.57794,3.9981322,2.4595528,4.134428,3,C3b
1,gacs_movie_trailers_03_xg88QIaj.mp4,movie_trailers,excitement,0.14413129,-16.056868,1.6383891,-0.19871241,2.5230553,-7.3645496,-1.6985941,-1.3383273,7.679646,3.7802906,0.6061721,0.037758004,5.775523,1.4924208,3,C3a
2,gacs_movie_trailers_03_xg88QIaj.mp4,movie_trailers,wonder,9.304216,-24.02809,-10.489145,-5.096246,7.6331425,0.20079549,3.6901078,-3.8935192,-2.6658952,-3.3396277,3.0569758,-1.3219265,-3.950049,3.0471087,2,C2
3,gacs_movie_trailers_03_xg88QIaj.mp4,movie_trailers,darkness,14.698999,10.090788,-11.415008,6.0558033,-2.6594994,-4.73278,3.9217403,-2.6550443,-5.2640643,6.0602784,4.1693034,2.7140684,-6.704302,3.7984645,1,C1
4,gacs_movie_trailers_03_xg88QIaj.mp4,movie_trailers,sadness,15.520535,13.757836,-29.149792,4.505652,-8.061723,3.3438282,-3.512706,-0.78004897,0.43451947,-0.7133226,1.1536727,2.2023926,3.2392704,3.7874675,1,C1
5,gacs_movie_trailers_03_xg88QIaj.mp4,movie_trailers,focus,12.035368,12.317248,-13.718196,-9.891144,-1.8629488,-1.5473595,-0.3569661,2.4103315,6.825046,-2.2877026,8.265422,-1.7477349,-5.9757977,-0.4399919,1,C1
6,gacs_movie_trailers_03_xg88QIaj.mp4,movie_trailers,tension,13.92629,8.387734,-0.11789468,-0.9473414,-4.099047,-11.383887,-9.287498,6.938946,-4.235463,-5.653938,4.2324305,1.883265,-3.2462332,-6.290096,1,C1
7,gacs_movie_trailers_03_xg88QIaj.mp4,movie_trailers,tension,24.384562,-4.9243345,18.936516,8.915913,3.2949324,-0.28325346,-1.5524285,-0.30598503,-1.4535841,-3.2186143,0.16415176,3.076448,2.2193034,2.514861,0,C0
8,gacs_movie_trailers_03_xg88QIaj.mp4,movie_trailers,tension,8.637151,2.9616709,3.9672828,-10.545033,-3.4935892,-11.363596,-6.857436,-1.4849004,0.19485666,-7.15864,3.253542,0.404051,1.0806404,1.9610944,3,C3b
9,gacs_movie_trailers_03_xg88QIaj.mp4,movie_trailers,hope,-0.23964648,-20.734545,-9.028018,5.7454743,2.8763394,-4.563875,3.1667953,-3.6025548,-0.8163653,1.4738369,0.48773873,-0.9495847,-1.4946914,4.163595,2,C2
10,gacs_movie_trailers_03_xg88QIaj.mp4,movie_trailers,wonder,10.778224,-21.546696,-12.633667,-1.5691906,8.094184,-5.411334,2.568001,-3.6396759,-4.995625,1.809465,-1.7416664,-1.7431144,-2.4112988,4.090828,2,C2
11,gacs_movie_trailers_03_xg88QIaj.mp4,movie_trailers,joy,-14.219291,-13.606208,-0.61262465,11.769332,-6.904773,1.842778,-0.8133307,1.0378784,3.7257168,-1.249793,2.8896627,2.1123207,-1.9494109,0.021802941,3,C3a
12,gacs_movie_trailers_03_xg88QIaj.mp4,movie_trailers,seriousness,6.7969832,10.89611,-0.21100818,-2.7075043,-5.9297547,-12.083188,-8.812767,6.2999573,-3.5081484,-5.443124,2.0797536,1.8280154,-1.6289947,-2.2932875,1,C1
0,gacs_advertisements_01_gl2tglNL.mp4,advertisements,hope,-9.150773,-6.370738,0.089834206,-2.6362092,-2.4461153,-6.3358355,0.042604454,-0.45904973,6.421574,2.7136593,-0.4952958,4.4677267,-0.4602035,1.6279397,3,C3a
1,gacs_advertisements_01_gl2tglNL.mp4,advertisements,informative,-11.009753,9.789321,4.323484,-6.345939,2.7457085,2.3663788,4.7624183,-1.591628,3.166784,-0.9388297,-0.87124586,4.0786934,-1.5006478,-0.98550737,3,C3b
2,gacs_advertisements_01_gl2tglNL.mp4,advertisements,informative,-10.856467,6.272913,3.8279047,-8.56793,3.7714005,2.2006438,-0.5061668,0.89074445,5.1587625,2.6156485,-0.87640566,1.9484415,-3.7180026,-0.90516764,3,C3b
3,gacs_advertisements_01_gl2tglNL.mp4,advertisements,elegance,-4.6885924,3.7481613,2.3524573,-11.861909,1.3316401,-5.5561914,2.7715502,-1.4434965,5.5216804,-0.36154592,-1.8256705,6.3399143,-0.7221222,1.0008373,3,C3b
4,gacs_advertisements_01_gl2tglNL.mp4,advertisements,excitement,-1.780346,-5.352398,5.749566,5.2434716,5.535512,-5.356221,5.8522677,-2.6940806,1.471061,-0.35301897,-0.29118577,1.1389077,0.5659362,1.2106276,3,C3b
5,gacs_advertisements_01_gl2tglNL.mp4,advertisements,calm,-4.152065,9.022363,2.2258818,-10.08777,3.7332478,-2.8747215,6.7919316,-0.5558236,5.158931,-1.3268421,-0.50201124,5.8585706,-0.25944915,-0.6681953,3,C3b
0,gacs_advertisements_03_Uoj6rlUk.mp4,advertisements,informative,-10.16136,8.259982,5.8101335,-5.871226,3.3139646,2.257082,-0.49164757,1.8843387,4.4643893,-0.15199725,-1.5013287,3.6079078,-1.7893958,0.09396259,3,C3b
1,gacs_advertisements_03_Uoj6rlUk.mp4,advertisements,elegance,0.90101135,7.0014653,4.215442,-17.382298,3.9110496,-1.3252307,2.2901006,0.23041852,6.852265,-2.4367194,-4.9110947,2.6536133,-3.9471424,-4.213829,3,C3b
2,gacs_advertisements_03_Uoj6rlUk.mp4,advertisements,calm,-5.620686,9.9801235,2.4420824,-11.770434,3.3598733,-0.062721625,7.1326585,-2.2233942,4.4340067,-2.5367935,-2.6342387,3.8464556,-2.3474796,-3.2858787,3,C3b
3,gacs_advertisements_03_Uoj6rlUk.mp4,advertisements,elegance,-5.537308,1.7122377,-3.8065898,-15.479367,4.1530924,-1.521406,1.9230374,-2.3120394,8.209618,-0.92637247,-5.59749,7.367056,-4.871183,-3.902625,3,C3b
4,gacs_advertisements_03_Uoj6rlUk.mp4,advertisements,elegance,-2.1245427,1.0991143,2.4359195,-10.757063,3.4160612,-5.373614,-0.3930824,0.08734615,5.0852084,-3.310731,-3.4858243,3.516117,-1.7786164,-4.731554,3,C3b
5,gacs_advertisements_03_Uoj6rlUk.mp4,advertisements,elegance,2.1217477,6.607743,3.532444,-17.209192,2.85454,-1.4073156,2.4074621,-0.04060621,5.3166437,-2.597094,-4.7405915,2.7046056,-4.2365713,-3.9166958,3,C3b
6,gacs_advertisements_03_Uoj6rlUk.mp4,advertisements,elegance,-9.9566765,6.864988,2.7189898,-7.016264,2.8423347,-0.8791597,5.4440727,-4.0099998,3.7621891,-2.717098,-2.444954,5.0345864,-3.4540474,-2.5308282,3,C3b
7,gacs_advertisements_03_Uoj6rlUk.mp4,advertisements,elegance,-8.459146,6.6509953,-0.99764353,-9.534993,3.999345,-1.3846536,5.0256896,-4.379262,3.5238717,-2.0806935,-4.1237574,5.0081267,-2.9749646,-3.6488695,3,C3b
8,gacs_advertisements_03_Uoj6rlUk.mp4,advertisements,calm,-3.1530457,10.871066,4.3147116,-11.041138,6.240492,1.536714,6.626281,-2.1793501,2.8535943,-3.2302542,-1.4466444,2.5533948,-1.6589091,-3.6563997,3,C3b
9,gacs_advertisements_03_Uoj6rlUk.mp4,advertisements,elegance,-5.8710275,6.2063465,0.6241022,-11.410287,2.1799045,-1.2197977,3.9153597,0.72739094,4.6461596,-4.421272,-3.9055252,4.493212,-1.3514266,-4.9925456,3,C3b
10,gacs_advertisements_03_Uoj6rlUk.mp4,advertisements,elegance,-6.9766326,5.6946373,2.0327215,-8.593814,3.051727,-1.0970592,5.5134506,-2.9981072,3.2454703,-2.1889784,-0.8122309,2.598504,-4.243629,-4.507417,3,C3b
11,gacs_advertisements_03_Uoj6rlUk.mp4,advertisements,elegance,-8.942659,9.930793,3.0755541,-8.673204,4.304953,-0.28577232,5.1357045,-0.40623966,4.61279,-3.0805726,-2.5563715,6.258831,-1.7538502,-2.2132425,3,C3b
0,gacs_advertisements_04_dGFPi5sZ.mp4,advertisements,wonder,8.078188,-19.186584,-10.103174,1.210785,5.2974167,-5.5668936,5.650841,-3.3204262,-4.990396,0.7428042,2.2230835,-1.4398752,-0.0049491203,3.1191297,2,C2
1,gacs_advertisements_04_dGFPi5sZ.mp4,advertisements,wonder,29.719893,-17.346933,7.421479,10.676168,8.056053,2.9519737,2.0045152,2.1651201,-4.472327,-0.09228059,2.6325052,4.7042794,-2.1072009,3.731061,0,C0
2,gacs_advertisements_04_dGFPi5sZ.mp4,advertisements,excitement,-8.080828,-11.701945,-2.4953775,5.646794,-1.1451442,-8.23394,-1.4009491,-2.9702468,3.4709232,1.0778687,-1.0197284,2.0747752,3.2244847,0.97158575,3,C3a
3,gacs_advertisements_04_dGFPi5sZ.mp4,advertisements,adventure,-8.556608,-3.734305,1.3315551,4.6472006,-2.6167471,-6.207756,1.4842186,-2.6141613,3.5096102,0.5903858,1.2584502,-0.5087964,2.9780798,0.23654702,3,C3a
4,gacs_advertisements_04_dGFPi5sZ.mp4,advertisements,fear,32.892467,14.219682,-8.434147,15.994443,-1.3151276,9.747919,-3.0640552,2.0610673,1.4854125,0.7117115,1.5993154,5.907107,-1.7489109,5.9008665,1,C1
5,gacs_advertisements_04_dGFPi5sZ.mp4,advertisements,tension,0.29622346,-6.0519867,8.568008,1.1063586,-2.0609457,-10.838061,-1.9965008,-2.4498694,0.80189925,-0.03787028,-0.46889433,-1.9265099,6.4744997,2.8773289,3,C3b
6,gacs_advertisements_04_dGFPi5sZ.mp4,advertisements,adventure,-8.530189,-12.152232,-1.7133937,7.4693213,-1.7823241,-8.205558,-2.6321607,-0.11497422,3.0501757,0.5898951,-0.3473837,0.98149264,3.3989112,1.8050158,3,C3a
7,gacs_advertisements_04_dGFPi5sZ.mp4,advertisements,excitement,-4.4273477,-13.630216,1.530393,6.7590146,-2.0333583,-10.8485775,-2.1552181,-1.8122909,1.9867607,0.40718785,-1.8773284,-0.6350255,6.7641406,1.4708654,3,C3a
8,gacs_advertisements_04_dGFPi5sZ.mp4,advertisements,excitement,6.9409704,-23.09871,-1.6588175,7.637227,6.9487343,-4.4531217,1.1108423,-5.6355424,-1.3008734,0.5990217,0.6468365,0.9086157,3.2414024,4.2875633,2,C2
9,gacs_advertisements_04_dGFPi5sZ.mp4,advertisements,wonder,1.8839605,-12.77974,-12.569491,5.4528728,7.9988494,-3.5232162,7.8141794,-6.1058846,-4.016823,3.1978014,3.1007664,-0.068945855,-5.635689,3.54585,2,C2
10,gacs_advertisements_04_dGFPi5sZ.mp4,advertisements,excitement,2.4510312,-22.964191,-7.4415984,4.6125116,5.0686245,-4.971367,0.08544112,-5.615259,-0.50948876,1.720571,-2.0139067,-1.5409886,1.5015221,3.1375182,2,C2
11,gacs_advertisements_04_dGFPi5sZ.mp4,advertisements,excitement,5.177411,-13.152922,9.182259,3.787054,-3.642513,-8.734791,0.37717736,-4.9265003,1.1311914,1.9344689,-0.00671369,-2.3927767,8.574462,0.67358184,3,C3b
12,gacs_advertisements_04_dGFPi5sZ.mp4,advertisements,excitement,-3.4439268,-13.96734,1.1962141,7.9273825,-0.9263117,-8.93067,-0.6536305,0.11712878,1.569493,2.283995,0.70550215,-0.31086558,6.58204,4.345477,3,C3a
0,gacs_animations_02_wuGj4Xgb.mp4,animations,calm,-5.4845037,-9.893299,-6.9534664,4.9345474,6.6103897,-5.4326987,5.2124267,-0.9025256,-1.8684031,-2.4568992,-1.3274077,-4.8111043,-2.0133195,3.7153475,3,C3a
1,gacs_animations_02_wuGj4Xgb.mp4,animations,seriousness,3.983645,-1.6233562,-8.265039,-8.586678,1.7161616,-9.835781,-4.3037996,-3.1903276,-1.4079688,-5.2814507,0.61797684,-3.9737551,-8.812218,-3.0006437,1,C1
2,gacs_animations_02_wuGj4Xgb.mp4,animations,seriousness,3.566875,3.7174556,-2.6318922,2.441738,0.82008344,-15.043828,-5.220039,1.5845941,-5.763073,-6.067371,-0.53041464,-0.05543837,-5.3712387,-0.89526194,1,C1
3,gacs_animations_02_wuGj4Xgb.mp4,animations,unknown,19.188824,4.4453287,-4.2014966,-13.573914,-0.44323236,13.950978,-1.4675425,9.241569,7.4246426,4.2289987,-8.742267,0.3281275,-4.103413,12.480625,1,C1
4,gacs_animations_02_wuGj4Xgb.mp4,animations,calm,-8.871571,8.077842,1.2272539,-6.3321276,5.314338,2.6878242,5.7769275,-3.7593439,-0.14314577,-2.8805575,1.0631353,-0.3143416,-0.47265956,-2.814394,3,C3b
5,gacs_animations_02_wuGj4Xgb.mp4,animations,tension,22.887705,2.022497,16.148998,5.682513,8.055568,-1.6775802,-5.3662853,0.098538324,-1.8475388,-1.4017624,-6.613959,1.0190727,0.14972639,-1.2853891,0,C0
6,gacs_animations_02_wuGj4Xgb.mp4,animations,neutral,-10.586184,4.7186747,5.3548093,-8.467336,1.5082412,1.5531685,-4.7114754,1.6045988,3.0435214,1.5915657,-1.709064,1.2483648,1.9461193,-1.6781197,3,C3b
7,gacs_animations_02_wuGj4Xgb.mp4,animations,contemplation,-8.108883,6.3342123,-0.58537024,-2.6972222,6.0894895,0.8186732,6.1688056,-2.2003365,-0.9619203,-3.6644726,2.4614847,-1.1285837,0.04262111,-1.2398363,3,C3b
8,gacs_animations_02_wuGj4Xgb.mp4,animations,contemplation,-9.348359,8.118312,5.384963,-11.031478,2.5881574,2.174493,-1.9687669,-3.0752187,-5.1160455,4.016268,-0.9173655,-1.0253451,0.36156234,1.0937252,3,C3b
9,gacs_animations_02_wuGj4Xgb.mp4,animations,tension,0.9002683,-3.3681824,1.4286888,-1.5767639,-4.887352,-14.373,-1.6521814,1.7934808,-1.333575,-0.5137939,-2.656649,-1.8564731,2.6642332,1.6191704,3,C3b
10,gacs_animations_02_wuGj4Xgb.mp4,animations,contemplation,-10.633909,4.8813515,-2.5093603,-0.13914269,2.572972,-0.24536529,6.382398,-2.2769716,0.7166608,-4.5972667,2.228061,2.175496,-0.68412864,-1.5491056,3,C3b
11,gacs_animations_02_wuGj4Xgb.mp4,animations,calm,-9.210755,5.549858,-3.1199596,1.2304171,4.430659,-1.7639489,4.062156,-2.1399481,-0.074644834,-4.309266,1.7793697,-0.54330695,2.1785994,-2.338887,3,C3b
12,gacs_animations_02_wuGj4Xgb.mp4,animations,darkness,35.261105,3.8137715,19.531637,9.266129,-4.2371984,12.8165455,-2.0679913,-3.8665564,5.094494,-4.642615,-2.5378473,-0.6729095,0.26607233,2.1449447,0,C0
0,gacs_animations_03_NWQH8cMp.mp4,animations,sadness,13.953683,9.707505,-27.895912,3.6980336,-3.0502372,-0.9682952,-4.032728,-2.3671157,1.1627142,2.5911398,-4.7255735,1.5362036,1.4427502,0.19277762,1,C1
1,gacs_animations_03_NWQH8cMp.mp4,animations,loneliness,22.17311,2.4019358,-5.8246503,1.0506561,1.5043709,-4.695541,0.82936317,11.66934,-7.3006406,-1.0622637,8.442465,-2.5597684,3.0429916,0.7786899,1,C1
2,gacs_animations_03_NWQH8cMp.mp4,animations,calm,6.3328433,9.964428,-6.592459,-5.9216404,10.0270405,-5.793113,9.60655,3.7940655,-0.2176022,2.3708208,0.15357116,-2.7102861,-1.772432,-0.47675425,1,C1
3,gacs_animations_03_NWQH8cMp.mp4,animations,darkness,28.037924,8.290382,11.964319,9.233559,4.5936313,1.6847456,-2.7330089,2.1849723,-1.9857194,-0.34921587,-5.3813853,6.2614512,-2.6670787,-2.212878,0,C0
4,gacs_animations_03_NWQH8cMp.mp4,animations,loneliness,25.870705,7.3985596,6.6926584,10.968493,7.2639656,0.47134277,3.223516,-0.41853923,-0.12090104,0.6240538,-3.9117954,1.0988749,0.2612413,2.8498795,0,C0
5,gacs_animations_03_NWQH8cMp.mp4,animations,neutral,-9.799301,6.181109,3.797919,-4.16395,2.848299,2.2041926,2.3340573,2.5499876,1.8099444,-1.8001918,-3.098742,-4.433271,-0.6397458,-4.0586486,3,C3b
6,gacs_animations_03_NWQH8cMp.mp4,animations,calm,3.3084698,-13.791283,-2.6300337,-0.2548215,10.008098,-7.901917,4.457776,0.6301748,-3.3293285,2.9173024,-4.7627454,-2.9130454,-1.3791623,4.0031714,2,C2
7,gacs_animations_03_NWQH8cMp.mp4,animations,anger,30.25472,4.8459687,9.244202,3.5130324,-9.968207,6.1485014,-2.7467735,-10.564873,4.6243367,-3.6930873,-5.0336137,-6.4571953,-0.6323933,-2.5626085,0,C0
8,gacs_animations_03_NWQH8cMp.mp4,animations,sadness,26.127369,-2.7451067,-1.5445648,8.969839,9.043739,2.1077752,-6.7107587,-4.6504126,-0.56723845,-1.3462226,0.902626,-7.3440223,-1.7673056,-3.3189242,0,C0
9,gacs_animations_03_NWQH8cMp.mp4,animations,tension,16.28425,-32.393963,-14.119867,-17.548649,-0.16408898,11.654723,1.0309283,3.0971537,-4.1126933,-3.6792605,1.6664877,0.7811413,2.6099806,0.46148202,2,C2
10,gacs_animations_03_NWQH8cMp.mp4,animations,excitement,15.758028,-9.104788,14.575038,6.9191575,-0.47230035,-6.0944676,1.0510546,-7.8227887,1.6528008,-1.0219685,-3.0077252,-0.10231437,3.9971545,0.15014406,0,C0
0,gacs_emotional_shorts_01_eSNLnjeu.mp4,emotional_shorts,joy,-17.27514,-3.7949836,2.0934546,6.545482,-2.2136745,4.9476686,-2.7153955,1.2803756,-2.1475492,1.8164619,0.9029057,0.109304965,-0.8509288,0.113101624,3,C3a
1,gacs_emotional_shorts_01_eSNLnjeu.mp4,emotional_shorts,neutral,-7.5871525,9.422275,10.590601,-2.4628139,-0.19811872,4.0868874,0.39782128,-0.51066476,-5.2542043,3.9807837,3.3372648,-0.18417509,-0.09192724,0.11778855,3,C3b
2,gacs_emotional_shorts_01_eSNLnjeu.mp4,emotional_shorts,warmth,-15.146639,-4.4151635,2.4707048,5.4094467,-1.6378329,2.0673132,-1.3598195,-1.1436718,-0.53167295,1.2329662,-0.37188512,0.033419974,-1.0084331,-0.13093293,3,C3a
3,gacs_emotional_shorts_01_eSNLnjeu.mp4,emotional_shorts,warmth,-9.629278,5.0475144,9.2476015,-5.46386,-1.2651895,0.97589695,-5.1287556,-1.6005747,-4.6907406,4.1007066,-1.0963835,0.021867247,1.0825286,0.0065410454,3,C3b
4,gacs_emotional_shorts_01_eSNLnjeu.mp4,emotional_shorts,warmth,-16.24543,-2.6516972,4.426616,6.2201457,-0.35797834,3.3982694,-2.4022324,1.6473023,-2.4364142,1.6227064,0.6380556,0.39820838,0.4360298,1.8675159,3,C3a
5,gacs_emotional_shorts_01_eSNLnjeu.mp4,emotional_shorts,warmth,-15.780146,-3.8476236,5.3307896,2.9698405,-1.2528908,3.5317624,-2.576449,-0.92243433,-1.8097464,3.2148764,-0.22759645,0.19667585,-0.50798273,0.9949704,3,C3a
6,gacs_emotional_shorts_01_eSNLnjeu.mp4,emotional_shorts,warmth,-14.182858,3.12366,7.9145985,-0.66770494,-1.2055559,5.0912404,2.177951,-3.2571492,-4.9968157,2.9961116,0.39709693,0.9139242,0.7849086,0.31913733,3,C3a
0,gacs_emotional_shorts_02_HkidP4Ad.mp4,emotional_shorts,contentment,-13.914912,7.301837,4.4260564,-0.44519988,-0.07103671,5.8027515,1.6528668,0.31010696,-2.9999197,-0.44261578,-1.487326,-0.3029961,-0.120652266,-0.7750988,3,C3b
1,gacs_emotional_shorts_02_HkidP4Ad.mp4,emotional_shorts,joy,-17.299599,2.4347012,-0.4102327,8.10995,-2.9855716,6.291549,0.39140812,1.0828569,-1.613984,-1.9155685,0.37172008,0.24942374,-1.4046654,0.06718221,3,C3a
2,gacs_emotional_shorts_02_HkidP4Ad.mp4,emotional_shorts,joy,-14.044945,-10.505505,-1.3221335,4.1050434,-4.015099,1.8007681,0.29174638,-1.381985,0.60432726,1.0606381,1.0232446,2.75427,-1.6206849,-1.9279673,3,C3a
3,gacs_emotional_shorts_02_HkidP4Ad.mp4,emotional_shorts,joy,-17.280771,-2.1196082,0.95971817,8.091526,-5.418486,5.4227867,1.1756179,1.8643365,-1.7001833,-1.9380453,0.7823442,0.92395175,-1.792513,-0.64553726,3,C3a
4,gacs_emotional_shorts_02_HkidP4Ad.mp4,emotional_shorts,celebration,-4.77361,-1.6767375,3.6494834,-0.04742336,-2.7975411,0.68406594,-0.8689279,1.476108,4.55457,5.779712,9.523114,-5.6732554,-1.909565,-4.9673157,3,C3b
0,gacs_emotional_shorts_03_k8-2leAo.mp4,emotional_shorts,informative,-13.519278,-3.5362594,-0.79888976,3.2452128,1.418871,-0.22870857,-0.9880467,-1.4590102,4.0779314,0.0006499988,-1.9078667,4.2850413,-1.6592493,-0.87573427,3,C3a
1,gacs_emotional_shorts_03_k8-2leAo.mp4,emotional_shorts,excitement,-13.994261,-7.484944,-0.80528325,4.1178837,-0.7135204,0.40762377,-0.08077775,-2.6486394,1.5713452,2.3187432,-0.07771336,2.6158683,-0.69453025,-1.2461871,3,C3a
2,gacs_emotional_shorts_03_k8-2leAo.mp4,emotional_shorts,excitement,12.893562,-29.352999,-15.402124,-16.389538,0.4967392,10.454998,0.1055809,0.7540436,-2.7955658,-2.80917,2.9208243,1.4758215,1.8180554,-1.7956542,2,C2
3,gacs_emotional_shorts_03_k8-2leAo.mp4,emotional_shorts,excitement,-16.080347,-3.4154103,-1.4769276,5.9536,-0.70262086,3.5430374,1.4088917,1.3125743,1.0234327,-1.1263286,-0.7730825,-2.1252756,0.6206501,-3.3070986,3,C3a
4,gacs_emotional_shorts_03_k8-2leAo.mp4,emotional_shorts,seriousness,-6.936365,6.95894,8.031088,-13.158496,1.418939,1.082372,-5.779025,-1.1146832,-0.9491159,-3.3503556,3.4204352,-0.8461412,-3.159351,3.612452,3,C3b
5,gacs_emotional_shorts_03_k8-2leAo.mp4,emotional_shorts,sadness,1.2580866,12.934135,-21.26986,8.409466,1.3456931,-0.4144319,2.7377489,-4.5421844,-0.2635442,1.6480589,0.2405292,4.2219853,-0.045981124,0.15146886,1,C1
6,gacs_emotional_shorts_03_k8-2leAo.mp4,emotional_shorts,focus,-9.216765,5.788368,3.0785134,-8.234939,5.312607,0.81858695,0.23878808,-5.826708,-2.1003299,4.0253906,-0.81624305,1.3256108,-0.311883,-0.01427421,3,C3b
7,gacs_emotional_shorts_03_k8-2leAo.mp4,emotional_shorts,focus,-15.762817,-1.547917,-0.85233307,3.6695583,0.6411625,2.4182165,-2.0506225,-2.9262662,-1.1999705,2.9113812,-0.4063019,2.841796,-1.2608211,0.05648574,3,C3a
8,gacs_emotional_shorts_03_k8-2leAo.mp4,emotional_shorts,focus,-10.429933,4.902025,2.418637,-8.72709,4.1654716,0.37597385,-1.1080365,-5.9464035,-1.6570526,3.3660805,-1.0809922,2.397333,-0.14235616,-1.1512898,3,C3b
9,gacs_emotional_shorts_03_k8-2leAo.mp4,emotional_shorts,seriousness,-2.1181097,9.040043,9.321647,-11.996075,0.4335457,-0.40813977,-4.938769,-3.0099902,0.26326737,-6.126828,4.5136065,-0.2600295,-4.0921884,4.6519566,3,C3b
10,gacs_emotional_shorts_03_k8-2leAo.mp4,emotional_shorts,calm,-12.455651,7.0320826,6.4897237,-6.3278027,1.302407,4.037512,-0.1123724,-2.5290744,-4.089369,2.7373865,0.27940294,0.6948861,0.4449879,-1.5525732,3,C3b
11,gacs_emotional_shorts_03_k8-2leAo.mp4,emotional_shorts,focus,-9.367383,5.1552415,4.3716903,-6.0772867,0.92948663,-0.64377403,-0.63746566,-6.250154,-3.2673151,2.790399,-0.68797535,2.7750413,-1.5662426,0.15493497,3,C3b
12,gacs_emotional_shorts_03_k8-2leAo.mp4,emotional_shorts,hope,-10.170762,-15.006584,-8.124911,3.1018546,-4.4924297,-0.54859143,-1.8222334,-3.9417152,3.6177273,0.51718444,2.9395065,5.416234,-3.0656807,0.27844048,3,C3a
0,gacs_movie_trailers_01_OzY2r2JX.mp4,movie_trailers,calm,-5.2756305,11.2858305,-0.138963,-0.52711785,5.298723,-3.5573945,10.834943,1.188792,-1.3197812,0.48175234,1.0415066,3.1025395,-1.6027342,1.3773894,3,C3b
1,gacs_movie_trailers_01_OzY2r2JX.mp4,movie_trailers,darkness,30.319418,2.655556,12.225838,11.084522,8.163523,-0.6623086,0.06274267,2.8383703,-0.7360747,1.1919439,-0.9388718,5.1527877,-2.1499507,-0.95993024,0,C0
0,gacs_movie_trailers_02_EOwTdTZA.mp4,movie_trailers,fear,29.405842,17.640072,-13.092997,13.450405,-2.992899,7.6471972,-2.3103075,3.8496854,0.49168125,1.3883562,0.85038865,5.247807,-0.87141,5.9574027,1,C1
1,gacs_movie_trailers_02_EOwTdTZA.mp4,movie_trailers,calm,-14.286871,6.186297,5.4306173,-0.22170877,-0.81052655,3.018872,-1.1553818,-0.651352,-2.1022854,0.23054612,-1.0215555,1.5874959,-0.56702375,0.4015905,3,C3b
2,gacs_movie_trailers_02_EOwTdTZA.mp4,movie_trailers,hope,10.0199,-23.649406,-11.668447,-5.137701,6.0865355,-3.7854424,3.4202967,-3.4697175,-4.389143,1.2590016,-3.3444002,-1.952894,-1.132079,4.6719656,2,C2
3,gacs_movie_trailers_02_EOwTdTZA.mp4,movie_trailers,tension,-2.6478906,6.5454226,1.9510885,5.4489894,-1.556811,-8.294001,-6.6568356,7.9931912,-4.6735444,-2.5429533,1.257807,0.10994464,0.7412486,-0.9311062,3,C3b
4,gacs_movie_trailers_02_EOwTdTZA.mp4,movie_trailers,calm,-6.313071,5.475109,2.7010112,1.6343693,2.2593257,-1.813995,10.160057,1.8742144,0.7167492,1.0030289,5.2534924,0.10764215,2.9706013,2.4424322,3,C3b
5,gacs_movie_trailers_02_EOwTdTZA.mp4,movie_trailers,joy,-15.659212,-3.7998705,0.09803054,6.1440616,-0.4299848,1.497215,-1.4241606,2.375962,0.39565888,0.6577557,0.69401205,0.6452772,1.231077,-1.2830828,3,C3a
6,gacs_movie_trailers_02_EOwTdTZA.mp4,movie_trailers,loneliness,19.99864,18.800585,-21.354246,6.3007064,-4.4940395,3.0324874,0.5249279,-0.29891747,3.2060878,2.2714827,-2.7107708,2.0048506,3.5245817,4.2531023,1,C1
7,gacs_movie_trailers_02_EOwTdTZA.mp4,movie_trailers,tension,14.335902,0.022846809,9.854935,-4.9276114,-7.3890333,-9.778984,1.7934664,-2.940242,0.14449759,-2.416429,0.08367341,-0.5831251,5.5087833,3.0496755,0,C0
8,gacs_movie_trailers_02_EOwTdTZA.mp4,movie_trailers,tension,32.329,3.6685908,11.961558,11.37869,0.45467085,4.012344,-4.10164,-4.169125,3.7208648,-3.0940356,0.8744616,-1.6116532,1.8109528,-1.162023,0,C0
9,gacs_movie_trailers_02_EOwTdTZA.mp4,movie_trailers,fear,35.92143,-0.22362676,19.094284,11.873118,7.636147,15.968098,-4.1055336,13.378051,1.8456218,-1.312927,-3.0907543,4.8337502,1.1186503,3.734557,0,C0
