original,normalized
communicative serious digital ambient man screen uniform buttons lights contemporary digital screen-based,"mood: communicative, seriousness, urban, ambient. style: contemporary, digital, screen-based. objects: man, screen, uniform, buttons, lights"
surprised comical watchful curious man hallway sweater painting furniture cinematic interior comedic,"mood: surprised, amusement, focus, contemplation. style: cinematic, interior, comedic. objects: man, hallway, sweater, painting, furniture"
bewildered concerned slightly tense awkward man car steering wheel beanie seatbelt cinematic cool-toned naturalistic,"mood: bewildered, concerned, slightly tense, awkward. style: cinematic, cool-toned, naturalistic. objects: man, car, steering wheel, beanie, seatbelt"
festive peaceful urban cozy buildings street cars people lights nighttime cinematic urban,"mood: celebration, calm, urban, contentment. style: nighttime, cinematic, urban. objects: buildings, street, cars, people, lights"
serious conversational focused concerned woman person sofa blazer necklace cinematic naturalistic contemporary,"mood: seriousness, conversational, focus, concerned. style: cinematic, naturalistic, contemporary. objects: woman, person, sofa, blazer, necklace"
serious concerned formal attentive woman man backpack couch cinematic contemporary indoor,"mood: seriousness, concerned, focus. style: cinematic, contemporary, indoor. objects: woman, man, backpack, couch"
festive grand elegant serene christmas tree person staircase balcony lamp opulent warm-lit cinematic,"mood: celebration, wonder, elegance, calm. style: opulent, warm-lit, cinematic. objects: christmas tree, person, staircase, balcony, lamp"
festive cozy warm serene christmas tree ornaments string lights pine needles festive bokeh cinematic,"mood: celebration, contentment, warmth, calm. style: festive, bokeh, cinematic. objects: christmas tree, ornaments, string lights, pine needles"
perplexed uneasy domestic awkward man apron shelves bonsai books cinematic modern warm-lit,"mood: perplexed, tension, domesticity, awkward. style: cinematic, modern, warm-lit. objects: man, apron, shelves, bonsai, books"
concerned dazed ordinary chilly man baby shopping cart hats park naturalistic candid contemporary,"mood: concerned, dazed, neutral, chilly. style: naturalistic, candid, contemporary. objects: man, baby, shopping cart, hats, park"
humorous peculiar whimsical mild man baby shopping cart park trees cinematic naturalistic muted,"mood: amusement, peculiar, calm. style: cinematic, naturalistic, muted. objects: man, baby, shopping cart, park, trees"
tragic desperate chaotic haunting desolate woman stairs building fire dress cinematic high-contrast grim,"mood: sadness, vulnerability, chaos, darkness, loneliness. style: cinematic, high-contrast, grim. objects: woman, stairs, building, fire, dress"
tense critical urgent clinical monitor screen waveform numbers light clinical modern dramatic,"mood: tension, critical, urgent, informative. style: clinical, modern, dramatic. objects: monitor, screen, waveform, numbers, light"
helpless somber anxious critical woman bed hospital gown medical equipment wrist restraint low-key cool-toned cinematic,"mood: vulnerability, sadness, tension, critical. style: low-key, cool-toned, cinematic. objects: woman, bed, hospital gown, medical equipment, wrist restraint"
distressed confined somber hands handcuffs bandage wristband gown cinematic dark realistic,"mood: distressed, confined, sadness. style: cinematic, dark, realistic. objects: hands, handcuffs, bandage, wristband, gown"
serious formal calm stately subdued mansion trees cars flagpoles lawn cinematic naturalistic overcast,"mood: seriousness, calm, weariness. style: cinematic, naturalistic, overcast. objects: mansion, trees, cars, flagpoles, lawn"
serious commanding intense dramatic man robe window hand shirt cinematic naturalistic indoor,"mood: seriousness, tension, dramatic. style: cinematic, naturalistic, indoor. objects: man, robe, window, hand, shirt"
tense anxious distressed suspenseful women trees forest bandage dress cinematic naturalistic gritty,"mood: tension, distressed. style: cinematic, naturalistic, gritty. objects: women, trees, forest, bandage, dress"
serious intense pensive somber man person shirt chain foliage cinematic naturalistic subdued,"mood: seriousness, tension, contemplation, sadness. style: cinematic, naturalistic, subdued. objects: man, person, shirt, chain, foliage"
weary tense somber gritty confined man fluorescent light hallway pipes security camera low-angle darkly lit cinematic,"mood: weariness, tension, sadness, darkness, confined. style: low-angle, darkly lit, cinematic. objects: man, fluorescent light, hallway, pipes, security camera"
terrifying frantic violent unsettling woman blood blinds jacket dark cinematic dramatic,"mood: fear, chaos, anger. style: dark, cinematic, dramatic. objects: woman, blood, blinds, jacket"
functional routine ordinary practical boxes packages labels barcodes sticker utilitarian realistic muted,"mood: informative, neutral. style: utilitarian, realistic, muted. objects: boxes, packages, labels, barcodes, sticker"
playful creative bright optimistic lamp letters text surface minimalistic iconic bright,"mood: amusement, creative, joy, hope. style: minimalistic, iconic, bright. objects: lamp, letters, text, surface"
worried anxious concerned distressed sporks googly eyes pipe cleaners yarn paper animated handcrafted colorful,"mood: worried, tension, concerned, distressed. style: animated, handcrafted, colorful. objects: sporks, googly eyes, pipe cleaners, yarn, paper"
scared anxious worried apprehensive jessie hat wall shutters drawing animated colorful digital,"mood: fear, tension, worried. style: animated, colorful, digital. objects: jessie, hat, wall, shutters, drawing"
surprised alarmed concerned fearful woody buzz lightyear toy room window animated vibrant computer-generated,"mood: surprised, alarmed, concerned, fear. style: animated, vibrant, computer-generated. objects: woody, buzz lightyear, toy, room, window"
cold somber natural quizzical raccoon squirrel snow trees branches cinematic realistic wintery,"mood: darkness, sadness, nature, quizzical. style: cinematic, realistic, wintery. objects: raccoon, squirrel, snow, trees, branches"
triumphant ecstatic joyful powerful player racket court crowd sign dynamic realistic vibrant,"mood: celebration, joy, powerful. style: dynamic, realistic, vibrant. objects: player, racket, court, crowd, sign"
dark blurry calm pensive nocturnal person hair lights city street blurry nocturnal urban,"mood: darkness, blurry, calm, contemplation, nocturnal. style: blurry, nocturnal, urban. objects: person, hair, lights, city, street"
vulnerable cute chaotic anxious determined bird sand water hills rocks animated cinematic charming,"mood: vulnerability, amusement, chaos, tension, hope. style: animated, cinematic, charming. objects: bird, sand, water, hills, rocks"
peaceful curious gentle hopeful bird water mountains reflection pebble animated warm soft,"mood: calm, contemplation, hope. style: animated, warm, soft. objects: bird, water, mountains, reflection, pebble"
peaceful gentle curious tender birds water beach shell rocks animated cinematic realistic,"mood: calm, contemplation, warmth. style: animated, cinematic, realistic. objects: birds, water, beach, shell, rocks"
peaceful serene tranquil charming gentle birds water beach shells rocks animated cinematic whimsical,"mood: calm, charming. style: animated, cinematic, whimsical. objects: birds, water, beach, shells, rocks"
peaceful curious vulnerable bright birds water sky beach mountains animated cinematic naturalistic,"mood: calm, contemplation, vulnerability, joy. style: animated, cinematic, naturalistic. objects: birds, water, sky, beach, mountains"
peaceful tranquil warm hopeful sun ocean beach waves bird cinematic vibrant natural,"mood: calm, warmth, hope. style: cinematic, vibrant, natural. objects: sun, ocean, beach, waves, bird"
inviting direct engaging functional text words background particles digital clean modern,"mood: contentment, informative, engaging. style: digital, clean, modern. objects: text, words, background, particles"
encouraging positive uplifting inviting text slogan typography graphic digital bold,"mood: hope, contentment. style: graphic, digital, bold. objects: text, slogan, typography"
calm peaceful serene quiet ordinary building street tree streetlight crosswalk animated illustrated quaint,"mood: calm, neutral. style: animated, illustrated, quaint. objects: building, street, tree, streetlight, crosswalk"
calm bright peaceful animated buildings windows sky streetlight palm tree animated illustrative bright,"mood: calm, joy, animated. style: animated, illustrative, bright. objects: buildings, windows, sky, streetlight, palm tree"
calm peaceful dreamy serene light buildings trees street text pole animated illustrated pastel,"mood: calm, mystery, light. style: animated, illustrated, pastel. objects: buildings, trees, street, text, pole"
tense serious concerned displeased man sofa curtains vase flowers realistic domestic naturalistic,"mood: tension, seriousness, concerned, displeased. style: realistic, domestic, naturalistic. objects: man, sofa, curtains, vase, flowers"
pensive thoughtful quiet subdued woman sofa curtains flowers vase naturalistic soft-lit candid,"mood: contemplation, calm, weariness. style: naturalistic, soft-lit, candid. objects: woman, sofa, curtains, flowers, vase"
pensive thoughtful subdued reflective woman earrings saree flowers vase realistic indoor natural,"mood: contemplation, weariness. style: realistic, indoor, natural. objects: woman, earrings, saree, flowers, vase"
engaging serious calm thoughtful woman man sofa vase flowers candid natural informal,"mood: engaging, seriousness, calm, contemplation. style: candid, natural, informal. objects: woman, man, sofa, vase, flowers"
surprised confused anxious concerned man couch curtains flowers frames candid domestic naturalistic,"mood: surprised, confused, tension, concerned. style: candid, domestic, naturalistic. objects: man, couch, curtains, flowers, frames"
thoughtful pensive calm serious woman earrings flowers sari couch candid realistic portrait,"mood: contemplation, calm, seriousness. style: candid, realistic, portrait. objects: woman, earrings, flowers, sari, couch"
serious concerned tense conversational domestic people sofa table handbag tablet realistic candid domestic,"mood: seriousness, concerned, tension, conversational, domesticity. style: realistic, candid, domestic. objects: people, sofa, table, handbag, tablet"
concerned serious uneasy man woman sofa flowers vase candid natural realistic,"mood: concerned, seriousness, tension. style: candid, natural, realistic. objects: man, woman, sofa, flowers, vase"
thoughtful quiet neutral serious people couch coffee table curtains handbag domestic naturalistic contemporary,"mood: contemplation, calm, neutral, seriousness. style: domestic, naturalistic, contemporary. objects: people, couch, coffee table, curtains, handbag"
disengaged conversational domestic ordinary candid man woman sofa phone flowers casual natural videographic,"mood: weariness, conversational, domesticity, neutral, candid. style: casual, natural, videographic. objects: man, woman, sofa, phone, flowers"
pensive calm somber contemplative woman sari sofa flowers curtain realistic natural domestic,"mood: contemplation, calm, sadness. style: realistic, natural, domestic. objects: woman, sari, sofa, flowers, curtain"
tense strained somber concerned man woman couch phone flowers realistic candid natural,"mood: tension, strained, sadness, concerned. style: realistic, candid, natural. objects: man, woman, couch, phone, flowers"
expressive engaged conversational intimate focused woman man sofa earrings flowers candid domestic realistic,"mood: poignance, focus, conversational, romance. style: candid, domestic, realistic. objects: woman, man, sofa, earrings, flowers"
concerned expressive questioning earnest woman earrings flowers vase sofa cinematic natural domestic,"mood: concerned, poignance, contemplation, earnest. style: cinematic, natural, domestic. objects: woman, earrings, flowers, vase, sofa"
displeased concerned uneasy serious woman earrings flowers vase couch candid domestic realistic,"mood: displeased, concerned, tension, seriousness. style: candid, domestic, realistic. objects: woman, earrings, flowers, vase, couch"
conversational domestic engaged tense people sofa coffee table saree curtains realistic domestic modern,"mood: conversational, domesticity, focus, tension. style: realistic, domestic, modern. objects: people, sofa, coffee table, saree, curtains"
pensive worried somber quiet woman couch saree vase flowers domestic natural everyday,"mood: contemplation, worried, sadness, calm. style: domestic, natural, everyday. objects: woman, couch, saree, vase, flowers"
thoughtful concerned serious pensive woman sofa vase flowers earring cinematic naturalistic candid,"mood: contemplation, concerned, seriousness. style: cinematic, naturalistic, candid. objects: woman, sofa, vase, flowers, earring"
sad concerned contemplative woman sofa vase flowers frames realistic bright candid,"mood: sadness, concerned, contemplation. style: realistic, bright, candid. objects: woman, sofa, vase, flowers, frames"
attentive calm thoughtful observant woman couch flowers curtain vase realistic naturalistic soft,"mood: focus, calm, contemplation. style: realistic, naturalistic, soft. objects: woman, couch, flowers, curtain, vase"
calm thoughtful domestic relaxed woman couch vase flowers curtains candid realistic soft-lit,"mood: calm, contemplation, domesticity. style: candid, realistic, soft-lit. objects: woman, couch, vase, flowers, curtains"
tense serious somber uncomfortable woman man couch flowers phone realistic casual contemporary,"mood: tension, seriousness, sadness. style: realistic, casual, contemporary. objects: woman, man, couch, flowers, phone"
spacious bright peaceful affluent house balcony trees awning sky luxurious ornate bright,"mood: spacious, joy, calm, affluent. style: luxurious, ornate, bright. objects: house, balcony, trees, awning, sky"
casual domestic ordinary unremarkable person door bed flowers pictures candid realistic indoor,"mood: neutral, domesticity. style: candid, realistic, indoor. objects: person, door, bed, flowers, pictures"
calm casual relaxed bright woman doorway curtains wall painting casual bright residential,"mood: calm, neutral, joy. style: casual, bright, residential. objects: woman, doorway, curtains, wall, painting"
concerned bewildered frustrated tense woman phone earring bracelet plant candid bright expressive,"mood: concerned, bewildered, frustrated, tension. style: candid, bright, expressive. objects: woman, phone, earring, bracelet, plant"
pensive focused everyday casual neutral woman man phones house plants natural candid bright,"mood: contemplation, focus, neutral. style: natural, candid, bright. objects: woman, man, phones, house, plants"
friendly casual cheerful conversational relaxed man woman phone house plant realistic candid bright,"mood: contentment, neutral, joy, conversational, calm. style: realistic, candid, bright. objects: man, woman, phone, house, plant"
distant pensive neutral unengaged man woman smartphones house plants realistic contemporary casual,"mood: loneliness, contemplation, neutral, unengaged. style: realistic, contemporary, casual. objects: man, woman, smartphones, house, plants"
calm domestic warm simple mundane rice bowls plates spoons liquid homely candid natural,"mood: calm, domesticity, warmth, neutral. style: homely, candid, natural. objects: rice, bowls, plates, spoons, liquid"
domestic quiet pensive neutral man woman table chairs pots realistic candid bright,"mood: domesticity, calm, contemplation, neutral. style: realistic, candid, bright. objects: man, woman, table, chairs, pots"
pensive serious somber concerned man shirt bracelet ring curtain realistic candid indoor,"mood: contemplation, seriousness, sadness, concerned. style: realistic, candid, indoor. objects: man, shirt, bracelet, ring, curtain"
content thoughtful relaxed serene woman utensil earring bracelet chair candid naturalistic soft-lit,"mood: contentment, contemplation, calm. style: candid, naturalistic, soft-lit. objects: woman, utensil, earring, bracelet, chair"
distant pensive somber detached man woman bed pillows blankets candid indoor realistic,"mood: loneliness, contemplation, sadness. style: candid, indoor, realistic. objects: man, woman, bed, pillows, blankets"
pensive subdued quiet reflective thoughtful man woman table chairs kitchen warm realistic candid,"mood: contemplation, weariness, calm. style: warm, realistic, candid. objects: man, woman, table, chairs, kitchen"
pensive quiet domestic subdued man woman table kitchen lunchbox warm candid domestic,"mood: contemplation, calm, domesticity, weariness. style: warm, candid, domestic. objects: man, woman, table, kitchen, lunchbox"
quiet reserved thoughtful unenthusiastic man woman table food kitchen naturalistic warm domestic,"mood: calm, seriousness, contemplation, unenthusiastic. style: naturalistic, warm, domestic. objects: man, woman, table, food, kitchen"
bored contemplative casual reflective man flatbread bowl table hoodie casual naturalistic domestic,"mood: weariness, contemplation, neutral. style: casual, naturalistic, domestic. objects: man, flatbread, bowl, table, hoodie"
subdued thoughtful quiet pensive woman table food plate pot candid domestic warm,"mood: weariness, contemplation, calm. style: candid, domestic, warm. objects: woman, table, food, plate, pot"
conversational attentive thoughtful woman man table plate food container cinematic realistic warm,"mood: conversational, focus, contemplation. style: cinematic, realistic, warm. objects: woman, man, table, plate, food container"
distressed sorrowful tense dramatic woman man chair table cinematic candid dramatic,"mood: distressed, sadness, tension, dramatic. style: cinematic, candid, dramatic. objects: woman, man, chair, table"
distressed concerned somber urgent emotional man woman hoodie chair floor candid realistic indoor,"mood: distressed, concerned, sadness, urgent, poignance. style: candid, realistic, indoor. objects: man, woman, hoodie, chair, floor"
distressed sad comforting emotional concerned man woman buddha wall art kitchen dramatic intimate realistic,"mood: distressed, sadness, comforting, poignance, concerned. style: dramatic, intimate, realistic. objects: man, woman, buddha, wall art, kitchen"
tender intimate affectionate calm loving person hand ring shirt curtain soft intimate warm,"mood: warmth, romance, calm. style: soft, intimate, warm. objects: person, hand, ring, shirt, curtain"
distressed emotional somber concerned man woman chair table cabinets cinematic dramatic intimate,"mood: distressed, poignance, sadness, concerned. style: cinematic, dramatic, intimate. objects: man, woman, chair, table, cabinets"
ordinary casual attentive neutral woman table chairs kitchen fruit realistic bright domestic,"mood: neutral, focus. style: realistic, bright, domestic. objects: woman, table, chairs, kitchen, fruit"
focused concerned supportive man woman table chairs fruit domestic candid naturalistic,"mood: focus, concerned, warmth. style: domestic, candid, naturalistic. objects: man, woman, table, chairs, fruit"
distressed sad emotional intense woman man couch kitchen hair dramatic realistic intimate,"mood: distressed, sadness, poignance, tension. style: dramatic, realistic, intimate. objects: woman, man, couch, kitchen, hair"
serious pensive concerned focused man hoodie table beard cinematic naturalistic subdued,"mood: seriousness, contemplation, concerned, focus. style: cinematic, naturalistic, subdued. objects: man, hoodie, table, beard"
caring attentive supportive concerned man woman table chairs fruit domestic naturalistic warm,"mood: warmth, focus, concerned. style: domestic, naturalistic, warm. objects: man, woman, table, chairs, fruit"
romantic affectionate tender warm man woman curtains chairs kitchen candid warm domestic,"mood: romance, warmth. style: candid, warm, domestic. objects: man, woman, curtains, chairs, kitchen"
sad emotional serious intimate concerned man woman hands ring cinematic dramatic intimate,"mood: sadness, poignance, seriousness, romance, concerned. style: cinematic, dramatic, intimate. objects: man, woman, hands, ring"
pensive somber thoughtful serious man hoodie beard artwork wall realistic muted intimate,"mood: contemplation, sadness, seriousness. style: realistic, muted, intimate. objects: man, hoodie, beard, artwork, wall"
peaceful sleepy calm relaxed woman bed pillow blanket intimate naturalistic warm,"mood: calm, weariness. style: intimate, naturalistic, warm. objects: woman, bed, pillow, blanket"
intimate contemplative quiet somber man woman bed pillows blanket nocturnal candid subdued,"mood: romance, contemplation, calm, sadness. style: nocturnal, candid, subdued. objects: man, woman, bed, pillows, blanket"
casual domestic relaxed neutral pan liquid arm shirt television everyday realistic natural,"mood: neutral, domesticity, calm. style: everyday, realistic, natural. objects: pan, liquid, arm, shirt, television"
calm peaceful domestic serene teapot cups hand ladle close-up warm traditional,"mood: calm, domesticity. style: close-up, warm, traditional. objects: teapot, cups, hand, ladle"
private unsettling subdued observational tense woman man bed blanket bedroom realistic candid videographic,"mood: private, fear, weariness, observational, tension. style: realistic, candid, videographic. objects: woman, man, bed, blanket, bedroom"
pensive subdued quiet domestic man woman bed tray bottles realistic naturalistic candid,"mood: contemplation, weariness, calm, domesticity. style: realistic, naturalistic, candid. objects: man, woman, bed, tray, bottles"
calm pensive intimate reflective woman man bed cup blanket realistic domestic candid,"mood: calm, contemplation, romance. style: realistic, domestic, candid. objects: woman, man, bed, cup, blanket"
concerned pensive contemplative man shirt beard room picture candid naturalistic soft-focus,"mood: concerned, contemplation. style: candid, naturalistic, soft-focus. objects: man, shirt, beard, room, picture"
pensive calm domestic intimate woman man bed mug headboard realistic domestic candid,"mood: contemplation, calm, domesticity, romance. style: realistic, domestic, candid. objects: woman, man, bed, mug, headboard"
calm reflective serene woman bed lamp headboard picture casual realistic simple,"mood: calm, contemplation. style: casual, realistic, simple. objects: woman, bed, lamp, headboard, picture"
calm peaceful relaxed thoughtful woman mug bed lamp picture candid naturalistic domestic,"mood: calm, contemplation. style: candid, naturalistic, domestic. objects: woman, mug, bed, lamp, picture"
thoughtful concerned pensive mild man vest wall picture plant realistic cinematic naturalistic,"mood: contemplation, concerned, calm. style: realistic, cinematic, naturalistic. objects: man, vest, wall, picture, plant"
pensive contemplative subdued calm woman bed lamp headboard pillow candid domestic natural,"mood: contemplation, weariness, calm. style: candid, domestic, natural. objects: woman, bed, lamp, headboard, pillow"
pensive thoughtful intimate calm woman bed lamp headboard pillow realistic intimate natural,"mood: contemplation, romance, calm. style: realistic, intimate, natural. objects: woman, bed, lamp, headboard, pillow"
stressed concerned questioning uneasy surprised man tank top wall picture plant candid realistic contemporary,"mood: tension, concerned, contemplation, surprised. style: candid, realistic, contemporary. objects: man, tank top, wall, picture, plant"
concerned tense worried distressed woman bed lamp room hand domestic realistic candid,"mood: concerned, tension, worried, distressed. style: domestic, realistic, candid. objects: woman, bed, lamp, room, hand"
calm content relaxed gentle woman bed lamp headboard pillow natural soft domestic,"mood: calm, contentment. style: natural, soft, domestic. objects: woman, bed, lamp, headboard, pillow"
happy content calm gentle woman bed lamp pillow wall candid natural soft,"mood: joy, contentment, calm. style: candid, natural, soft. objects: woman, bed, lamp, pillow, wall"
calm peaceful reflective intimate tranquil buddha lamp person couch cabinet warm soft-lit domestic,"mood: calm, contemplation, romance. style: warm, soft-lit, domestic. objects: buddha, lamp, person, couch, cabinet"
concerned supportive tender solicitous man woman sofa flowers vase domestic naturalistic warm,"mood: concerned, warmth, solicitous. style: domestic, naturalistic, warm. objects: man, woman, sofa, flowers, vase"
serious intimate conversational reflective calm man woman lamp sofa statue cinematic warm-toned naturalistic,"mood: seriousness, romance, conversational, contemplation, calm. style: cinematic, warm-toned, naturalistic. objects: man, woman, lamp, sofa, statue"
somber concerned pensive tense man woman sofa vase buddha realistic domestic candid,"mood: sadness, concerned, contemplation, tension. style: realistic, domestic, candid. objects: man, woman, sofa, vase, buddha"
concerned subdued intimate quiet sofa persons vase buddha kitchen domestic candid naturalistic,"mood: concerned, weariness, romance, calm. style: domestic, candid, naturalistic. objects: sofa, persons, vase, buddha, kitchen"
nan nan nan,
nan nan nan,
nan nan nan,
happy warm intimate relaxed man woman sofa lamp earrings candid warm domestic,"mood: joy, warmth, romance, calm. style: candid, warm, domestic. objects: man, woman, sofa, lamp, earrings"
happy intimate tender loving hopeful man woman ring sofa kitchen candid warm realistic,"mood: joy, romance, warmth, hope. style: candid, warm, realistic. objects: man, woman, ring, sofa, kitchen"
happy romantic affectionate joyful man woman ring couch hands warm natural modern,"mood: joy, romance, warmth. style: warm, natural, modern. objects: man, woman, ring, couch, hands"
loving intimate tender happy calm man woman bed hands pillow soft candid personal,"mood: warmth, romance, joy, calm. style: soft, candid, personal. objects: man, woman, bed, hands, pillow"
calm focused domestic peaceful man kitchen vegetables refrigerator pot domestic well-lit candid,"mood: calm, focus, domesticity. style: domestic, well-lit, candid. objects: man, kitchen, vegetables, refrigerator, pot"
casual mild conversational relaxed calm man woman shirt vase flowers candid naturalistic casual,"mood: neutral, calm, conversational. style: candid, naturalistic, casual. objects: man, woman, shirt, vase, flowers"
calm domestic collaborative gentle warm man woman kitchen vegetables pot domestic candid natural,"mood: calm, domesticity, warmth. style: domestic, candid, natural. objects: man, woman, kitchen, vegetables, pot"
intrigued warm conversational curious amicable man woman dress shirt flowers natural warm candid,"mood: contemplation, warmth, conversational, contentment. style: natural, warm, candid. objects: man, woman, dress, shirt, flowers"
conversational casual attentive open man shirt kitchen cabinets hood realistic natural contemporary,"mood: conversational, neutral, focus, open. style: realistic, natural, contemporary. objects: man, shirt, kitchen, cabinets, hood"
happy calm pleasant focused man vegetables knife refrigerator pot natural candid domestic,"mood: joy, calm, contentment, focus. style: natural, candid, domestic. objects: man, vegetables, knife, refrigerator, pot"
relaxed calm domestic leisurely pensive woman man balcony chairs plants casual bright domestic,"mood: calm, domesticity, leisurely, contemplation. style: casual, bright, domestic. objects: woman, man, balcony, chairs, plants"
calm pensive intimate gentle serene woman chair railing plants earrings cinematic realistic soft-focus,"mood: calm, contemplation, romance. style: cinematic, realistic, soft-focus. objects: woman, chair, railing, plants, earrings"
calm relaxed peaceful contemplative serene woman cup railing chair plants casual natural everyday,"mood: calm, contemplation. style: casual, natural, everyday. objects: woman, cup, railing, chair, plants"
calm contemplative sincere relaxed man shirt house grass wall realistic casual cinematic,"mood: calm, contemplation, gratitude. style: realistic, casual, cinematic. objects: man, shirt, house, grass, wall"
thoughtful pensive calm serious reflective man shirt wall grass hand candid natural soft,"mood: contemplation, calm, seriousness. style: candid, natural, soft. objects: man, shirt, wall, grass, hand"
calm pleasant contemplative observant woman cup chair railing foliage natural candid soft-focus,"mood: calm, contentment, contemplation, focus. style: natural, candid, soft-focus. objects: woman, cup, chair, railing, foliage"
calm pensive somber thoughtful woman chair cup railing man cinematic dramatic intimate,"mood: calm, contemplation, sadness. style: cinematic, dramatic, intimate. objects: woman, chair, cup, railing, man"
pleasant calm relaxed engaged man shirt wall grass pillar casual outdoor realistic,"mood: contentment, calm, focus. style: casual, outdoor, realistic. objects: man, shirt, wall, grass, pillar"
relaxed pleasant calm friendly candid woman cup chair railing plants cinematic natural soft-focus,"mood: calm, contentment, candid. style: cinematic, natural, soft-focus. objects: woman, cup, chair, railing, plants"
casual relaxed conversational neutral woman man balcony railing wall realistic daylight casual,"mood: neutral, calm, conversational. style: realistic, daylight, casual. objects: woman, man, balcony, railing, wall"
reflective subtle pensive gentle man woman balcony cup plants natural candid cinematic,"mood: contemplation, calm. style: natural, candid, cinematic. objects: man, woman, balcony, cup, plants"
thoughtful serious pensive subdued man woman shirt light building candid naturalistic filmic,"mood: contemplation, seriousness, weariness. style: candid, naturalistic, filmic. objects: man, woman, shirt, light, building"
romantic gentle calm contemplative man woman lamp building shirt cinematic soft-lit intimate,"mood: romance, calm, contemplation. style: cinematic, soft-lit, intimate. objects: man, woman, lamp, building, shirt"
calm intimate conversational relaxed woman man lamp cup plants cinematic soft-lit candid,"mood: calm, romance, conversational. style: cinematic, soft-lit, candid. objects: woman, man, lamp, cup, plants"
pensive somber thoughtful concerned quiet woman man cup plants wall candid contemporary realistic,"mood: contemplation, sadness, concerned, calm. style: candid, contemporary, realistic. objects: woman, man, cup, plants, wall"
calm gentle subtle pensive woman man lamp cup plants cinematic soft-focus candid,"mood: calm, contemplation. style: cinematic, soft-focus, candid. objects: woman, man, lamp, cup, plants"
serious pensive somber calm man woman shirt light building cinematic low-key realistic,"mood: seriousness, contemplation, sadness, calm. style: cinematic, low-key, realistic. objects: man, woman, shirt, light, building"
intimate contemplative quiet pensive woman man cup plants wall cinematic naturalistic soft,"mood: romance, contemplation, calm. style: cinematic, naturalistic, soft. objects: woman, man, cup, plants, wall"
loving intimate tender warm gentle woman man cup plant wall cinematic warm naturalistic,"mood: warmth, romance, calm. style: cinematic, warm, naturalistic. objects: woman, man, cup, plant, wall"
concerned intimate tense emotional woman man cup plants building candid narrative realistic,"mood: concerned, romance, tension, poignance. style: candid, narrative, realistic. objects: woman, man, cup, plants, building"
intimate tender reflective serene woman man cup plants wall cinematic natural gentle,"mood: romance, warmth, contemplation, calm. style: cinematic, natural, gentle. objects: woman, man, cup, plants, wall"
loving romantic affectionate peaceful warm couple window plants wall earrings candid soft warm,"mood: warmth, romance, calm. style: candid, soft, warm. objects: couple, window, plants, wall, earrings"
mysterious dim formal private person bottle sofa table carpet cinematic moody vintage,"mood: mystery, dim, seriousness, private. style: cinematic, moody, vintage. objects: person, bottle, sofa, table, carpet"
pensive somber intimate reflective serious man bottle glass lamp sofa cinematic warm intimate,"mood: contemplation, sadness, romance, seriousness. style: cinematic, warm, intimate. objects: man, bottle, glass, lamp, sofa"
happy relaxed convivial warm man glass bottle sofa lamp warm intimate cinematic,"mood: joy, calm, contentment, warmth. style: warm, intimate, cinematic. objects: man, glass, bottle, sofa, lamp"
relaxed sophisticated intimate calm man wine bottle wine glass lamp vines cinematic ambient warm,"mood: calm, elegance, romance. style: cinematic, ambient, warm. objects: man, wine bottle, wine glass, lamp, vines"
romantic intimate celebratory elegant man woman wine glasses railing light cinematic low-light intimate,"mood: romance, celebration, elegance. style: cinematic, low-light, intimate. objects: man, woman, wine glasses, railing, light"
romantic warm intimate happy woman lamp necklace dress foliage cinematic warm soft,"mood: romance, warmth, joy. style: cinematic, warm, soft. objects: woman, lamp, necklace, dress, foliage"
intimate romantic warm calm elegant man woman wine glass plants lamp romantic soft-lit candid,"mood: romance, warmth, calm, elegance. style: romantic, soft-lit, candid. objects: man, woman, wine glass, plants, lamp"
romantic intimate affectionate happy man woman hands lamp foliage warm soft cinematic,"mood: romance, warmth, joy. style: warm, soft, cinematic. objects: man, woman, hands, lamp, foliage"
peaceful calm ambient serene person dress sofa lamp table cinematic ambient warm,"mood: calm, ambient. style: cinematic, ambient, warm. objects: person, dress, sofa, lamp, table"
happy relaxed romantic joyful man woman sofa wine glasses bottle cinematic candid warm,"mood: joy, calm, romance. style: cinematic, candid, warm. objects: man, woman, sofa, wine glasses, bottle"
emotional vulnerable intimate somber woman man couch necklace lamps dramatic elegant low-key,"mood: poignance, vulnerability, romance, sadness. style: dramatic, elegant, low-key. objects: woman, man, couch, necklace, lamps"
happy relaxed social joyful man woman couch bottle glasses candid warm relaxed,"mood: joy, calm, domesticity. style: candid, warm, relaxed. objects: man, woman, couch, bottle, glasses"
peaceful serene inviting calm house balcony palm trees railing awning residential tropical well-lit,"mood: calm, contentment. style: residential, tropical, well-lit. objects: house, balcony, palm trees, railing, awning"
composed observant thoughtful gentle woman saree envelope plants necklace natural bright simple,"mood: calm, focus, contemplation. style: natural, bright, simple. objects: woman, saree, envelope, plants, necklace"
engaged calm conversational attentive woman sari necklace plants document realistic natural candid,"mood: focus, calm, conversational. style: realistic, natural, candid. objects: woman, sari, necklace, plants, document"
loving concerned tender expectant man woman earrings doorway ring cinematic warm realistic,"mood: warmth, concerned, tension. style: cinematic, warm, realistic. objects: man, woman, earrings, doorway, ring"
happy joyful affectionate warm man woman earrings doorway realistic casual warm,"mood: joy, warmth. style: realistic, casual, warm. objects: man, woman, earrings, doorway"
pleasant calm inviting woman sari folder doorway room natural candid soft,"mood: contentment, calm. style: natural, candid, soft. objects: woman, sari, folder, doorway, room"
happy joyful affectionate warm man woman house saree lamp natural candid bright,"mood: joy, warmth. style: natural, candid, bright. objects: man, woman, house, saree, lamp"
warm candid observant subtle man shirt backpack text cinematic natural close-up,"mood: warmth, candid, focus, calm. style: cinematic, natural, close-up. objects: man, shirt, backpack, text"
joyful happy amused warm man woman shirt blouse background candid realistic warm,"mood: joy, amusement, warmth. style: candid, realistic, warm. objects: man, woman, shirt, blouse, background"
hazy busy expansive muted buildings cars road trees cityscape urban realistic aerial,"mood: hazy, urban, expansive, weariness. style: urban, realistic, aerial. objects: buildings, cars, road, trees, cityscape"
weary genuine muted somber woman bananas string wall doorway candid muted realistic,"mood: weariness, genuine, sadness. style: candid, muted, realistic. objects: woman, bananas, string, wall, doorway"
heartwarming playful domestic calm dog person watering can plants chicken naturalistic muted realistic,"mood: warmth, amusement, domesticity, calm. style: naturalistic, muted, realistic. objects: dog, person, watering can, plants, chicken"
lively generous friendly engaging bustling people plastic bags food stall apron candid realistic observational,"mood: excitement, generous, contentment, engaging. style: candid, realistic, observational. objects: people, plastic bags, food, stall, apron"
contemplative melancholic hazy atmospheric sun antennas satellite dish tree sky cinematic atmospheric silhouetted,"mood: contemplation, sadness, hazy, atmospheric. style: cinematic, atmospheric, silhouetted. objects: sun, antennas, satellite dish, tree, sky"
calm serene neutral uniform blank color screen background flat minimalist solid,"mood: calm, neutral, uniform. style: flat, minimalist, solid. objects: color, screen, background"
joyful heartwarming tender loving baby woman grandmother blanket fan candid domestic casual,"mood: joy, warmth. style: candid, domestic, casual. objects: baby, woman, grandmother, blanket, fan"
happy joyful celebratory proud person graduation cap bouquet flowers blazer candid realistic vibrant,"mood: joy, celebration. style: candid, realistic, vibrant. objects: person, graduation cap, bouquet, flowers, blazer"
emotional touching proud sentimental heartwarming woman graduate flowers cap tassel candid authentic emotional,"mood: poignance, celebration, nostalgia, warmth. style: candid, authentic, emotional. objects: woman, graduate, flowers, cap, tassel"
emotional proud joyful touching women flowers cap gown glasses candid documentary bright,"mood: poignance, celebration, joy. style: candid, documentary, bright. objects: women, flowers, cap, gown, glasses"
joyful emotional celebratory happy proud women flowers graduation cap wheelchair glasses candid vibrant documentary,"mood: joy, poignance, celebration. style: candid, vibrant, documentary. objects: women, flowers, graduation cap, wheelchair, glasses"
happy joyful warm excited loving man child teddy bear gift bag bed candid domestic natural,"mood: joy, warmth, excitement. style: candid, domestic, natural. objects: man, child, teddy bear, gift bag, bed"
joyful excited affectionate boy man gift bag plush toy bed candid domestic warm,"mood: joy, excitement, warmth. style: candid, domestic, warm. objects: boy, man, gift bag, plush toy, bed"
happy joyful excited affectionate man child gift bag paper bed candid domestic warm,"mood: joy, excitement, warmth. style: candid, domestic, warm. objects: man, child, gift bag, paper, bed"
joyful affectionate heartwarming loving boy man teddy bear gift bag headboard candid intimate warm,"mood: joy, warmth. style: candid, intimate, warm. objects: boy, man, teddy bear, gift bag, headboard"
happy joyful warm excited affectionate boy man gift bag stuffed animal bed candid warm personal,"mood: joy, warmth, excitement. style: candid, warm, personal. objects: boy, man, gift bag, stuffed animal, bed"
joyful heartwarming surprised excited tender boy man gift bag teddy bear bed candid domestic warm,"mood: joy, warmth, surprised, excitement. style: candid, domestic, warm. objects: boy, man, gift bag, teddy bear, bed"
formal serious disciplined professional marine uniform hallway door light documentary candid functional,"mood: seriousness, disciplined, informative. style: documentary, candid, functional. objects: marine, uniform, hallway, door, light"
happy emotional loving tender joyful bride marine uniform wedding dress flowers candid personal celebratory,"mood: joy, poignance, warmth. style: candid, personal, celebratory. objects: bride, marine, uniform, wedding dress, flowers"
sentimental emotional proud joyful man woman uniform hat dress candid intimate realistic,"mood: nostalgia, poignance, celebration, joy. style: candid, intimate, realistic. objects: man, woman, uniform, hat, dress"
busy active everyday neutral van man woman furniture trees candid realistic documentary,"mood: urban, excitement, neutral. style: candid, realistic, documentary. objects: van, man, woman, furniture, trees"
playful curious lighthearted domestic puppy green object man microwave shelf candid domestic natural,"mood: amusement, contemplation, joy, domesticity. style: candid, domestic, natural. objects: puppy, green object, man, microwave, shelf"
calm everyday ordinary helpful woman car shopping cart person trees candid realistic outdoor,"mood: calm, neutral, helpful. style: candid, realistic, outdoor. objects: woman, car, shopping cart, person, trees"
everyday calm ordinary casual car people shopping cart groceries trees candid amateur blurry,"mood: neutral, calm. style: candid, amateur, blurry. objects: car, people, shopping cart, groceries, trees"
peaceful helpful ordinary sunny woman child car shopping cart trees candid natural bright,"mood: calm, helpful, neutral, sunny. style: candid, natural, bright. objects: woman, child, car, shopping cart, trees"
calm serene subtle neutral minimal curtain fabric dots pattern texture minimalist soft abstract,"mood: calm, neutral, minimal. style: minimalist, soft, abstract. objects: curtain, fabric, dots, pattern, texture"
emotional touching overwhelmed compassionate boy women masks desk monitor candid documentary realistic,"mood: poignance, vulnerability, warmth. style: candid, documentary, realistic. objects: boy, women, masks, desk, monitor"
emotional comforting poignant intimate people masks wall door candid realistic documentary,"mood: poignance, comforting, romance. style: candid, realistic, documentary. objects: people, masks, wall, door"
dark urgent tense nocturnal ambulance buildings cars person streetlights candid realistic nocturnal,"mood: darkness, urgent, tension, nocturnal. style: candid, realistic, nocturnal. objects: ambulance, buildings, cars, person, streetlights"
urgent concerned nocturnal somber ambulance person dog van street realistic candid urban,"mood: urgent, concerned, nocturnal, sadness. style: realistic, candid, urban. objects: ambulance, person, dog, van, street"
tense urgent somber gritty ambulance street buildings cars person nighttime urban candid,"mood: tension, urgent, sadness, darkness. style: nighttime, urban, candid. objects: ambulance, street, buildings, cars, person"
curious attentive sunny lively exploratory dog leash hand pavement shadows candid natural everyday,"mood: contemplation, focus, sunny, excitement, adventure. style: candid, natural, everyday. objects: dog, leash, hand, pavement, shadows"
anxious uncertain serious observant bright dog leash hospital doors sidewalk documentary daylight urban,"mood: tension, seriousness, focus, joy. style: documentary, daylight, urban. objects: dog, leash, hospital, doors, sidewalk"
calm somber concerned quiet cold person cat water pier trees realistic muted naturalistic,"mood: calm, sadness, concerned, darkness. style: realistic, muted, naturalistic. objects: person, cat, water, pier, trees"
playful adventurous carefree lively child dog trampoline trees grass candid natural informal,"mood: amusement, adventure, contentment, excitement. style: candid, natural, informal. objects: child, dog, trampoline, trees, grass"
playful curious determined wholesome child dog trampoline grass trees candid outdoor naturalistic,"mood: amusement, contemplation, hope, wholesome. style: candid, outdoor, naturalistic. objects: child, dog, trampoline, grass, trees"
joyful playful active relaxed child dog trampoline trees grass candid natural spontaneous,"mood: joy, amusement, excitement, calm. style: candid, natural, spontaneous. objects: child, dog, trampoline, trees, grass"
curious candid thoughtful observant girl counter chair people dress candid natural documentary,"mood: contemplation, candid, focus. style: candid, natural, documentary. objects: girl, counter, chair, people, dress"
busy focused collaborative helpful people trays menus fridge floor candid realistic everyday,"mood: urban, focus, domesticity, helpful. style: candid, realistic, everyday. objects: people, trays, menus, fridge, floor"
helpful calm focused ordinary trays papers women refrigerator floor candid observational everyday,"mood: helpful, calm, focus, neutral. style: candid, observational, everyday. objects: trays, papers, women, refrigerator, floor"
tender emotional hopeful reflective child uniform flag soldiers sky candid realistic bright,"mood: warmth, poignance, hope, contemplation. style: candid, realistic, bright. objects: child, uniform, flag, soldiers, sky"
emotional proud poignant heartfelt significant soldier uniform hand patch sky candid documentary natural,"mood: poignance, celebration, warmth, significant. style: candid, documentary, natural. objects: soldier, uniform, hand, patch, sky"
happy excited celebratory lighthearted supportive women hair clipper salon cape hair chair candid bright indoor,"mood: joy, excitement, celebration, warmth. style: candid, bright, indoor. objects: women, hair clipper, salon cape, hair, chair"
emotional tender supportive poignant empathetic women hair clippers cape salon chair candid natural intimate,"mood: poignance, warmth. style: candid, natural, intimate. objects: women, hair clippers, cape, salon, chair"
happy joyful playful lively innocent boy girl shirts shorts skirt candid bright simple,"mood: joy, amusement, excitement, innocent. style: candid, bright, simple. objects: boy, girl, shirts, shorts, skirt"
happy innocent cheerful lighthearted engaged children uniforms stage shoes letters candid vibrant bright,"mood: joy, innocent, focus. style: candid, vibrant, bright. objects: children, uniforms, stage, shoes, letters"
energetic joyful expressive lively enthusiastic children shirt skirt background stage vibrant bright candid,"mood: excitement, joy, poignance, enthusiastic. style: vibrant, bright, candid. objects: children, shirt, skirt, background, stage"
joyful lively candid familial people table chairs baby glasses candid natural bright,"mood: joy, excitement, candid, domesticity. style: candid, natural, bright. objects: people, table, chairs, baby, glasses"
happy joyful warm affectionate cheerful man child woman table chairs candid natural casual,"mood: joy, warmth. style: candid, natural, casual. objects: man, child, woman, table, chairs"
distressed emotional concerned caring intimate man baby table papers glasses candid natural informal,"mood: distressed, poignance, concerned, warmth, romance. style: candid, natural, informal. objects: man, baby, table, papers, glasses"
happy friendly engaged warm people table chairs menus glasses candid informal bright,"mood: joy, contentment, focus, warmth. style: candid, informal, bright. objects: people, table, chairs, menus, glasses"
loving tender emotional caring woman man bed hospital room pillow candid realistic intimate,"mood: warmth, poignance. style: candid, realistic, intimate. objects: woman, man, bed, hospital room, pillow"
happy tender caring intimate woman man bed cabinet equipment candid realistic personal,"mood: joy, warmth, romance. style: candid, realistic, personal. objects: woman, man, bed, cabinet, equipment"
concerned comforting emotional tender distressed woman man hospital bed blanket medical equipment candid realistic intimate,"mood: concerned, comforting, poignance, warmth, distressed. style: candid, realistic, intimate. objects: woman, man, hospital bed, blanket, medical equipment"
caring tender intimate supportive emotional woman man hospital bed medical equipment bed rail candid realistic documentary,"mood: warmth, romance, poignance. style: candid, realistic, documentary. objects: woman, man, hospital bed, medical equipment, bed rail"
calm routine neutral peaceful person car driveway trees houses surveillance realistic daylight,"mood: calm, neutral. style: surveillance, realistic, daylight. objects: person, car, driveway, trees, houses"
curious watchful perplexed attentive man car trees house bottle surveillance candid unedited,"mood: contemplation, focus, perplexed. style: surveillance, candid, unedited. objects: man, car, trees, house, bottle"
happy joyful excited hopeful couple christmas tree ultrasound photos stairs ornaments candid domestic celebratory,"mood: joy, excitement, hope. style: candid, domestic, celebratory. objects: couple, christmas tree, ultrasound photos, stairs, ornaments"
festive warm comfortable cheerful woman man christmas tree staircase purse candid domestic natural,"mood: celebration, warmth, contentment, joy. style: candid, domestic, natural. objects: woman, man, christmas tree, staircase, purse"
joyful surprised loving intimate celebratory woman man paper christmas tree staircase candid warm festive,"mood: joy, surprised, warmth, romance, celebration. style: candid, warm, festive. objects: woman, man, paper, christmas tree, staircase"
happy emotional joyful loving heartwarming couple christmas tree ultrasound images staircase shoes candid cozy intimate,"mood: joy, poignance, warmth. style: candid, cozy, intimate. objects: couple, christmas tree, ultrasound images, staircase, shoes"
casual ordinary bright relaxed person car trailer trees sky candid daylight realistic,"mood: neutral, joy, calm. style: candid, daylight, realistic. objects: person, car, trailer, trees, sky"
happy cheerful lively man car tree sidewalk shadows candid bright daylight,"mood: joy, excitement. style: candid, bright, daylight. objects: man, car, tree, sidewalk, shadows"
loving tender emotional warm affectionate people car hat phone door candid spontaneous natural,"mood: warmth, poignance. style: candid, spontaneous, natural. objects: people, car, hat, phone, door"
joyful emotional heartwarming affectionate loving people car door hat building candid realistic bright,"mood: joy, poignance, warmth. style: candid, realistic, bright. objects: people, car, door, hat, building"
affectionate joyful emotional heartwarming loving people car door arms background candid realistic bright,"mood: warmth, joy, poignance. style: candid, realistic, bright. objects: people, car, door, arms, background"
joyful emotional loving warm people car phone trees building candid personal documentary,"mood: joy, poignance, warmth. style: candid, personal, documentary. objects: people, car, phone, trees, building"
calm caring medical relaxed boy girl chair mouth retractor oxygen tubes realistic candid medical,"mood: calm, warmth, medical. style: realistic, candid, medical. objects: boy, girl, chair, mouth retractor, oxygen tubes"
clinical curious caring calm boy girl dental chair mouth opener sunglasses realistic candid clinical,"mood: informative, contemplation, warmth, calm. style: realistic, candid, clinical. objects: boy, girl, dental chair, mouth opener, sunglasses"
overcast mundane subdued umbrella person car house trees candid natural everyday,"mood: overcast, neutral, weariness. style: candid, natural, everyday. objects: umbrella, person, car, house, trees"
overcast damp practical mundane person umbrella car trees utility pole candid naturalistic casual,"mood: overcast, damp, informative, neutral. style: candid, naturalistic, casual. objects: person, umbrella, car, trees, utility pole"
cheerful casual friendly lighthearted people car umbrella trees ground casual candid outdoor,"mood: joy, neutral, contentment. style: casual, candid, outdoor. objects: people, car, umbrella, trees, ground"
playful tender calm serene man child doorway mountains furniture candid ambient realistic,"mood: amusement, warmth, calm. style: candid, ambient, realistic. objects: man, child, doorway, mountains, furniture"
calm relaxed playful mellow tropical man palm trees buildings hat street outdoor natural evening,"mood: calm, amusement, nature. style: outdoor, natural, evening. objects: man, palm trees, buildings, hat, street"
tranquil serene nocturnal relaxed palm trees man buildings streetlights pathway dusky tropical atmospheric,"mood: calm, nocturnal. style: dusky, tropical, atmospheric. objects: palm trees, man, buildings, streetlights, pathway"
happy celebratory emotional surprised joyful people cake pizza bottle table candid lively casual,"mood: joy, celebration, poignance, surprised. style: candid, lively, casual. objects: people, cake, pizza, bottle, table"
joyful heartwarming tender emotional woman man baby balloons table candid realistic domestic,"mood: joy, warmth, poignance. style: candid, realistic, domestic. objects: woman, man, baby, balloons, table"
solemn communal respectful serious reflective people pews church clothing windows candid realistic unposed,"mood: seriousness, domesticity, respectful, contemplation. style: candid, realistic, unposed. objects: people, pews, church, clothing, windows"
emotional loving joyful comforting reuniting people church pews congregation windows candid realistic documentary,"mood: poignance, warmth, joy, comforting, reuniting. style: candid, realistic, documentary. objects: people, church, pews, congregation, windows"
communal reverent comforting peaceful people cross statue pews flowers candid documentary interior,"mood: domesticity, reverent, comforting, calm. style: candid, documentary, interior. objects: people, cross, statue, pews, flowers"
surprising joyful warm emotional reunited woman chairs tables cars buildings candid spontaneous bright,"mood: surprising, joy, warmth, poignance, reunited. style: candid, spontaneous, bright. objects: woman, chairs, tables, cars, buildings"
surprised emotional happy reunited warm women table car building handbag candid naturalistic observational,"mood: surprised, poignance, joy, reunited, warmth. style: candid, naturalistic, observational. objects: women, table, car, building, handbag"
surprised emotional joyous heartwarming affectionate women table cars keys building candid casual bright,"mood: surprised, poignance, joy, warmth. style: candid, casual, bright. objects: women, table, cars, keys, building"
joyful emotional affectionate surprised people table keys phone car candid casual realistic,"mood: joy, poignance, warmth, surprised. style: candid, casual, realistic. objects: people, table, keys, phone, car"
happy joyful heartwarming playful puppies truck person ramp house candid natural domestic,"mood: joy, warmth, amusement. style: candid, natural, domestic. objects: puppies, truck, person, ramp, house"
lively candid surprised social amusing people chair grill garage phone candid informal casual,"mood: excitement, candid, surprised, domesticity, amusement. style: candid, informal, casual. objects: people, chair, grill, garage, phone"
happy relaxed social joyful casual people chairs house bottle grass candid amateur everyday,"mood: joy, calm, domesticity, neutral. style: candid, amateur, everyday. objects: people, chairs, house, bottle, grass"
joyful affectionate heartwarming emotional reunion people car house basketball hoop chairs candid domestic natural,"mood: joy, warmth, poignance, reunion. style: candid, domestic, natural. objects: people, car, house, basketball hoop, chairs"
reflective celebratory warm touching peaceful man cake candles table room candid cozy natural,"mood: contemplation, celebration, warmth, poignance, calm. style: candid, cozy, natural. objects: man, cake, candles, table, room"
celebratory joyful heartwarming sentimental man cake candles balloons table candid domestic warm,"mood: celebration, joy, warmth, nostalgia. style: candid, domestic, warm. objects: man, cake, candles, balloons, table"
celebratory joyful warm sentimental cake candles person table smoke candid personal warm,"mood: celebration, joy, warmth, nostalgia. style: candid, personal, warm. objects: cake, candles, person, table, smoke"
loving warm peaceful nostalgic tender couple lamp table chairs windows intimate domestic warm,"mood: warmth, calm, nostalgia. style: intimate, domestic, warm. objects: couple, lamp, table, chairs, windows"
happy casual familial relaxed child table chairs grass adults candid natural domestic,"mood: joy, neutral, domesticity, calm. style: candid, natural, domestic. objects: child, table, chairs, grass, adults"
happy joyful playful loving man child grass trees plant candid natural outdoor,"mood: joy, amusement, warmth. style: candid, natural, outdoor. objects: man, child, grass, trees, plant"
exhausted somber fatigued weary distressed medic stretcher uniform boots floor realistic documentary unposed,"mood: weariness, sadness, distressed. style: realistic, documentary, unposed. objects: medic, stretcher, uniform, boots, floor"
concerned serious urgent focused stretcher person uniform bandage wall realistic documentary candid,"mood: concerned, seriousness, urgent, focus. style: realistic, documentary, candid. objects: stretcher, person, uniform, bandage, wall"
concerned serious urgent somber paramedic patient stretcher uniform poster realistic documentary clinical,"mood: concerned, seriousness, urgent, sadness. style: realistic, documentary, clinical. objects: paramedic, patient, stretcher, uniform, poster"
serious concerned urgent attentive paramedic patient stretcher uniform wall realistic unposed documentary,"mood: seriousness, concerned, urgent, focus. style: realistic, unposed, documentary. objects: paramedic, patient, stretcher, uniform, wall"
playful cheerful amusing lighthearted man stretcher uniform wall poster candid casual documentary,"mood: amusement, joy. style: candid, casual, documentary. objects: man, stretcher, uniform, wall, poster"
serious caring clinical calm attentive patient rescuer stretcher leg posters candid realistic documentary,"mood: seriousness, warmth, informative, calm, focus. style: candid, realistic, documentary. objects: patient, rescuer, stretcher, leg, posters"
affectionate heartwarming tender emotional officer children boots cars bag candid realistic documentary,"mood: warmth, poignance. style: candid, realistic, documentary. objects: officer, children, boots, cars, bag"
playful active joyful lively carefree children dirt trees church bat candid outdoor natural,"mood: amusement, excitement, joy, contentment. style: candid, outdoor, natural. objects: children, dirt, trees, church, bat"
affectionate comforting tender innocent peaceful children ground bat grass candid natural poignant,"mood: warmth, comforting, innocent, calm. style: candid, natural, poignant. objects: children, ground, bat, grass"
joyful playful heartwarming domestic affectionate man baby dog television shelf candid domestic warm,"mood: joy, amusement, warmth, domesticity. style: candid, domestic, warm. objects: man, baby, dog, television, shelf"
excited playful happy lively man dog television shelf plant candid domestic casual,"mood: excitement, amusement, joy. style: candid, domestic, casual. objects: man, dog, television, shelf, plant"
curious confined transient observant trailer pigs sky bars window candid observational daylight,"mood: contemplation, confined, transient, focus. style: candid, observational, daylight. objects: trailer, pigs, sky, bars, window"
curious surprised expectant joyful boy box slippers paper kitchen candid bright domestic,"mood: contemplation, surprised, tension, joy. style: candid, bright, domestic. objects: boy, box, slippers, paper, kitchen"
excited joyful anticipatory curious boy box shoes kitchen blender candid casual domestic,"mood: excitement, joy, tension, contemplation. style: candid, casual, domestic. objects: boy, box, shoes, kitchen, blender"
curious focused absorbed anticipating engaged boy paper box hands kitchen candid domestic natural,"mood: contemplation, focus, anticipating. style: candid, domestic, natural. objects: boy, paper, box, hands, kitchen"
emotional tearful overwhelmed surprised boy box hands kitchen blender candid natural domestic,"mood: poignance, sadness, vulnerability, surprised. style: candid, natural, domestic. objects: boy, box, hands, kitchen, blender"
sad emotional vulnerable anticipatory touching boy box kitchen blender microwave candid amateur documentary,"mood: sadness, poignance, vulnerability, tension. style: candid, amateur, documentary. objects: boy, box, kitchen, blender, microwave"
sad emotional overwhelmed tearful boy box clothing kitchen microwave candid domestic realistic,"mood: sadness, poignance, vulnerability. style: candid, domestic, realistic. objects: boy, box, clothing, kitchen, microwave"
emotional overwhelmed joyful surprised boy box kitchen cabinets fabric candid domestic spontaneous,"mood: poignance, vulnerability, joy, surprised. style: candid, domestic, spontaneous. objects: boy, box, kitchen, cabinets, fabric"
emotional overwhelmed joyful tender sentimental boy box blanket kitchen microwave candid realistic intimate,"mood: poignance, vulnerability, joy, warmth, nostalgia. style: candid, realistic, intimate. objects: boy, box, blanket, kitchen, microwave"
emotional overwhelmed moved tearful touching boy box countertop cabinets microwave candid domestic emotional,"mood: poignance, vulnerability, gratitude, sadness. style: candid, domestic, emotional. objects: boy, box, countertop, cabinets, microwave"
candid private neutral quiet people door counter picture plants candid modern domestic,"mood: candid, private, neutral, calm. style: candid, modern, domestic. objects: people, door, counter, picture, plants"
happy loving welcoming emotional people door countertop frame plant candid domestic bright,"mood: joy, warmth, contentment, poignance. style: candid, domestic, bright. objects: people, door, countertop, frame, plant"
affectionate warm comforting happy people door counter plant frame modern candid domestic,"mood: warmth, comforting, joy. style: modern, candid, domestic. objects: people, door, counter, plant, frame"
curious happy calm engaged domestic people packaging table kitchen cabinets candid natural domestic,"mood: contemplation, joy, calm, focus, domesticity. style: candid, natural, domestic. objects: people, packaging, table, kitchen, cabinets"
neutral calm ordinary observant man woman mugs table cabinets candid natural domestic,"mood: neutral, calm, focus. style: candid, natural, domestic. objects: man, woman, mugs, table, cabinets"
engaged conversational friendly bright casual woman kitchen table mug cabinets domestic candid casual,"mood: focus, conversational, contentment, joy, neutral. style: domestic, candid, casual. objects: woman, kitchen, table, mug, cabinets"
surprised emotional happy overwhelmed delighted woman kitchen cabinets oven mug candid domestic bright,"mood: surprised, poignance, joy, vulnerability. style: candid, domestic, bright. objects: woman, kitchen, cabinets, oven, mug"
casual cluttered homey bright table pitchers cups papers tissue box candid domestic informal,"mood: neutral, cluttered, contentment, joy. style: candid, domestic, informal. objects: table, pitchers, cups, papers, tissue box"
calm neutral mundane floor rug gift bag trim domestic candid simple,"mood: calm, neutral. style: domestic, candid, simple. objects: floor, rug, gift bag, trim"
surprised emotional overwhelmed touched tearful woman doorway chair table couch candid domestic natural,"mood: surprised, poignance, vulnerability, gratitude, sadness. style: candid, domestic, natural. objects: woman, doorway, chair, table, couch"
emotional joyful touching overwhelmed man child phone cap door candid spontaneous domestic,"mood: poignance, joy, vulnerability. style: candid, spontaneous, domestic. objects: man, child, phone, cap, door"
happy joyful warm affectionate woman man child cap picture candid domestic unfiltered,"mood: joy, warmth. style: candid, domestic, unfiltered. objects: woman, man, child, cap, picture"
happy joyful playful loving woman baby glasses painting wall candid domestic bright,"mood: joy, amusement, warmth. style: candid, domestic, bright. objects: woman, baby, glasses, painting, wall"
happy joyful tender celebratory woman baby glasses artwork wall candid domestic bright,"mood: joy, warmth, celebration. style: candid, domestic, bright. objects: woman, baby, glasses, artwork, wall"
happy tender joyful warm affectionate baby woman artwork frames wall candid domestic intimate,"mood: joy, warmth. style: candid, domestic, intimate. objects: baby, woman, artwork, frames, wall"
urgent busy active concerned dynamic hallway people medical cart monitor floor candid realistic clinical,"mood: urgent, urban, excitement, concerned. style: candid, realistic, clinical. objects: hallway, people, medical cart, monitor, floor"
emotional joyful heartwarming celebratory woman tutu banner balloon crib candid vibrant intimate,"mood: poignance, joy, warmth, celebration. style: candid, vibrant, intimate. objects: woman, tutu, banner, balloon, crib"
joyful celebratory festive cheerful people cake balloons table hospital hallway candid brightly lit modern,"mood: joy, celebration. style: candid, brightly lit, modern. objects: people, cake, balloons, table, hospital hallway"
calm rustic everyday ordinary man house wall gate ground candid realistic documentary,"mood: calm, nature, neutral. style: candid, realistic, documentary. objects: man, house, wall, gate, ground"
peaceful calm rural ordinary serene house people wall grass bushes candid natural rustic,"mood: calm, rural, neutral. style: candid, natural, rustic. objects: house, people, wall, grass, bushes"
quiet isolated nostalgic eerie path house fence posts grass blurry rustic candid,"mood: calm, loneliness, nostalgia, fear. style: blurry, rustic, candid. objects: path, house, fence, posts, grass"
joyful energetic amused lively watchful people crowd sunglasses cap shirts candid lively crowded,"mood: joy, excitement, amusement, focus. style: candid, lively, crowded. objects: people, crowd, sunglasses, cap, shirts"
joyful surprising emotional celebratory people ring stage fanny pack cap candid dynamic spontaneous,"mood: joy, surprising, poignance, celebration. style: candid, dynamic, spontaneous. objects: people, ring, stage, fanny pack, cap"
joyful celebratory emotional excited energetic people crowd shirts baseball cap stage candid documentary vibrant,"mood: joy, celebration, poignance, excitement. style: candid, documentary, vibrant. objects: people, crowd, shirts, baseball cap, stage"
excited joyful celebratory lively energetic people crowd shirts hands hats candid lively event,"mood: excitement, joy, celebration. style: candid, lively, event. objects: people, crowd, shirts, hands, hats"
energetic chaotic blurry lively people faces hands clothing crowd blurry candid dynamic,"mood: excitement, chaos, blurry. style: blurry, candid, dynamic. objects: people, faces, hands, clothing, crowd"
joyful energetic celebratory loving enthusiastic crowd couple stage speakers phone candid dynamic concert,"mood: joy, excitement, celebration, warmth, enthusiastic. style: candid, dynamic, concert. objects: crowd, couple, stage, speakers, phone"
solemn poignant reflective calm women clipper hair cape scissors candid documentary realistic,"mood: seriousness, poignance, contemplation, calm. style: candid, documentary, realistic. objects: women, clipper, hair, cape, scissors"
emotional poignant sorrowful supportive tender people chair table scissors hair candid intimate documentary,"mood: poignance, sadness, warmth. style: candid, intimate, documentary. objects: people, chair, table, scissors, hair"
affectionate heartwarming emotional comforting woman boy girl sofa room candid realistic indoor,"mood: warmth, poignance, comforting. style: candid, realistic, indoor. objects: woman, boy, girl, sofa, room"
happy casual warm friendly supportive people room clock fan sofa candid domestic natural,"mood: joy, neutral, warmth, contentment. style: candid, domestic, natural. objects: people, room, clock, fan, sofa"
happy casual playful lighthearted people pavement wall hat flip-flops candid casual documentary,"mood: joy, neutral, amusement. style: candid, casual, documentary. objects: people, pavement, wall, hat, flip-flops"
joyful amused lighthearted playful people clothing building sidewalk flip-flops candid casual grainy,"mood: joy, amusement. style: candid, casual, grainy. objects: people, clothing, building, sidewalk, flip-flops"
happy joyful anticipatory celebratory man woman balloons bunny bed candid informal natural,"mood: joy, tension, celebration. style: candid, informal, natural. objects: man, woman, balloons, bunny, bed"
expectant hopeful tender intimate sweet man woman balloons stuffed animal blanket candid natural personal,"mood: tension, hope, warmth, romance. style: candid, natural, personal. objects: man, woman, balloons, stuffed animal, blanket"
affectionate loving tender hopeful celebratory couple balloons ribbon plush toy bed intimate candid personal,"mood: warmth, hope, celebration. style: intimate, candid, personal. objects: couple, balloons, ribbon, plush toy, bed"
determined concerned hopeful activist engaged sign crowd buildings trees backpack documentary street photography daylight,"mood: hope, concerned, activist, focus. style: documentary, street photography, daylight. objects: sign, crowd, buildings, trees, backpack"
joyful energetic lively performative dancers stage screen costumes people theatrical vibrant amateur,"mood: joy, excitement, performative. style: theatrical, vibrant, amateur. objects: dancers, stage, screen, costumes, people"
happy energetic vibrant cheerful dancers stage costumes screen theatrical energetic colorful,"mood: joy, excitement. style: theatrical, energetic, colorful. objects: dancers, stage, costumes, screen"
joyful lively spirited people stage screen costumes theatrical illuminated dynamic,"mood: joy, excitement. style: theatrical, illuminated, dynamic. objects: people, stage, screen, costumes"
joyful heartwarming lively proud sweet dancers children stage screen skirts theatrical candid vibrant,"mood: joy, warmth, excitement, celebration. style: theatrical, candid, vibrant. objects: dancers, children, stage, screen, skirts"
casual ordinary active urban commonplace people building signs pavement shopfronts realistic candid documentary,"mood: neutral, excitement, urban. style: realistic, candid, documentary. objects: people, building, signs, pavement, shopfronts"
everyday casual ordinary woman shopping bags mall sign pavement building candid realistic bright,"mood: neutral. style: candid, realistic, bright. objects: woman, shopping bags, mall sign, pavement, building"
happy cheerful friendly joyful man container butterfly shirt ground candid bright casual,"mood: joy, contentment. style: candid, bright, casual. objects: man, container, butterfly, shirt, ground"
happy joyful friendly positive lighthearted people container butterfly wings sign building candid bright casual,"mood: joy, contentment, hope. style: candid, bright, casual. objects: people, container, butterfly wings, sign, building"
curious cautious peaceful urban cat escalator window lights building urban modern dim-lit,"mood: contemplation, tension, calm, urban. style: urban, modern, dim-lit. objects: cat, escalator, window, lights, building"
subdued uneasy isolated impersonal escalator steps handrails figure blurry muted candid,"mood: weariness, tension, loneliness, impersonal. style: blurry, muted, candid. objects: escalator, steps, handrails, figure"
happy friendly welcoming man woman porch truck trees candid wide-angle everyday,"mood: joy, contentment. style: candid, wide-angle, everyday. objects: man, woman, porch, truck, trees"
dark unusual grand mysterious impressive truck flowers road lights vehicle nocturnal dynamic illuminated,"mood: darkness, unusual, wonder, mystery. style: nocturnal, dynamic, illuminated. objects: truck, flowers, road, lights, vehicle"
welcoming social relaxed inclusive positive people flags door trophies frame candid natural unfiltered,"mood: contentment, domesticity, calm, hope. style: candid, natural, unfiltered. objects: people, flags, door, trophies, frame"
happy joyful celebratory warm people crowd walkway pillars trees candid documentary vibrant,"mood: joy, celebration, warmth. style: candid, documentary, vibrant. objects: people, crowd, walkway, pillars, trees"
celebratory appreciative joyful respectful people corridor skylight walls candid real-life blurry,"mood: celebration, gratitude, joy, respectful. style: candid, real-life, blurry. objects: people, corridor, skylight, walls"
celebratory appreciative joyful warm people hallway ceiling door trash can candid realistic documentary,"mood: celebration, gratitude, joy, warmth. style: candid, realistic, documentary. objects: people, hallway, ceiling, door, trash can"
calm playful nurturing safe watchful adult baby cribs toys playmat surveillance candid documentary,"mood: calm, amusement, warmth, contentment, focus. style: surveillance, candid, documentary. objects: adult, baby, cribs, toys, playmat"
calm peaceful playful safe babies cribs toys adult table surveillance candid functional,"mood: calm, amusement, contentment. style: surveillance, candid, functional. objects: babies, cribs, toys, adult, table"
playful calm innocent safe caregiver toddlers cribs toys playmat candid observational functional,"mood: amusement, calm, innocent, contentment. style: candid, observational, functional. objects: caregiver, toddlers, cribs, toys, playmat"
calm nurturing peaceful engaging safe children adult cribs toys playmat surveillance candid realistic,"mood: calm, warmth, engaging, contentment. style: surveillance, candid, realistic. objects: children, adult, cribs, toys, playmat"
affectionate nurturing calm safe peaceful caregiver babies cribs toys room candid documentary surveillance,"mood: warmth, calm, contentment. style: candid, documentary, surveillance. objects: caregiver, babies, cribs, toys, room"
serious vulnerable concerned hopeful patient nurse child hospital bed medical equipment candid realistic emotional,"mood: seriousness, vulnerability, concerned, hope. style: candid, realistic, emotional. objects: patient, nurse, child, hospital bed, medical equipment"
medical concerned vulnerable quiet man hospital bed nasal cannula medical equipment sheets documentary realistic candid,"mood: medical, concerned, vulnerability, calm. style: documentary, realistic, candid. objects: man, hospital bed, nasal cannula, medical equipment, sheets"
caring supportive tender hopeful intimate man woman hospital bed nasal cannula iv pole realistic candid natural,"mood: warmth, hope, romance. style: realistic, candid, natural. objects: man, woman, hospital bed, nasal cannula, iv pole"
determined rehabilitative focused challenging man hospital bed resistance band window leg candid documentary bright,"mood: hope, rehabilitative, focus, challenging. style: candid, documentary, bright. objects: man, hospital bed, resistance band, window, leg"
determined hopeful supportive medical focused person brace cane shoes corridor documentary candid clinical,"mood: hope, warmth, medical, focus. style: documentary, candid, clinical. objects: person, brace, cane, shoes, corridor"
determined focused resilient serious man wheelchair brace sunglasses gym realistic candid bright,"mood: hope, focus, seriousness. style: realistic, candid, bright. objects: man, wheelchair, brace, sunglasses, gym"
happy joyful friendly warm celebratory people balloon clothing phone casual candid domestic,"mood: joy, contentment, warmth, celebration. style: casual, candid, domestic. objects: people, balloon, clothing, phone"
relaxed social celebratory intimate woman table chairs glasses balloon candid informal ambient,"mood: calm, domesticity, celebration, romance. style: candid, informal, ambient. objects: woman, table, chairs, glasses, balloon"
affectionate joyful warm emotional people balloon table chair purse candid blurry intimate,"mood: warmth, joy, poignance. style: candid, blurry, intimate. objects: people, balloon, table, chair, purse"
gentle curious protective tender dog baby adult couch bassinet candid domestic natural,"mood: calm, contemplation, protective, warmth. style: candid, domestic, natural. objects: dog, baby, adult, couch, bassinet"
loving tender calm protective sweet man baby dog blanket couch candid intimate domestic,"mood: warmth, calm, protective. style: candid, intimate, domestic. objects: man, baby, dog, blanket, couch"
tender comforting subdued caring empathetic dog hand person carrier couch candid domestic unpolished,"mood: warmth, comforting, weariness. style: candid, domestic, unpolished. objects: dog, hand, person, carrier, couch"
curious tender watchful intimate calm dog baby arm blanket pillow candid natural domestic,"mood: contemplation, warmth, focus, romance, calm. style: candid, natural, domestic. objects: dog, baby, arm, blanket, pillow"
supportive comforting empathetic tender dog hospital bed medical equipment sheets hand candid realistic gentle,"mood: warmth, comforting. style: candid, realistic, gentle. objects: dog, hospital bed, medical equipment, sheets, hand"
affectionate calm gentle peaceful soothing person cow hay fence pen candid natural heartwarming,"mood: warmth, calm. style: candid, natural, heartwarming. objects: person, cow, hay, fence, pen"
surprised emotional curious joyful women toddler couch phone lamp candid domestic informal,"mood: surprised, poignance, contemplation, joy. style: candid, domestic, informal. objects: women, toddler, couch, phone, lamp"
happy joyful surprised anticipatory woman child armchair lamp gift candid domestic bright,"mood: joy, surprised, tension. style: candid, domestic, bright. objects: woman, child, armchair, lamp, gift"
excited joyful surprised lively women child couch frames lamp candid domestic bright,"mood: excitement, joy, surprised. style: candid, domestic, bright. objects: women, child, couch, frames, lamp"
warm joyful affectionate women sofa lamp frames table candid domestic casual,"mood: warmth, joy. style: candid, domestic, casual. objects: women, sofa, lamp, frames, table"
joyful affectionate happy peaceful content man woman gift bag blue object blanket candid natural intimate,"mood: joy, warmth, calm, contentment. style: candid, natural, intimate. objects: man, woman, gift bag, blue object, blanket"
happy joyful relaxed serene man woman gift bag blanket cap candid natural warm,"mood: joy, calm. style: candid, natural, warm. objects: man, woman, gift bag, blanket, cap"
romantic affectionate joyful intimate tender couple blanket gift bag sky can candid natural intimate,"mood: romance, warmth, joy. style: candid, natural, intimate. objects: couple, blanket, gift bag, sky, can"
joyful emotional loving warm people room doorway ceiling plant candid domestic intimate,"mood: joy, poignance, warmth. style: candid, domestic, intimate. objects: people, room, doorway, ceiling, plant"
friendly casual playful affectionate women backpack sweater trees fence candid casual natural,"mood: contentment, neutral, amusement, warmth. style: candid, casual, natural. objects: women, backpack, sweater, trees, fence"
emotional comforting caring supportive concerned woman girl backpack water bottle trees candid natural documentary,"mood: poignance, comforting, warmth, concerned. style: candid, natural, documentary. objects: woman, girl, backpack, water bottle, trees"
calm ordinary candid person sofa table picture frame blanket candid domestic natural,"mood: calm, neutral, candid. style: candid, domestic, natural. objects: person, sofa, table, picture frame, blanket"
casual calm domestic ordinary sofa people table artwork bottles candid realistic everyday,"mood: neutral, calm, domesticity. style: candid, realistic, everyday. objects: sofa, people, table, artwork, bottles"
joyful playful messy candid celebratory people balloons wall sink floor candid amateur blurry,"mood: joy, amusement, messy, candid, celebration. style: candid, amateur, blurry. objects: people, balloons, wall, sink, floor"
happy joyful playful lively candid boys man balloons table shelves candid unpolished realistic,"mood: joy, amusement, excitement, candid. style: candid, unpolished, realistic. objects: boys, man, balloons, table, shelves"
comforting tender supportive emotional intimate people hands balloons wall shelf candid intimate natural,"mood: comforting, warmth, poignance, romance. style: candid, intimate, natural. objects: people, hands, balloons, wall, shelf"
emotional comforting sad tender child woman clothing room candid personal casual,"mood: poignance, comforting, sadness, warmth. style: candid, personal, casual. objects: child, woman, clothing, room"
emotional celebratory formal proud moved woman gown hood screen audience academic ceremonial broadcast,"mood: poignance, celebration, seriousness, gratitude. style: academic, ceremonial, broadcast. objects: woman, gown, hood, screen, audience"
celebratory energetic lively screen people stage hat trees candid live digital,"mood: celebration, excitement. style: candid, live, digital. objects: screen, people, stage, hat, trees"
grateful respectful united hopeful people window building phones curtains candid documentary modern,"mood: gratitude, respectful, domesticity, hope. style: candid, documentary, modern. objects: people, window, building, phones, curtains"
ordinary calm mundane simple door window brick wall light fixture electrical conduit realistic documentary utilitarian,"mood: neutral, calm. style: realistic, documentary, utilitarian. objects: door, window, brick wall, light fixture, electrical conduit"
happy welcoming pleasant bright person woman tree house shirt candid bright natural,"mood: joy, contentment. style: candid, bright, natural. objects: person, woman, tree, house, shirt"
happy joyful surprised excited revelatory woman man porch doorframe trees candid spontaneous bright,"mood: joy, surprised, excitement, revelatory. style: candid, spontaneous, bright. objects: woman, man, porch, doorframe, trees"
emotional tender poignant heartfelt bittersweet man woman door wall window candid realistic spontaneous,"mood: poignance, warmth, nostalgia. style: candid, realistic, spontaneous. objects: man, woman, door, wall, window"
emotional tender intimate affectionate touching man woman doorway house table candid domestic natural,"mood: poignance, warmth, romance. style: candid, domestic, natural. objects: man, woman, doorway, house, table"
playful happy peaceful serene dog stick path grass trees naturalistic casual outdoor,"mood: amusement, joy, calm. style: naturalistic, casual, outdoor. objects: dog, stick, path, grass, trees"
happy playful gentle endearing person dog pavement shoes object candid natural informal,"mood: joy, amusement, calm, warmth. style: candid, natural, informal. objects: person, dog, pavement, shoes, object"
peaceful reflective casual gentle man dog microphone wagon amplifier candid urban naturalistic,"mood: calm, contemplation, neutral. style: candid, urban, naturalistic. objects: man, dog, microphone, wagon, amplifier"
warm proud celebratory loving accomplished people graduate cowboy hat diploma water bottle candid outdoor personal,"mood: warmth, celebration. style: candid, outdoor, personal. objects: people, graduate, cowboy hat, diploma, water bottle"
encouraging warm positive friendly kind hoodie dreadlocks bag railing person candid casual personal,"mood: hope, warmth, contentment. style: candid, casual, personal. objects: hoodie, dreadlocks, bag, railing, person"
affectionate tender heartwarming loving peaceful father daughter baby armchair crib candid domestic natural,"mood: warmth, calm. style: candid, domestic, natural. objects: father, daughter, baby, armchair, crib"
tense gritty somber determined person desert rock garment cinematic desaturated dramatic,"mood: tension, darkness, sadness, hope. style: cinematic, desaturated, dramatic. objects: person, desert, rock, garment"
tired somber pensive melancholic person car window seat cinematic dramatic sepia-toned,"mood: weariness, sadness, contemplation. style: cinematic, dramatic, sepia-toned. objects: person, car, window, seat"
distressed somber bleak desperate struggling figure arm sand sky clothing cinematic gritty dark,"mood: distressed, sadness, vulnerability. style: cinematic, gritty, dark. objects: figure, arm, sand, sky, clothing"
tense serious contemplative anxious people hallway suspenders shirts doorways cinematic realistic formal,"mood: tension, seriousness, contemplation. style: cinematic, realistic, formal. objects: people, hallway, suspenders, shirts, doorways"
celebratory joyful patriotic historic truck soldiers people hat buildings cinematic vintage historical,"mood: celebration, joy, patriotic, tradition. style: cinematic, vintage, historical. objects: truck, soldiers, people, hat, buildings"
serious pensive tense dramatic man truck building hat tie cinematic dramatic vintage,"mood: seriousness, contemplation, tension, dramatic. style: cinematic, dramatic, vintage. objects: man, truck, building, hat, tie"
startled anxious fearful intense surprised man face eye skin cinematic dramatic close-up,"mood: startled, tension, fear, surprised. style: cinematic, dramatic, close-up. objects: man, face, eye, skin"
intense powerful mysterious cosmic light cloud particles darkness cinematic abstract dramatic,"mood: tension, powerful, mystery. style: cinematic, abstract, dramatic. objects: light, cloud, particles, darkness"
intense chaotic dangerous overwhelming fire smoke sparks explosion fiery cinematic dynamic,"mood: tension, chaos, fear. style: fiery, cinematic, dynamic. objects: fire, smoke, sparks, explosion"
cold serene isolated muted snow tree log boot can cinematic naturalistic wintry,"mood: darkness, calm, loneliness, weariness. style: cinematic, naturalistic, wintry. objects: snow, tree, log, boot, can"
lonely cold abandoned mysterious smartphone snow needles twigs cinematic stark muted,"mood: loneliness, darkness, mystery. style: cinematic, stark, muted. objects: smartphone, snow, needles, twigs"
cold quiet serene calm raccoon snow trees log birds cinematic realistic wintry,"mood: darkness, calm. style: cinematic, realistic, wintry. objects: raccoon, snow, trees, log, birds"
cold quiet serene whimsical peaceful raccoon snow trees log birds cinematic wintery naturalistic,"mood: darkness, calm, amusement. style: cinematic, wintery, naturalistic. objects: raccoon, snow, trees, log, birds"
chilly whimsical serene quiet raccoon snow trees log squirrels cinematic wintery fantastical,"mood: chilly, amusement, calm. style: cinematic, wintery, fantastical. objects: raccoon, snow, trees, log, squirrels"
cold peaceful wintry enchanted raccoon snow trees log birds cinematic wintry naturalistic,"mood: darkness, calm, nature, wonder. style: cinematic, wintry, naturalistic. objects: raccoon, snow, trees, log, birds"
tense startled wild cold dramatic bear raccoon snow forest log cinematic realistic wintery,"mood: tension, startled, adventure, darkness, dramatic. style: cinematic, realistic, wintery. objects: bear, raccoon, snow, forest, log"
cold enchanting mysterious calm wild snow trees log bear creatures fantasy cinematic wintery,"mood: darkness, wonder, mystery, calm, adventure. style: fantasy, cinematic, wintery. objects: snow, trees, log, bear, creatures"
dangerous wild cold intense wintry wolf bear snow log creatures cinematic fantasy dramatic,"mood: fear, adventure, darkness, tension, nature. style: cinematic, fantasy, dramatic. objects: wolf, bear, snow, log, creatures"
whimsical wild enchanting mysterious cold bear wolf creatures trees snow cinematic fantastical wintry,"mood: amusement, adventure, wonder, mystery, darkness. style: cinematic, fantastical, wintry. objects: bear, wolf, creatures, trees, snow"
wintery magical curious wild bear raccoon dog snow trees cinematic fantasy naturalistic,"mood: wintery, wonder, contemplation, adventure. style: cinematic, fantasy, naturalistic. objects: bear, raccoon, dog, snow, trees"
whimsical cold curious wintry enchanting raccoon mouse bear tree snow cinematic wintry whimsical,"mood: amusement, darkness, contemplation, nature, wonder. style: cinematic, wintry, whimsical. objects: raccoon, mouse, bear, tree, snow"
whimsical curious playful lively chilly animals log snow trees forest cinematic fantastical wintry,"mood: amusement, contemplation, excitement, chilly. style: cinematic, fantastical, wintry. objects: animals, log, snow, trees, forest"
whimsical curious enchanting rustic animals snow forest log birds whimsical cinematic naturalistic,"mood: amusement, contemplation, wonder, nature. style: whimsical, cinematic, naturalistic. objects: animals, snow, forest, log, birds"
joyful energetic lively boisterous bear raccoon wolf owl forest animated cinematic whimsical,"mood: joy, excitement. style: animated, cinematic, whimsical. objects: bear, raccoon, wolf, owl, forest"
cold mysterious tense somber isolated trees snow arm forest jacket cinematic wintry muted,"mood: darkness, mystery, tension, sadness, loneliness. style: cinematic, wintry, muted. objects: trees, snow, arm, forest, jacket"
mysterious ethereal futuristic calm luminous rectangle text light glow flares digital minimalist abstract,"mood: mystery, urban, calm, luminous. style: digital, minimalist, abstract. objects: rectangle, text, light, glow, flares"
energetic vibrant celebratory exciting chaotic particles light rays fragments abstract dynamic colorful,"mood: excitement, celebration, chaos. style: abstract, dynamic, colorful. objects: particles, light, rays, fragments"
contemplative questioning curious uneasy girl goldfish fishbowl smartphone table commercial naturalistic clear,"mood: contemplation, tension. style: commercial, naturalistic, clear. objects: girl, goldfish, fishbowl, smartphone, table"
professional modern clean corporate logo building glass sky clouds commercial corporate modern,"mood: informative, urban, clean. style: commercial, corporate, modern. objects: logo, building, glass, sky, clouds"
focused diligent calm productive man desk tools bookshelf plant candid warm naturalistic,"mood: focus, calm, productive. style: candid, warm, naturalistic. objects: man, desk, tools, bookshelf, plant"
solitary determined urgent melancholic runner street buildings cars lampposts cinematic urban dynamic,"mood: loneliness, hope, urgent, sadness. style: cinematic, urban, dynamic. objects: runner, street, buildings, cars, lampposts"
energetic focused determined vigorous legs feet shoes hurdles floor athletic dynamic blurred,"mood: excitement, focus, hope. style: athletic, dynamic, blurred. objects: legs, feet, shoes, hurdles, floor"
hopeful serene nurturing fresh hand seedling water soil natural macro bright,"mood: hope, calm, warmth, fresh. style: natural, macro, bright. objects: hand, seedling, water, soil"
global expansive wondrous informative earth globe landmarks stars sky illustrative digital symbolic,"mood: global, expansive, wonder, informative. style: illustrative, digital, symbolic. objects: earth, globe, landmarks, stars, sky"
prepared active focused energetic hands legs boot ball grass sporty realistic dynamic,"mood: prepared, excitement, focus. style: sporty, realistic, dynamic. objects: hands, legs, boot, ball, grass"
ready focused active calm prepared hands soccer ball cleats shoelace leg clean sporty studio,"mood: ready, focus, excitement, calm, prepared. style: clean, sporty, studio. objects: hands, soccer ball, cleats, shoelace, leg"
active energetic dynamic focused soccer ball leg turf cones clear natural sporty,"mood: excitement, focus. style: clear, natural, sporty. objects: soccer ball, leg, turf, cones"
sad stark somber abstract lines tear figure drawing minimalist abstract graphic,"mood: sadness, darkness, mystery. style: minimalist, abstract, graphic. objects: lines, tear, figure, drawing"
determined focused strenuous intense man track windows sign hall documentary realistic athletic,"mood: hope, focus, strenuous, tension. style: documentary, realistic, athletic. objects: man, track, windows, sign, hall"
energetic determined serene calm runners road mountains fog trees naturalistic hazy athletic,"mood: excitement, hope, calm. style: naturalistic, hazy, athletic. objects: runners, road, mountains, fog, trees"
determined active serene hazy runners road mountains fog trees natural candid atmospheric,"mood: hope, excitement, calm, hazy. style: natural, candid, atmospheric. objects: runners, road, mountains, fog, trees"
active intense dynamic focused skater skateboard rail stairs house dynamic urban action,"mood: excitement, tension, focus. style: dynamic, urban, action. objects: skater, skateboard, rail, stairs, house"
resilient determined emotional vulnerable hopeful wrestler mat headgear singlet audience candid realistic documentary,"mood: hope, poignance, vulnerability. style: candid, realistic, documentary. objects: wrestler, mat, headgear, singlet, audience"
pensive somber reflective intense person face hair bokeh silhouette cinematic dramatic atmospheric,"mood: contemplation, sadness, tension. style: cinematic, dramatic, atmospheric. objects: person, face, hair, bokeh, silhouette"
intense determined energetic focused woman wheelchair basketball hoop gym dynamic realistic athletic,"mood: tension, hope, excitement, focus. style: dynamic, realistic, athletic. objects: woman, wheelchair, basketball hoop, gym"
energetic competitive focused players helmets jerseys field trees candid documentary realistic,"mood: excitement, competitive, focus. style: candid, documentary, realistic. objects: players, helmets, jerseys, field, trees"
joyful celebratory happy proud optimistic woman tiara sash flowers crowd candid bright festive,"mood: joy, celebration, hope. style: candid, bright, festive. objects: woman, tiara, sash, flowers, crowd"
joyful triumphant intense energetic ecstatic runners bibs headband crowd lights black and white dramatic energetic,"mood: joy, celebration, tension, excitement. style: black and white, dramatic, energetic. objects: runners, bibs, headband, crowd, lights"
calm thoughtful confident understated person earring necklace t-shirt light cinematic soft-focus naturalistic,"mood: calm, contemplation, confident. style: cinematic, soft-focus, naturalistic. objects: person, earring, necklace, t-shirt, light"
energetic active competitive focused player jersey number field arm dynamic candid blurry,"mood: excitement, competitive, focus. style: dynamic, candid, blurry. objects: player, jersey, number, field, arm"
inspiring uplifting joyful hopeful communal speaker stage microphone banner building broadcast daylight event,"mood: hope, joy, domesticity. style: broadcast, daylight, event. objects: speaker, stage, microphone, banner, building"
energetic competitive focused exciting players ball field flags signage dynamic realistic broadcast,"mood: excitement, competitive, focus. style: dynamic, realistic, broadcast. objects: players, ball, field, flags, signage"
dark surreal mysterious contemplative building projection bicycles riders windows urban surreal cinematic,"mood: darkness, mystery, contemplation. style: urban, surreal, cinematic. objects: building, projection, bicycles, riders, windows"
dark surreal peaceful contemplative quiet tennis court projection streetlights cars buildings aerial nocturnal artistic,"mood: darkness, mystery, calm, contemplation. style: aerial, nocturnal, artistic. objects: tennis court, projection, streetlights, cars, buildings"
intense urgent dramatic tense anxious people floor table shadows room cinematic dramatic overhead,"mood: tension, urgent, dramatic. style: cinematic, dramatic, overhead. objects: people, floor, table, shadows, room"
calm creative focused serene people gallery artworks sketchbooks benches bright modern aesthetic,"mood: calm, creative, focus. style: bright, modern, aesthetic. objects: people, gallery, artworks, sketchbooks, benches"
intense surreal vibrant quirky playful robots eye device arm character papercraft cubist animated,"mood: tension, mystery, excitement, amusement. style: papercraft, cubist, animated. objects: robots, eye, device, arm, character"
pensive thoughtful calm reflective man face hand sweater arches cinematic soft warm,"mood: contemplation, calm. style: cinematic, soft, warm. objects: man, face, hand, sweater, arches"
dangerous chaotic desperate surreal boat sail sea waves screen cinematic dramatic surreal,"mood: fear, chaos, vulnerability, mystery. style: cinematic, dramatic, surreal. objects: boat, sail, sea, waves, screen"
serene traditional cultural artistic contemplative painting frame figures bottle wall artistic abstract cultural,"mood: calm, tradition, artistic, contemplation. style: artistic, abstract, cultural. objects: painting, frame, figures, bottle, wall"
pensive bored calm surreal whimsical person sculpture paintings guard bag cinematic surreal realistic,"mood: contemplation, weariness, calm, mystery, amusement. style: cinematic, surreal, realistic. objects: person, sculpture, paintings, guard, bag"
calm contemplative quiet artistic painting person wall frame label cinematic blurry gallery-like,"mood: calm, contemplation, artistic. style: cinematic, blurry, gallery-like. objects: painting, person, wall, frame, label"
engaging dynamic classical dramatic expressive statue man beard hand brush classical sculptural dynamic,"mood: engaging, excitement, tradition, dramatic, poignance. style: classical, sculptural, dynamic. objects: statue, man, beard, hand, brush"
surreal pensive dreamy mysterious calm people museum windows flag notebook cinematic surreal diffused,"mood: mystery, contemplation, calm. style: cinematic, surreal, diffused. objects: people, museum, windows, flag, notebook"
serene surreal tranquil cold nostalgic bottle snow trees people cart ukiyo-e illustrative painterly,"mood: calm, mystery, darkness, nostalgia. style: ukiyo-e, illustrative, painterly. objects: bottle, snow, trees, people, cart"
anachronistic intriguing mysterious thought-provoking bottle hand painting frame coca-cola classical dramatic juxtaposed,"mood: anachronistic, contemplation, mystery, thought-provoking. style: classical, dramatic, juxtaposed. objects: bottle, hand, painting, frame, coca-cola"
focused creative calm introspective quiet hand pencil paper drawing fabric close-up soft-focus warm-lit,"mood: focus, creative, calm, contemplation. style: close-up, soft-focus, warm-lit. objects: hand, pencil, paper, drawing, fabric"
serene contemplative enigmatic elegant painting frame girl turban earring classical realistic museum-like,"mood: calm, contemplation, mystery, elegance. style: classical, realistic, museum-like. objects: painting, frame, girl, turban, earring"
happy joyful warm amused women sofa phone cabinet lamp candid natural warm,"mood: joy, warmth, amusement. style: candid, natural, warm. objects: women, sofa, phone, cabinet, lamp"
happy friendly content pleasant domestic woman smartphone eyeglasses shawl earring warm natural domestic,"mood: joy, contentment, domesticity. style: warm, natural, domestic. objects: woman, smartphone, eyeglasses, shawl, earring"
happy joyful heartwarming domestic content women hand mixer cardboard box eyeglasses teapot candid warm domestic,"mood: joy, warmth, domesticity, contentment. style: candid, warm, domestic. objects: women, hand mixer, cardboard box, eyeglasses, teapot"
happy loving playful relaxed content women spoons glasses couch shawl candid domestic warm,"mood: joy, warmth, amusement, calm, contentment. style: candid, domestic, warm. objects: women, spoons, glasses, couch, shawl"
clear direct informative neutral logo text button cursor minimalist corporate digital,"mood: clear, informative, neutral. style: minimalist, corporate, digital. objects: logo, text, button, cursor"
bright ethereal serene empty mysterious light haze texture minimalist abstract bright,"mood: joy, mystery, calm, loneliness. style: minimalist, abstract, bright. objects: light, haze, texture"
tense unsettling visceral uncomfortable finger hand nail clay macro dark dramatic,"mood: tension, fear, visceral. style: macro, dark, dramatic. objects: finger, hand, nail, clay"
tranquil solitary dreamy ethereal bird water clouds rock atmospheric dreamlike muted,"mood: calm, loneliness, mystery. style: atmospheric, dreamlike, muted. objects: bird, water, clouds, rock"
mysterious serene lonely dreamlike mountains water sky creature clouds blurry atmospheric ethereal,"mood: mystery, calm, loneliness. style: blurry, atmospheric, ethereal. objects: mountains, water, sky, creature, clouds"
peaceful tranquil serene soft ethereal grass sand log creature soft blurred atmospheric,"mood: calm, mystery. style: soft, blurred, atmospheric. objects: grass, sand, log, creature"
peaceful serene dreamlike calm bird water sand beach natural soft-focus atmospheric,"mood: calm, mystery. style: natural, soft-focus, atmospheric. objects: bird, water, sand, beach"
peaceful serene vulnerable sleepy chick ground grass hole naturalistic soft-focus tranquil,"mood: calm, vulnerability, weariness. style: naturalistic, soft-focus, tranquil. objects: chick, ground, grass, hole"
cute innocent playful lively bird sand shells beach shadow animated naturalistic adorable,"mood: amusement, innocent, excitement. style: animated, naturalistic, adorable. objects: bird, sand, shells, beach, shadow"
adorable curious vulnerable gentle bird water sand feet animated naturalistic soft,"mood: amusement, contemplation, vulnerability, calm. style: animated, naturalistic, soft. objects: bird, water, sand, feet"
cute vulnerable curious solitary peaceful creature grass sand plants animated realistic soft,"mood: amusement, vulnerability, contemplation, loneliness, calm. style: animated, realistic, soft. objects: creature, grass, sand, plants"
cute curious innocent shy chick sand background animated soft close-up,"mood: amusement, contemplation, innocent, shy. style: animated, soft, close-up. objects: chick, sand, background"
peaceful calm innocent curious bird grass sand flowers animated natural serene,"mood: calm, innocent, contemplation. style: animated, natural, serene. objects: bird, grass, sand, flowers"
peaceful serene calm refreshing sand ocean waves sky hills cinematic realistic vibrant,"mood: calm, refreshing. style: cinematic, realistic, vibrant. objects: sand, ocean, waves, sky, hills"
cute curious gentle peaceful innocent bird sand mountains sky clouds animated naturalistic serene,"mood: amusement, contemplation, calm, innocent. style: animated, naturalistic, serene. objects: bird, sand, mountains, sky, clouds"
curious innocent gentle peaceful bird sand water creature shells animated cinematic natural,"mood: contemplation, innocent, calm. style: animated, cinematic, natural. objects: bird, sand, water, creature, shells"
curious innocent gentle vulnerable serene chick sand water pebbles shore animated realistic soft,"mood: contemplation, innocent, calm, vulnerability. style: animated, realistic, soft. objects: chick, sand, water, pebbles, shore"
peaceful serene tranquil water sand shells light rays underwater naturalistic bright,"mood: calm. style: underwater, naturalistic, bright. objects: water, sand, shells, light rays"
clinical unsettling intricate biological text letters pattern surface veins abstract organic textured,"mood: informative, fear, intricate, biological. style: abstract, organic, textured. objects: text, letters, pattern, surface, veins"
mysterious organic intricate unsettling patterns swirls veins cells fluid abstract fluid painterly,"mood: mystery, nature, intricate, fear. style: abstract, fluid, painterly. objects: patterns, swirls, veins, cells, fluid"
chaotic mysterious organic unsettling patterns shapes lines blotches abstract painted organic,"mood: chaos, mystery, nature, fear. style: abstract, painted, organic. objects: patterns, shapes, lines, blotches"
surreal mysterious calm dreamlike girl moth flowers pole grass animated illustrative vibrant,"mood: mystery, calm. style: animated, illustrative, vibrant. objects: girl, moth, flowers, pole, grass"
pensive calm reflective serene character flowers leaves shirt wing animated illustrative vibrant,"mood: contemplation, calm. style: animated, illustrative, vibrant. objects: character, flowers, leaves, shirt, wing"
eerie mysterious opulent antiquated fireplace mirror vase figure doorway painterly ornate stylized,"mood: fear, mystery, elegance, antiquated. style: painterly, ornate, stylized. objects: fireplace, mirror, vase, figure, doorway"
pensive melancholic somber quiet man door painting vase skull animated illustrative detailed,"mood: contemplation, sadness, calm. style: animated, illustrative, detailed. objects: man, door, painting, vase, skull"
intense mysterious watchful unsettling person eyes pattern branch catkins animated detailed expressive,"mood: tension, mystery, focus, fear. style: animated, detailed, expressive. objects: person, eyes, pattern, branch, catkins"
eerie mysterious unsettling intense owl eyes head creature illustrative surreal stylized,"mood: fear, mystery, tension. style: illustrative, surreal, stylized. objects: owl, eyes, head, creature"
thoughtful serious pensive mysterious character face hair earring background anime detailed painterly,"mood: contemplation, seriousness, mystery. style: anime, detailed, painterly. objects: character, face, hair, earring, background"
mysterious surreal melancholic desolate figure fox plants water sky animated fantastical stylized,"mood: mystery, sadness, loneliness. style: animated, fantastical, stylized. objects: figure, fox, plants, water, sky"
mysterious wondrous calm pensive humanoid creature stars sky lights animated fantasy atmospheric,"mood: mystery, wonder, calm, contemplation. style: animated, fantasy, atmospheric. objects: humanoid, creature, stars, sky, lights"
ominous prohibited gritty tense sign wall fasteners dramatic gritty atmospheric,"mood: fear, prohibited, darkness, tension. style: dramatic, gritty, atmospheric. objects: sign, wall, fasteners"
concerned curious mysterious vulnerable girl otter robot computers shelves animated cinematic dramatic,"mood: concerned, contemplation, mystery, vulnerability. style: animated, cinematic, dramatic. objects: girl, otter, robot, computers, shelves"
uncertain curious intrigued observant character plushie electronics robot cabinet animated digital cinematic,"mood: tension, contemplation, focus. style: animated, digital, cinematic. objects: character, plushie, electronics, robot, cabinet"
stressed urgent determined panicked intense women lab coats eyeglasses necklace curtain animated 3d dramatic,"mood: tension, urgent, hope, panicked. style: animated, 3d, dramatic. objects: women, lab coats, eyeglasses, necklace, curtain"
hopeful mysterious serene dreamy trees leaves sunlight forest bright blurry vignetted,"mood: hope, mystery, calm. style: bright, blurry, vignetted. objects: trees, leaves, sunlight, forest"
cheerful lively peaceful innocent birds tree leaves sky animated colorful bright,"mood: joy, excitement, calm, innocent. style: animated, colorful, bright. objects: birds, tree, leaves, sky"
surprised excited frantic comical beaver rodent trees grass animated cartoonish vibrant,"mood: surprised, excitement, chaos, amusement. style: animated, cartoonish, vibrant. objects: beaver, rodent, trees, grass"
lively natural aquatic anticipatory water bubbles text otter fish underwater naturalistic cinematic,"mood: excitement, nature, tension. style: underwater, naturalistic, cinematic. objects: water, bubbles, text, otter, fish"
energetic wild dynamic lively bear water foliage splashes forest cinematic naturalistic dynamic,"mood: excitement, adventure. style: cinematic, naturalistic, dynamic. objects: bear, water, foliage, splashes, forest"
surprised curious tense whimsical bear creature groundhog trees water animated whimsical vibrant,"mood: surprised, contemplation, tension, amusement. style: animated, whimsical, vibrant. objects: bear, creature, groundhog, trees, water"
scared tense apprehensive anxious rodents large animal water trees ground animated naturalistic cinematic,"mood: fear, tension. style: animated, naturalistic, cinematic. objects: rodents, large animal, water, trees, ground"
serious watchful peaceful calm natural bear beavers forest water trees animated naturalistic serene,"mood: seriousness, focus, calm, nature. style: animated, naturalistic, serene. objects: bear, beavers, forest, water, trees"
watchful curious innocent peaceful bear beavers trees river forest animated naturalistic charming,"mood: focus, contemplation, innocent, calm. style: animated, naturalistic, charming. objects: bear, beavers, trees, river, forest"
surprised distressed anxious concerned woman glasses lab coat pearl necklace hand animated expressive detailed,"mood: surprised, distressed, tension, concerned. style: animated, expressive, detailed. objects: woman, glasses, lab coat, pearl necklace, hand"
mysterious eerie calm surreal watermelon lettering glow background graphic atmospheric abstract,"mood: mystery, fear, calm. style: graphic, atmospheric, abstract. objects: watermelon, lettering, glow, background"
warm pleasant fresh inviting watermelon tray hands paper animated stylized vibrant,"mood: warmth, contentment, fresh. style: animated, stylized, vibrant. objects: watermelon, tray, hands, paper"
happy cheerful pleasant warm boy watermelon plate table chair animated colorful soft-lit,"mood: joy, contentment, warmth. style: animated, colorful, soft-lit. objects: boy, watermelon, plate, table, chair"
thoughtful pensive tired observant boy watermelon table chair refrigerator animated cartoonish bright,"mood: contemplation, weariness, focus. style: animated, cartoonish, bright. objects: boy, watermelon, table, chair, refrigerator"
surreal unsettling organic curious stomach plant leaves stem ground illustrative minimalist stylized,"mood: mystery, fear, nature, contemplation. style: illustrative, minimalist, stylized. objects: stomach, plant, leaves, stem, ground"
silly gross childish candid unhygienic boy sink faucet toilet curtain animated 3d childlike,"mood: amusement, gross, childish, candid, unhygienic. style: animated, 3d, childlike. objects: boy, sink, faucet, toilet, curtain"
sad dejected vulnerable disappointed boy toilet shelf leaf floor animated soft pastel,"mood: sadness, vulnerability. style: animated, soft, pastel. objects: boy, toilet, shelf, leaf, floor"
embarrassed uncomfortable sick anxious disgusted boy desk globe classroom student animated cartoonish digital,"mood: embarrassed, tension, sick, disgusted. style: animated, cartoonish, digital. objects: boy, desk, globe, classroom, student"
serious formal authoritative thoughtful hands desk shirt nameplate character animated formal subdued,"mood: seriousness, contemplation. style: animated, formal, subdued. objects: hands, desk, shirt, nameplate, character"
sad dejected distressed sympathetic boy adult nosebleed wires shelf animated stylized dramatic,"mood: sadness, distressed, sympathetic. style: animated, stylized, dramatic. objects: boy, adult, nosebleed, wires, shelf"
anxious vulnerable concerned uneasy boy person tubes desk monitor animated cartoonish clinical,"mood: tension, vulnerability, concerned. style: animated, cartoonish, clinical. objects: boy, person, tubes, desk, monitor"
concerned entangled chaotic surprising uneasy boy vines woman door cabinet animated vibrant cartoonish,"mood: concerned, entangled, chaos, surprising, tension. style: animated, vibrant, cartoonish. objects: boy, vines, woman, door, cabinet"
vibrant organic dynamic growing natural vines leaves stems plants animated stylized organic,"mood: excitement, nature, growing. style: animated, stylized, organic. objects: vines, leaves, stems, plants"
urgent energetic dynamic chaotic legs leaves floor lockers wall animated dynamic cartoony,"mood: urgent, excitement, chaos. style: animated, dynamic, cartoony. objects: legs, leaves, floor, lockers, wall"
cheerful happy playful joyful boy overalls room animated cartoonish blurry,"mood: joy, amusement. style: animated, cartoonish, blurry. objects: boy, overalls, room"
serene neutral orderly artificial plant planter wall handrail stairs rendered minimalist architectural,"mood: calm, neutral, orderly, artificial. style: rendered, minimalist, architectural. objects: plant, planter, wall, handrail, stairs"
neutral reserved calm casual person suit jacket pants elevator animated minimalist muted,"mood: neutral, seriousness, calm. style: animated, minimalist, muted. objects: person, suit jacket, pants, elevator"
struggling frustrated effortful exasperated girl ball playground slide bushes animated cartoonish vibrant,"mood: vulnerability, frustrated, effortful, exasperated. style: animated, cartoonish, vibrant. objects: girl, ball, playground, slide, bushes"
ordinary calm active urban person shopping cart car buildings groceries animated cartoonish 3d rendered,"mood: neutral, calm, excitement, urban. style: animated, cartoonish, 3d rendered. objects: person, shopping cart, car, buildings, groceries"
calm everyday neutral mundane street buildings people car shopping cart animated stylized urban,"mood: calm, neutral. style: animated, stylized, urban. objects: street, buildings, people, car, shopping cart"
calm neutral ordinary urban man buildings road traffic light car animated stylized urban,"mood: calm, neutral, urban. style: animated, stylized, urban. objects: man, buildings, road, traffic light, car"
mischievous sly playful cunning woman glasses earrings necklace braids animated stylized expressive,"mood: amusement, sly, cunning. style: animated, stylized, expressive. objects: woman, glasses, earrings, necklace, braids"
helpful considerate urban calm bus man woman cane city animated modern cinematic,"mood: helpful, considerate, urban, calm. style: animated, modern, cinematic. objects: bus, man, woman, cane, city"
struggling vulnerable observational somber woman bus cane glasses traffic light animated 3d rendered stylized,"mood: vulnerability, observational, sadness. style: animated, 3d rendered, stylized. objects: woman, bus, cane, glasses, traffic light"
helpful urban everyday considerate bus woman man street buildings animated urban cartoonish,"mood: helpful, urban, neutral, considerate. style: animated, urban, cartoonish. objects: bus, woman, man, street, buildings"
struggling tense humorous effortful suv man woman crosswalk buildings animated cartoonish exaggerated,"mood: vulnerability, tension, amusement, effortful. style: animated, cartoonish, exaggerated. objects: suv, man, woman, crosswalk, buildings"
curious surprised observant man woman building sign street lamp animated urban cartoonish,"mood: contemplation, surprised, focus. style: animated, urban, cartoonish. objects: man, woman, building, sign, street lamp"
serious contemplative formal contained man elevator suit reflection animated 3d cinematic,"mood: seriousness, contemplation, contained. style: animated, 3d, cinematic. objects: man, elevator, suit, reflection"
hesitant uneasy inviting gentle man girl balloon playground cityscape animated colorful stylized,"mood: tension, contentment, calm. style: animated, colorful, stylized. objects: man, girl, balloon, playground, cityscape"
playful happy bright warm domestic children man beds chairs bookshelf animated bright colorful,"mood: amusement, joy, warmth, domesticity. style: animated, bright, colorful. objects: children, man, beds, chairs, bookshelf"
concerned thoughtful pensive neutral man street buildings cars awning animated urban cartoonish,"mood: concerned, contemplation, neutral. style: animated, urban, cartoonish. objects: man, street, buildings, cars, awning"
peaceful calm ordinary bright man buildings street traffic light trees animated colorful urban,"mood: calm, neutral, joy. style: animated, colorful, urban. objects: man, buildings, street, traffic light, trees"
lively engaging professional man microphone sound mixer studio desk broadcast clear studio-shot,"mood: excitement, engaging, informative. style: broadcast, clear, studio-shot. objects: man, microphone, sound mixer, studio, desk"
cheerful engaging conversational friendly person microphone mixer desk chair studio professional bright,"mood: joy, engaging, conversational, contentment. style: studio, professional, bright. objects: person, microphone, mixer, desk, chair"
friendly communicative engaging professional man microphone console desk chair broadcast casual studio,"mood: contentment, communicative, engaging, informative. style: broadcast, casual, studio. objects: man, microphone, console, desk, chair"
lively engaging informative energetic friendly man microphone sound mixer desk chair studio broadcast clear,"mood: excitement, engaging, informative, contentment. style: studio, broadcast, clear. objects: man, microphone, sound mixer, desk, chair"
lively engaging friendly informative professional man microphone mixing console chair studio broadcast clear vibrant,"mood: excitement, engaging, contentment, informative. style: broadcast, clear, vibrant. objects: man, microphone, mixing console, chair, studio"
engaging conversational lively professional man microphone mixing console studio wall chair broadcast studio candid,"mood: engaging, conversational, excitement, informative. style: broadcast, studio, candid. objects: man, microphone, mixing console, studio wall, chair"
engaging informative casual friendly man microphone audio mixer chair desk studio clear broadcast,"mood: engaging, informative, neutral, contentment. style: studio, clear, broadcast. objects: man, microphone, audio mixer, chair, desk"
friendly professional informative positive man microphone sound mixer chair watch studio-lit bright professional,"mood: contentment, informative, hope. style: studio-lit, bright, professional. objects: man, microphone, sound mixer, chair, watch"
engaged conversational professional lively man microphone sound mixer chair decorations studio clear bright,"mood: focus, conversational, informative, excitement. style: studio, clear, bright. objects: man, microphone, sound mixer, chair, decorations"
engaging friendly positive lively microphone man soundboard chair desk broadcast professional clear,"mood: engaging, contentment, hope, excitement. style: broadcast, professional, clear. objects: microphone, man, soundboard, chair, desk"
engaging positive lively communicative man microphone mixer chair sign professional studio informative,"mood: engaging, hope, excitement, communicative. style: professional, studio, informative. objects: man, microphone, mixer, chair, sign"
engaged conversational lively informative man microphone audio console desk chair professional studio clear,"mood: focus, conversational, excitement, informative. style: professional, studio, clear. objects: man, microphone, audio console, desk, chair"
upbeat friendly engaging positive man microphone mixer desk chair studio professional broadcast,"mood: joy, contentment, engaging, hope. style: studio, professional, broadcast. objects: man, microphone, mixer, desk, chair"
engaged informative enthusiastic candid vibrant man microphone studio console chair professional clear modern,"mood: focus, informative, enthusiastic, candid, excitement. style: professional, clear, modern. objects: man, microphone, studio, console, chair"
enthusiastic engaging communicative lively friendly man microphone sound mixer chair desk broadcast professional studio-shot,"mood: enthusiastic, engaging, communicative, excitement, contentment. style: broadcast, professional, studio-shot. objects: man, microphone, sound mixer, chair, desk"
mysterious powerful symbolic enigmatic sun symbol light rays disc petals abstract glowing stylized,"mood: mystery, powerful, symbolic. style: abstract, glowing, stylized. objects: sun, symbol, light rays, disc, petals"
calm casual neutral subdued hands couch phone watch table realistic candid contemporary,"mood: calm, neutral, weariness. style: realistic, candid, contemporary. objects: hands, couch, phone, watch, table"
relaxed casual engaged calm mundane phone hand shirt sofa watch realistic casual modern,"mood: calm, neutral, focus. style: realistic, casual, modern. objects: phone, hand, shirt, sofa, watch"
conversational calm engaged neutral man shirt couch vase flowers candid natural realistic,"mood: conversational, calm, focus, neutral. style: candid, natural, realistic. objects: man, shirt, couch, vase, flowers"
serious concerned attentive woman folder sari flowers vase realistic natural candid,"mood: seriousness, concerned, focus. style: realistic, natural, candid. objects: woman, folder, sari, flowers, vase"
surprised concerned pensive uncertain man sofa curtains vase pictures naturalistic candid domestic,"mood: surprised, concerned, contemplation, tension. style: naturalistic, candid, domestic. objects: man, sofa, curtains, vase, pictures"
pensive neutral domestic calm man woman couch handbag vase realistic candid ordinary,"mood: contemplation, neutral, domesticity, calm. style: realistic, candid, ordinary. objects: man, woman, couch, handbag, vase"
pensive calm reflective domestic woman saree couch flowers vase candid realistic domestic,"mood: contemplation, calm, domesticity. style: candid, realistic, domestic. objects: woman, saree, couch, flowers, vase"
content relaxed pleasant man sofa curtains vase flowers natural candid domestic,"mood: contentment, calm. style: natural, candid, domestic. objects: man, sofa, curtains, vase, flowers"
serious contemplative neutral conversational engaged woman earrings flowers vase couch candid domestic natural,"mood: seriousness, contemplation, neutral, conversational, focus. style: candid, domestic, natural. objects: woman, earrings, flowers, vase, couch"
concerned thoughtful serious woman earrings flowers vase sofa realistic indoor televisual,"mood: concerned, contemplation, seriousness. style: realistic, indoor, televisual. objects: woman, earrings, flowers, vase, sofa"
surprised questioning engaged curious casual man sofa curtains vase pictures candid realistic domestic,"mood: surprised, contemplation, focus, neutral. style: candid, realistic, domestic. objects: man, sofa, curtains, vase, pictures"
animated expressive earnest focused man sofa vase flowers shirt naturalistic realistic bright,"mood: animated, poignance, earnest, focus. style: naturalistic, realistic, bright. objects: man, sofa, vase, flowers, shirt"
calm neutral attentive thoughtful woman earrings flowers vase sofa soft-lit realistic candid,"mood: calm, neutral, focus, contemplation. style: soft-lit, realistic, candid. objects: woman, earrings, flowers, vase, sofa"
calm pensive neutral domestic woman earrings sofa vase flowers candid natural domestic,"mood: calm, contemplation, neutral, domesticity. style: candid, natural, domestic. objects: woman, earrings, sofa, vase, flowers"
emotional heartwarming supportive tender people hug stage suit lanyard candid emotional vibrant,"mood: poignance, warmth. style: candid, emotional, vibrant. objects: people, hug, stage, suit, lanyard"
emotional touching sympathetic tender poignant people microphone papers sunglasses lanyard candid event-like spontaneous,"mood: poignance, sympathetic, warmth. style: candid, event-like, spontaneous. objects: people, microphone, papers, sunglasses, lanyard"
emotional heartwarming joyful touching supportive people t-shirts jeans screen banner candid modern event,"mood: poignance, warmth, joy. style: candid, modern, event. objects: people, t-shirts, jeans, screen, banner"
pensive curious calm reflective wistful person backpack water street pillar cinematic naturalistic understated,"mood: contemplation, calm, nostalgia. style: cinematic, naturalistic, understated. objects: person, backpack, water, street, pillar"
calm everyday serene man woman backpack apron containers documentary candid realistic,"mood: calm, neutral. style: documentary, candid, realistic. objects: man, woman, backpack, apron, containers"
hopeful expectant tender friendly compassionate man dog table chair food cinematic naturalistic gentle,"mood: hope, tension, warmth, contentment. style: cinematic, naturalistic, gentle. objects: man, dog, table, chair, food"
worried disappointed pensive somber man wallet backpack shirt hands candid naturalistic soft,"mood: worried, sadness, contemplation. style: candid, naturalistic, soft. objects: man, wallet, backpack, shirt, hands"
tense mysterious somber puzzling man backpack door bananas doorknob cinematic dark realistic,"mood: tension, mystery, sadness, puzzling. style: cinematic, dark, realistic. objects: man, backpack, door, bananas, doorknob"
thoughtful pensive subdued weary man shirt bag street building cinematic naturalistic muted,"mood: contemplation, weariness. style: cinematic, naturalistic, muted. objects: man, shirt, bag, street, building"
concerned questioning serious conversational woman man cart pots umbrella candid realistic documentary,"mood: concerned, contemplation, seriousness, conversational. style: candid, realistic, documentary. objects: woman, man, cart, pots, umbrella"
concerned focused pensive anxious man shirt strap wallet cinematic naturalistic desaturated,"mood: concerned, focus, contemplation, tension. style: cinematic, naturalistic, desaturated. objects: man, shirt, strap, wallet"
somber pensive melancholy deprived girl cup packet clothing hair documentary naturalistic muted,"mood: sadness, contemplation, deprived. style: documentary, naturalistic, muted. objects: girl, cup, packet, clothing, hair"
somber gritty pensive mundane man bowl spoon bottle table dimly-lit realistic naturalistic,"mood: sadness, darkness, contemplation, neutral. style: dimly-lit, realistic, naturalistic. objects: man, bowl, spoon, bottle, table"
peaceful calm domestic ordinary man plants hose water pots naturalistic candid warm,"mood: calm, domesticity, neutral. style: naturalistic, candid, warm. objects: man, plants, hose, water, pots"
surprised intimate casual candid man woman hat backpack shirt candid realistic cinematic,"mood: surprised, romance, neutral, candid. style: candid, realistic, cinematic. objects: man, woman, hat, backpack, shirt"
anxious concerned uncertain wary subdued dog fur eye tongue background naturalistic blurry grainy,"mood: tension, concerned, weariness. style: naturalistic, blurry, grainy. objects: dog, fur, eye, tongue, background"
distressed somber worried pleading person hands clothing railing ground dramatic muted somber,"mood: distressed, sadness, worried, vulnerability. style: dramatic, muted, somber. objects: person, hands, clothing, railing, ground"
concerned pensive uncertain man backpack shirt building candid realistic natural,"mood: concerned, contemplation, tension. style: candid, realistic, natural. objects: man, backpack, shirt, building"
waiting anxious clinical calm impersonal person bandana monitor cabinet supplies documentary realistic candid,"mood: waiting, tension, informative, calm, impersonal. style: documentary, realistic, candid. objects: person, bandana, monitor, cabinet, supplies"
joyful tender heartwarming loving hopeful man baby nurse bassinet hospital room candid documentary clean,"mood: joy, warmth, hope. style: candid, documentary, clean. objects: man, baby, nurse, bassinet, hospital room"
tender hopeful intimate observant baby bassinet nurse person room candid documentary medical,"mood: warmth, hope, romance, focus. style: candid, documentary, medical. objects: baby, bassinet, nurse, person, room"
concerning sterile neutral clinical person monitor cart chair scrubs candid realistic documentary,"mood: concerning, sterile, neutral, informative. style: candid, realistic, documentary. objects: person, monitor, cart, chair, scrubs"
hopeful calm gentle caring baby adult bassinet computer chair candid clinical bright,"mood: hope, calm, warmth. style: candid, clinical, bright. objects: baby, adult, bassinet, computer, chair"
functional ordinary neutral curious person monitor chair shelves table candid documentary unfiltered,"mood: informative, neutral, contemplation. style: candid, documentary, unfiltered. objects: person, monitor, chair, shelves, table"
joyful energetic playful lively woman ceiling fan window couch rug casual domestic candid,"mood: joy, excitement, amusement. style: casual, domestic, candid. objects: woman, ceiling fan, window, couch, rug"
sad emotional poignant distressed woman sprayer plants clothing text candid dramatic social media,"mood: sadness, poignance, distressed. style: candid, dramatic, social media. objects: woman, sprayer, plants, clothing, text"
pensive serious mundane contemplative subtle man office desk computer chair corporate realistic contemporary,"mood: contemplation, seriousness, neutral, calm. style: corporate, realistic, contemporary. objects: man, office, desk, computer, chair"
joyful affectionate heartwarming sentimental positive man shirt text watermark background candid warm captioned,"mood: joy, warmth, nostalgia, hope. style: candid, warm, captioned. objects: man, shirt, text, watermark, background"
tender intimate emotional caring man woman hands hair cinematic warm soft-focus,"mood: warmth, romance, poignance. style: cinematic, warm, soft-focus. objects: man, woman, hands, hair"
loving tender happy warm affectionate man girl hand clothing jewelry cinematic warm intimate,"mood: warmth, joy. style: cinematic, warm, intimate. objects: man, girl, hand, clothing, jewelry"
loving affectionate heartwarming tender girl man helmet shirt nose ring soft candid intimate,"mood: warmth. style: soft, candid, intimate. objects: girl, man, helmet, shirt, nose ring"
dark tense isolated mysterious somber figure jacket hair lights shelves cinematic dark gritty,"mood: darkness, tension, loneliness, mystery, sadness. style: cinematic, dark, gritty. objects: figure, jacket, hair, lights, shelves"
intense mysterious serious dark contemplative woman light shadow hair figure cinematic dramatic moody,"mood: tension, mystery, seriousness, darkness, contemplation. style: cinematic, dramatic, moody. objects: woman, light, shadow, hair, figure"
intense dangerous fiery mysterious dramatic figure armor light sparks weapon dramatic intense cinematic,"mood: tension, fear, fiery, mystery, dramatic. style: dramatic, intense, cinematic. objects: figure, armor, light, sparks, weapon"
destructive chaotic intense overwhelming cityscape buildings explosion smoke debris cinematic dystopian dramatic,"mood: chaos, tension. style: cinematic, dystopian, dramatic. objects: cityscape, buildings, explosion, smoke, debris"
serious focused industrious mysterious figures screens machinery lights workstations futuristic industrial cinematic,"mood: seriousness, focus, industrious, mystery. style: futuristic, industrial, cinematic. objects: figures, screens, machinery, lights, workstations"
intense grim mysterious serious foreboding man face eyes beard hand dramatic dark cinematic,"mood: tension, darkness, mystery, seriousness, fear. style: dramatic, dark, cinematic. objects: man, face, eyes, beard, hand"
intense thrilling dangerous adventurous precarious biplane man water propeller wing cinematic dynamic action,"mood: tension, excitement, fear, adventure, precarious. style: cinematic, dynamic, action. objects: biplane, man, water, propeller, wing"
epic powerful dramatic majestic text fire stars nebula comet cinematic cosmic glowing,"mood: wonder, powerful, dramatic. style: cinematic, cosmic, glowing. objects: text, fire, stars, nebula, comet"
chaotic dangerous urgent terrifying intense explosion wall tower person car cinematic dramatic realistic,"mood: chaos, fear, urgent, tension. style: cinematic, dramatic, realistic. objects: explosion, wall, tower, person, car"
tense mysterious serious urgent man mask sunglasses tie device cinematic dramatic modern,"mood: tension, mystery, seriousness, urgent. style: cinematic, dramatic, modern. objects: man, mask, sunglasses, tie, device"
tense somber serious confrontational statue soldiers tanks protesters fountain cinematic dramatic aerial,"mood: tension, sadness, seriousness, anger. style: cinematic, dramatic, aerial. objects: statue, soldiers, tanks, protesters, fountain"
tense confrontational serious solemn crowd soldiers building police vans cinematic realistic dramatic,"mood: tension, anger, seriousness. style: cinematic, realistic, dramatic. objects: crowd, soldiers, building, police, vans"
intense chaotic dangerous shocking urgent man smoke cabinets light structure cinematic dynamic dramatic,"mood: tension, chaos, fear, shocking, urgent. style: cinematic, dynamic, dramatic. objects: man, smoke, cabinets, light, structure"
overwhelming destructive chaotic terrifying powerful wave water foam debris ocean cinematic dramatic realistic,"mood: chaos, fear, powerful. style: cinematic, dramatic, realistic. objects: wave, water, foam, debris, ocean"
intense urgent suspenseful dramatic focused man hand device lights reflection cinematic high-contrast neon-lit,"mood: tension, urgent, dramatic, focus. style: cinematic, high-contrast, neon-lit. objects: man, hand, device, lights, reflection"
tense powerful serious dramatic fighter jet aircraft carrier personnel smoke cinematic realistic military,"mood: tension, powerful, seriousness, dramatic. style: cinematic, realistic, military. objects: fighter jet, aircraft carrier, personnel, smoke"
tense dramatic dark mysterious figures helmet room shelves objects cinematic dynamic gritty,"mood: tension, dramatic, darkness, mystery. style: cinematic, dynamic, gritty. objects: figures, helmet, room, shelves, objects"
epic hopeful spiritual vast person desert rocks sky cinematic golden evocative,"mood: wonder, hope, spiritual, vast. style: cinematic, golden, evocative. objects: person, desert, rocks, sky"
serious somber contemplative moody man beard jacket sky hills cinematic dramatic subdued,"mood: seriousness, sadness, contemplation, moody. style: cinematic, dramatic, subdued. objects: man, beard, jacket, sky, hills"
hopeful determined expansive serious people spacecraft building umbrella airfield cinematic futuristic epic,"mood: hope, expansive, seriousness. style: cinematic, futuristic, epic. objects: people, spacecraft, building, umbrella, airfield"
dark mysterious tense ominous knight sword smoke figure cinematic medieval dramatic,"mood: darkness, mystery, tension, fear. style: cinematic, medieval, dramatic. objects: knight, sword, smoke, figure"
dark tense chaotic urgent ominous people smoke firelight clothing cinematic dramatic hazy,"mood: darkness, tension, chaos, urgent, fear. style: cinematic, dramatic, hazy. objects: people, smoke, firelight, clothing"
tense perilous adventurous desperate overwhelming people vehicle desert dust structure cinematic epic dynamic,"mood: tension, fear, adventure, vulnerability, chaos. style: cinematic, epic, dynamic. objects: people, vehicle, desert, dust, structure"
adventurous exhilarating fantastical majestic ikran rider mountains clouds sky cinematic fantasy vibrant,"mood: adventure, excitement, mystery, wonder. style: cinematic, fantasy, vibrant. objects: ikran, rider, mountains, clouds, sky"
deep serene mysterious tranquil shipwreck manta ray ocean fish coral underwater cinematic blue,"mood: deep, calm, mystery. style: underwater, cinematic, blue. objects: shipwreck, manta ray, ocean, fish, coral"
wondrous fantastical epic serene airships mountains sun sky forests cinematic fantasy ethereal,"mood: wonder, mystery, calm. style: cinematic, fantasy, ethereal. objects: airships, mountains, sun, sky, forests"
tense serious dark mysterious intimate humanoids jungle foliage dreadlocks faces cinematic fantasy detailed,"mood: tension, seriousness, darkness, mystery, romance. style: cinematic, fantasy, detailed. objects: humanoids, jungle, foliage, dreadlocks, faces"
concerned somber anxious empathetic tense navi hand hair cave skin cinematic dramatic science-fiction,"mood: concerned, sadness, tension, warmth. style: cinematic, dramatic, science-fiction. objects: navi, hand, hair, cave, skin"
dark mysterious somber intense alien figure headdress structure wing ropes cinematic fantasy dramatic,"mood: darkness, mystery, sadness, tension, alien. style: cinematic, fantasy, dramatic. objects: figure, headdress, structure, wing, ropes"
exciting tense public expectant crowd avatar cameras barriers soldier cinematic futuristic dramatic,"mood: excitement, tension, public. style: cinematic, futuristic, dramatic. objects: crowd, avatar, cameras, barriers, soldier"
adventurous epic wondrous majestic na'vi jungle flying creatures bow sky cinematic fantastical vibrant,"mood: adventure, wonder. style: cinematic, fantastical, vibrant. objects: na'vi, jungle, flying creatures, bow, sky"
dangerous epic otherworldly tense mysterious creature rock cavern light wings cinematic fantastical dramatic,"mood: fear, wonder, mystery, tension. style: cinematic, fantastical, dramatic. objects: creature, rock, cavern, light, wings"
mysterious tense somber dramatic man hat photographers cameras flashbulbs black and white vintage cinematic,"mood: mystery, tension, sadness, dramatic. style: black and white, vintage, cinematic. objects: man, hat, photographers, cameras, flashbulbs"
dreamy ethereal serene nostalgic trees water sky reflection hazy dreamlike atmospheric,"mood: mystery, calm, nostalgia. style: hazy, dreamlike, atmospheric. objects: trees, water, sky, reflection"
desolate empty calm expansive desert bushes mountains sky cinematic aerial naturalistic,"mood: loneliness, calm, expansive. style: cinematic, aerial, naturalistic. objects: desert, bushes, mountains, sky"
tense anxious dramatic suspenseful gritty man hat hallway jacket badge cinematic dramatic noir,"mood: tension, dramatic, darkness. style: cinematic, dramatic, noir. objects: man, hat, hallway, jacket, badge"
pensive serious contemplative uneasy woman car windshield dashboard cinematic warm naturalistic,"mood: contemplation, seriousness, tension. style: cinematic, warm, naturalistic. objects: woman, car, windshield, dashboard"
expansive solitary adventurous dynamic vehicle mountains sky desert dust cinematic panoramic naturalistic,"mood: expansive, loneliness, adventure, excitement. style: cinematic, panoramic, naturalistic. objects: vehicle, mountains, sky, desert, dust"
serious tense dramatic formal man officer uniform suit window cinematic dramatic period,"mood: seriousness, tension, dramatic. style: cinematic, dramatic, period. objects: man, officer, uniform, suit, window"
serious contemplative historical tense men uniform suit landscape lumber cinematic realistic historical,"mood: seriousness, contemplation, tradition, tension. style: cinematic, realistic, historical. objects: men, uniform, suit, landscape, lumber"
formal serious grand dramatic somber soldier staircase archway piano plant cinematic historical ornate,"mood: seriousness, wonder, dramatic, sadness. style: cinematic, historical, ornate. objects: soldier, staircase, archway, piano, plant"
peaceful reflective nostalgic calm woman clothesline laundry trees sky cinematic naturalistic rustic,"mood: calm, contemplation, nostalgia. style: cinematic, naturalistic, rustic. objects: woman, clothesline, laundry, trees, sky"
calm everyday neutral domestic candid man lamp painting stairs door realistic naturalistic simple,"mood: calm, neutral, domesticity, candid. style: realistic, naturalistic, simple. objects: man, lamp, painting, stairs, door"
happy joyful playful amusing lighthearted family ice cream selfie stick sunglasses trees candid vibrant summery,"mood: joy, amusement. style: candid, vibrant, summery. objects: family, ice cream, selfie stick, sunglasses, trees"
active bright industrious urban mundane billboard ice cream workers building cityscape realistic clear commercial,"mood: excitement, joy, industrious, urban, neutral. style: realistic, clear, commercial. objects: billboard, ice cream, workers, building, cityscape"
dark calm solitary mundane person vending machine ice cream bottles building dark realistic atmospheric,"mood: darkness, calm, loneliness, neutral. style: dark, realistic, atmospheric. objects: person, vending machine, ice cream, bottles, building"
stranded helpless frustrated isolated desolate man car road bottle ruins realistic cinematic rural,"mood: loneliness, vulnerability, frustrated. style: realistic, cinematic, rural. objects: man, car, road, bottle, ruins"
joyful vibrant pleasant fresh lively smartphone hand flowers market screen modern vibrant commercial,"mood: joy, excitement, contentment, fresh. style: modern, vibrant, commercial. objects: smartphone, hand, flowers, market, screen"
lively vibrant pleasant fresh bustling flowers fruit people storefront awning natural colorful commercial,"mood: excitement, contentment, fresh. style: natural, colorful, commercial. objects: flowers, fruit, people, storefront, awning"
dark tense mysterious sword blade metal cinematic dramatic metallic,"mood: darkness, tension, mystery. style: cinematic, dramatic, metallic. objects: sword, blade, metal"
dark somber desolate quiet pebbles stones ground beach cinematic gritty muted,"mood: darkness, sadness, loneliness, calm. style: cinematic, gritty, muted. objects: pebbles, stones, ground, beach"
desolate cold vast adventurous stark vehicle road ice rocks sky cinematic expansive rugged,"mood: loneliness, darkness, vast, adventure. style: cinematic, expansive, rugged. objects: vehicle, road, ice, rocks, sky"
desolate rugged powerful adventurous car mountains dust terrain sky cinematic futuristic dramatic,"mood: loneliness, rugged, powerful, adventure. style: cinematic, futuristic, dramatic. objects: car, mountains, dust, terrain, sky"
desolate vast mysterious adventurous car hills sky road grass cinematic futuristic glitchy,"mood: loneliness, vast, mystery, adventure. style: cinematic, futuristic, glitchy. objects: car, hills, sky, road, grass"
calm sleek dramatic powerful futuristic car sky clouds window roof cinematic futuristic minimalist,"mood: calm, elegance, dramatic, powerful, urban. style: cinematic, futuristic, minimalist. objects: car, sky, clouds, window, roof"
industrious purposeful active functional beam trailer truck worker hoist realistic modern industrial,"mood: industrious, focus, excitement, informative. style: realistic, modern, industrial. objects: beam, trailer, truck, worker, hoist"
contemplative pensive somber quiet person car window sky jacket cinematic stark low-key,"mood: contemplation, sadness, calm. style: cinematic, stark, low-key. objects: person, car, window, sky, jacket"
innovative powerful industrial optimistic awe-inspiring cybertruck rocket engine trailer sky futuristic cinematic industrial,"mood: innovative, powerful, urban, hope, wonder. style: futuristic, cinematic, industrial. objects: cybertruck, rocket engine, trailer, sky"
desolate powerful rugged vast solemn cybertruck rocks path sky landscape cinematic futuristic dramatic,"mood: loneliness, powerful, rugged, vast, seriousness. style: cinematic, futuristic, dramatic. objects: cybertruck, rocks, path, sky, landscape"
dark mysterious dramatic vast vehicle sky sun clouds landscape cinematic futuristic dramatic,"mood: darkness, mystery, dramatic, vast. style: cinematic, futuristic, dramatic. objects: vehicle, sky, sun, clouds, landscape"
futuristic sleek powerful sophisticated car headlights grille logo modern high-tech minimalist,"mood: urban, elegance, powerful. style: modern, high-tech, minimalist. objects: car, headlights, grille, logo"
elegant modern sophisticated futuristic serene logo star circle emblem holder sleek minimalist glowing,"mood: elegance, urban, calm. style: sleek, minimalist, glowing. objects: logo, star, circle, emblem, holder"
dark sleek luxurious sophisticated car mirror reflections surface minimalist futuristic glossy,"mood: darkness, elegance. style: minimalist, futuristic, glossy. objects: car, mirror, reflections, surface"
dark mysterious technological enigmatic device panel display lights bars modern sleek technological,"mood: darkness, mystery, technological. style: modern, sleek, technological. objects: device, panel, display, lights, bars"
futuristic sleek mysterious calm luxurious car wheels doors interior cinematic futuristic minimalist,"mood: urban, elegance, mystery, calm. style: cinematic, futuristic, minimalist. objects: car, wheels, doors, interior"
futuristic calm mysterious sleek headset device mechanism futuristic minimalist sleek,"mood: urban, calm, mystery, elegance. style: futuristic, minimalist, sleek. objects: headset, device, mechanism"
futuristic complex sophisticated mysterious cold device mechanism structure metal patterns futuristic abstract high-tech,"mood: urban, complex, elegance, mystery, darkness. style: futuristic, abstract, high-tech. objects: device, mechanism, structure, metal, patterns"
luxurious futuristic calm elegant car interior seat bottles lights compartment modern sleek high-tech,"mood: elegance, urban, calm. style: modern, sleek, high-tech. objects: car interior, seat, bottles, lights, compartment"
exhilarating fast-paced thrilling intense futuristic seats tunnel track light headrests futuristic dynamic digital,"mood: excitement, tension, urban. style: futuristic, dynamic, digital. objects: seats, tunnel, track, light, headrests"
futuristic serene sophisticated innovative luxurious dashboard seats steering wheel screens car interior futuristic minimalist luxurious,"mood: urban, calm, elegance, innovative. style: futuristic, minimalist, luxurious. objects: dashboard, seats, steering wheel, screens, car interior"
pensive calm thoughtful serene man car shirt field window cinematic naturalistic realistic,"mood: contemplation, calm. style: cinematic, naturalistic, realistic. objects: man, car, shirt, field, window"
intense dramatic powerful resolute silhouette fist light figure cinematic high-contrast dramatic,"mood: tension, dramatic, powerful, focus. style: cinematic, high-contrast, dramatic. objects: silhouette, fist, light, figure"
exciting fast-paced thrilling intense racecar racetrack fence barrier dynamic realistic documentary,"mood: excitement, tension. style: dynamic, realistic, documentary. objects: racecar, racetrack, fence, barrier"
exciting thrilling fast dynamic energetic race track curb grass road stripes motion-blurred dynamic fast-paced,"mood: excitement. style: motion-blurred, dynamic, fast-paced. objects: race track, curb, grass, road, stripes"
luxurious precise sophisticated elegant watch dial hands bezel sub-dials high-end detailed glossy,"mood: elegance, focus. style: high-end, detailed, glossy. objects: watch, dial, hands, bezel, sub-dials"
dark gritty laborious intense tires hands rain silhouettes dark high-contrast industrial,"mood: darkness, laborious, tension. style: dark, high-contrast, industrial. objects: tires, hands, rain, silhouettes"
intense focused serious powerful racecar uniform wheel logo tire industrial dynamic dark,"mood: tension, focus, seriousness, powerful. style: industrial, dynamic, dark. objects: racecar, uniform, wheel, logo, tire"
dark mysterious gloomy somber fence lights buildings fog dark atmospheric hazy,"mood: darkness, mystery, sadness. style: dark, atmospheric, hazy. objects: fence, lights, buildings, fog"
luxurious precise sophisticated focused watch crown bezel metal case high-detail polished commercial,"mood: elegance, focus. style: high-detail, polished, commercial. objects: watch, crown, bezel, metal, case"
precise sophisticated elegant focused watch hands dial sub-dials detailed close-up modern,"mood: focus, elegance. style: detailed, close-up, modern. objects: watch, hands, dial, sub-dials"
precise sophisticated sleek calm watch dial lettering marker button minimalist commercial detailed,"mood: focus, elegance, calm. style: minimalist, commercial, detailed. objects: watch, dial, lettering, marker, button"
powerful classic nostalgic determined car road driver wheels cinematic vintage dynamic,"mood: powerful, tradition, nostalgia, hope. style: cinematic, vintage, dynamic. objects: car, road, driver, wheels"
luxurious prestigious elegant classic crown logo text minimalist clean corporate,"mood: elegance, tradition. style: minimalist, clean, corporate. objects: crown, logo, text"
calm pensive neutral observant man car shirt landscape window cinematic naturalistic daylight,"mood: calm, contemplation, neutral, focus. style: cinematic, naturalistic, daylight. objects: man, car, shirt, landscape, window"
mysterious tense dramatic powerful figure sun arm sky cinematic dramatic backlit,"mood: mystery, tension, dramatic, powerful. style: cinematic, dramatic, backlit. objects: figure, sun, arm, sky"
energetic intense focused fast thrilling racecar track fence barrier asphalt dynamic blurry realistic,"mood: excitement, tension, focus. style: dynamic, blurry, realistic. objects: racecar, track, fence, barrier, asphalt"
exhilarating fast dynamic intense road curb grass markings dynamic blurred high-speed,"mood: excitement, tension. style: dynamic, blurred, high-speed. objects: road, curb, grass, markings"
luxurious precise sophisticated elegant watch dial hands bezel subdials commercial detailed macro,"mood: elegance, focus. style: commercial, detailed, macro. objects: watch, dial, hands, bezel, subdials"
dark gritty somber challenging intense tires hands rain silhouettes road dark cinematic realistic,"mood: darkness, sadness, challenging, tension. style: dark, cinematic, realistic. objects: tires, hands, rain, silhouettes, road"
intense focused dynamic serious race car tire person uniform logo dark blurry industrial,"mood: tension, focus, excitement, seriousness. style: dark, blurry, industrial. objects: race car, tire, person, uniform, logo"
dark mysterious hazy somber fence wires buildings lights fog moody atmospheric nocturnal,"mood: darkness, mystery, hazy, sadness. style: moody, atmospheric, nocturnal. objects: fence, wires, buildings, lights, fog"
elegant sophisticated precise luxurious watch crown pusher case sleek polished commercial,"mood: elegance, focus. style: sleek, polished, commercial. objects: watch, crown, pusher, case"
precise sophisticated elegant calm watch hands dial subdials text close-up luxurious commercial,"mood: focus, elegance, calm. style: close-up, luxurious, commercial. objects: watch, hands, dial, subdials, text"
precise sophisticated calm sleek dial text markings indicator surface monochromatic detailed modern,"mood: focus, elegance, calm. style: monochromatic, detailed, modern. objects: dial, text, markings, indicator, surface"
fast powerful classic thrilling intense car road wheel windshield driver vintage dynamic cinematic,"mood: excitement, powerful, tradition, tension. style: vintage, dynamic, cinematic. objects: car, road, wheel, windshield, driver"
luxurious prestigious elegant sophisticated logo crown text wordmark emblem minimalist corporate clean,"mood: elegance. style: minimalist, corporate, clean. objects: logo, crown, text, wordmark, emblem"
vibrant futuristic whimsical optimistic buildings city vehicles trees characters animated futuristic colorful,"mood: excitement, urban, amusement, hope. style: animated, futuristic, colorful. objects: buildings, city, vehicles, trees, characters"
angry scared tense chaotic surprised fire creature cloud creature plant creature sign pink object animated cartoonish colorful,"mood: anger, fear, tension, chaos, surprised. style: animated, cartoonish, colorful. objects: fire creature, cloud creature, plant creature, sign, pink object"
lively playful whimsical energetic cheerful characters lockers doors posters smoke animated cartoonish colorful,"mood: excitement, amusement, joy. style: animated, cartoonish, colorful. objects: characters, lockers, doors, posters, smoke"
scared mysterious vulnerable creature pouch tiles water animated stylized fantastical,"mood: fear, mystery, vulnerability. style: animated, stylized, fantastical. objects: creature, pouch, tiles, water"
fiery intense unsettling dramatic animated ogre creature fire cauldron logs animated fiery dramatic,"mood: fiery, tension, fear, dramatic, animated. style: animated, fiery, dramatic. objects: ogre, creature, fire, cauldron, logs"
playful energetic joyful lively cheerful waterslide characters water building windows animated vibrant futuristic,"mood: amusement, excitement, joy. style: animated, vibrant, futuristic. objects: waterslide, characters, water, building, windows"
angry intense determined fiery fire creature pipe pot sticks wall animated cinematic dramatic,"mood: anger, tension, hope, fiery. style: animated, cinematic, dramatic. objects: fire creature, pipe, pot, sticks, wall"
tense worried dramatic anxious character fire wall shirt animated cinematic vivid,"mood: tension, worried, dramatic. style: animated, cinematic, vivid. objects: character, fire, wall, shirt"
unhappy contrasting tense animated fire character water character chain-link fence fence post vines animated colorful expressive,"mood: sadness, contrasting, tension, animated. style: animated, colorful, expressive. objects: fire character, water character, chain-link fence, fence post, vines"
magical dreamlike vibrant ethereal wondrous city crystals water buildings flora animated fantastical vibrant,"mood: wonder, mystery, excitement. style: animated, fantastical, vibrant. objects: city, crystals, water, buildings, flora"
magical mystical serene vibrant imaginative character waterfall pool figures water animated fantastical colorful,"mood: wonder, mystery, calm, excitement, imaginative. style: animated, fantastical, colorful. objects: character, waterfall, pool, figures, water"
playful joyful energetic lighthearted water creature pool splashes bar stick animated vibrant futuristic,"mood: amusement, joy, excitement. style: animated, vibrant, futuristic. objects: water creature, pool, splashes, bar, stick"
intense mysterious magical otherworldly hand reflection water lights stylized vibrant abstract,"mood: tension, mystery, wonder. style: stylized, vibrant, abstract. objects: hand, reflection, water, lights"
distressed alarmed intense overwhelmed elemental packages shelves counter animated vibrant dramatic,"mood: distressed, alarmed, tension, vulnerability. style: animated, vibrant, dramatic. objects: elemental, packages, shelves, counter"
distressed emotional overwhelmed dramatic character shelves bottles jars shop animated cinematic expressive,"mood: distressed, poignance, vulnerability, dramatic. style: animated, cinematic, expressive. objects: character, shelves, bottles, jars, shop"
peaceful vulnerable dreamlike mysterious serene baby hair clothing arm hand animated dreamlike soft,"mood: calm, vulnerability, mystery. style: animated, dreamlike, soft. objects: baby, hair, clothing, arm, hand"
peaceful subdued melancholy serene woman face hair garment background animated soft dreamlike,"mood: calm, weariness, sadness. style: animated, soft, dreamlike. objects: woman, face, hair, garment, background"
tense mysterious somber eerie hand arm sleeve cuff animated dramatic dark,"mood: tension, mystery, sadness, fear. style: animated, dramatic, dark. objects: hand, arm, sleeve, cuff"
dark mysterious uneasy lonely dreamlike child bed wall room animated minimalist dramatic,"mood: darkness, mystery, tension, loneliness. style: animated, minimalist, dramatic. objects: child, bed, wall, room"
mysterious lonely dramatic ethereal person violin pillars hall floor cinematic animated atmospheric,"mood: mystery, loneliness, dramatic. style: cinematic, animated, atmospheric. objects: person, violin, pillars, hall, floor"
creepy unsettling eerie mysterious somber characters candelabra clothing room earring animated expressionistic dark,"mood: fear, mystery, sadness. style: animated, expressionistic, dark. objects: characters, candelabra, clothing, room, earring"
majestic serene grand hopeful dome columns carvings light ceiling classical ornate architectural,"mood: wonder, calm, hope. style: classical, ornate, architectural. objects: dome, columns, carvings, light, ceiling"
grand ambitious solemn hopeful staircase candelabras windows people hall animated gothic dramatic,"mood: wonder, adventure, seriousness, hope. style: animated, gothic, dramatic. objects: staircase, candelabras, windows, people, hall"
subtle determined mysterious quiet legs shoes stairs wall bow animated elegant moody,"mood: calm, hope, mystery. style: animated, elegant, moody. objects: legs, shoes, stairs, wall, bow"
dark mysterious tense solemn figure staircase hall arches columns cinematic gothic dark-fantasy,"mood: darkness, mystery, tension, seriousness. style: cinematic, gothic, dark-fantasy. objects: figure, staircase, hall, arches, columns"
dark solemn mysterious gothic melancholic figure hair window face anime gothic dramatic,"mood: darkness, seriousness, mystery, sadness. style: anime, gothic, dramatic. objects: figure, hair, window, face"
dark mysterious tense ominous figure pillar carving light cinematic medieval dramatic,"mood: darkness, mystery, tension, fear. style: cinematic, medieval, dramatic. objects: figure, pillar, carving, light"
intense surreal glowing mysterious wondrous cat bag sword ice environment animated fantastical vibrant,"mood: tension, mystery, joy, wonder. style: animated, fantastical, vibrant. objects: cat, bag, sword, ice, environment"
scared startled dramatic intense uncertain puppy sweater person structures floor animated cinematic vibrant,"mood: fear, startled, dramatic, tension. style: animated, cinematic, vibrant. objects: puppy, sweater, person, structures, floor"
intense magical powerful ominous energy characters ground magic animated fantastic vibrant,"mood: tension, wonder, powerful, fear. style: animated, fantastic, vibrant. objects: energy, characters, ground, magic"
dark intense menacing terrifying ominous wolf hood scythe eyes teeth animated dramatic stylized,"mood: darkness, tension, fear. style: animated, dramatic, stylized. objects: wolf, hood, scythe, eyes, teeth"
menacing intense mystical foreboding powerful wolf scythes platform energy symbol animated dramatic stylized,"mood: fear, tension, mystery, powerful. style: animated, dramatic, stylized. objects: wolf, scythes, platform, energy, symbol"
dramatic epic mystical powerful boots tail sword animated cinematic fantasy,"mood: dramatic, wonder, mystery, powerful. style: animated, cinematic, fantasy. objects: boots, tail, sword"
worried surprised intense mystical cat hat cape scroll animated vibrant dramatic,"mood: worried, surprised, tension, mystery. style: animated, vibrant, dramatic. objects: cat, hat, cape, scroll"
playful mischievous cute whimsical enchanting cats knife fur eyes paws animated vibrant magical,"mood: amusement, wonder. style: animated, vibrant, magical. objects: cats, knife, fur, eyes, paws"
anxious fearful intense pained dramatic cat face fur nose eyes animated dramatic expressive,"mood: tension, fear, vulnerability, dramatic. style: animated, dramatic, expressive. objects: cat, face, fur, nose, eyes"
intense magical dramatic confrontational mysterious cat hat cape figure energy animated cinematic fantastical,"mood: tension, wonder, dramatic, anger, mystery. style: animated, cinematic, fantastical. objects: cat, hat, cape, figure, energy"
determined intense urgent dramatic focused cat hat sword cape animated cinematic vibrant,"mood: hope, tension, urgent, dramatic, focus. style: animated, cinematic, vibrant. objects: cat, hat, sword, cape"
energetic determined thrilling intense cat hat sword boots belt animated vibrant action,"mood: excitement, hope, tension. style: animated, vibrant, action. objects: cat, hat, sword, boots, belt"
intense chaotic energetic dynamic powerful creature planet blades energy vibrant abstract dynamic,"mood: tension, chaos, excitement, powerful. style: vibrant, abstract, dynamic. objects: creature, planet, blades, energy"
chaotic intense magical ominous figure hooks energy cloak animated dramatic fantasy,"mood: chaos, tension, wonder, fear. style: animated, dramatic, fantasy. objects: figure, hooks, energy, cloak"
startled intense magical dramatic cat hat rapier cape animated cinematic dramatic,"mood: startled, tension, wonder, dramatic. style: animated, cinematic, dramatic. objects: cat, hat, rapier, cape"
intense menacing aggressive chaotic wolf scythes smoke animated dramatic fantasy,"mood: tension, fear, anger, chaos. style: animated, dramatic, fantasy. objects: wolf, scythes, smoke"
curious surprised innocent questioning girl staircase kitchen stove animated digital bright,"mood: contemplation, surprised, innocent. style: animated, digital, bright. objects: girl, staircase, kitchen, stove"
concerned pensive thoughtful anticipatory uncertain characters console orbs buttons room animated cinematic expressive,"mood: concerned, contemplation, tension. style: animated, cinematic, expressive. objects: characters, console, orbs, buttons, room"
worried anxious urgent chaotic dramatic character sphere thread dust arches animated cinematic abstract,"mood: worried, tension, urgent, chaos, dramatic. style: animated, cinematic, abstract. objects: character, sphere, thread, dust, arches"
happy energetic playful busy chaotic characters hard hats tools barriers crate animated cartoonish vibrant,"mood: joy, excitement, amusement, urban, chaos. style: animated, cartoonish, vibrant. objects: characters, hard hats, tools, barriers, crate"
angry chaotic intense frantic explosive characters dynamite crate explosion ladder animated vibrant dramatic,"mood: anger, chaos, tension. style: animated, vibrant, dramatic. objects: characters, dynamite, crate, explosion, ladder"
pensive wistful cluttered expansive hopeful characters city windows structures tools animated cinematic stylized,"mood: contemplation, nostalgia, cluttered, expansive, hope. style: animated, cinematic, stylized. objects: characters, city, windows, structures, tools"
energetic vibrant curious lively whimsical characters control panel memory wall buttons console animated colorful stylized,"mood: excitement, contemplation, amusement. style: animated, colorful, stylized. objects: characters, control panel, memory wall, buttons, console"
anxious stressed concerned vibrant busy bing bong joy suitcases control panel memory orbs animated colorful expressive,"mood: tension, concerned, excitement, urban. style: animated, colorful, expressive. objects: bing bong, joy, suitcases, control panel, memory orbs"
afraid mysterious eerie tense dark text lights bokeh cinematic blurry colorful,"mood: afraid, mystery, fear, tension, darkness. style: cinematic, blurry, colorful. objects: text, lights, bokeh"
vibrant dreamy anticipatory playful lights text bokeh circles abstract colorful cinematic,"mood: excitement, mystery, tension, amusement. style: abstract, colorful, cinematic. objects: lights, text, bokeh, circles"
energetic chaotic intense trippy hexagons patterns tunnel light abstract digital geometric,"mood: excitement, chaos, tension, trippy. style: abstract, digital, geometric. objects: hexagons, patterns, tunnel, light"
playful exciting curious casual spiderman costume packaging hand table tag casual modern candid,"mood: amusement, excitement, contemplation, neutral. style: casual, modern, candid. objects: spiderman costume, packaging, hand, table, tag"
sleepy peaceful calm relaxed man seat train jacket shirt animated stylized comic-book,"mood: weariness, calm. style: animated, stylized, comic-book. objects: man, seat, train, jacket, shirt"
surreal mysterious vast isolated contemplative character skyscrapers city lights void animated stylized futuristic,"mood: mystery, vast, loneliness, contemplation. style: animated, stylized, futuristic. objects: character, skyscrapers, city, lights, void"
energetic dynamic exciting urban fast-paced spider-man suit logo cars buildings animated comic-book vibrant,"mood: excitement, urban. style: animated, comic-book, vibrant. objects: spider-man, suit, logo, cars, buildings"
intense anxious vibrant overwhelming boy headphones jersey microphone tunnel animated neon stylized,"mood: tension, excitement, chaos. style: animated, neon, stylized. objects: boy, headphones, jersey, microphone, tunnel"
hopeful determined anticipatory energetic futuristic superheroes characters suits lights interior animated stylized bright,"mood: hope, tension, excitement, urban. style: animated, stylized, bright. objects: superheroes, characters, suits, lights, interior"
energetic dynamic chaotic vibrant tense figures structures webs beams scaffolding cinematic stylized geometric,"mood: excitement, chaos, tension. style: cinematic, stylized, geometric. objects: figures, structures, webs, beams, scaffolding"
tense calm reportorial mundane pool chairs umbrellas fence text journalistic factual broadcast,"mood: tension, calm, reportorial, neutral. style: journalistic, factual, broadcast. objects: pool, chairs, umbrellas, fence, text"
anxious serious urgent concerned fence sign foliage news ticker gate journalistic informational unfiltered,"mood: tension, seriousness, urgent, concerned. style: journalistic, informational, unfiltered. objects: fence, sign, foliage, news ticker, gate"
serious emotional distressed solemn man building umbrella trees text journalistic broadcast realistic,"mood: seriousness, poignance, distressed. style: journalistic, broadcast, realistic. objects: man, building, umbrella, trees, text"
concerned urgent serious man playground trees fence sunglasses broadcast daylight clear,"mood: concerned, urgent, seriousness. style: broadcast, daylight, clear. objects: man, playground, trees, fence, sunglasses"
informative neutral calm bright man sunglasses playground fence umbrellas broadcast daylight journalistic,"mood: informative, neutral, calm, joy. style: broadcast, daylight, journalistic. objects: man, sunglasses, playground, fence, umbrellas"
serious appreciative calm formal man officer document fence trees newsy bright documentary,"mood: seriousness, gratitude, calm. style: newsy, bright, documentary. objects: man, officer, document, fence, trees"
professional serious informative factual calm firefighters uniforms pool caps news ticker broadcast journalistic daylight,"mood: informative, seriousness, calm. style: broadcast, journalistic, daylight. objects: firefighters, uniforms, pool, caps, news ticker"
serious neutral informative calm man cap uniform trees roof news graphic journalistic bright clear,"mood: seriousness, neutral, informative, calm. style: journalistic, bright, clear. objects: man, cap, uniform, trees, roof, news graphic"
dramatic urgent vibrant tense heroic fireworks night sky broadcast graphics news text channel logo dynamic vibrant journalistic,"mood: dramatic, urgent, excitement, tension, heroic. style: dynamic, vibrant, journalistic. objects: fireworks, night sky, broadcast graphics, news text, channel logo"
tense hopeful relieved dramatic caring child water pool life vest floatie reportage realistic unfiltered,"mood: tension, hope, gratitude, dramatic, warmth. style: reportage, realistic, unfiltered. objects: child, water, pool, life vest, floatie"
tender compassionate humble serene man dog cart bench pots warm rustic candid,"mood: warmth, humble, calm. style: warm, rustic, candid. objects: man, dog, cart, bench, pots"
compassionate humble peaceful authentic man dog flatbread bench pot candid warm rustic,"mood: warmth, humble, calm, authentic. style: candid, warm, rustic. objects: man, dog, flatbread, bench, pot"
warm humble peaceful serene contemplative man dog bread bench chai stall candid warm golden-hour,"mood: warmth, humble, calm, contemplation. style: candid, warm, golden-hour. objects: man, dog, bread, bench, chai stall"
peaceful compassionate serene warm man dog bread stall bench golden candid realistic,"mood: calm, warmth. style: golden, candid, realistic. objects: man, dog, bread, stall, bench"
compassionate serene heartwarming peaceful humble man dog bread bench pot cinematic candid warm,"mood: warmth, calm, humble. style: cinematic, candid, warm. objects: man, dog, bread, bench, pot"
heartwarming humble peaceful rustic hopeful man dog flatbread bench pot candid rustic warm,"mood: warmth, humble, calm, nature, hope. style: candid, rustic, warm. objects: man, dog, flatbread, bench, pot"
lonely pensive quiet solitary man bench street chips bag streetlights cinematic moody urban,"mood: loneliness, contemplation, calm. style: cinematic, moody, urban. objects: man, bench, street, chips bag, streetlights"
quiet contemplative solitary melancholic man bench street streetlights snack bag cinematic moody realistic,"mood: calm, contemplation, loneliness, sadness. style: cinematic, moody, realistic. objects: man, bench, street, streetlights, snack bag"
lonely melancholic calm thoughtful man bench street streetlights snack bag cinematic low-light realistic,"mood: loneliness, sadness, calm, contemplation. style: cinematic, low-light, realistic. objects: man, bench, street, streetlights, snack bag"
lonely melancholy somber weary man bench street chips bag nocturnal cinematic moody,"mood: loneliness, sadness, weariness. style: nocturnal, cinematic, moody. objects: man, bench, street, chips bag"
pensive lonely somber quiet man bench street buildings package cinematic low-light warm,"mood: contemplation, loneliness, sadness, calm. style: cinematic, low-light, warm. objects: man, bench, street, buildings, package"
lonely pensive somber calm man bench street buildings chips cinematic nocturnal moody,"mood: loneliness, contemplation, sadness, calm. style: cinematic, nocturnal, moody. objects: man, bench, street, buildings, chips"
heartwarming tender peaceful companionate humble man dog bench cart pot candid warm documentary,"mood: warmth, calm, companionate, humble. style: candid, warm, documentary. objects: man, dog, bench, cart, pot"
transformative evolving suggestive minimalist text typography letters words minimalist typographic elegant,"mood: transformative, evolving, suggestive, minimalist. style: minimalist, typographic, elegant. objects: text, typography, letters, words"
energetic hopeful idyllic cheerful boy hills houses sun people illustrated vibrant pastoral,"mood: excitement, hope, nature, joy. style: illustrated, vibrant, pastoral. objects: boy, hills, houses, sun, people"
bored apathetic confused didactic thoughtful boy teacher chalkboard pen desk cartoonish illustrative educational,"mood: weariness, confused, didactic, contemplation. style: cartoonish, illustrative, educational. objects: boy, teacher, chalkboard, pen, desk"
worried concerned disengaged somber boy smartphone couch parents window animated domestic narrative,"mood: worried, concerned, weariness, sadness. style: animated, domestic, narrative. objects: boy, smartphone, couch, parents, window"
isolated ignored concerned sullen phone couch people window plant illustrated digital narrative,"mood: loneliness, ignored, concerned, sullen. style: illustrated, digital, narrative. objects: phone, couch, people, window, plant"
solemn urban candid poignant struggling man scooter cars street railing candid documentary realistic,"mood: seriousness, urban, candid, poignance, vulnerability. style: candid, documentary, realistic. objects: man, scooter, cars, street, railing"
pensive urban somber thoughtful man jacket hoodie street car candid documentary unpolished,"mood: contemplation, urban, sadness. style: candid, documentary, unpolished. objects: man, jacket, hoodie, street, car"
thoughtful conversational candid serious man jacket street cars cup documentary urban realistic,"mood: contemplation, conversational, candid, seriousness. style: documentary, urban, realistic. objects: man, jacket, street, cars, cup"
somber vulnerable pensive melancholy man jacket truck car bracelet candid realistic documentary,"mood: sadness, vulnerability, contemplation. style: candid, realistic, documentary. objects: man, jacket, truck, car, bracelet"
serious thoughtful genuine urban real man jacket hoodie street van candid documentary realistic,"mood: seriousness, contemplation, genuine, urban, real. style: candid, documentary, realistic. objects: man, jacket, hoodie, street, van"
hopeful sincere earnest man jacket street cars building candid realistic unpolished,"mood: hope, gratitude, earnest. style: candid, realistic, unpolished. objects: man, jacket, street, cars, building"
informative neutral professional calm anchor screen microphone suit glasses broadcast clean corporate,"mood: informative, neutral, calm. style: broadcast, clean, corporate. objects: anchor, screen, microphone, suit, glasses"
happy festive joyful celebratory domestic woman family house decorations car journalistic candid broadcast,"mood: joy, celebration, domesticity. style: journalistic, candid, broadcast. objects: woman, family, house, decorations, car"
heartwarming joyful emotional relieved tender dog woman leash people news ticker newscast candid observational,"mood: warmth, joy, poignance, gratitude. style: newscast, candid, observational. objects: dog, woman, leash, people, news ticker"
focused caring attentive gentle women dog backpack suitcase leash candid documentary realistic,"mood: focus, warmth, calm. style: candid, documentary, realistic. objects: women, dog, backpack, suitcase, leash"
concerned calm observational woman dog door wreath fence candid realistic unfiltered,"mood: concerned, calm, observational. style: candid, realistic, unfiltered. objects: woman, dog, door, wreath, fence"
concerned serious attentive neutral woman cars trashcans street houses journalistic realistic natural,"mood: concerned, seriousness, focus, neutral. style: journalistic, realistic, natural. objects: woman, cars, trashcans, street, houses"
loving tender comforting peaceful gentle dog person fur eye shirt close-up intimate candid,"mood: warmth, comforting, calm. style: close-up, intimate, candid. objects: dog, person, fur, eye, shirt"
festive joyful warm cheerful people inflatables candy canes christmas lights house candid colorful domestic,"mood: celebration, joy, warmth. style: candid, colorful, domestic. objects: people, inflatables, candy canes, christmas lights, house"
professional informative neutral calm composed anchors laptops desk monitors studio broadcast modern professional,"mood: informative, neutral, calm. style: broadcast, modern, professional. objects: anchors, laptops, desk, monitors, studio"
serene majestic peaceful expansive city skyscrapers bridge water sky cinematic aerial vibrant,"mood: calm, wonder, expansive. style: cinematic, aerial, vibrant. objects: city, skyscrapers, bridge, water, sky"
serious formal determined luxurious tense woman hallway suit sconces bust cinematic elegant formal,"mood: seriousness, hope, elegance, tension. style: cinematic, elegant, formal. objects: woman, hallway, suit, sconces, bust"
mysterious serious somber historical document photograph hand candle desk cinematic dramatic vintage,"mood: mystery, seriousness, sadness, tradition. style: cinematic, dramatic, vintage. objects: document, photograph, hand, candle, desk"
tense serious concerned dramatic man shirt tie wall window cinematic gritty dramatic,"mood: tension, seriousness, concerned, dramatic. style: cinematic, gritty, dramatic. objects: man, shirt, tie, wall, window"
exciting dynamic urban adventurous fast-paced buildings billboards spider-man city skyscrapers cinematic urban dynamic,"mood: excitement, urban, adventure. style: cinematic, urban, dynamic. objects: buildings, billboards, spider-man, city, skyscrapers"
fearful intense chaotic urgent dramatic woman spiderman sky structure helicopter cinematic action dynamic,"mood: fear, tension, chaos, urgent, dramatic. style: cinematic, action, dynamic. objects: woman, spiderman, sky, structure, helicopter"
anticipatory uncertain pensive neutral person doors wall glass shirt cinematic realistic interior,"mood: tension, contemplation, neutral. style: cinematic, realistic, interior. objects: person, doors, wall, glass, shirt"
intense chaotic dangerous mysterious energy light forest ground trees cinematic dramatic dynamic,"mood: tension, chaos, fear, mystery. style: cinematic, dramatic, dynamic. objects: energy, light, forest, ground, trees"
ominous enigmatic scheming confident man sunglasses coat smoke cityscape cinematic dramatic moody,"mood: fear, mystery, scheming, confident. style: cinematic, dramatic, moody. objects: man, sunglasses, coat, smoke, cityscape"
chaotic intense thrilling urgent spiderman cars street debris cinematic dynamic action-packed,"mood: chaos, tension, excitement, urgent. style: cinematic, dynamic, action-packed. objects: spiderman, cars, street, debris"
serious pensive dramatic mysterious intense man cloak amulet wall light cinematic dramatic high-contrast,"mood: seriousness, contemplation, dramatic, mystery, tension. style: cinematic, dramatic, high-contrast. objects: man, cloak, amulet, wall, light"
thoughtful pensive muted subtle people jacket beanie shirt wall cinematic realistic muted,"mood: contemplation, weariness, calm. style: cinematic, realistic, muted. objects: people, jacket, beanie, shirt, wall"
chaotic urgent dangerous intense fire cars people vans streetlamp cinematic dramatic urban,"mood: chaos, urgent, fear, tension. style: cinematic, dramatic, urban. objects: fire, cars, people, vans, streetlamp"
intense dynamic thrilling chaotic dangerous spiderman bridge water villain structure cinematic action-oriented blurry,"mood: tension, excitement, chaos, fear. style: cinematic, action-oriented, blurry. objects: spiderman, bridge, water, villain, structure"
intense chaotic dangerous dark robot beam debris structure cinematic futuristic dramatic,"mood: tension, chaos, fear, darkness. style: cinematic, futuristic, dramatic. objects: robot, beam, debris, structure"
relaxed friendly communal attentive people table food shed city cinematic natural bright,"mood: calm, contentment, domesticity, focus. style: cinematic, natural, bright. objects: people, table, food, shed, city"
chaotic intense dangerous explosive car fire street buildings tower action-packed dynamic cinematic,"mood: chaos, tension, fear. style: action-packed, dynamic, cinematic. objects: car, fire, street, buildings, tower"
intense dark urgent focused people room equipment lights dark blurry cinematic,"mood: tension, darkness, urgent, focus. style: dark, blurry, cinematic. objects: people, room, equipment, lights"
intense determined focused man steering wheel hands car interior cinematic realistic dynamic,"mood: tension, hope, focus. style: cinematic, realistic, dynamic. objects: man, steering wheel, hands, car interior"
determined serious epic grand man colosseum building trees cinematic monumental bright,"mood: hope, seriousness, wonder. style: cinematic, monumental, bright. objects: man, colosseum, building, trees"
tense chaotic dynamic exciting motorcycle person police cars road buildings cinematic dynamic realistic,"mood: tension, chaos, excitement. style: cinematic, dynamic, realistic. objects: motorcycle, person, police cars, road, buildings"
intense dynamic violent chaotic men room windows ceiling furniture cinematic action-packed dynamic,"mood: tension, excitement, anger, chaos. style: cinematic, action-packed, dynamic. objects: men, room, windows, ceiling, furniture"
chaotic intense destructive urgent large object cars motorcycle debris building action cinematic dynamic,"mood: chaos, tension, urgent. style: action, cinematic, dynamic. objects: large object, cars, motorcycle, debris, building"
intense chaotic dangerous thrilling dramatic car man rifle smoke road cinematic action-packed dynamic,"mood: tension, chaos, fear, excitement, dramatic. style: cinematic, action-packed, dynamic. objects: car, man, rifle, smoke, road"
solemn respectful emotional somber mask hands robes bracelet cinematic dramatic poignant,"mood: seriousness, respectful, poignance, sadness. style: cinematic, dramatic, poignant. objects: mask, hands, robes, bracelet"
solemn reverent respectful dignified hands necklace garment bracelet tattoos cinematic ceremonial dramatic,"mood: seriousness, reverent, respectful. style: cinematic, ceremonial, dramatic. objects: hands, necklace, garment, bracelet, tattoos"
commemorative cultural respectful spiritual traditional mural drums musicians buildings symbols cinematic cultural traditional,"mood: commemorative, tradition, respectful, spiritual. style: cinematic, cultural, traditional. objects: mural, drums, musicians, buildings, symbols"
dark serious powerful determined woman person pillars hall dress cinematic dramatic regal,"mood: darkness, seriousness, powerful, hope. style: cinematic, dramatic, regal. objects: woman, person, pillars, hall, dress"
serious intimate somber emotional man woman beach ocean jewelry cinematic dramatic vibrant,"mood: seriousness, romance, sadness, poignance. style: cinematic, dramatic, vibrant. objects: man, woman, beach, ocean, jewelry"
intense chaotic futuristic dusty action-packed dust buildings boats flying crafts bridge cinematic sci-fi dynamic,"mood: tension, chaos, urban, dusty, action-packed. style: cinematic, sci-fi, dynamic. objects: dust, buildings, boats, flying crafts, bridge"
tense focused serious urgent intense hand joystick cockpit display buttons cinematic dark high-contrast,"mood: tension, focus, seriousness, urgent. style: cinematic, dark, high-contrast. objects: hand, joystick, cockpit, display, buttons"
desolate vast calm isolated mountains desert sky jet cinematic expansive minimalist,"mood: loneliness, vast, calm. style: cinematic, expansive, minimalist. objects: mountains, desert, sky, jet"
exciting powerful vast tense jet contrail shadow sky military aerial dynamic,"mood: excitement, powerful, vast, tension. style: military, aerial, dynamic. objects: jet, contrail, shadow, sky"
intense powerful dramatic vast dynamic jet desert sky mountains dust cinematic expansive action-packed,"mood: tension, powerful, dramatic, vast, excitement. style: cinematic, expansive, action-packed. objects: jet, desert, sky, mountains, dust"
tense ominous powerful dramatic jets ocean people carrier cinematic dark military,"mood: tension, fear, powerful, dramatic. style: cinematic, dark, military. objects: jets, ocean, people, carrier"
exciting thrilling adventurous powerful exhilarating pilot fighter jet aircraft carrier ocean sky cinematic dynamic realistic,"mood: excitement, adventure, powerful. style: cinematic, dynamic, realistic. objects: pilot, fighter jet, aircraft carrier, ocean, sky"
dark nostalgic reflective personal introspective person jacket patches cabinet motorcycles cinematic dramatic moody,"mood: darkness, nostalgia, contemplation, personal. style: cinematic, dramatic, moody. objects: person, jacket, patches, cabinet, motorcycles"
tense exhilarating powerful serious pilot jets helmet cockpit ocean cinematic realistic intense,"mood: tension, excitement, powerful, seriousness. style: cinematic, realistic, intense. objects: pilot, jets, helmet, cockpit, ocean"
intense exhilarating thrilling adventurous dramatic pilot jet mountains cockpit missile cinematic dynamic realistic,"mood: tension, excitement, adventure, dramatic. style: cinematic, dynamic, realistic. objects: pilot, jet, mountains, cockpit, missile"
contemplative vast somber isolated pensive person ocean ship sky helmet cinematic atmospheric dramatic,"mood: contemplation, vast, sadness, loneliness. style: cinematic, atmospheric, dramatic. objects: person, ocean, ship, sky, helmet"
intense serious wary somber man face jacket wall blinds cinematic dramatic realistic,"mood: tension, seriousness, sadness. style: cinematic, dramatic, realistic. objects: man, face, jacket, wall, blinds"
relaxed peaceful dreamy woman scarf window garden chair cinematic elegant commercial,"mood: calm, mystery. style: cinematic, elegant, commercial. objects: woman, scarf, window, garden, chair"
happy relaxed serene comfortable woman phone window cushion blanket bright natural candid,"mood: joy, calm, contentment. style: bright, natural, candid. objects: woman, phone, window, cushion, blanket"
preparatory neutral anonymous cautious helmet person house roof chimney cinematic realistic daylight,"mood: preparatory, neutral, anonymous, tension. style: cinematic, realistic, daylight. objects: helmet, person, house, roof, chimney"
calm neutral focused pensive face eye nose mouth hair close-up natural cinematic,"mood: calm, neutral, focus, contemplation. style: close-up, natural, cinematic. objects: face, eye, nose, mouth, hair"
calm serene intimate gentle nose lips skin face hair close-up naturalistic cinematic,"mood: calm, romance. style: close-up, naturalistic, cinematic. objects: nose, lips, skin, face, hair"
tranquil pensive intimate serene couch window foliage jacket glass cinematic naturalistic ambient,"mood: calm, contemplation, romance. style: cinematic, naturalistic, ambient. objects: couch, window, foliage, jacket, glass"
elegant luxurious graceful bright sophisticated woman staircase railing dress window elegant bright architectural,"mood: elegance, joy. style: elegant, bright, architectural. objects: woman, staircase, railing, dress, window"
peaceful expansive adventurous serene golden car road ocean hills vegetation cinematic scenic atmospheric,"mood: calm, expansive, adventure, golden. style: cinematic, scenic, atmospheric. objects: car, road, ocean, hills, vegetation"
serene peaceful expansive calm road ocean hillside car sky aerial cinematic naturalistic,"mood: calm, expansive. style: aerial, cinematic, naturalistic. objects: road, ocean, hillside, car, sky"
expansive distant peaceful solitary roads cars terrain guardrails aerial natural sweeping,"mood: expansive, loneliness, calm. style: aerial, natural, sweeping. objects: roads, cars, terrain, guardrails"
energetic dynamic free active person hair wall foliage sky cinematic naturalistic dynamic,"mood: excitement, adventure. style: cinematic, naturalistic, dynamic. objects: person, hair, wall, foliage, sky"
focused pensive calm private woman phone door foliage pavement cinematic naturalistic soft-lit,"mood: focus, contemplation, calm, private. style: cinematic, naturalistic, soft-lit. objects: woman, phone, door, foliage, pavement"
serene thoughtful calm elegant woman cardigan tree bushes flowers cinematic naturalistic soft,"mood: calm, contemplation, elegance. style: cinematic, naturalistic, soft. objects: woman, cardigan, tree, bushes, flowers"
serene mysterious tranquil deep person water bubbles underwater cinematic immersive,"mood: calm, mystery, deep. style: underwater, cinematic, immersive. objects: person, water, bubbles"
surprised immersive intense exhilarating vivid woman water hair swimsuit splashes cinematic dramatic dynamic,"mood: surprised, immersive, tension, excitement, vivid. style: cinematic, dramatic, dynamic. objects: woman, water, hair, swimsuit, splashes"
busy tense focused professional concerned chefs kitchen food uniforms gloves realistic cinematic candid,"mood: urban, tension, focus, informative, concerned. style: realistic, cinematic, candid. objects: chefs, kitchen, food, uniforms, gloves"
opulent decadent surreal luxurious man jewelry phone butler television retro glamorous cinematic,"mood: elegance, decadent, mystery. style: retro, glamorous, cinematic. objects: man, jewelry, phone, butler, television"
surprised formal tense elegant man tuxedo lamps flowers sofa cinematic formal luxurious,"mood: surprised, seriousness, tension, elegance. style: cinematic, formal, luxurious. objects: man, tuxedo, lamps, flowers, sofa"
ceremonial formal anticipatory hopeful reflective graduate balloons staircase gown flowers ceremonial cinematic elegant,"mood: tradition, seriousness, tension, hope, contemplation. style: ceremonial, cinematic, elegant. objects: graduate, balloons, staircase, gown, flowers"
joyful extravagant lively playful excited woman sunglasses car sequins jewelry vibrant theatrical fashionable,"mood: joy, elegance, excitement, amusement. style: vibrant, theatrical, fashionable. objects: woman, sunglasses, car, sequins, jewelry"
festive lively glamorous energetic car people uniform shirt feathers cinematic nocturnal vibrant,"mood: celebration, excitement, elegance. style: cinematic, nocturnal, vibrant. objects: car, people, uniform, shirt, feathers"
joyful lively eccentric candid men necklace drink suit gate candid vibrant cinematic,"mood: joy, excitement, eccentric, candid. style: candid, vibrant, cinematic. objects: men, necklace, drink, suit, gate"
joyful celebratory friendly happy lively people glasses balloons hat painting candid festive warm,"mood: joy, celebration, contentment, excitement. style: candid, festive, warm. objects: people, glasses, balloons, hat, painting"
intense energetic glamorous chaotic women jewelry jackets device makeup cinematic glamorous dramatic,"mood: tension, excitement, elegance, chaos. style: cinematic, glamorous, dramatic. objects: women, jewelry, jackets, device, makeup"
luxurious vibrant confident eccentric couch hat shirt chain plant flamboyant opulent colorful,"mood: elegance, excitement, confident, eccentric. style: flamboyant, opulent, colorful. objects: couch, hat, shirt, chain, plant"
joyful amused vibrant playful extravagant man piano shirt hand rings vivid luxurious cinematic,"mood: joy, amusement, excitement, elegance. style: vivid, luxurious, cinematic. objects: man, piano, shirt, hand, rings"
celebratory festive lively people hat sequins fur coat drink candid dynamic grainy,"mood: celebration, excitement. style: candid, dynamic, grainy. objects: people, hat, sequins, fur coat, drink"
joyful festive lively playful celebratory man mandolin woman costume instrument vibrant festive theatrical,"mood: joy, celebration, excitement, amusement. style: vibrant, festive, theatrical. objects: man, mandolin, woman, costume, instrument"
engaging curious playful intimate man woman ear cuff sweater hat cinematic fashionable dramatic,"mood: engaging, contemplation, amusement, romance. style: cinematic, fashionable, dramatic. objects: man, woman, ear cuff, sweater, hat"
intense dramatic distorted vibrant engaging women hair earring reflection party glamorous close-up surreal,"mood: tension, dramatic, distorted, excitement, engaging. style: glamorous, close-up, surreal. objects: women, hair, earring, reflection, party"
intense predatory wild focused cougar rocks plants desert terrain cinematic realistic sharp,"mood: tension, predatory, adventure, focus. style: cinematic, realistic, sharp. objects: cougar, rocks, plants, desert, terrain"
gritty tense arduous strenuous limb rope rock dirt cinematic gritty realistic,"mood: darkness, tension, arduous, strenuous. style: cinematic, gritty, realistic. objects: limb, rope, rock, dirt"
mysterious tranquil solitary reflective man cougar hat log desert cinematic western dramatic,"mood: mystery, calm, loneliness, contemplation. style: cinematic, western, dramatic. objects: man, cougar, hat, log, desert"
dark mysterious unsettling tense intriguing figures text wall people cinematic blurry desaturated,"mood: darkness, mystery, fear, tension, contemplation. style: cinematic, blurry, desaturated. objects: figures, text, wall, people"
dark isolated mysterious pensive tense woman spotlight floor structure cinematic dramatic futuristic,"mood: darkness, loneliness, mystery, contemplation, tension. style: cinematic, dramatic, futuristic. objects: woman, spotlight, floor, structure"
expressive dynamic powerful intense dramatic dancer shirt pants dramatic theatrical high-contrast,"mood: poignance, excitement, powerful, tension, dramatic. style: dramatic, theatrical, high-contrast. objects: dancer, shirt, pants"
calm pensive serene neutral man shirt car window headrest modern clean minimalist,"mood: calm, contemplation, neutral. style: modern, clean, minimalist. objects: man, shirt, car, window, headrest"
wild powerful adventurous dramatic car road ocean mountains rocks cinematic panoramic dramatic,"mood: adventure, powerful, dramatic. style: cinematic, panoramic, dramatic. objects: car, road, ocean, mountains, rocks"
relaxed serene calm contemplative man car mountains window screen modern luxurious cinematic,"mood: calm, contemplation. style: modern, luxurious, cinematic. objects: man, car, mountains, window, screen"
mysterious atmospheric captivating dark immersive silhouettes structure lights audience beams cinematic moody dramatic,"mood: mystery, atmospheric, wonder, darkness, immersive. style: cinematic, moody, dramatic. objects: silhouettes, structure, lights, audience, beams"
futuristic mysterious calm ethereal contemplative tunnel shapes lines orb structure digital abstract futuristic,"mood: urban, mystery, calm, contemplation. style: digital, abstract, futuristic. objects: tunnel, shapes, lines, orb, structure"
luxurious sophisticated modern precise elegant control knob car console buttons interior crystal sleek contemporary refined,"mood: elegance, urban, focus. style: sleek, contemporary, refined. objects: control knob, car console, buttons, interior, crystal"
tense urgent dynamic gritty fast-paced car tire road wall line cinematic dynamic motion-blurred,"mood: tension, urgent, excitement, darkness. style: cinematic, dynamic, motion-blurred. objects: car, tire, road, wall, line"
powerful sleek modern dynamic luxurious car grille headlight wheel road cinematic automotive high-tech,"mood: powerful, elegance, urban, excitement. style: cinematic, automotive, high-tech. objects: car, grille, headlight, wheel, road"
intense surreal dynamic opulent mysterious woman garment hood crystals rings cinematic futuristic dramatic,"mood: tension, mystery, excitement, elegance. style: cinematic, futuristic, dramatic. objects: woman, garment, hood, crystals, rings"
dark somber mysterious enclosed panel lines frame structure dark minimal cinematic,"mood: darkness, sadness, mystery, enclosed. style: dark, minimal, cinematic. objects: panel, lines, frame, structure"
serious formal mysterious somber device guards emblem uniforms architecture animated stylized cinematic,"mood: seriousness, mystery, sadness. style: animated, stylized, cinematic. objects: device, guards, emblem, uniforms, architecture"
pensive reflective emotional nostalgic somber mural person stairs railing buildings animated dramatic stylized,"mood: contemplation, poignance, nostalgia, sadness. style: animated, dramatic, stylized. objects: mural, person, stairs, railing, buildings"
intense magical dramatic tense serious characters armor energy beret forest animated cinematic fantasy,"mood: tension, wonder, dramatic, seriousness. style: animated, cinematic, fantasy. objects: characters, armor, energy, beret, forest"
dark tense mysterious knight sword castle smoke cinematic medieval dramatic,"mood: darkness, tension, mystery. style: cinematic, medieval, dramatic. objects: knight, sword, castle, smoke"
intense dangerous mysterious thrilling figures monster weapon energy smoke animated cinematic dramatic,"mood: tension, fear, mystery, excitement. style: animated, cinematic, dramatic. objects: figures, monster, weapon, energy, smoke"
intense focused suspenseful serious woman rifle scope energy rubble animated dramatic stylized,"mood: tension, focus, seriousness. style: animated, dramatic, stylized. objects: woman, rifle, scope, energy, rubble"
intense ethereal powerful radiant light beams energy flash cinematic luminous abstract,"mood: tension, mystery, powerful, joy. style: cinematic, luminous, abstract. objects: light, beams, energy, flash"
mischievous cold desolate whimsical man snow branches leaves hat animated stylized storybook,"mood: amusement, darkness, loneliness. style: animated, stylized, storybook. objects: man, snow, branches, leaves, hat"
dark mysterious tense solemn figure hat prop arms background animated minimalist dramatic,"mood: darkness, mystery, tension, seriousness. style: animated, minimalist, dramatic. objects: figure, hat, prop, arms, background"
festive whimsical anticipatory bright title snowflakes reflection surface words cinematic wintery festive,"mood: celebration, amusement, tension, joy. style: cinematic, wintery, festive. objects: title, snowflakes, reflection, surface, words"
uncomfortable cold bleak distressed character buildings snow hat ladder animated stylized dramatic,"mood: tension, darkness, sadness, distressed. style: animated, stylized, dramatic. objects: character, buildings, snow, hat, ladder"
shocked chaotic distressed overwhelmed postman snow building plant hat animated stylized desaturated,"mood: shocked, chaos, distressed, vulnerability. style: animated, stylized, desaturated. objects: postman, snow, building, plant, hat"
struggling cold anxious isolated postman house snow package fence animated stylized dramatic,"mood: vulnerability, darkness, tension, loneliness. style: animated, stylized, dramatic. objects: postman, house, snow, package, fence"
whimsical adventurous peculiar imaginative house characters flags tree creature animated storybook stylized,"mood: amusement, adventure, peculiar, imaginative. style: animated, storybook, stylized. objects: house, characters, flags, tree, creature"
humorous quirky wintry active determined postman saw snow buildings men animated whimsical stylized,"mood: amusement, nature, excitement, hope. style: animated, whimsical, stylized. objects: postman, saw, snow, buildings, men"
nan nan nan,
energetic chaotic frenzied aggressive intense characters hammer club weapons mist animated stylized dramatic,"mood: excitement, chaos, anger, tension. style: animated, stylized, dramatic. objects: characters, hammer, club, weapons, mist"
energetic intense dynamic thrilling fast-paced superhero tunnel pathway streaks glow animated vibrant futuristic,"mood: excitement, tension. style: animated, vibrant, futuristic. objects: superhero, tunnel, pathway, streaks, glow"
chaotic intense dynamic urgent taxi spiderwebs people cars buildings animated action-packed urban,"mood: chaos, tension, excitement, urgent. style: animated, action-packed, urban. objects: taxi, spiderwebs, people, cars, buildings"
pensive lively vibrant thoughtful uneasy miles people cityscape balloons greenhouse animated urban stylized,"mood: contemplation, excitement, tension. style: animated, urban, stylized. objects: miles, people, cityscape, balloons, greenhouse"
unsettling surreal distorted eerie figure shelves products aisle digital glitchy surreal,"mood: fear, mystery, distorted. style: digital, glitchy, surreal. objects: figure, shelves, products, aisle"
overwhelmed stressed busy mundane ordinary woman desk clipboard papers filing cabinet animated cluttered cartoonish,"mood: vulnerability, tension, urban, neutral. style: animated, cluttered, cartoonish. objects: woman, desk, clipboard, papers, filing cabinet"
neutral mundane quiet sterile window blinds door frames wall realistic documentary muted,"mood: neutral, calm, sterile. style: realistic, documentary, muted. objects: window, blinds, door, frames, wall"
overwhelmed intense chaotic distressed vibrant person headphones jersey glowing frame hair animated vibrant digital,"mood: vulnerability, tension, chaos, distressed, excitement. style: animated, vibrant, digital. objects: person, headphones, jersey, glowing frame, hair"
energetic chaotic rebellious vibrant intense guitarist electric guitar newspaper collage abstract shapes animated pop art grunge,"mood: excitement, chaos, anger, tension. style: animated, pop art, grunge. objects: guitarist, electric guitar, newspaper, collage, abstract shapes"
energetic vibrant futuristic intense superhero tunnel lights symbol animated glitchy futuristic,"mood: excitement, urban, tension. style: animated, glitchy, futuristic. objects: superhero, tunnel, lights, symbol"
exciting thrilling energetic dynamic disorienting spider-man web crowd building city animated comic-book vibrant,"mood: excitement, disorienting. style: animated, comic-book, vibrant. objects: spider-man, web, crowd, building, city"
serious determined futuristic intense characters sunglasses web hair clothing animated neon stylized,"mood: seriousness, hope, urban, tension. style: animated, neon, stylized. objects: characters, sunglasses, web, hair, clothing"
lively expressive enthusiastic musical character chalkboard music stand sheet music fedora animated cartoony vibrant,"mood: excitement, poignance, enthusiastic, musical. style: animated, cartoony, vibrant. objects: character, chalkboard, music stand, sheet music, fedora"
stressed frantic rushed urgent man phone hat car building animated urban dynamic,"mood: tension, chaos, urgent. style: animated, urban, dynamic. objects: man, phone, hat, car, building"
anxious surprised otherworldly concerned eerie souls figures crowd faces forms animated dreamlike vibrant,"mood: tension, surprised, mystery, concerned, fear. style: animated, dreamlike, vibrant. objects: souls, figures, crowd, faces, forms"
mysterious ethereal serene hopeful figure hat glasses light environment animated stylized dreamlike,"mood: mystery, calm, hope. style: animated, stylized, dreamlike. objects: figure, hat, glasses, light, environment"
vast mysterious profound cosmic earth void particles space digital abstract cosmic,"mood: vast, mystery, poignance. style: digital, abstract, cosmic. objects: earth, void, particles, space"
ethereal serene hopeful mystical hills path souls portal sky animated dreamlike fantastical,"mood: mystery, calm, hope. style: animated, dreamlike, fantastical. objects: hills, path, souls, portal, sky"
ethereal whimsical contrasting pensive joyous souls pizza pastries display cases storefront animated ethereal digital,"mood: mystery, amusement, contrasting, contemplation, joy. style: animated, ethereal, digital. objects: souls, pizza, pastries, display cases, storefront"
ethereal dreamlike subdued quiet pensive souls shelves pizzas donuts cakes animated ethereal dreamy,"mood: mystery, weariness, calm, contemplation. style: animated, ethereal, dreamy. objects: souls, shelves, pizzas, donuts, cakes"
ethereal calm mysterious introspective anticipatory souls spotlights man broom piano animated dramatic blue-hued,"mood: mystery, calm, contemplation, tension. style: animated, dramatic, blue-hued. objects: souls, spotlights, man, broom, piano"
ethereal mysterious calm curious serene characters glasses staff line structure animated luminous dreamlike,"mood: mystery, calm, contemplation. style: animated, luminous, dreamlike. objects: characters, glasses, staff, line, structure"
whimsical playful curious charming nostalgic hand photograph character buildings alley photographic mixed-media creative,"mood: amusement, contemplation, charming, nostalgia. style: photographic, mixed-media, creative. objects: hand, photograph, character, buildings, alley"
bright nostalgic whimsical playful hand photo characters building boats hybrid photographic vibrant,"mood: joy, nostalgia, amusement. style: hybrid, photographic, vibrant. objects: hand, photo, characters, building, boats"
happy playful charming whimsical hand character buildings cutout street mixed-media photographic vibrant,"mood: joy, amusement, charming. style: mixed-media, photographic, vibrant. objects: hand, character, buildings, cutout, street"
playful serene imaginative whimsical bright hand photograph ocean sky creatures composite playful vibrant,"mood: amusement, calm, imaginative, joy. style: composite, playful, vibrant. objects: hand, photograph, ocean, sky, creatures"
attentive calm neutral conversational people stage clothing eyeglasses subtitle televised contemporary brightly lit,"mood: focus, calm, neutral, conversational. style: televised, contemporary, brightly lit. objects: people, stage, clothing, eyeglasses, subtitle"
intense dramatic tense desperate shocking woman men stage screen caption televisual live candid,"mood: tension, dramatic, vulnerability, shocking. style: televisual, live, candid. objects: woman, men, stage, screen, caption"
sad distressed emotional vulnerable woman necklace earrings wall text candid television dramatic,"mood: sadness, distressed, poignance, vulnerability. style: candid, television, dramatic. objects: woman, necklace, earrings, wall, text"
happy affectionate warm joyful friendly man woman shirt handbag building candid photographic casual,"mood: joy, warmth, contentment. style: candid, photographic, casual. objects: man, woman, shirt, handbag, building"
happy loving warm joyful affectionate man woman street building clothing natural candid portrait,"mood: joy, warmth. style: natural, candid, portrait. objects: man, woman, street, building, clothing"
somber melancholic intimate hopeful bouquet flowers hand legs clothing intimate cinematic muted,"mood: sadness, romance, hope. style: intimate, cinematic, muted. objects: bouquet, flowers, hand, legs, clothing"
proud accomplished celebratory hopeful graduate mother building trees railing commemorative casual outdoor,"mood: celebration, hope. style: commemorative, casual, outdoor. objects: graduate, mother, building, trees, railing"
neutral calm informative formal serious woman text background hair clothing digital documentary simple,"mood: neutral, calm, informative, seriousness. style: digital, documentary, simple. objects: woman, text, background, hair, clothing"
serious informative calm neutral woman face text background clothing portrait simple digital,"mood: seriousness, informative, calm, neutral. style: portrait, simple, digital. objects: woman, face, text, background, clothing"
loving tender intimate hopeful connected hands ring shirt shorts fabric candid soft warm-toned,"mood: warmth, romance, hope, domesticity. style: candid, soft, warm-toned. objects: hands, ring, shirt, shorts, fabric"
celebratory joyful hopeful accomplished graduates caps gowns sashes crowd blurry vibrant candid,"mood: celebration, joy, hope. style: blurry, vibrant, candid. objects: graduates, caps, gowns, sashes, crowd"
romantic loving celebratory intimate sweet legs rose petals lanterns furniture floor romantic soft blurry,"mood: romance, warmth, celebration. style: romantic, soft, blurry. objects: legs, rose petals, lanterns, furniture, floor"
expectant intimate anxious hopeful personal pregnancy test hands stomach shirt jeans candid intimate contemporary,"mood: tension, romance, hope, personal. style: candid, intimate, contemporary. objects: pregnancy test, hands, stomach, shirt, jeans"
joyful heartwarming nostalgic appreciative man newspaper hands glasses documentary genuine warm,"mood: joy, warmth, nostalgia, gratitude. style: documentary, genuine, warm. objects: man, newspaper, hands, glasses"
joyful heartwarming tender loving peaceful man woman baby pacifier hat casual candid domestic,"mood: joy, warmth, calm. style: casual, candid, domestic. objects: man, woman, baby, pacifier, hat"
happy fond nostalgic warm man uniform hat vintage monochromatic documentary,"mood: joy, warmth, nostalgia. style: vintage, monochromatic, documentary. objects: man, uniform, hat"
sweet joyful heartwarming tender familial man woman baby cap pacifier digital informal bright,"mood: warmth, joy, domesticity. style: digital, informal, bright. objects: man, woman, baby, cap, pacifier"
nostalgic sentimental bittersweet reflective photograph man woman uniform pies vintage rustic informational,"mood: nostalgia, contemplation. style: vintage, rustic, informational. objects: photograph, man, woman, uniform, pies"
nostalgic heartwarming commemorative historical sentimental photograph hands uniform flag shirt newsy vintage documentary,"mood: nostalgia, warmth, commemorative, tradition. style: newsy, vintage, documentary. objects: photograph, hands, uniform, flag, shirt"
joyful heartwarming proud celebratory family veteran grass trees natural bright documentary,"mood: joy, warmth, celebration. style: natural, bright, documentary. objects: family, veteran, grass, trees"
joyful heartwarming celebratory happy people hat dress drink can flowers candid warm photographic,"mood: joy, warmth, celebration. style: candid, warm, photographic. objects: people, hat, dress, drink can, flowers"
happy tender emotional surprising joyful man woman baby pacifier hat candid domestic informative,"mood: joy, warmth, poignance, surprising. style: candid, domestic, informative. objects: man, woman, baby, pacifier, hat"
heartwarming joyful tender familial baby man woman hat bottle casual domestic broadcast,"mood: warmth, joy, domesticity. style: casual, domestic, broadcast. objects: baby, man, woman, hat, bottle"
anticipatory tender warm loving hopeful baby woman man veteran chair documentary heartwarming posed,"mood: tension, warmth, hope. style: documentary, heartwarming, posed. objects: baby, woman, man, veteran, chair"
joyful heartwarming tender emotional woman baby man chair cap intimate candid warm,"mood: joy, warmth, poignance. style: intimate, candid, warm. objects: woman, baby, man, chair, cap"
joyful tender heartwarming emotional baby man woman chair hat candid warm intimate,"mood: joy, warmth, poignance. style: candid, warm, intimate. objects: baby, man, woman, chair, hat"
dark murky unsettling obscure dirt plants hole object blurry gritty naturalistic,"mood: darkness, fear, obscure. style: blurry, gritty, naturalistic. objects: dirt, plants, hole, object"
concerned tense arduous precarious distressed excavator animal pit earth plants realistic candid natural,"mood: concerned, tension, arduous, precarious, distressed. style: realistic, candid, natural. objects: excavator, animal, pit, earth, plants"
somber laborious gritty unsettling shovel earth trench hand foliage documentary realistic raw,"mood: sadness, laborious, darkness, fear. style: documentary, realistic, raw. objects: shovel, earth, trench, hand, foliage"
curious confined earthy natural dirt hole animal foliage roots naturalistic raw unpolished,"mood: contemplation, confined, nature. style: naturalistic, raw, unpolished. objects: dirt, hole, animal, foliage, roots"
tense mysterious gritty earthy confined animal hole soil foliage hand documentary naturalistic observational,"mood: tension, mystery, darkness, nature, confined. style: documentary, naturalistic, observational. objects: animal, hole, soil, foliage, hand"
laborious natural dirty raw active shovel hole soil plants hand documentary naturalistic unfiltered,"mood: laborious, nature, dirty, poignance, excitement. style: documentary, naturalistic, unfiltered. objects: shovel, hole, soil, plants, hand"
anxious struggling tense grimy pangolin hole dirt plants naturalistic raw candid,"mood: tension, vulnerability, grimy. style: naturalistic, raw, candid. objects: pangolin, hole, dirt, plants"
somber gloomy unsettling confined hole dirt foliage animal naturalistic documentary rustic,"mood: sadness, fear, confined. style: naturalistic, documentary, rustic. objects: hole, dirt, foliage, animal"
mysterious tense dark precarious earth hole foliage figure natural gritty earthy,"mood: mystery, tension, darkness, precarious. style: natural, gritty, earthy. objects: earth, hole, foliage, figure"
gritty serious raw industrial unsettling excavator earth hole smartphone vegetation realistic documentary unfiltered,"mood: darkness, seriousness, poignance, urban, fear. style: realistic, documentary, unfiltered. objects: excavator, earth, hole, smartphone, vegetation"
tense concerned anxious hopeful earth hole animal foliage phone documentary naturalistic candid,"mood: tension, concerned, hope. style: documentary, naturalistic, candid. objects: earth, hole, animal, foliage, phone"
tense curious serious raw excavator earth statue pangolin foliage documentary naturalistic unfiltered,"mood: tension, contemplation, seriousness, poignance. style: documentary, naturalistic, unfiltered. objects: excavator, earth, statue, pangolin, foliage"
distressing vulnerable tense difficult elephant pit dirt foliage phone documentary raw urgent,"mood: distressing, vulnerability, tension, difficult. style: documentary, raw, urgent. objects: elephant, pit, dirt, foliage, phone"
dark mysterious scholarly quiet cat desk lamp bookshelf brain model cinematic traditional atmospheric,"mood: darkness, mystery, scholarly, calm. style: cinematic, traditional, atmospheric. objects: cat, desk, lamp, bookshelf, brain model"
digital mysterious eerie surreal figure street buildings neon signs digital sci-fi cinematic,"mood: urban, mystery, fear. style: digital, sci-fi, cinematic. objects: figure, street, buildings, neon signs"
reflective serene calm woman thermos window cinematic naturalistic modern,"mood: contemplation, calm. style: cinematic, naturalistic, modern. objects: woman, thermos, window"
intense watchful unsettling vulnerable eye pupil iris sclera blood vessels close-up detailed stark,"mood: tension, focus, fear, vulnerability. style: close-up, detailed, stark. objects: eye, pupil, iris, sclera, blood vessels"
absorbed focused distant melancholy reflective people phones tablets screens hands modern overhead cinematic,"mood: focus, loneliness, sadness, contemplation. style: modern, overhead, cinematic. objects: people, phones, tablets, screens, hands"
mysterious enchanting contemplative serene book illustration tree text table cinematic vintage illustrated,"mood: mystery, wonder, contemplation, calm. style: cinematic, vintage, illustrated. objects: book, illustration, tree, text, table"
tense mysterious dramatic serious person pill sunglasses ring light cinematic dark dramatic,"mood: tension, mystery, dramatic, seriousness. style: cinematic, dark, dramatic. objects: person, pill, sunglasses, ring, light"
intense dramatic mysterious powerful lake trees explosion ring boats cinematic dramatic fantasy,"mood: tension, dramatic, mystery, powerful. style: cinematic, dramatic, fantasy. objects: lake, trees, explosion, ring, boats"
dramatic somber epic tense buildings people fire sky water cinematic dramatic epic,"mood: dramatic, sadness, wonder, tension. style: cinematic, dramatic, epic. objects: buildings, people, fire, sky, water"
distressed intense somber dramatic anxious man rain hand face water cinematic dark gritty,"mood: distressed, tension, sadness, dramatic. style: cinematic, dark, gritty. objects: man, rain, hand, face, water"
intense chaotic dangerous alarming man fire hallway weapon explosion cinematic action-packed dramatic,"mood: tension, chaos, fear. style: cinematic, action-packed, dramatic. objects: man, fire, hallway, weapon, explosion"
dark mysterious tense magical ominous sorcerer cape energy room artifacts cinematic fantastical dramatic,"mood: darkness, mystery, tension, wonder, fear. style: cinematic, fantastical, dramatic. objects: sorcerer, cape, energy, room, artifacts"
chaotic urgent dynamic intense bustling people cars street buildings motorcycles cinematic dynamic urban,"mood: chaos, urgent, excitement, tension. style: cinematic, dynamic, urban. objects: people, cars, street, buildings, motorcycles"
tense chaotic dramatic grim epic people buildings smoke weapons steps cinematic dramatic grand,"mood: tension, chaos, dramatic, darkness, wonder. style: cinematic, dramatic, grand. objects: people, buildings, smoke, weapons, steps"
chaotic ominous unsettling dangerous dark person cape buildings street debris sci-fi dystopian cinematic,"mood: chaos, fear, darkness. style: sci-fi, dystopian, cinematic. objects: person, cape, buildings, street, debris"
tense perilous dramatic mysterious adventurous figure cloak rocks foliage creature cinematic dark fantasy dramatic,"mood: tension, fear, dramatic, mystery, adventure. style: cinematic, dark fantasy, dramatic. objects: figure, cloak, rocks, foliage, creature"
dark tense chaotic urgent frightening people building fire smoke pillars cinematic dramatic shadowy,"mood: darkness, tension, chaos, urgent, fear. style: cinematic, dramatic, shadowy. objects: people, building, fire, smoke, pillars"
dark tense intense dramatic figure weapon hand garment cinematic dramatic action-oriented,"mood: darkness, tension, dramatic. style: cinematic, dramatic, action-oriented. objects: figure, weapon, hand, garment"
mysterious solemn primal intense giant cave fire people mountains cinematic fantastical dramatic,"mood: mystery, seriousness, primal, tension. style: cinematic, fantastical, dramatic. objects: giant, cave, fire, people, mountains"
tense adventurous mysterious dramatic exciting spaceship characters vest interior panels cinematic futuristic sci-fi,"mood: tension, adventure, mystery, dramatic, excitement. style: cinematic, futuristic, sci-fi. objects: spaceship, characters, vest, interior, panels"
intense strenuous powerful gritty dark man chain rocks cave cap cinematic dramatic action,"mood: tension, strenuous, powerful, darkness. style: cinematic, dramatic, action. objects: man, chain, rocks, cave, cap"
tense chaotic heroic dark urgent helmet cape fire houses debris cinematic dramatic action,"mood: tension, chaos, heroic, darkness, urgent. style: cinematic, dramatic, action. objects: helmet, cape, fire, houses, debris"
majestic grand fantastical awe-inspiring buildings waterfalls statue flowers people cinematic fantastical dramatic,"mood: wonder, mystery. style: cinematic, fantastical, dramatic. objects: buildings, waterfalls, statue, flowers, people"
cold intense serious solemn man snow mountains fur beard cinematic dramatic harsh,"mood: darkness, tension, seriousness. style: cinematic, dramatic, harsh. objects: man, snow, mountains, fur, beard"
dramatic tense action-packed dynamic figure cape weapon columns hall cinematic blurry dynamic,"mood: dramatic, tension, action-packed, excitement. style: cinematic, blurry, dynamic. objects: figure, cape, weapon, columns, hall"
tense action-packed dramatic powerful figure energy arena debris structure cinematic action-oriented fantastical,"mood: tension, action-packed, dramatic, powerful. style: cinematic, action-oriented, fantastical. objects: figure, energy, arena, debris, structure"
powerful intense epic dark lightning hammer figure statues pillars cinematic fantasy dramatic,"mood: powerful, tension, wonder, darkness. style: cinematic, fantasy, dramatic. objects: lightning, hammer, figure, statues, pillars"
powerful mysterious awe-inspiring grand robed figure onlookers grand hall energy beams structures cinematic fantasy dramatic,"mood: powerful, mystery, wonder. style: cinematic, fantasy, dramatic. objects: robed figure, onlookers, grand hall, energy beams, structures"
enraged intense powerful aggressive man arena audience structures lights cinematic dramatic heroic,"mood: anger, tension, powerful. style: cinematic, dramatic, heroic. objects: man, arena, audience, structures, lights"
isolated melancholic desolate eerie quiet house field sky clouds person cinematic bleak wide-shot,"mood: loneliness, sadness, fear, calm. style: cinematic, bleak, wide-shot. objects: house, field, sky, clouds, person"
concerned serious somber tense woman field shed post jacket cinematic realistic muted,"mood: concerned, seriousness, sadness, tension. style: cinematic, realistic, muted. objects: woman, field, shed, post, jacket"
wary concerned desolate somber uneasy man building plants coat sky cinematic dramatic bleak,"mood: tension, concerned, loneliness, sadness. style: cinematic, dramatic, bleak. objects: man, building, plants, coat, sky"
mysterious ethereal tense vast sky sun mountains figures cinematic dramatic minimalist,"mood: mystery, tension, vast. style: cinematic, dramatic, minimalist. objects: sky, sun, mountains, figures"
somber pensive isolated melancholic window people washing machines rain glass cinematic moody stylized,"mood: sadness, contemplation, loneliness. style: cinematic, moody, stylized. objects: window, people, washing machines, rain, glass"
destructive ominous catastrophic terrifying somber explosion cloud sky smoke atmosphere realistic cinematic apocalyptic,"mood: chaos, fear, sadness. style: realistic, cinematic, apocalyptic. objects: explosion, cloud, sky, smoke, atmosphere"
tranquil mysterious vast serene forest river mountains boat aerial cinematic natural,"mood: calm, mystery, vast. style: aerial, cinematic, natural. objects: forest, river, mountains, boat"
ominous powerful dramatic tense apocalyptic volcano smoke island ocean clouds cinematic epic realistic,"mood: fear, powerful, dramatic, tension, chaos. style: cinematic, epic, realistic. objects: volcano, smoke, island, ocean, clouds"
determined serious powerful watchful epic characters costumes ocean sky ground cinematic heroic dramatic,"mood: hope, seriousness, powerful, focus, wonder. style: cinematic, heroic, dramatic. objects: characters, costumes, ocean, sky, ground"
thoughtful wondrous mysterious pensive woman hand light structure roots cinematic mystical dramatic,"mood: contemplation, wonder, mystery. style: cinematic, mystical, dramatic. objects: woman, hand, light, structure, roots"
calm neutral informative woman glasses shirt wall subtitles casual simple digital,"mood: calm, neutral, informative. style: casual, simple, digital. objects: woman, glasses, shirt, wall, subtitles"
informative engaged neutral calm direct woman glasses shirt wall beams educational casual straightforward,"mood: informative, focus, neutral, calm. style: educational, casual, straightforward. objects: woman, glasses, shirt, wall, beams"
solemn proud serious focused respectful players stadium crowd jerseys girl candid documentary broadcast,"mood: seriousness, celebration, focus, respectful. style: candid, documentary, broadcast. objects: players, stadium, crowd, jerseys, girl"
distressed sad emotional vulnerable exhausted person hands face helmet subtitles emotional candid documentary,"mood: distressed, sadness, poignance, vulnerability, weariness. style: emotional, candid, documentary. objects: person, hands, face, helmet, subtitles"
calm informative neutral clear direct woman glasses wall beam shirt casual direct informal,"mood: calm, informative, neutral, clear. style: casual, direct, informal. objects: woman, glasses, wall, beam, shirt"
neutral calm focused informative woman glasses shirt wall beam casual simple direct,"mood: neutral, calm, focus, informative. style: casual, simple, direct. objects: woman, glasses, shirt, wall, beam"
informative direct engaged serious woman glasses shirt wall text casual direct simple,"mood: informative, focus, seriousness. style: casual, direct, simple. objects: woman, glasses, shirt, wall, text"
tense confrontational competitive heated players referee court jerseys shoes candid documentary unpolished,"mood: tension, anger, competitive, heated. style: candid, documentary, unpolished. objects: players, referee, court, jerseys, shoes"
focused informative calm neutral conversational woman glasses shirt wall subtitles casual direct plain,"mood: focus, informative, calm, neutral, conversational. style: casual, direct, plain. objects: woman, glasses, shirt, wall, subtitles"
triumphant intense emotional excited energetic fencer mask glove uniform weapon athletic dramatic candid,"mood: celebration, tension, poignance, excitement. style: athletic, dramatic, candid. objects: fencer, mask, glove, uniform, weapon"
defiant expressive serious determined woman glasses shirt wall hair candid direct authentic,"mood: anger, poignance, seriousness, hope. style: candid, direct, authentic. objects: woman, glasses, shirt, wall, hair"
neutral calm informative direct woman glasses shirt wall beam casual informal unfiltered,"mood: neutral, calm, informative. style: casual, informal, unfiltered. objects: woman, glasses, shirt, wall, beam"
neutral informative calm woman glasses shirt wall text casual vlog-like simple,"mood: neutral, informative, calm. style: casual, vlog-like, simple. objects: woman, glasses, shirt, wall, text"
free lively bright active hopeful grass sun trees figure sunny blurry natural,"mood: adventure, excitement, joy, hope. style: sunny, blurry, natural. objects: grass, sun, trees, figure"
energetic blurred spontaneous everyday house bush figures grass path candid daytime low-fidelity,"mood: excitement, blurred, spontaneous, neutral. style: candid, daytime, low-fidelity. objects: house, bush, figures, grass, path"
playful caring engaging lively man dog grass hand bush candid casual documentary,"mood: amusement, warmth, engaging, excitement. style: candid, casual, documentary. objects: man, dog, grass, hand, bush"
happy calm affectionate gentle dog hands grass natural candid simple,"mood: joy, calm, warmth. style: natural, candid, simple. objects: dog, hands, grass"
catastrophic devastated unsettling somber tragic house roof siding debris grass documentary realistic raw,"mood: chaos, devastated, fear, sadness. style: documentary, realistic, raw. objects: house, roof, siding, debris, grass"
tense urgent emotional hopeful concerned firefighter people fire truck hose grass candid documentary realistic,"mood: tension, urgent, poignance, hope, concerned. style: candid, documentary, realistic. objects: firefighter, people, fire truck, hose, grass"
relieved caring tender affectionate woman cat arm carrier candid natural intimate,"mood: gratitude, warmth. style: candid, natural, intimate. objects: woman, cat, arm, carrier"
emotional somber poignant tender man woman suit dress corsage candid intimate realistic,"mood: poignance, sadness, warmth. style: candid, intimate, realistic. objects: man, woman, suit, dress, corsage"
caring emotional poignant somber man woman wheelchair suit dress intimate documentary candid,"mood: warmth, poignance, sadness. style: intimate, documentary, candid. objects: man, woman, wheelchair, suit, dress"
heartwarming sentimental supportive joyful people wheelchair suits phones wooden beams candid warm eventful,"mood: warmth, nostalgia, joy. style: candid, warm, eventful. objects: people, wheelchair, suits, phones, wooden beams"
emotional heartfelt tender poignant people suit dress corsage wall candid intimate emotional,"mood: poignance, warmth. style: candid, intimate, emotional. objects: people, suit, dress, corsage, wall"
emotional heartwarming supportive tender sentimental people suits tables chairs dance floor candid documentary warm,"mood: poignance, warmth, nostalgia. style: candid, documentary, warm. objects: people, suits, tables, chairs, dance floor"
emotional tender sentimental moving people suits dress corsage cinematic candid emotional,"mood: poignance, warmth, nostalgia. style: cinematic, candid, emotional. objects: people, suits, dress, corsage"
supportive attentive earnest caring people wheelchair suits tables chairs candid documentary warm,"mood: warmth, focus, earnest. style: candid, documentary, warm. objects: people, wheelchair, suits, tables, chairs"
emotional tender sorrowful poignant intimate man woman suit dress wheelchair candid emotional soft-focus,"mood: poignance, warmth, sadness, romance. style: candid, emotional, soft-focus. objects: man, woman, suit, dress, wheelchair"
emotional sentimental touching solemn tender man woman vest corsage pampas grass candid intimate soft,"mood: poignance, nostalgia, seriousness, warmth. style: candid, intimate, soft. objects: man, woman, vest, corsage, pampas grass"
emotional touching loving tender heartwarming man woman device guests venue candid celebratory realistic,"mood: poignance, warmth. style: candid, celebratory, realistic. objects: man, woman, device, guests, venue"
emotional heartwarming tender loving poignant man woman wheelchair dance floor audience candid intimate warm,"mood: poignance, warmth. style: candid, intimate, warm. objects: man, woman, wheelchair, dance floor, audience"
emotional tender intimate sentimental heartfelt man woman guests tables chairs candid warm personal,"mood: poignance, warmth, romance, nostalgia. style: candid, warm, personal. objects: man, woman, guests, tables, chairs"
emotional touching sentimental heartfelt groom woman scooter guests tables candid emotional documentary,"mood: poignance, nostalgia, warmth. style: candid, emotional, documentary. objects: groom, woman, scooter, guests, tables"
caring emotional supportive tender man woman wheelchair people wall candid documentary intimate,"mood: warmth, poignance. style: candid, documentary, intimate. objects: man, woman, wheelchair, people, wall"
emotional touching supportive sentimental intimate people wheelchair phones tables pampas grass candid warm formal,"mood: poignance, warmth, nostalgia, romance. style: candid, warm, formal. objects: people, wheelchair, phones, tables, pampas grass"
reflective serene vast contemplative desert sand dunes people cinematic atmospheric naturalistic,"mood: contemplation, calm, vast. style: cinematic, atmospheric, naturalistic. objects: desert, sand dunes, people"
hopeful warm connected intrigued mysterious woman man desert sand dunes clothing cinematic dramatic arid,"mood: hope, warmth, domesticity, contemplation, mystery. style: cinematic, dramatic, arid. objects: woman, man, desert, sand dunes, clothing"
somber tense austere solemn enigmatic figure garment headpiece face dust cinematic desaturated gritty,"mood: sadness, tension, austere, seriousness, mystery. style: cinematic, desaturated, gritty. objects: figure, garment, headpiece, face, dust"
intense dangerous overwhelming chaotic fire person flames cinematic dramatic fiery,"mood: tension, fear, chaos. style: cinematic, dramatic, fiery. objects: fire, person, flames"
dark tense mysterious somber ground figure silhouette gravel cloak cinematic monochromatic dramatic,"mood: darkness, tension, mystery, sadness. style: cinematic, monochromatic, dramatic. objects: ground, figure, silhouette, gravel, cloak"
intense dangerous gritty urgent weapon vehicle operator desert cinematic gritty futuristic,"mood: tension, fear, darkness, urgent. style: cinematic, gritty, futuristic. objects: weapon, vehicle, operator, desert"
distressed intense agonizing desperate haunting face eyes mouth nose skin cinematic gritty dramatic,"mood: distressed, tension, agonizing, vulnerability, darkness. style: cinematic, gritty, dramatic. objects: face, eyes, mouth, nose, skin"
intense determined serious watchful otherworldly person stillsuit desert sand headband cinematic sci-fi dramatic,"mood: tension, hope, seriousness, focus, mystery. style: cinematic, sci-fi, dramatic. objects: person, stillsuit, desert, sand, headband"
tense isolated mysterious vigilant figure suit headwrap pickaxe blade sci-fi stark cinematic,"mood: tension, loneliness, mystery, vigilant. style: sci-fi, stark, cinematic. objects: figure, suit, headwrap, pickaxe, blade"
isolated vast solemn mysterious figure dunes sand shadow cinematic vast dramatic,"mood: loneliness, vast, seriousness, mystery. style: cinematic, vast, dramatic. objects: figure, dunes, sand, shadow"
dark tense mysterious somber knight sword smoke dust cinematic medieval dramatic,"mood: darkness, tension, mystery, sadness. style: cinematic, medieval, dramatic. objects: knight, sword, smoke, dust"
serious contemplative determined focused person stillsuit goggles scarf desert cinematic sci-fi realistic,"mood: seriousness, contemplation, hope, focus. style: cinematic, sci-fi, realistic. objects: person, stillsuit, goggles, scarf, desert"
strenuous bleak dusty determined somber person rope dust ground horizon cinematic gritty desaturated,"mood: strenuous, sadness, dusty, hope. style: cinematic, gritty, desaturated. objects: person, rope, dust, ground, horizon"
concerned intimate somber vulnerable quiet person cannula face hair clothing cinematic intimate muted,"mood: concerned, romance, sadness, vulnerability, calm. style: cinematic, intimate, muted. objects: person, cannula, face, hair, clothing"
ominous grand anticipatory text word letters cinematic minimalist dramatic,"mood: fear, wonder, tension. style: cinematic, minimalist, dramatic. objects: text, word, letters"
contemplative weary concerned mundane woman laundromat laundry machines plants naturalistic realistic unassuming,"mood: contemplation, weariness, concerned, neutral. style: naturalistic, realistic, unassuming. objects: woman, laundromat, laundry, machines, plants"
quirky playful unsettling observant googly eyes letters dots text logo minimalist graphic clean,"mood: amusement, fear, focus. style: minimalist, graphic, clean. objects: googly eyes, letters, dots, text, logo"
somber tired reflective mundane woman machines basket table sign realistic muted cinematic,"mood: sadness, weariness, contemplation, neutral. style: realistic, muted, cinematic. objects: woman, machines, basket, table, sign"
stressful busy mundane surreal woman papers desk man cubicles realistic cluttered sci-fi,"mood: stressful, urban, neutral, mystery. style: realistic, cluttered, sci-fi. objects: woman, papers, desk, man, cubicles"
confused distorted disoriented tense woman office cubicles man lights blurry cinematic distorted,"mood: confused, distorted, disoriented, tension. style: blurry, cinematic, distorted. objects: woman, office, cubicles, man, lights"
pensive concerned serious man woman glasses poster shirt cinematic realistic naturalistic,"mood: contemplation, concerned, seriousness. style: cinematic, realistic, naturalistic. objects: man, woman, glasses, poster, shirt"
mysterious focused technological somber computer brains screen person shirt digital futuristic dark,"mood: mystery, focus, technological, sadness. style: digital, futuristic, dark. objects: computer, brains, screen, person, shirt"
energetic lively warm appetizing hand spatula vegetables grill food dynamic culinary close-up,"mood: excitement, warmth, appetizing. style: dynamic, culinary, close-up. objects: hand, spatula, vegetables, grill, food"
terrified desperate anxious violent woman hallway blood frames wall cinematic gritty dramatic,"mood: fear, vulnerability, tension, anger. style: cinematic, gritty, dramatic. objects: woman, hallway, blood, frames, wall"
pensive concerned supportive woman man glasses shirt vest cinematic naturalistic subdued,"mood: contemplation, concerned, warmth. style: cinematic, naturalistic, subdued. objects: woman, man, glasses, shirt, vest"
mundane routine quiet pensive woman washing machine lanterns plant cinematic realistic candid,"mood: neutral, calm, contemplation. style: cinematic, realistic, candid. objects: woman, washing machine, lanterns, plant"
stressed confused intense bewildered woman hands laundromat washing machines altar cinematic dramatic surreal,"mood: tension, confused, bewildered. style: cinematic, dramatic, surreal. objects: woman, hands, laundromat, washing machines, altar"
adventurous bustling lively natural verdant forest cars people motorcycles huts cinematic naturalistic historical,"mood: adventure, excitement, nature. style: cinematic, naturalistic, historical. objects: forest, cars, people, motorcycles, huts"
serious formal intense thoughtful vintage man desk chair telephone notebook vintage cinematic dramatic,"mood: seriousness, tension, contemplation, tradition. style: vintage, cinematic, dramatic. objects: man, desk, chair, telephone, notebook"
urgent mysterious tense dramatic man trees forest foliage ground cinematic dynamic naturalistic,"mood: urgent, mystery, tension, dramatic. style: cinematic, dynamic, naturalistic. objects: man, trees, forest, foliage, ground"
intense violent brutal fierce savage man tiger blood teeth cinematic dramatic visceral,"mood: tension, anger, savage. style: cinematic, dramatic, visceral. objects: man, tiger, blood, teeth"
tense chaotic crowded oppressive confrontational crowd police gate flag barrels historical cinematic dramatic,"mood: tension, chaos, urban, darkness, anger. style: historical, cinematic, dramatic. objects: crowd, police, gate, flag, barrels"
tense dramatic intense chaotic urgent man uniform cap fire smoke cinematic dramatic gritty,"mood: tension, dramatic, chaos, urgent. style: cinematic, dramatic, gritty. objects: man, uniform, cap, fire, smoke"
tense chaotic dangerous dramatic intense bridge fire smoke people water cinematic dramatic gritty,"mood: tension, chaos, fear, dramatic. style: cinematic, dramatic, gritty. objects: bridge, fire, smoke, people, water"
energetic jubilant celebratory crowded lively crowd people flag men headbands grand vibrant epic,"mood: excitement, joy, celebration, urban. style: grand, vibrant, epic. objects: crowd, people, flag, men, headbands"
lively grand historical vibrant confident men building rickshaw car uniforms cinematic historical vibrant,"mood: excitement, wonder, tradition, confident. style: cinematic, historical, vibrant. objects: men, building, rickshaw, car, uniforms"
serious contemplative determined powerful intense woman earrings ring foliage clothing cinematic vibrant natural,"mood: seriousness, contemplation, hope, powerful, tension. style: cinematic, vibrant, natural. objects: woman, earrings, ring, foliage, clothing"
sad heartbreaking distressed desperate emotional girl man bars hand shirt cinematic dramatic somber,"mood: sadness, distressed, vulnerability, poignance. style: cinematic, dramatic, somber. objects: girl, man, bars, hand, shirt"
intense determined adventurous gritty man motorcycle trees foliage cinematic rugged outdoor,"mood: tension, hope, adventure, darkness. style: cinematic, rugged, outdoor. objects: man, motorcycle, trees, foliage"
tense chaotic dramatic urgent historical people huts rifle fence trees cinematic historical action-packed,"mood: tension, chaos, dramatic, urgent, tradition. style: cinematic, historical, action-packed. objects: people, huts, rifle, fence, trees"
tense serious watchful officer uniform cap cinematic dramatic dark,"mood: tension, seriousness, focus. style: cinematic, dramatic, dark. objects: officer, uniform, cap"
futuristic exciting innovative modern sleek smartphones man screen building landscape techy promotional digital,"mood: urban, excitement, innovative, elegance. style: techy, promotional, digital. objects: smartphones, man, screen, building, landscape"
happy informative exciting man smartphones text windows building bright modern digital,"mood: joy, informative, excitement. style: bright, modern, digital. objects: man, smartphones, text, windows, building"
happy informative bright clean man smartphones stands trees building clean modern commercial,"mood: joy, informative, clean. style: clean, modern, commercial. objects: man, smartphones, stands, trees, building"
informative technical modern conceptual phone man text building screen technical futuristic digital,"mood: informative, urban, conceptual. style: technical, futuristic, digital. objects: phone, man, text, building, screen"
enthusiastic engaging anticipatory modern informative iphone man webpage screen text digital informative clean,"mood: enthusiastic, engaging, tension, urban, informative. style: digital, informative, clean. objects: iphone, man, webpage, screen, text"
modern conceptual informative sleek engaging smartphone man screen camera logo digital modern promotional,"mood: urban, conceptual, informative, elegance, engaging. style: digital, modern, promotional. objects: smartphone, man, screen, camera, logo"
energetic modern vibrant engaging promotional smartphones man text screen background promotional digital sleek,"mood: excitement, urban, engaging, promotional. style: promotional, digital, sleek. objects: smartphones, man, text, screen, background"
happy excited informative modern positive smartphones man text building screen digital promotional modern,"mood: joy, excitement, informative, urban, hope. style: digital, promotional, modern. objects: smartphones, man, text, building, screen"
informative modern promotional energetic smartphones man text lenses screen digital graphic promotional,"mood: informative, urban, promotional, excitement. style: digital, graphic, promotional. objects: smartphones, man, text, lenses, screen"
informative modern digital anticipatory upbeat phones man text screen hand promotional glossy tech,"mood: informative, urban, tension, joy. style: promotional, glossy, tech. objects: phones, man, text, screen, hand"
informative technical precise sleek smartphone camera lenses man iphones components technical promotional detailed,"mood: informative, focus, elegance. style: technical, promotional, detailed. objects: smartphone, camera lenses, man, iphones, components"
futuristic dynamic modern informative exciting phones man text device buildings digital promotional futuristic,"mood: urban, excitement, informative. style: digital, promotional, futuristic. objects: phones, man, text, device, buildings"
informative technical professional modern speculative text man iphone circuit board apple logo digital informational techy,"mood: informative, urban, speculative. style: digital, informational, techy. objects: text, man, iphone, circuit board, apple logo"
joyful content peaceful warm woman child dog snow trees candid natural wintry,"mood: joy, contentment, calm, warmth. style: candid, natural, wintry. objects: woman, child, dog, snow, trees"
joyful excited festive lively woman dress glass lights people candid lively nighttime,"mood: joy, excitement, celebration. style: candid, lively, nighttime. objects: woman, dress, glass, lights, people"
confused frustrated annoyed pensive woman phone television plant flowers candid realistic domestic,"mood: confused, frustrated, annoyed, contemplation. style: candid, realistic, domestic. objects: woman, phone, television, plant, flowers"
ironic humorous disruptive satirical couple ocean beach airplane sky bright realistic commercial,"mood: ironic, amusement, disruptive, satirical. style: bright, realistic, commercial. objects: couple, ocean, beach, airplane, sky"
happy joyful relaxed playful women man pool phones sunglasses candid bright summery,"mood: joy, calm, amusement. style: candid, bright, summery. objects: women, man, pool, phones, sunglasses"
happy joyful excited festive lively people faces hair clothing crowd candid selfie low-light,"mood: joy, excitement, celebration. style: candid, selfie, low-light. objects: people, faces, hair, clothing, crowd"
happy joyful playful energetic child couch pillow artwork wall candid domestic bright,"mood: joy, amusement, excitement. style: candid, domestic, bright. objects: child, couch, pillow, artwork, wall"
playful energetic musical cheerful hamsters keyboard sunglasses buttons animated cartoonish vibrant,"mood: amusement, excitement, musical, joy. style: animated, cartoonish, vibrant. objects: hamsters, keyboard, sunglasses, buttons"
tense anxious chaotic startled fox snake rabbit animated cartoonish bright,"mood: tension, chaos, startled. style: animated, cartoonish, bright. objects: fox, snake, rabbit"
mysterious eerie submerged dreamlike water figure umbrella people bubbles blurry underwater cinematic,"mood: mystery, fear, submerged. style: blurry, underwater, cinematic. objects: water, figure, umbrella, people, bubbles"
cold eerie desolate mysterious buildings snow windows sign animated wintery atmospheric,"mood: darkness, fear, loneliness, mystery. style: animated, wintery, atmospheric. objects: buildings, snow, windows, sign"
adventurous exhilarating dynamic playful vibrant creatures mountains cliffs flowers rope animated vibrant fantastical,"mood: adventure, excitement, amusement. style: animated, vibrant, fantastical. objects: creatures, mountains, cliffs, flowers, rope"
energetic joyful festive lively chaotic astronaut zebra animals lasers lights animated neon vibrant,"mood: excitement, joy, celebration, chaos. style: animated, neon, vibrant. objects: astronaut, zebra, animals, lasers, lights"
tense anxious ominous suspenseful fox rabbit snake city buildings animated cinematic dramatic,"mood: tension, fear. style: animated, cinematic, dramatic. objects: fox, rabbit, snake, city, buildings"
confident playful suave charming horse suit collar lapel background animated cartoonish vibrant,"mood: confident, amusement, suave, charming. style: animated, cartoonish, vibrant. objects: horse, suit, collar, lapel, background"
energetic playful cheerful lively musical keyboard hamster keys buttons instrument cartoonish vibrant animated,"mood: excitement, amusement, joy, musical. style: cartoonish, vibrant, animated. objects: keyboard, hamster, keys, buttons, instrument"
confident playful energetic cool hamsters keyboard sunglasses buttons keys animated whimsical vibrant,"mood: confident, amusement, excitement, cool. style: animated, whimsical, vibrant. objects: hamsters, keyboard, sunglasses, buttons, keys"
scared tense threatening anxious fox rabbit snake animated colorful dramatic,"mood: fear, tension. style: animated, colorful, dramatic. objects: fox, rabbit, snake"
mysterious eerie calm unsettling figure umbrella water bubbles blurred animated atmospheric,"mood: mystery, fear, calm. style: blurred, animated, atmospheric. objects: figure, umbrella, water, bubbles"
cold desolate mysterious quiet isolated buildings snow windows sign fog animated wintry atmospheric,"mood: darkness, loneliness, mystery, calm. style: animated, wintry, atmospheric. objects: buildings, snow, windows, sign, fog"
adventurous energetic exciting playful mountains cliffs animals flowers ropes animated vibrant fantastical,"mood: adventure, excitement, amusement. style: animated, vibrant, fantastical. objects: mountains, cliffs, animals, flowers, ropes"
energetic vibrant festive chaotic exciting astronaut zebra aliens crowd laser animated neon-lit surreal,"mood: excitement, celebration, chaos. style: animated, neon-lit, surreal. objects: astronaut, zebra, aliens, crowd, laser"
tense anxious suspenseful mysterious fox rabbit snake rooftop city animated cinematic dramatic,"mood: tension, mystery. style: animated, cinematic, dramatic. objects: fox, rabbit, snake, rooftop, city"
confident flirtatious playful charming horse suit mane ear pin animated cartoonish vibrant,"mood: confident, romance, amusement, charming. style: animated, cartoonish, vibrant. objects: horse, suit, mane, ear, pin"
energetic playful joyful enthusiastic keyboard hamster keys buttons animated retro vibrant,"mood: excitement, amusement, joy, enthusiastic. style: animated, retro, vibrant. objects: keyboard, hamster, keys, buttons"
tense energetic perilous chaotic vibrant character mace chainsaw string lights graffiti animated dramatic stylized,"mood: tension, excitement, fear, chaos. style: animated, dramatic, stylized. objects: character, mace, chainsaw, string lights, graffiti"
tense chaotic dangerous surreal rhino soldier weapon smoke helmet animated futuristic dramatic,"mood: tension, chaos, fear, mystery. style: animated, futuristic, dramatic. objects: rhino, soldier, weapon, smoke, helmet"
calm observant content everyday people buildings street clothing animated stylized digital,"mood: calm, focus, contentment, neutral. style: animated, stylized, digital. objects: people, buildings, street, clothing"
triumphant defeated adventurous confident fantastical warrior fallen knight grass trees castle wall animated stylized vibrant,"mood: celebration, vulnerability, adventure, confident, mystery. style: animated, stylized, vibrant. objects: warrior, fallen knight, grass, trees, castle wall"
concerned serious uneasy dramatic knight armor castle figures animated stylized fantasy,"mood: concerned, seriousness, tension, dramatic. style: animated, stylized, fantasy. objects: knight, armor, castle, figures"
sad somber concerned mysterious man chain lights shelf garment animated cinematic dramatic,"mood: sadness, concerned, mystery. style: animated, cinematic, dramatic. objects: man, chain, lights, shelf, garment"
worried tense surprised anxious girl man robotic arm seats window animated stylized dramatic,"mood: worried, tension, surprised. style: animated, stylized, dramatic. objects: girl, man, robotic arm, seats, window"
chaotic intense exciting fantastical dynamic warriors swords creature character castle animated futuristic action-packed,"mood: chaos, tension, excitement, mystery. style: animated, futuristic, action-packed. objects: warriors, swords, creature, character, castle"
sad emotional somber tender tense man woman armor cape hair animated dramatic cinematic,"mood: sadness, poignance, warmth, tension. style: animated, dramatic, cinematic. objects: man, woman, armor, cape, hair"
mysterious quirky cool tense vibrant fish knight lights sunglasses weapon animated dramatic neon,"mood: mystery, amusement, cool, tension, excitement. style: animated, dramatic, neon. objects: fish, knight, lights, sunglasses, weapon"
serious determined tense dramatic anticipatory figure crowd knight lantern armor animated cinematic fantasy,"mood: seriousness, hope, tension, dramatic. style: animated, cinematic, fantasy. objects: figure, crowd, knight, lantern, armor"
dark lonely somber vulnerable building person canopy lights sidewalk candid low-light grainy,"mood: darkness, loneliness, sadness, vulnerability. style: candid, low-light, grainy. objects: building, person, canopy, lights, sidewalk"
dark tense somber serious officer building extinguisher trash can window documentary realistic nighttime,"mood: darkness, tension, sadness, seriousness. style: documentary, realistic, nighttime. objects: officer, building, extinguisher, trash can, window"
dark tense mysterious car window building lights person gritty documentary surveillance,"mood: darkness, tension, mystery. style: gritty, documentary, surveillance. objects: car, window, building, lights, person"
informative serious neutral professional reporter microphone gas station cars building news broadcast daytime,"mood: informative, seriousness, neutral. style: news, broadcast, daytime. objects: reporter, microphone, gas station, cars, building"
concerning serious urgent person text screen photo logo journalistic informative digital,"mood: concerning, seriousness, urgent. style: journalistic, informative, digital. objects: person, text, screen, photo, logo"
tense serious apprehensive anxious hands table officers man water bottle candid documentary unedited,"mood: tension, seriousness. style: candid, documentary, unedited. objects: hands, table, officers, man, water bottle"
happy friendly affectionate relaxed man woman couch blinds shirts candid casual low-resolution,"mood: joy, contentment, warmth, calm. style: candid, casual, low-resolution. objects: man, woman, couch, blinds, shirts"
neutral candid informal subdued man woman shirt blinds wall grainy casual unpolished,"mood: neutral, candid, informal, weariness. style: grainy, casual, unpolished. objects: man, woman, shirt, blinds, wall"
serious informative professional neutral man uniform flag helmets badge realistic documentary functional,"mood: seriousness, informative, neutral. style: realistic, documentary, functional. objects: man, uniform, flag, helmets, badge"
vulnerable somber lonely gritty person building storefront trash can low light surveillance raw,"mood: vulnerability, sadness, loneliness, darkness. style: low light, surveillance, raw. objects: person, building, storefront, trash can"
heartwarming emotional tender intimate people camera tripod hands shirts candid documentary journalistic,"mood: warmth, poignance, romance. style: candid, documentary, journalistic. objects: people, camera, tripod, hands, shirts"
serious thoughtful pensive somber child face shirt toy graphics broadcast candid low-fidelity,"mood: seriousness, contemplation, sadness. style: broadcast, candid, low-fidelity. objects: child, face, shirt, toy, graphics"
serious somber pensive child jacket text background shape journalistic candid grainy,"mood: seriousness, sadness, contemplation. style: journalistic, candid, grainy. objects: child, jacket, text, background, shape"
professional informative serious screen man portraits broadcast modern journalistic,"mood: informative, seriousness. style: broadcast, modern, journalistic. objects: screen, man, portraits"
informative professional engaging formal structured presenter screen faces text suit televised corporate newsy,"mood: informative, engaging, seriousness, structured. style: televised, corporate, newsy. objects: presenter, screen, faces, text, suit"
vulnerable concerned tender supportive child adult t-shirt wall text candid documentary focused,"mood: vulnerability, concerned, warmth. style: candid, documentary, focused. objects: child, adult, t-shirt, wall, text"
curious innocent attentive hopeful child corkboard papers hand braid candid reportage observational,"mood: contemplation, innocent, focus, hope. style: candid, reportage, observational. objects: child, corkboard, papers, hand, braid"
joyful celebratory triumphant hopeful relieved bell people phones sign medical equipment candid documentary bright,"mood: joy, celebration, hope, gratitude. style: candid, documentary, bright. objects: bell, people, phones, sign, medical equipment"
hopeful celebratory inspiring proud calm boy bell wall sign poster documentary bright candid,"mood: hope, celebration, calm. style: documentary, bright, candid. objects: boy, bell, wall, sign, poster"
happy joyful hopeful innocent girl face hair shirt watermark candid bright portrait,"mood: joy, hope, innocent. style: candid, bright, portrait. objects: girl, face, hair, shirt, watermark"
happy joyful celebratory excited tender girl woman man bell camera documentary candid bright,"mood: joy, celebration, excitement, warmth. style: documentary, candid, bright. objects: girl, woman, man, bell, camera"
joyful celebratory heartwarming hopeful supportive people pom-poms camera child adult candid documentary warm,"mood: joy, celebration, warmth, hope. style: candid, documentary, warm. objects: people, pom-poms, camera, child, adult"
joyful hopeful supportive celebratory emotional people hallway hospital sign wristbands documentary candid bright,"mood: joy, hope, warmth, celebration, poignance. style: documentary, candid, bright. objects: people, hallway, hospital, sign, wristbands"
hopeful comforting uplifting compassionate heartwarming guitar people door hospital cup documentary realistic bright,"mood: hope, comforting, warmth. style: documentary, realistic, bright. objects: guitar, people, door, hospital, cup"
triumphant hopeful celebratory joyful emotional bell person hand wall sign candid documentary bright,"mood: celebration, hope, joy, poignance. style: candid, documentary, bright. objects: bell, person, hand, wall, sign"
joyful affectionate supportive hopeful emotional women arms sign hallway door candid realistic documentary,"mood: joy, warmth, hope, poignance. style: candid, realistic, documentary. objects: women, arms, sign, hallway, door"
pensive neutral observational calm girl woman computer desk curtain realistic candid documentary,"mood: contemplation, neutral, observational, calm. style: realistic, candid, documentary. objects: girl, woman, computer, desk, curtain"
calm informative attentive woman girl computer cochlear implant curtain realistic natural casual,"mood: calm, informative, focus. style: realistic, natural, casual. objects: woman, girl, computer, cochlear implant, curtain"
happy joyful cheerful positive woman girl computer desk curtain candid informal bright,"mood: joy, hope. style: candid, informal, bright. objects: woman, girl, computer, desk, curtain"
emotional hopeful overwhelming tender relieved woman computer desk curtain poster candid documentary intimate,"mood: poignance, hope, chaos, warmth, gratitude. style: candid, documentary, intimate. objects: woman, computer, desk, curtain, poster"
emotional overjoyed relieved hopeful tender woman computer desk tissue box curtain realistic intimate documentary,"mood: poignance, joy, gratitude, hope, warmth. style: realistic, intimate, documentary. objects: woman, computer, desk, tissue box, curtain"
thoughtful luxurious intimate elegant mysterious woman dress mirror staircase lamp cinematic art-deco dramatic,"mood: contemplation, elegance, romance, mystery. style: cinematic, art-deco, dramatic. objects: woman, dress, mirror, staircase, lamp"
dark mysterious ancient enchanting person roots vines table vessel cinematic fantasy dramatic,"mood: darkness, mystery, tradition, wonder. style: cinematic, fantasy, dramatic. objects: person, roots, vines, table, vessel"
dark mysterious tense ominous figure lights streaks darkness cinematic dramatic blurry,"mood: darkness, mystery, tension, fear. style: cinematic, dramatic, blurry. objects: figure, lights, streaks, darkness"
mysterious eerie suspenseful intriguing hands book paper nails letter cinematic dark fantasy dramatic,"mood: mystery, fear, tension, contemplation. style: cinematic, dark fantasy, dramatic. objects: hands, book, paper, nails, letter"
serious solemn dramatic regal man uniform epaulet flowers hall cinematic period ornate,"mood: seriousness, dramatic, elegance. style: cinematic, period, ornate. objects: man, uniform, epaulet, flowers, hall"
whimsical joyful vibrant adventurous house path grass flowers people fantastical colorful cinematic,"mood: amusement, joy, excitement, adventure. style: fantastical, colorful, cinematic. objects: house, path, grass, flowers, people"
intense dangerous adventurous epic mystical winged creature cliffs canyon path figure fantasy cinematic dramatic,"mood: tension, fear, adventure, wonder, mystery. style: fantasy, cinematic, dramatic. objects: winged creature, cliffs, canyon, path, figure"
chaotic intense energetic dramatic people confetti arrows building creature cinematic fantasy vibrant,"mood: chaos, tension, excitement, dramatic. style: cinematic, fantasy, vibrant. objects: people, confetti, arrows, building, creature"
peaceful serene expansive hopeful calm buildings skyscrapers cityscape rooftop sky cinematic urban atmospheric,"mood: calm, expansive, hope. style: cinematic, urban, atmospheric. objects: buildings, skyscrapers, cityscape, rooftop, sky"
energetic bustling fast-paced vibrant pedestrians taxis buses buildings clock urban dynamic cinematic,"mood: excitement. style: urban, dynamic, cinematic. objects: pedestrians, taxis, buses, buildings, clock"
solemn majestic peaceful grand building statue fountain flags stairs architectural symmetrical monumental,"mood: seriousness, wonder, calm. style: architectural, symmetrical, monumental. objects: building, statue, fountain, flags, stairs"
cold vast desolate mysterious serene snow ice mountains sun structure wintry epic atmospheric,"mood: darkness, vast, loneliness, mystery, calm. style: wintry, epic, atmospheric. objects: snow, ice, mountains, sun, structure"
somber serious reflective dignified melancholic flag flagpole building windows sky cinematic urban monumental,"mood: sadness, seriousness, contemplation. style: cinematic, urban, monumental. objects: flag, flagpole, building, windows, sky"
focused serious dim pensive desk monitor lamp papers telephone realistic functional dimly lit,"mood: focus, seriousness, dim, contemplation. style: realistic, functional, dimly lit. objects: desk, monitor, lamp, papers, telephone"
tense serious focused dark person helmet gloves uniform room cinematic dark dramatic,"mood: tension, seriousness, focus, darkness. style: cinematic, dark, dramatic. objects: person, helmet, gloves, uniform, room"
tense powerful ominous dramatic fighter jets clouds sky aircraft cinematic realistic dramatic,"mood: tension, powerful, fear, dramatic. style: cinematic, realistic, dramatic. objects: fighter jets, clouds, sky, aircraft"
tense serious dramatic urgent man screens audience podium laptop cinematic formal dramatic,"mood: tension, seriousness, dramatic, urgent. style: cinematic, formal, dramatic. objects: man, screens, audience, podium, laptop"
hopeful grand energetic modern bright skyscrapers buildings clouds sky sun cinematic urban bright,"mood: hope, wonder, excitement, urban, joy. style: cinematic, urban, bright. objects: skyscrapers, buildings, clouds, sky, sun"
heroic epic hopeful solitary powerful superhero cape city buildings skyline cinematic dramatic silhouetted,"mood: heroic, wonder, hope, loneliness, powerful. style: cinematic, dramatic, silhouetted. objects: superhero, cape, city, buildings, skyline"
joyful enthusiastic celebratory energetic people flag shirts logo hands bright vibrant dynamic,"mood: joy, enthusiastic, celebration, excitement. style: bright, vibrant, dynamic. objects: people, flag, shirts, logo, hands"
serious tense solemn stark man cape soldiers weapons sky cinematic gritty dramatic,"mood: seriousness, tension, darkness. style: cinematic, gritty, dramatic. objects: man, cape, soldiers, weapons, sky"
positive active fresh light silhouette circle text sparkles clean modern graphic,"mood: hope, excitement, fresh, light. style: clean, modern, graphic. objects: silhouette, circle, text, sparkles"
calm informative objective precise text screen shape words digital minimalist clean,"mood: calm, informative, focus. style: digital, minimalist, clean. objects: text, screen, shape, words"
informational functional neutral calm screen finger text graph data digital clean close-up,"mood: informative, neutral, calm. style: digital, clean, close-up. objects: screen, finger, text, graph, data"
innovative sophisticated calm clean sleek ring text light background minimalist futuristic commercial,"mood: innovative, elegance, calm, clean. style: minimalist, futuristic, commercial. objects: ring, text, light, background"
dynamic abstract calm minimalistic tokens shapes pieces modern abstract minimalist,"mood: excitement, mystery, calm, minimalistic. style: modern, abstract, minimalist. objects: tokens, shapes, pieces"
clean calm modern sophisticated earbud case hinge light logo minimalist futuristic photographic,"mood: clean, calm, urban, elegance. style: minimalist, futuristic, photographic. objects: earbud, case, hinge, light, logo"
informative neutral calm advisory text words letters screen minimalist clean typographic,"mood: informative, neutral, calm, advisory. style: minimalist, clean, typographic. objects: text, words, letters, screen"
elegant luxurious delicate refined hand bracelet screwdriver case surface clean minimalist commercial,"mood: elegance, delicate. style: clean, minimalist, commercial. objects: hand, bracelet, screwdriver, case, surface"
calm elegant luxurious focused subtle hands bracelet screwdriver mat stitching clean minimalist commercial,"mood: calm, elegance, focus. style: clean, minimalist, commercial. objects: hands, bracelet, screwdriver, mat, stitching"
elegant luxurious precious sophisticated hand bracelet mat stitching clean minimalist polished,"mood: elegance, precious. style: clean, minimalist, polished. objects: hand, bracelet, mat, stitching"
elegant luxurious delicate intimate bracelet wrist hand cuff commercial macro sleek,"mood: elegance, delicate, romance. style: commercial, macro, sleek. objects: bracelet, wrist, hand, cuff"
elegant luxurious delicate focused careful bracelet hand wrist screwdriver tool clean minimalist detailed,"mood: elegance, delicate, focus. style: clean, minimalist, detailed. objects: bracelet, hand, wrist, screwdriver, tool"
luxurious elegant refined serene bracelet hand wrist tool sleeve minimalist polished commercial,"mood: elegance, calm. style: minimalist, polished, commercial. objects: bracelet, hand, wrist, tool, sleeve"
luxurious elegant sophisticated subtle bracelet wrist skin gold screws minimalist elegant soft,"mood: elegance, calm. style: minimalist, elegant, soft. objects: bracelet, wrist, skin, gold, screws"
calm delicate focused luxurious hands bracelet chain surface clean close-up minimalist,"mood: calm, delicate, focus, elegance. style: clean, close-up, minimalist. objects: hands, bracelet, chain, surface"
elegant focused gentle precise luxurious hands bracelet screwdriver surface chain minimalist clean luxurious,"mood: elegance, focus, calm. style: minimalist, clean, luxurious. objects: hands, bracelet, screwdriver, surface, chain"
elegant calm luxurious delicate hand bracelet screwdriver surface notebook minimal clean bright,"mood: elegance, calm, delicate. style: minimal, clean, bright. objects: hand, bracelet, screwdriver, surface, notebook"
sophisticated elegant calm neutral logo text word minimalist elegant clean,"mood: elegance, calm, neutral. style: minimalist, elegant, clean. objects: logo, text, word"
majestic awe-inspiring serene vast powerful volcano snow mountains sky steam cinematic dramatic naturalistic,"mood: wonder, calm, vast, powerful. style: cinematic, dramatic, naturalistic. objects: volcano, snow, mountains, sky, steam"
powerful awe-inspiring cold ominous volcano crater snow smoke mountains cinematic documentary aerial,"mood: powerful, wonder, darkness, fear. style: cinematic, documentary, aerial. objects: volcano, crater, snow, smoke, mountains"
adventurous thrilling exciting helicopter pilot wingsuit mountains sky action-oriented vibrant dynamic,"mood: adventure, excitement. style: action-oriented, vibrant, dynamic. objects: helicopter, pilot, wingsuit, mountains, sky"
adventurous focused intense cool exhilarating goggles person snow mountain sky sporty dynamic outdoor,"mood: adventure, focus, tension, cool, excitement. style: sporty, dynamic, outdoor. objects: goggles, person, snow, mountain, sky"
dangerous cold mysterious ominous snow crater smoke landscape aerial dramatic bleak,"mood: fear, darkness, mystery. style: aerial, dramatic, bleak. objects: snow, crater, smoke, landscape"
anticipatory focused adventurous exhilarating person helmet aircraft sky visor cinematic dynamic adventurous,"mood: tension, focus, adventure, excitement. style: cinematic, dynamic, adventurous. objects: person, helmet, aircraft, sky, visor"
adventurous exhilarating daring free dynamic helicopter wingsuit person sky rotor blades aerial cinematic vibrant,"mood: adventure, excitement. style: aerial, cinematic, vibrant. objects: helicopter, wingsuit, person, sky, rotor blades"
thrilling exhilarating adventurous intense wingsuiter mountains snow display cinematic dynamic aerial,"mood: excitement, adventure, tension. style: cinematic, dynamic, aerial. objects: wingsuiter, mountains, snow, display"
thrilling vast adventurous exhilarating majestic mountain volcano snow ocean wingsuit aerial first-person panoramic,"mood: excitement, vast, adventure, wonder. style: aerial, first-person, panoramic. objects: mountain, volcano, snow, ocean, wingsuit"
majestic serene cold expansive mountain snow sky cloud bird naturalistic bright clear,"mood: wonder, calm, darkness, expansive. style: naturalistic, bright, clear. objects: mountain, snow, sky, cloud, bird"
exhilarating adventurous breathtaking thrilling free skydiver helmet mountains sky snow aerial dynamic wide-angle,"mood: excitement, adventure, wonder. style: aerial, dynamic, wide-angle. objects: skydiver, helmet, mountains, sky, snow"
exciting thrilling adventurous exhilarating intense person helmet mountain snow sky first-person dynamic extreme,"mood: excitement, adventure, tension. style: first-person, dynamic, extreme. objects: person, helmet, mountain, snow, sky"
exhilarating adventurous vast thrilling freeing person mountains snow sky water aerial cinematic dynamic,"mood: excitement, adventure, vast, freeing. style: aerial, cinematic, dynamic. objects: person, mountains, snow, sky, water"
tranquil serene epic wintry contemplative samurai sword village pagoda mountains animated stylized cinematic,"mood: calm, wonder, nature, contemplation. style: animated, stylized, cinematic. objects: samurai, sword, village, pagoda, mountains"
serious stoic mysterious contemplative hat goggles scarf figure animated stylized dramatic,"mood: seriousness, mystery, contemplation. style: animated, stylized, dramatic. objects: hat, goggles, scarf, figure"
serious cold mysterious intense determined sword warrior snow mountain kimono animated cinematic dramatic,"mood: seriousness, darkness, mystery, tension, hope. style: animated, cinematic, dramatic. objects: sword, warrior, snow, mountain, kimono"
nan nan nan,
calm serene thoughtful professional woman hair sweater necklace chair studio professional simple,"mood: calm, contemplation, informative. style: studio, professional, simple. objects: woman, hair, sweater, necklace, chair"
desperate intense perilous dark anxious character arrow wood structure hand animated dramatic stylized,"mood: vulnerability, tension, fear, darkness. style: animated, dramatic, stylized. objects: character, arrow, wood, structure, hand"
engaging conversational casual friendly man jacket t-shirt chair background studio clean interview,"mood: engaging, conversational, neutral, contentment. style: studio, clean, interview. objects: man, jacket, t-shirt, chair, background"
thoughtful calm reflective professional woman hair necklace jacket chair cinematic studio portrait,"mood: contemplation, calm, informative. style: cinematic, studio, portrait. objects: woman, hair, necklace, jacket, chair"
observant thoughtful neutral pensive woman man plant glasses shirt candid realistic natural,"mood: focus, contemplation, neutral. style: candid, realistic, natural. objects: woman, man, plant, glasses, shirt"
tense dramatic adventurous determined powerful warrior sword cliff sky clouds animated cinematic dynamic,"mood: tension, dramatic, adventure, hope, powerful. style: animated, cinematic, dynamic. objects: warrior, sword, cliff, sky, clouds"
calm reflective pensive neutral woman hair sweater necklace background studio stylized vibrant,"mood: calm, contemplation, neutral. style: studio, stylized, vibrant. objects: woman, hair, sweater, necklace, background"
calm engaging pensive intimate woman hair sweater necklace chair cinematic moody studio,"mood: calm, engaging, contemplation, romance. style: cinematic, moody, studio. objects: woman, hair, sweater, necklace, chair"
intense violent dark gritty ominous title text blood number background graphic distressed cinematic,"mood: tension, anger, darkness, fear. style: graphic, distressed, cinematic. objects: title, text, blood, number, background"
somber mysterious industrial tense isolated spacecraft logo text stars panels animated sci-fi futuristic,"mood: sadness, mystery, urban, tension, loneliness. style: animated, sci-fi, futuristic. objects: spacecraft, logo, text, stars, panels"
isolated desolate contemplative poignant vast person pillars landscape sky structures animated stark surreal,"mood: loneliness, contemplation, poignance, vast. style: animated, stark, surreal. objects: person, pillars, landscape, sky, structures"
mysterious tranquil alien calm contemplative capsules robot figures cliffs foliage animated sci-fi muted,"mood: mystery, calm, alien, contemplation. style: animated, sci-fi, muted. objects: capsules, robot, figures, cliffs, foliage"
dark ominous mysterious tense door knob hatch animated dark gritty,"mood: darkness, fear, mystery, tension. style: animated, dark, gritty. objects: door, knob, hatch"
desolate eerie contemplative futuristic vast structures ground sky figure robot animated minimalist sci-fi,"mood: loneliness, fear, contemplation, urban, vast. style: animated, minimalist, sci-fi. objects: structures, ground, sky, figure, robot"
calm mundane neutral unassuming backpack person pants shirt hot dog animated simple cartoonish,"mood: calm, neutral, unassuming. style: animated, simple, cartoonish. objects: backpack, person, pants, shirt, hot dog"
alien mysterious serene wondrous tranquil robot pillars plants path landscape animated fantastical stylized,"mood: alien, mystery, calm, wonder. style: animated, fantastical, stylized. objects: robot, pillars, plants, path, landscape"
intense distressed furious violent eye face scratches blood animated stylized dramatic,"mood: tension, distressed, anger. style: animated, stylized, dramatic. objects: eye, face, scratches, blood"
distressed melancholic emotional sorrowful ethereal man face beard tears light animated expressive surreal,"mood: distressed, sadness, poignance, mystery. style: animated, expressive, surreal. objects: man, face, beard, tears, light"
surprised tense mysterious intense creature diver eggs tentacle water animated vibrant underwater,"mood: surprised, tension, mystery. style: animated, vibrant, underwater. objects: creature, diver, eggs, tentacle, water"
dynamic tense urgent perilous vast person planet space energy clouds animated sci-fi dynamic,"mood: excitement, tension, urgent, fear, vast. style: animated, sci-fi, dynamic. objects: person, planet, space, energy, clouds"
happy joyful emotional loving reunited soldier dog yard house doorway candid natural warm,"mood: joy, poignance, warmth, reunited. style: candid, natural, warm. objects: soldier, dog, yard, house, doorway"
calm natural mundane casual dog person building windows debris candid unfiltered documentary,"mood: calm, nature, neutral. style: candid, unfiltered, documentary. objects: dog, person, building, windows, debris"
joyful heartwarming excited affectionate emotional dog soldier garage shelves lawnmower candid realistic amateur,"mood: joy, warmth, excitement, poignance. style: candid, realistic, amateur. objects: dog, soldier, garage, shelves, lawnmower"
expectant heartwarming tender domestic intimate person dog uniform door floor candid realistic domestic,"mood: tension, warmth, domesticity, romance. style: candid, realistic, domestic. objects: person, dog, uniform, door, floor"
heartwarming joyful emotional loving tender person dog tent hammock floor candid realistic documentary,"mood: warmth, joy, poignance. style: candid, realistic, documentary. objects: person, dog, tent, hammock, floor"
heartwarming emotional joyful affectionate touching car van person dog wall candid amateur spontaneous,"mood: warmth, poignance, joy. style: candid, amateur, spontaneous. objects: car, van, person, dog, wall"
caring tender gentle peaceful domestic man dog grass road house candid natural spontaneous,"mood: warmth, calm, domesticity. style: candid, natural, spontaneous. objects: man, dog, grass, road, house"
friendly calm casual content communal people bookshelf television tables chairs candid ordinary naturalistic,"mood: contentment, calm, neutral, domesticity. style: candid, ordinary, naturalistic. objects: people, bookshelf, television, tables, chairs"
happy friendly casual relaxed people tables bookshelf flowers banner candid ordinary unpolished,"mood: joy, contentment, neutral, calm. style: candid, ordinary, unpolished. objects: people, tables, bookshelf, flowers, banner"
happy joyful cheerful lively celebratory people tables chairs bookshelf flowers candid domestic simple,"mood: joy, excitement, celebration. style: candid, domestic, simple. objects: people, tables, chairs, bookshelf, flowers"
joyful celebratory friendly warm casual people tables chairs flowers bookshelf candid informal domestic,"mood: joy, celebration, contentment, warmth, neutral. style: candid, informal, domestic. objects: people, tables, chairs, flowers, bookshelf"
celebratory social friendly lively casual people tables chairs balloon bookshelves blurry candid amateur,"mood: celebration, domesticity, contentment, excitement, neutral. style: blurry, candid, amateur. objects: people, tables, chairs, balloon, bookshelves"
informative professional engaging calm bright anchor news studio screens keyboard boy broadcast modern sleek,"mood: informative, engaging, calm, joy. style: broadcast, modern, sleek. objects: anchor, news studio, screens, keyboard, boy"
happy joyful energetic excited lively child stairs sofa rug doorway candid domestic bright,"mood: joy, excitement. style: candid, domestic, bright. objects: child, stairs, sofa, rug, doorway"
energetic surprised lively expressive child wall couch lamp glasses candid domestic unpolished,"mood: excitement, surprised, poignance. style: candid, domestic, unpolished. objects: child, wall, couch, lamp, glasses"
energetic playful excited joyful boy sofa lamp glasses outlet candid casual domestic,"mood: excitement, amusement, joy. style: candid, casual, domestic. objects: boy, sofa, lamp, glasses, outlet"
serious thoughtful informative man calendar cabinets shirt overlay journalistic broadcast candid,"mood: seriousness, contemplation, informative. style: journalistic, broadcast, candid. objects: man, calendar, cabinets, shirt, overlay"
cold quiet bleak somber house tree snow garage steps realistic wintery documentary,"mood: darkness, calm, sadness. style: realistic, wintery, documentary. objects: house, tree, snow, garage, steps"
focused calm engaged peaceful boy keyboard window blinds chair candid documentary naturalistic,"mood: focus, calm. style: candid, documentary, naturalistic. objects: boy, keyboard, window, blinds, chair"
happy supportive focused hopeful engaged boy man keyboard speakers laptop journalistic candid warm,"mood: joy, warmth, focus, hope. style: journalistic, candid, warm. objects: boy, man, keyboard, speakers, laptop"
focused calm concentrated dedicated boy keyboard glasses wall monitor candid documentary natural,"mood: focus, calm. style: candid, documentary, natural. objects: boy, keyboard, glasses, wall, monitor"
serious contemplative professional calm man shirt suit microphone stairs journalistic professional broadcast,"mood: seriousness, contemplation, informative, calm. style: journalistic, professional, broadcast. objects: man, shirt, suit, microphone, stairs"
calm domestic routine peaceful man kitchen coffee maker oranges mug documentary candid natural,"mood: calm, domesticity, neutral. style: documentary, candid, natural. objects: man, kitchen, coffee maker, oranges, mug"
dedicated focused calm man piano tuning hammer christmas tree lamp candid realistic journalistic,"mood: focus, calm. style: candid, realistic, journalistic. objects: man, piano, tuning hammer, christmas tree, lamp"
happy proud inspired hopeful boy keyboard glasses suit window televised journalistic clear,"mood: joy, celebration, hope. style: televised, journalistic, clear. objects: boy, keyboard, glasses, suit, window"
calm warm subtle ethereal soft lines light source background texture glow abstract minimalist atmospheric,"mood: calm, warmth, mystery. style: abstract, minimalist, atmospheric. objects: lines, light source, background, texture, glow"
dark tense mysterious foreboding letters structure light debris cinematic sci-fi dramatic,"mood: darkness, tension, mystery, fear. style: cinematic, sci-fi, dramatic. objects: letters, structure, light, debris"
dark ominous eerie desolate foreboding monument pillars sky clouds cinematic dramatic bleak,"mood: darkness, fear, loneliness. style: cinematic, dramatic, bleak. objects: monument, pillars, sky, clouds"
relaxed warm social pleasant train passengers seats windows newspaper candid realistic cinematic,"mood: calm, warmth, domesticity, contentment. style: candid, realistic, cinematic. objects: train, passengers, seats, windows, newspaper"
uplifting grand hopeful dramatic majestic woman torch clouds steps sky cinematic epic classical,"mood: hope, wonder, dramatic. style: cinematic, epic, classical. objects: woman, torch, clouds, steps, sky"
intense gritty determined raw man staff rope foliage gritty dramatic cinematic,"mood: tension, darkness, hope, poignance. style: gritty, dramatic, cinematic. objects: man, staff, rope, foliage"
calm peaceful expansive serene muted water lake trees shore ripples naturalistic landscape ambient,"mood: calm, expansive, weariness. style: naturalistic, landscape, ambient. objects: water, lake, trees, shore, ripples"
joyful intimate casual warm candid people table plates food window naturalistic cinematic warm,"mood: joy, romance, neutral, warmth, candid. style: naturalistic, cinematic, warm. objects: people, table, plates, food, window"
desolate bleak somber abandoned cars buildings people grass playground dystopian cinematic post-apocalyptic,"mood: loneliness, sadness. style: dystopian, cinematic, post-apocalyptic. objects: cars, buildings, people, grass, playground"
urgent anxious fleeing intense dynamic man woman trees forest ferns cinematic dramatic natural,"mood: urgent, tension, fleeing, excitement. style: cinematic, dramatic, natural. objects: man, woman, trees, forest, ferns"
tense urgent distressed anxious fence gate people trees cinematic gritty dramatic,"mood: tension, urgent, distressed. style: cinematic, gritty, dramatic. objects: fence, gate, people, trees"
horrific terrifying desperate intense grim creature garment bones fire landscape cinematic dark horrific,"mood: fear, vulnerability, tension, darkness. style: cinematic, dark, horrific. objects: creature, garment, bones, fire, landscape"
