scene_id,video_id,category,dominant_mood,PC1,PC2,PC3,PC4,PC5,PC6,PC7,PC8,PC9,PC10,PC11,PC12,PC13,PC14,cluster_label
gacs_advertisements_00_-avONMmQ_s0016,gacs_advertisements_00_-avONMmQ,advertisements,cold,4.8972964,28.00272,-4.467125,7.771635,2.8096268,-0.38593057,-2.335144,-0.03487073,3.4330754,0.45414126,-3.7025225,-2.4546995,1.8396213,0.840738,0
gacs_advertisements_01_jBnseji3_s0013,gacs_advertisements_01_jBnseji3,advertisements,triumphant,-14.073351,-8.178388,2.0640228,10.69594,3.0837657,1.9914007,0.28683054,1.0364635,0.55843353,1.9496467,0.34679058,0.64707774,-2.2612495,2.4652388,2
gacs_advertisements_01_jBnseji3_s0014,gacs_advertisements_01_jBnseji3,advertisements,dark,22.099348,2.5745795,-4.914109,-2.354265,5.9780803,-0.3318597,-0.45259124,0.60598993,-1.9573816,1.9617025,-1.1657068,5.9778447,-6.5077295,-2.6341949,1
gacs_animations_00_WIPV1iwz_s0015,gacs_animations_00_WIPV1iwz,animations,vulnerable,2.335963,-10.806589,5.0449796,-2.327546,1.2835801,-6.9520454,-6.9099393,5.4064155,1.1922345,-1.9879713,-4.9654384,-2.7634583,-3.6330538,2.8475275,2
gacs_animations_00_WIPV1iwz_s0016,gacs_animations_00_WIPV1iwz,animations,peaceful,-16.908257,-0.9569925,1.7394122,-2.1003332,-2.965623,2.4828238,-4.41175,-1.893942,-0.2766636,0.9905642,-4.6479535,1.640785,-0.60713357,3.8823109,2
gacs_animations_00_WIPV1iwz_s0017,gacs_animations_00_WIPV1iwz,animations,peaceful,-15.621372,-2.7893696,1.7884212,-4.2949843,-3.0486767,0.7971175,-1.2937251,0.7255516,-0.053572897,-1.9808016,-5.5626545,0.07614625,1.5842056,2.9909089,2
gacs_animations_00_WIPV1iwz_s0018,gacs_animations_00_WIPV1iwz,animations,peaceful,-17.508238,0.76524085,8.7406025,-5.8260255,3.9022968,2.1318963,0.42905232,-1.1958432,3.5723808,-3.401382,-1.9185895,0.61324215,0.46028632,1.084373,2
gacs_animations_00_WIPV1iwz_s0019,gacs_animations_00_WIPV1iwz,animations,peaceful,-12.180322,-6.804338,3.489526,2.2644715,-2.9417481,-3.854362,-1.6025151,0.25769323,1.8107973,0.20210326,-2.6603076,1.5882636,-0.53855026,3.606566,2
gacs_animations_00_WIPV1iwz_s0020,gacs_animations_00_WIPV1iwz,animations,peaceful,-17.12532,0.36986807,7.7220387,-1.7894188,3.631519,1.8125741,-0.59658444,-0.8873567,5.352142,1.6042757,1.6893153,2.565291,1.5528398,1.971339,2
gacs_animations_00_WIPV1iwz_s0021,gacs_animations_00_WIPV1iwz,animations,inviting,-6.912436,-5.138961,-13.526233,-0.30896455,-5.6415653,0.9534433,0.64360523,1.2372582,7.7802997,-2.0579593,1.6544175,1.665659,2.4233193,2.1664357,2
gacs_animations_02_qLGNj-xr_s0016,gacs_animations_02_qLGNj-xr,animations,encouraging,-10.832934,-5.871704,0.64065766,-1.1935042,-1.8801274,1.0286961,6.330437,4.4371986,0.80402493,-2.0749555,5.8012137,1.2506953,-1.8521646,3.5702658,2
gacs_animations_02_qLGNj-xr_s0017,gacs_animations_02_qLGNj-xr,animations,calm,-17.62144,2.1172793,8.501152,-4.4375963,3.7330089,1.1344604,-0.62389696,-2.5925226,2.9843266,-0.19035482,1.0456427,1.3716598,0.7153501,0.5106295,2
gacs_animations_02_qLGNj-xr_s0018,gacs_animations_02_qLGNj-xr,animations,calm,-18.358116,-3.654029,2.8525481,4.43302,4.6018496,0.7915986,-0.11112028,-1.3841665,3.5758674,3.0535111,0.706539,4.194567,-2.0582647,2.4346106,2
gacs_animations_02_qLGNj-xr_s0019,gacs_animations_02_qLGNj-xr,animations,calm,-18.051533,0.31648386,8.462569,-0.4815313,3.279557,-1.0188521,-0.021553464,-2.8796134,3.8072822,0.2606539,0.5234028,1.8547318,-1.6675091,1.9137706,2
gacs_emotional_shorts_00_WAmw-erI_s0015,gacs_emotional_shorts_00_WAmw-erI,emotional_shorts,tense,4.8323507,0.47524694,-20.834452,-1.4209857,16.758196,7.0492854,0.9701331,-4.9695024,-2.2722993,2.7994044,0.6177876,0.8987037,-4.433714,6.5881085,1
gacs_emotional_shorts_00_WAmw-erI_s0016,gacs_emotional_shorts_00_WAmw-erI,emotional_shorts,pensive,-10.238057,5.712365,-9.222752,-8.390079,-2.6911693,-0.67539144,-2.1356943,-4.0879707,-2.157134,5.823351,1.9821081,-2.519827,2.6272397,3.0143256,2
gacs_emotional_shorts_00_WAmw-erI_s0017,gacs_emotional_shorts_00_WAmw-erI,emotional_shorts,pensive,-8.275898,1.1885637,-14.648627,-6.732562,-3.7206523,-0.86633295,-1.2534173,-2.333794,0.64897877,6.127701,2.1093473,-1.9388578,-1.2376114,4.22263,2
gacs_emotional_shorts_00_WAmw-erI_s0018,gacs_emotional_shorts_00_WAmw-erI,emotional_shorts,engaging,-12.316816,-0.34812698,-7.0919557,-7.8382955,-0.95109075,0.31028366,-4.726848,1.0150782,-3.5528142,3.642256,0.42488104,-3.7477639,5.8755536,3.0003655,2
gacs_emotional_shorts_00_WAmw-erI_s0019,gacs_emotional_shorts_00_WAmw-erI,emotional_shorts,surprised,15.568974,-10.538273,-2.199869,10.63116,-9.017126,0.26006454,-10.649173,-5.7407045,-1.4827061,-3.673714,4.2223783,-3.5091732,-0.31732225,1.8392822,1
gacs_emotional_shorts_00_WAmw-erI_s0020,gacs_emotional_shorts_00_WAmw-erI,emotional_shorts,thoughtful,-7.6166034,5.765375,-10.389579,-3.9425435,8.198365,-4.595559,-6.353082,-1.2499691,-5.8997025,7.9560804,-0.32408163,-2.1259482,1.6581,3.2340581,2
gacs_emotional_shorts_00_WAmw-erI_s0021,gacs_emotional_shorts_00_WAmw-erI,emotional_shorts,serious,-0.29833204,-1.3380187,-11.9283495,-6.1591344,1.9698887,-2.9961655,-6.994592,4.5169206,-1.2743392,3.6765802,0.37448823,0.7775918,1.5506842,4.892972,2
gacs_emotional_shorts_00_WAmw-erI_s0022,gacs_emotional_shorts_00_WAmw-erI,emotional_shorts,concerned,17.073515,-3.7687442,4.3690205,-12.360424,-0.4233666,-2.6684415,-6.893308,3.4494882,-3.9927657,0.17971697,0.88836014,-2.7200584,-3.3232963,4.3242908,1
gacs_emotional_shorts_00_WAmw-erI_s0023,gacs_emotional_shorts_00_WAmw-erI,emotional_shorts,thoughtful,-3.442998,7.53402,-11.916758,-0.16879058,-3.963677,-2.077434,-7.268993,-1.311423,-0.78196955,4.194061,1.8714564,2.5953734,-0.361192,0.6740438,2
gacs_emotional_shorts_00_WAmw-erI_s0024,gacs_emotional_shorts_00_WAmw-erI,emotional_shorts,disengaged,-13.55847,-2.201303,-5.334051,-1.9311774,-1.351098,3.6298785,-0.75710994,3.4233725,-6.954409,-0.6500552,0.34869066,-2.1438632,3.4243176,-0.6854307,2
gacs_emotional_shorts_00_WAmw-erI_s0025,gacs_emotional_shorts_00_WAmw-erI,emotional_shorts,pensive,-11.673398,18.31825,2.2259421,-1.997929,0.32387203,-2.0603182,-3.0730097,-4.948346,0.15200202,2.3603475,2.7340965,-2.8810067,5.0702496,2.0153208,2
gacs_emotional_shorts_00_WAmw-erI_s0026,gacs_emotional_shorts_00_WAmw-erI,emotional_shorts,tense,3.6735668,17.57488,-16.172016,4.4487057,16.955963,1.7349402,-5.4562798,-0.5220219,-3.778712,3.4916275,-0.22141217,-3.9108825,3.0928063,5.0872574,0
gacs_emotional_shorts_00_WAmw-erI_s0027,gacs_emotional_shorts_00_WAmw-erI,emotional_shorts,expressive,-4.3011827,-4.059012,-14.052959,1.6728365,-5.9902782,-0.8080102,-0.06645441,0.9517666,-1.9423354,3.7470527,2.1598887,-1.6093532,1.4003139,3.2781217,2
gacs_emotional_shorts_00_WAmw-erI_s0028,gacs_emotional_shorts_00_WAmw-erI,emotional_shorts,concerned,2.0245228,-3.3037343,-15.346935,-9.549045,-2.5291095,-1.4903784,-1.2333663,-0.9693525,-2.8159757,0.99287075,2.5031848,-2.9280472,-2.523859,6.93171,2
gacs_emotional_shorts_00_WAmw-erI_s0029,gacs_emotional_shorts_00_WAmw-erI,emotional_shorts,displeased,21.861883,-5.732645,7.274994,-5.3615847,0.18813874,-2.4155993,-7.0553474,3.4573655,-4.16347,-0.76922727,2.689425,-2.5942504,-3.239984,2.5859337,1
gacs_emotional_shorts_00_WAmw-erI_s0030,gacs_emotional_shorts_00_WAmw-erI,emotional_shorts,conversational,-4.058403,-0.4834562,-11.327134,-4.3463798,-1.5971786,-1.9857332,-1.7288208,-1.2988614,-0.34569576,3.2551494,1.4342152,0.16225958,0.018654892,0.56506795,2
gacs_emotional_shorts_00_WAmw-erI_s0031,gacs_emotional_shorts_00_WAmw-erI,emotional_shorts,pensive,10.208182,25.97921,-6.111756,13.685932,2.6681094,0.7951257,-4.481157,1.0939626,3.9287205,1.2180376,-0.30274764,-3.0936167,0.6829728,0.3170476,0
gacs_emotional_shorts_00_WAmw-erI_s0032,gacs_emotional_shorts_00_WAmw-erI,emotional_shorts,thoughtful,4.512959,0.5547095,-16.075321,0.13071665,9.028307,-4.309751,-5.325164,1.5265255,-6.8806624,4.0359917,-0.18939686,-0.706768,-2.3889055,8.014733,1
gacs_emotional_shorts_00_WAmw-erI_s0033,gacs_emotional_shorts_00_WAmw-erI,emotional_shorts,sad,-10.283111,15.947912,-2.4627008,4.679831,-4.942439,-1.1841047,-5.417814,-1.3490058,-0.933627,3.724783,1.4041418,0.70644605,1.8716143,0.31139582,2
gacs_emotional_shorts_00_WAmw-erI_s0034,gacs_emotional_shorts_00_WAmw-erI,emotional_shorts,attentive,-10.48614,-2.3585303,-9.661469,-8.481386,2.465905,0.39567974,-4.4788413,-1.8156601,-1.1723408,4.3108053,0.2893755,-2.753386,1.6921422,5.5909605,2
gacs_emotional_shorts_00_WAmw-erI_s0035,gacs_emotional_shorts_00_WAmw-erI,emotional_shorts,calm,-15.003302,-1.1430389,-4.8882217,-4.6564302,-3.6332445,-1.1713505,-3.4146316,-2.6979327,1.1275588,4.8408313,1.3572121,-3.4257917,1.9510024,2.2880855,2
gacs_emotional_shorts_00_WAmw-erI_s0036,gacs_emotional_shorts_00_WAmw-erI,emotional_shorts,tense,7.2483296,26.777687,-2.1189413,2.3814194,2.7264931,0.027477274,0.3161402,4.3715215,-4.9006076,-0.87992865,0.6215397,-4.386842,4.567767,0.121673495,0
gacs_emotional_shorts_00_WAmw-erI_s0037,gacs_emotional_shorts_00_WAmw-erI,emotional_shorts,spacious,-15.303611,-0.36139894,-0.008871695,1.2027497,2.0476408,1.2041454,2.8245502,-1.2339882,2.5401187,4.806429,5.647367,0.2036344,-1.0803035,0.68808997,2
gacs_emotional_shorts_00_WAmw-erI_s0038,gacs_emotional_shorts_00_WAmw-erI,emotional_shorts,casual,-4.8218074,-3.46485,-7.0790324,2.5274394,-9.428113,-1.1112431,-0.15648808,0.08332842,-3.715006,0.86788964,-0.30084857,-1.382037,4.1380424,-1.8476245,2
gacs_emotional_shorts_00_WAmw-erI_s0039,gacs_emotional_shorts_00_WAmw-erI,emotional_shorts,calm,-15.390661,0.7269655,-1.9244001,-7.243298,-2.513445,0.7796161,0.95735127,-1.6127111,0.8323669,3.4068952,1.7404153,-3.1556747,-2.3054936,-2.2593548,2
gacs_emotional_shorts_00_WAmw-erI_s0040,gacs_emotional_shorts_00_WAmw-erI,emotional_shorts,concerned,10.477718,-5.381653,-15.066246,9.646714,8.813653,0.16257915,-8.229722,-5.954471,-2.6610343,1.6505524,-2.235013,-2.8135958,-1.9677287,3.600587,1
gacs_emotional_shorts_00_WAmw-erI_s0041,gacs_emotional_shorts_00_WAmw-erI,emotional_shorts,pensive,-15.762212,-1.2746861,-7.588334,-8.711469,-1.0552216,2.589705,-2.9057295,2.374024,-0.34583738,2.3560956,-1.7070025,-3.3808305,2.686454,0.6824664,2
gacs_emotional_shorts_00_WAmw-erI_s0042,gacs_emotional_shorts_00_WAmw-erI,emotional_shorts,friendly,-17.523087,-1.9344913,0.456283,-1.771644,1.9918573,3.8494892,-2.281351,3.0618029,-1.0711232,3.1798527,-1.6266452,-1.1165384,1.3061054,-1.8350997,2
gacs_emotional_shorts_00_WAmw-erI_s0043,gacs_emotional_shorts_00_WAmw-erI,emotional_shorts,distant,-1.2376738,3.8676274,-13.573644,-11.529915,6.929838,-1.9754074,-1.322996,-0.08682974,-8.576391,0.07545305,-3.7758408,-3.3136744,-1.222406,2.0509222,2
gacs_emotional_shorts_00_WAmw-erI_s0044,gacs_emotional_shorts_00_WAmw-erI,emotional_shorts,calm,-11.544567,-2.3553717,-11.840596,-4.5084763,-1.8537682,3.587085,-3.4609032,-1.5946137,2.3300722,2.0861435,-1.1606016,2.621789,2.7947621,0.9378919,2
gacs_emotional_shorts_00_WAmw-erI_s0045,gacs_emotional_shorts_00_WAmw-erI,emotional_shorts,domestic,-2.3840969,9.9509325,-13.588281,-9.958745,9.068127,0.7416039,-1.9021219,-0.72199595,-10.283545,5.5765576,-2.383449,-1.5610852,1.9020659,5.2385697,2
gacs_emotional_shorts_00_WAmw-erI_s0046,gacs_emotional_shorts_00_WAmw-erI,emotional_shorts,pensive,9.885536,26.755224,-5.4738894,13.96342,4.023609,0.92287767,-2.9511957,5.255436,2.3790898,-0.06819434,1.7867275,-3.3755023,2.0225954,1.8057435,0
gacs_emotional_shorts_00_WAmw-erI_s0047,gacs_emotional_shorts_00_WAmw-erI,emotional_shorts,content,-17.861109,4.996441,3.3205237,-9.49375,2.1486342,2.8207061,-0.3199316,-2.8122027,1.6554503,-0.055606887,0.9654902,-1.6048292,2.9793074,0.7150453,2
gacs_emotional_shorts_00_WAmw-erI_s0048,gacs_emotional_shorts_00_WAmw-erI,emotional_shorts,distant,10.520198,29.052635,-10.840967,4.459179,3.5566118,4.184483,0.22753799,0.82107806,1.0962358,-1.0705037,-1.2552615,-4.07094,0.25428352,3.3273525,0
gacs_emotional_shorts_00_WAmw-erI_s0049,gacs_emotional_shorts_00_WAmw-erI,emotional_shorts,pensive,-10.593995,6.085628,-10.493917,-11.37973,-0.66264427,0.6028794,-3.9745522,0.22640027,-3.676349,5.4546,0.36411083,-1.4401124,7.36918,2.921671,2
gacs_emotional_shorts_00_WAmw-erI_s0050,gacs_emotional_shorts_00_WAmw-erI,emotional_shorts,pensive,-11.449752,5.3781066,-8.484267,-8.710506,0.5801334,1.3523436,-2.9293964,-0.38665387,-6.1616335,4.6245747,1.5383807,-0.5350645,6.845129,1.621701,2
gacs_emotional_shorts_00_WAmw-erI_s0051,gacs_emotional_shorts_00_WAmw-erI,emotional_shorts,quiet,-7.15268,7.0856433,-5.311267,-9.686546,-1.7032976,1.4684137,-1.0056071,-1.1093179,-6.5268393,0.4793506,0.5087017,-5.0281515,6.632889,4.691033,2
gacs_emotional_shorts_00_WAmw-erI_s0052,gacs_emotional_shorts_00_WAmw-erI,emotional_shorts,bored,-15.988011,5.5948696,1.1199543,-9.053702,-0.595263,1.7123156,-4.082985,-2.564357,-0.08228769,-0.48688197,-2.4175575,-3.3402565,0.8293509,-4.14186,2
gacs_emotional_shorts_00_WAmw-erI_s0053,gacs_emotional_shorts_00_WAmw-erI,emotional_shorts,subdued,-14.53616,0.80747527,-7.7614293,-5.709888,3.1354327,3.1583006,-3.0847714,1.5986832,-6.052999,4.2946944,0.21994077,-0.37874737,5.7118235,2.408208,2
gacs_emotional_shorts_00_WAmw-erI_s0054,gacs_emotional_shorts_00_WAmw-erI,emotional_shorts,conversational,-10.191796,-2.7199745,-11.959751,-5.433654,-3.5917323,2.1410203,-2.2751505,3.817544,-0.79496634,0.84000915,0.35985366,0.85035515,5.024101,1.4174238,2
gacs_emotional_shorts_00_WAmw-erI_s0055,gacs_emotional_shorts_00_WAmw-erI,emotional_shorts,distressed,11.755366,25.912777,-4.5450153,11.196625,-2.6560884,3.2039073,1.8490232,4.8743706,-1.0425526,-2.5088067,1.4989249,0.07740889,3.6426291,2.5764956,0
gacs_emotional_shorts_00_WAmw-erI_s0056,gacs_emotional_shorts_00_WAmw-erI,emotional_shorts,distressed,10.983255,24.183477,-6.7168593,11.804301,-0.5083336,-0.99901867,-3.6406486,3.4173074,1.5175997,0.63734275,1.5697569,-2.9240196,2.209736,0.22757973,0
gacs_emotional_shorts_00_WAmw-erI_s0057,gacs_emotional_shorts_00_WAmw-erI,emotional_shorts,distressed,4.853873,14.663628,-6.703872,18.084047,-3.931841,-0.72863084,-4.072656,2.9658542,-2.0421147,2.6939144,2.3873556,1.6961526,3.7983077,-0.7610001,0
gacs_emotional_shorts_00_WAmw-erI_s0058,gacs_emotional_shorts_00_WAmw-erI,emotional_shorts,tender,-7.578197,1.0565319,-7.4021554,-8.06476,7.87035,0.9016004,-0.845339,1.8671526,-10.341593,5.826331,0.8807123,-2.530695,3.9903476,1.0836747,2
gacs_emotional_shorts_00_WAmw-erI_s0059,gacs_emotional_shorts_00_WAmw-erI,emotional_shorts,distressed,16.69917,18.261288,-6.960672,8.003277,-4.6911793,2.199465,1.4232517,2.365513,-3.3800623,-3.9574673,2.478728,0.27180743,4.0955043,0.5876717,0
gacs_emotional_shorts_00_WAmw-erI_s0060,gacs_emotional_shorts_00_WAmw-erI,emotional_shorts,ordinary,-13.855188,-2.968073,-8.797095,-2.9474292,-7.1070895,2.5191388,-3.0146189,2.2689779,0.787409,1.105377,-0.95460904,-0.6781957,2.6272948,-0.23617408,2
gacs_emotional_shorts_00_WAmw-erI_s0061,gacs_emotional_shorts_00_WAmw-erI,emotional_shorts,focused,-6.9374957,-4.0178905,-14.842558,-5.9901953,-5.6355567,1.9518477,-4.4568524,2.0346131,2.1210523,-0.33879852,-1.349665,-0.4792484,1.704698,5.3689814,2
gacs_emotional_shorts_00_WAmw-erI_s0062,gacs_emotional_shorts_00_WAmw-erI,emotional_shorts,distressed,7.809938,8.020339,-8.6535225,15.278642,-3.3978868,-2.0041711,-1.9603754,3.5283859,-5.2518177,1.5608057,2.1647182,2.4206266,3.8615203,-0.60250473,0
gacs_emotional_shorts_00_WAmw-erI_s0063,gacs_emotional_shorts_00_WAmw-erI,emotional_shorts,serious,6.0601063,11.356067,-15.676442,-1.3062274,3.1930943,-1.3661206,-4.6627603,0.39402476,-3.9067714,1.008193,-0.6889951,-0.28763384,-0.9327821,2.9239495,0
gacs_emotional_shorts_00_WAmw-erI_s0064,gacs_emotional_shorts_00_WAmw-erI,emotional_shorts,caring,-13.064031,-0.12744585,-7.6536517,-7.0025964,3.7468414,4.972601,-4.2184424,1.7811108,-0.10670595,2.0991025,0.8334182,0.306095,4.791992,5.412723,2
gacs_emotional_shorts_00_WAmw-erI_s0065,gacs_emotional_shorts_00_WAmw-erI,emotional_shorts,romantic,-15.382846,-1.0384494,-4.4631515,-9.203375,3.9889386,7.184411,3.1972008,3.375205,-7.235202,0.5322,1.1727577,-0.3616528,3.075768,2.9383688,2
gacs_emotional_shorts_00_WAmw-erI_s0066,gacs_emotional_shorts_00_WAmw-erI,emotional_shorts,sad,11.7514715,20.981731,-6.330949,12.946966,-0.29173818,0.5933065,-0.5185275,7.260148,-3.6430404,-2.6407204,2.891285,2.0463219,3.6987941,1.9097508,0
gacs_emotional_shorts_00_WAmw-erI_s0067,gacs_emotional_shorts_00_WAmw-erI,emotional_shorts,pensive,6.439702,29.265043,-8.027753,7.997071,0.259147,2.382287,1.9900175,1.6573095,0.95627344,0.41801405,1.1777164,-4.4352055,3.1903698,1.8422344,0
gacs_emotional_shorts_00_WAmw-erI_s0068,gacs_emotional_shorts_00_WAmw-erI,emotional_shorts,peaceful,-11.953875,5.2722707,-1.2293992,-9.581829,-2.0090477,0.85449404,-3.7219114,-3.0883007,3.370371,2.155427,0.44106615,-0.63821775,3.7403674,3.1180384,2
gacs_emotional_shorts_00_WAmw-erI_s0069,gacs_emotional_shorts_00_WAmw-erI,emotional_shorts,intimate,10.166818,30.004059,-5.984265,4.8448787,-3.4218967,3.5396414,0.7693002,-1.3684258,0.90976745,-0.88219285,-1.1403368,-2.988072,1.2972947,0.71667606,0
gacs_emotional_shorts_00_WAmw-erI_s0070,gacs_emotional_shorts_00_WAmw-erI,emotional_shorts,casual,-10.432545,-3.4846005,-7.977889,-4.883709,-3.684267,-1.331585,-3.317157,0.8690693,4.9408064,1.4804591,0.27389872,-1.6443329,0.82130927,-0.077563256,2
gacs_emotional_shorts_00_WAmw-erI_s0071,gacs_emotional_shorts_00_WAmw-erI,emotional_shorts,calm,-18.772686,2.2760746,6.5856457,-6.770578,3.7981658,2.4008257,-0.6774841,-1.9526768,2.9347787,0.9094097,1.4712484,1.2172227,2.176206,1.0219451,2
gacs_emotional_shorts_00_WAmw-erI_s0072,gacs_emotional_shorts_00_WAmw-erI,emotional_shorts,private,16.699684,-4.650405,0.5108766,-8.169308,-7.4909806,-1.7962575,1.2477938,0.030901607,-8.08256,-0.067855075,-0.6491738,-0.23176308,1.9300892,0.8822818,1
gacs_emotional_shorts_00_WAmw-erI_s0073,gacs_emotional_shorts_00_WAmw-erI,emotional_shorts,pensive,-5.6158514,3.8133438,-12.341723,-8.708215,-1.3635306,-2.2267835,-4.1808248,-0.31788743,-4.0725904,4.464231,-1.4007388,-1.2857728,4.661561,3.8647082,2
gacs_emotional_shorts_00_WAmw-erI_s0074,gacs_emotional_shorts_00_WAmw-erI,emotional_shorts,calm,-0.31222764,3.4853368,-14.742609,-8.346334,7.880799,-4.3827524,-3.4219234,1.8221319,-8.279437,4.7270446,-2.4354296,-1.4131427,2.931544,6.384859,2
gacs_emotional_shorts_00_WAmw-erI_s0075,gacs_emotional_shorts_00_WAmw-erI,emotional_shorts,concerned,1.8213186,9.478907,-7.1638913,-11.873596,2.3192115,-3.824553,-8.3572235,-4.156956,-6.346069,3.21343,-0.44660875,-2.7451048,-2.1557443,0.3570257,2
gacs_emotional_shorts_00_WAmw-erI_s0076,gacs_emotional_shorts_00_WAmw-erI,emotional_shorts,pensive,-3.953747,-0.6988761,-12.536706,-8.21422,-1.4494934,-4.2071857,-6.6529794,1.6156656,0.48545003,5.44928,-0.38575405,-0.8241439,4.944169,3.9295704,2
gacs_emotional_shorts_00_WAmw-erI_s0077,gacs_emotional_shorts_00_WAmw-erI,emotional_shorts,calm,-15.099856,5.980839,-1.1858547,-12.474649,-0.37538138,0.8183042,0.20605089,-2.2189388,2.435581,1.882117,0.5882923,-3.9811094,0.8872263,-0.5072735,2
gacs_emotional_shorts_00_WAmw-erI_s0078,gacs_emotional_shorts_00_WAmw-erI,emotional_shorts,calm,-15.92381,1.5070459,-2.5628135,-2.771036,0.36252776,-0.260975,-4.8943214,-0.9157437,0.23915118,5.749464,-0.2933033,-2.0874217,3.866886,0.9372142,2
gacs_emotional_shorts_00_WAmw-erI_s0079,gacs_emotional_shorts_00_WAmw-erI,emotional_shorts,thoughtful,4.677335,-2.1752245,-10.596814,-7.574181,6.0872917,-4.161001,-4.6169786,1.4061403,-5.702732,0.64073694,-1.0051367,0.016109247,-3.58386,5.746974,1
gacs_emotional_shorts_00_WAmw-erI_s0080,gacs_emotional_shorts_00_WAmw-erI,emotional_shorts,pensive,-5.2291117,11.122401,-7.2501163,-13.036636,-1.7712828,-2.7249548,-6.356848,-5.1083302,-3.8998582,3.5243835,1.2501781,-0.98904794,3.680925,2.4489586,2
gacs_emotional_shorts_00_WAmw-erI_s0081,gacs_emotional_shorts_00_WAmw-erI,emotional_shorts,pensive,-0.91970867,1.2369127,-16.06138,-6.6239877,-5.8791037,-0.003122251,-3.1971493,-0.54829466,0.63967466,3.7415843,1.6981794,-0.7941407,2.147544,4.4447956,2
gacs_emotional_shorts_00_WAmw-erI_s0082,gacs_emotional_shorts_00_WAmw-erI,emotional_shorts,stressed,16.818516,-14.994914,-3.64279,12.341906,-12.149852,7.0024467,-4.087371,-10.6021185,-5.384666,-6.4073453,3.936744,-4.267241,3.0209126,-0.33321312,1
gacs_emotional_shorts_00_WAmw-erI_s0083,gacs_emotional_shorts_00_WAmw-erI,emotional_shorts,concerned,22.708834,-3.3315072,8.693493,-5.497605,2.1953514,-1.17614,-9.686726,5.98801,0.98093694,-1.1065953,3.5769236,-1.6587415,-2.5092785,1.9753696,1
gacs_emotional_shorts_00_WAmw-erI_s0084,gacs_emotional_shorts_00_WAmw-erI,emotional_shorts,calm,-9.072443,6.351754,-9.9262495,-11.921945,-4.682646,1.9670764,-2.9079604,-3.6255312,2.6327512,2.5519977,1.5566193,-2.2521904,1.6535398,1.508505,2
gacs_emotional_shorts_00_WAmw-erI_s0085,gacs_emotional_shorts_00_WAmw-erI,emotional_shorts,happy,-16.48481,1.3609687,-3.5339186,2.4168491,-3.5313025,2.1365778,-4.85619,-0.2725434,1.4880979,6.4686794,-0.24776049,0.6542687,2.9244754,1.1768725,2
gacs_emotional_shorts_00_WAmw-erI_s0086,gacs_emotional_shorts_00_WAmw-erI,emotional_shorts,calm,-16.159763,4.5140624,1.3535577,-5.4531317,0.53788966,0.47023442,-3.925049,-3.6066072,2.2619286,2.6987708,1.9375423,1.5658089,2.2749684,-1.3682948,2
gacs_emotional_shorts_00_WAmw-erI_s0087,gacs_emotional_shorts_00_WAmw-erI,emotional_shorts,concerned,-9.829095,-4.0331855,-6.0364447,-11.9073105,5.506373,4.61199,-1.7877295,0.29169986,-4.0484505,1.0872834,0.11005914,-3.374317,-0.7454309,6.794642,2
gacs_emotional_shorts_00_WAmw-erI_s0088,gacs_emotional_shorts_00_WAmw-erI,emotional_shorts,serious,-11.544074,2.5807898,-4.928514,-10.858895,-2.0427656,-1.1287273,0.034102008,0.64366716,-2.321403,0.74279684,0.28297478,-0.09920508,3.7128696,1.0884458,2
gacs_emotional_shorts_00_WAmw-erI_s0089,gacs_emotional_shorts_00_WAmw-erI,emotional_shorts,somber,9.889979,-0.05669493,-15.534983,-2.008272,24.213215,1.6619551,-1.4162198,-0.54443413,-8.227333,3.0712,-1.962746,-3.7982545,-0.62446314,6.426137,1
gacs_emotional_shorts_00_WAmw-erI_s0090,gacs_emotional_shorts_00_WAmw-erI,emotional_shorts,concerned,-1.7941736,2.96366,-6.342169,-7.9554534,3.0277183,-3.083916,-7.973492,-1.0385585,-2.033927,4.469483,1.5646868,-0.81214774,2.3593457,2.212108,2
gacs_emotional_shorts_00_WAmw-erI_s0094,gacs_emotional_shorts_00_WAmw-erI,emotional_shorts,happy,-16.810955,-1.2801595,-3.6401434,6.995893,-2.776654,2.945597,-2.328705,0.87426716,-0.60079825,7.15343,2.3826623,0.45342487,1.5130819,-0.2540838,2
gacs_emotional_shorts_00_WAmw-erI_s0095,gacs_emotional_shorts_00_WAmw-erI,emotional_shorts,happy,-13.569907,-3.398533,-4.8842335,11.772889,-5.261372,1.7307267,-3.557136,3.8986952,-0.81333417,6.9922204,0.2064614,0.21746273,3.6112666,0.58474666,2
gacs_emotional_shorts_00_WAmw-erI_s0096,gacs_emotional_shorts_00_WAmw-erI,emotional_shorts,happy,-17.447178,-2.0671961,1.9324689,13.166829,0.64822847,4.984526,-2.1626043,1.2365497,-0.78449434,5.3599014,2.4959354,2.4645054,0.17270973,-0.27396464,2
gacs_emotional_shorts_00_WAmw-erI_s0097,gacs_emotional_shorts_00_WAmw-erI,emotional_shorts,loving,-13.30725,1.7955446,-5.4660344,-5.1100383,-0.48165205,2.5416877,-0.82845485,3.1717799,-4.868495,4.647906,0.3822453,-0.5723566,5.9058056,1.6163797,2
gacs_emotional_shorts_00_WAmw-erI_s0098,gacs_emotional_shorts_00_WAmw-erI,emotional_shorts,calm,-18.7481,-1.6745144,-3.0148437,0.031657103,2.1876554,2.3514016,-3.2524364,-0.47116545,2.0759888,4.961531,0.5087422,1.1125048,2.5216954,-0.81445915,2
gacs_emotional_shorts_00_WAmw-erI_s0099,gacs_emotional_shorts_00_WAmw-erI,emotional_shorts,casual,-13.809601,-2.2548602,-1.3251278,-11.816526,2.7300138,1.3354378,-0.38737842,0.47274598,-2.8517704,0.6050194,-1.0145617,-6.1887417,1.6856338,0.0075256154,2
gacs_emotional_shorts_00_WAmw-erI_s0100,gacs_emotional_shorts_00_WAmw-erI,emotional_shorts,calm,-15.346475,0.6810585,-7.35348,-5.274788,-1.4988377,2.7068236,-4.082993,0.05324205,0.76461905,4.8342147,-0.05764406,0.21501215,4.5017633,2.2490926,2
gacs_emotional_shorts_00_WAmw-erI_s0101,gacs_emotional_shorts_00_WAmw-erI,emotional_shorts,intrigued,-10.384364,-7.011388,-8.4697695,2.5605764,-6.6594796,4.90546,-1.2635798,-0.46875712,-8.96793,0.31689313,-3.0921435,-6.35049,1.2451636,2.0337377,2
gacs_emotional_shorts_00_WAmw-erI_s0102,gacs_emotional_shorts_00_WAmw-erI,emotional_shorts,conversational,-10.8176155,-2.6024716,-8.862961,-2.3234348,-6.050782,0.48305002,-3.439915,0.41084787,1.9049098,2.5313168,-0.6225083,-2.6646879,-0.3627221,-3.3751266,2
gacs_emotional_shorts_00_WAmw-erI_s0103,gacs_emotional_shorts_00_WAmw-erI,emotional_shorts,happy,-18.716173,-1.9510869,0.08709889,8.662463,-0.22522795,4.760814,-4.7538123,-0.28562954,1.3262285,5.880755,0.5739445,2.5581832,2.5308807,-0.1929288,2
gacs_emotional_shorts_00_WAmw-erI_s0104,gacs_emotional_shorts_00_WAmw-erI,emotional_shorts,relaxed,-17.841974,2.1866164,0.4627384,-8.794706,4.066589,2.5389588,-2.6607811,-1.0636578,0.4787565,1.311396,0.22312565,-3.8307734,1.149571,-1.6735886,2
gacs_emotional_shorts_00_WAmw-erI_s0105,gacs_emotional_shorts_00_WAmw-erI,emotional_shorts,calm,-12.252471,10.401427,1.3809078,-14.158482,4.29154,0.19809262,0.1690764,-3.5438566,-6.4601407,-0.11732505,2.0069535,-1.7553304,3.6177082,3.9683914,2
gacs_emotional_shorts_00_WAmw-erI_s0106,gacs_emotional_shorts_00_WAmw-erI,emotional_shorts,calm,-17.2655,7.0969157,4.5449953,-9.382157,3.2735376,1.313315,-2.7100103,-4.3644114,1.9650434,0.34489173,0.85192716,-2.659954,2.563332,-0.023617804,2
gacs_emotional_shorts_00_WAmw-erI_s0107,gacs_emotional_shorts_00_WAmw-erI,emotional_shorts,calm,-13.168731,7.437189,-0.6048367,-11.364416,0.2996552,-2.1478314,-6.4090595,-4.2601023,-0.9537922,2.351402,-0.3108977,-3.8119066,1.8348875,-2.4243925,2
gacs_emotional_shorts_00_WAmw-erI_s0108,gacs_emotional_shorts_00_WAmw-erI,emotional_shorts,thoughtful,1.11071,8.3574505,-16.59369,-6.6706295,13.085742,-1.6888926,-6.1162925,-2.4830484,-6.011182,5.841423,-1.9092947,-0.27134228,-1.5747176,5.400653,2
gacs_emotional_shorts_00_WAmw-erI_s0109,gacs_emotional_shorts_00_WAmw-erI,emotional_shorts,calm,-15.738383,7.5515084,2.0635903,-10.913661,2.721463,0.5711638,-5.5960617,-4.7273254,0.034200992,1.6330467,0.58277357,-1.5423237,3.798381,-0.8775614,2
gacs_emotional_shorts_00_WAmw-erI_s0110,gacs_emotional_shorts_00_WAmw-erI,emotional_shorts,calm,10.220424,28.768644,-8.180731,11.214425,2.721484,3.2100077,1.4430879,2.1992166,0.7886778,-0.8244561,0.79076964,-5.0919995,2.7395086,3.6269488,0
gacs_emotional_shorts_00_WAmw-erI_s0111,gacs_emotional_shorts_00_WAmw-erI,emotional_shorts,pleasant,-16.170721,2.9239812,-0.5744462,-10.689083,2.3267572,2.6706753,-1.9885471,-1.6942549,0.6074586,0.7595102,-0.8695385,-2.8848917,1.7113751,-2.5942597,2
gacs_emotional_shorts_00_WAmw-erI_s0112,gacs_emotional_shorts_00_WAmw-erI,emotional_shorts,relaxed,-16.032146,1.8194646,-0.4045283,-10.384624,-1.8748195,2.3561902,-3.6888132,-1.2196757,0.43971562,0.13072348,0.43170664,-3.0476506,2.4969027,-0.8685549,2
gacs_emotional_shorts_00_WAmw-erI_s0113,gacs_emotional_shorts_00_WAmw-erI,emotional_shorts,casual,-10.101468,0.051024258,-5.593719,-11.7524,-0.9331894,0.48796803,-1.032203,1.5511994,-2.3922625,0.42150098,-0.8188092,-5.4249396,0.4991003,-1.0692192,2
gacs_emotional_shorts_00_WAmw-erI_s0114,gacs_emotional_shorts_00_WAmw-erI,emotional_shorts,reflective,-7.6873035,2.517735,-10.795765,-14.462475,-3.046119,2.2588916,1.4164778,-0.96149653,-7.417324,0.7189496,2.0522695,-3.4196627,1.4618305,6.565778,2
gacs_emotional_shorts_00_WAmw-erI_s0115,gacs_emotional_shorts_00_WAmw-erI,emotional_shorts,thoughtful,4.646111,7.5850844,-11.825504,-3.293444,6.8470774,-4.9240894,-4.46698,0.999955,-11.402259,2.6197395,0.14224124,0.33123696,-1.1222512,3.0149922,0
gacs_emotional_shorts_00_WAmw-erI_s0116,gacs_emotional_shorts_00_WAmw-erI,emotional_shorts,romantic,-9.079404,5.236546,3.301625,-13.700148,-1.899381,-2.2155437,1.2923946,-2.4787173,-5.522042,-1.1281834,2.9283645,-1.1296183,2.3315473,-0.33899826,2
gacs_emotional_shorts_00_WAmw-erI_s0117,gacs_emotional_shorts_00_WAmw-erI,emotional_shorts,calm,-14.066234,-1.1389109,-0.782482,-10.8540945,-0.38521847,-0.22660133,-0.014215393,0.8632587,-4.690681,-0.46579003,1.0062293,-3.2413368,3.6504083,-2.146631,2
gacs_emotional_shorts_00_WAmw-erI_s0118,gacs_emotional_shorts_00_WAmw-erI,emotional_shorts,pensive,3.8640933,27.961578,-6.5706363,8.037108,-1.9691025,0.6430204,-1.1126801,0.82736367,0.8381965,0.16759686,0.7147181,-4.376183,4.532131,2.8590558,0
gacs_emotional_shorts_00_WAmw-erI_s0119,gacs_emotional_shorts_00_WAmw-erI,emotional_shorts,calm,-5.6507325,6.686814,-10.984517,-13.6153,-0.8225868,0.5774201,1.7802536,-0.4915564,-11.554974,2.6380467,1.8547225,-2.4515827,1.2104256,2.9590037,2
gacs_emotional_shorts_00_WAmw-erI_s0120,gacs_emotional_shorts_00_WAmw-erI,emotional_shorts,serious,9.626855,28.847195,-5.630274,8.744309,7.8666987,1.855351,-0.8305156,3.2037044,2.2273633,-0.47663102,-0.5938238,-4.3770156,0.609213,1.7866453,0
gacs_emotional_shorts_00_WAmw-erI_s0121,gacs_emotional_shorts_00_WAmw-erI,emotional_shorts,intimate,1.2742938,10.770397,-9.446756,-10.778089,1.195781,-3.2516043,-3.9373167,-5.113481,-9.892647,1.9404932,-0.8226465,-0.3158943,0.8077881,2.3112628,2
gacs_emotional_shorts_00_WAmw-erI_s0122,gacs_emotional_shorts_00_WAmw-erI,emotional_shorts,loving,-13.592696,1.1776656,-3.2597132,-8.794736,-1.3847319,3.5840902,3.9469914,1.8754061,-6.1663947,-1.0123535,0.1335418,0.19243622,3.8635373,1.2879272,2
gacs_emotional_shorts_00_WAmw-erI_s0123,gacs_emotional_shorts_00_WAmw-erI,emotional_shorts,concerned,1.0631633,-5.667511,-8.53277,-4.830539,1.033408,-3.4734838,-2.8089724,2.6800435,-2.368359,1.4739418,0.23694767,-1.420412,1.5943813,5.01753,2
gacs_emotional_shorts_00_WAmw-erI_s0124,gacs_emotional_shorts_00_WAmw-erI,emotional_shorts,intimate,-17.896168,5.8621264,4.1758733,-9.136259,4.301,2.6479235,2.234156,-1.6151857,-1.35093,-1.2149782,1.5778561,0.52096254,3.174666,1.8457503,2
gacs_emotional_shorts_00_WAmw-erI_s0125,gacs_emotional_shorts_00_WAmw-erI,emotional_shorts,loving,-18.676561,0.4642857,-0.239867,-2.1717587,3.7384427,5.0459046,-1.8708642,1.45009,-2.1280923,4.7151804,-0.4826077,0.90769804,2.8802161,0.06691667,2
gacs_emotional_shorts_00_WAmw-erI_s0126,gacs_emotional_shorts_00_WAmw-erI,emotional_shorts,mysterious,-8.539165,3.4624193,7.134298,4.6792493,-6.412782,-0.02319332,5.5149794,1.3233116,-8.062001,1.3335915,1.1744326,3.5034478,0.42259863,0.73179257,2
gacs_emotional_shorts_00_WAmw-erI_s0127,gacs_emotional_shorts_00_WAmw-erI,emotional_shorts,pensive,4.4579744,28.814041,-3.4140482,9.023809,2.0525208,1.3473383,2.1033869,3.230738,-0.4186292,-0.12932566,1.5829633,-3.5693595,4.828717,2.5663452,0
gacs_emotional_shorts_00_WAmw-erI_s0128,gacs_emotional_shorts_00_WAmw-erI,emotional_shorts,happy,-18.632238,-0.23185986,4.0288973,2.4967613,0.46942613,2.8714619,0.3741156,0.60406697,-2.1467268,1.3055726,1.9559149,1.9936328,1.0924922,-2.6317706,2
gacs_emotional_shorts_00_WAmw-erI_s0129,gacs_emotional_shorts_00_WAmw-erI,emotional_shorts,relaxed,-12.904305,-0.5801576,-4.606444,-10.610922,-2.9285052,0.07485078,3.1573346,-1.163721,0.6419398,-1.6389228,1.6946787,-1.4510342,2.16771,-0.21291544,2
gacs_emotional_shorts_00_WAmw-erI_s0130,gacs_emotional_shorts_00_WAmw-erI,emotional_shorts,romantic,-12.215235,-3.259393,-0.10320594,-3.0171647,1.5817626,0.008972524,5.7810836,1.5088124,-5.997297,1.1167114,5.9827194,-0.58234775,0.35568985,2.7360992,2
gacs_emotional_shorts_00_WAmw-erI_s0131,gacs_emotional_shorts_00_WAmw-erI,emotional_shorts,romantic,-15.710558,-3.083967,-0.3216455,5.2787495,-2.6432624,-0.11940785,2.0916555,3.2589786,-3.3335972,3.1379004,2.1554065,1.5554848,1.1542219,1.1558859,2
gacs_emotional_shorts_00_WAmw-erI_s0132,gacs_emotional_shorts_00_WAmw-erI,emotional_shorts,intimate,-14.5969715,-1.3777795,-3.3248732,-6.6295757,0.5466816,1.9305317,-0.44459486,-0.081804045,-5.1157565,3.528673,2.9929385,0.105337255,3.3602014,0.48459962,2
gacs_emotional_shorts_00_WAmw-erI_s0133,gacs_emotional_shorts_00_WAmw-erI,emotional_shorts,romantic,-13.447534,-1.6686623,-2.3765888,-1.224373,-0.29879722,1.6416187,5.8060093,4.213063,-7.4778504,1.1195152,1.6094639,1.7653437,1.0520341,2.208077,2
gacs_emotional_shorts_00_WAmw-erI_s0134,gacs_emotional_shorts_00_WAmw-erI,emotional_shorts,peaceful,-15.649543,5.852859,4.750731,-9.291971,3.367243,3.12005,0.9969285,-4.1114507,4.0911746,0.30273998,1.3867185,2.3770874,4.107493,1.3271021,2
gacs_emotional_shorts_00_WAmw-erI_s0135,gacs_emotional_shorts_00_WAmw-erI,emotional_shorts,happy,-18.569326,-2.2331586,1.6130792,8.172792,0.8589282,3.1046486,-1.7697988,1.4953308,0.061021917,4.9743237,2.3208885,1.9956052,1.3692026,-0.93423307,2
gacs_emotional_shorts_00_WAmw-erI_s0136,gacs_emotional_shorts_00_WAmw-erI,emotional_shorts,emotional,2.8039436,21.65444,0.74157447,12.23813,-1.6425728,-1.4910833,4.470346,3.2668073,-2.164851,-1.1042902,5.9935894,-3.1180003,5.6291943,3.4387786,0
gacs_emotional_shorts_00_WAmw-erI_s0137,gacs_emotional_shorts_00_WAmw-erI,emotional_shorts,happy,-19.556496,-0.8672752,1.5334849,4.7721925,2.0744658,4.314353,-3.229869,0.6803496,0.77993464,4.890615,0.51052797,0.7576922,1.3463883,-1.2302272,2
gacs_emotional_shorts_00_WAmw-erI_s0138,gacs_emotional_shorts_00_WAmw-erI,emotional_shorts,peaceful,-16.467455,3.1749184,8.407167,-7.624782,5.0364456,2.1224294,0.4489569,-4.2241435,4.938481,-0.5061173,2.9917898,1.0479683,1.4434532,0.49470773,2
gacs_emotional_shorts_00_WAmw-erI_s0139,gacs_emotional_shorts_00_WAmw-erI,emotional_shorts,composed,-15.358661,-1.0792348,-8.259052,-3.6435034,-0.46123138,4.51188,-4.1757393,-0.63083214,-0.30473253,4.852568,2.2758152,-1.1226639,2.402499,2.2135115,2
gacs_emotional_shorts_00_WAmw-erI_s0140,gacs_emotional_shorts_00_WAmw-erI,emotional_shorts,engaged,-9.344706,-5.323066,-7.9836087,-3.164926,-0.94808394,-2.0155807,-5.3524504,2.721008,1.4248685,3.7428274,0.5539124,-2.2724428,2.9662135,4.316745,2
gacs_emotional_shorts_00_WAmw-erI_s0141,gacs_emotional_shorts_00_WAmw-erI,emotional_shorts,loving,-7.8533506,-6.451481,-7.9717894,-3.902323,-4.6477604,-0.5106976,-4.861783,2.8535204,-0.5181455,4.730438,0.24072424,-3.8542912,-0.9475693,7.220908,2
gacs_emotional_shorts_00_WAmw-erI_s0142,gacs_emotional_shorts_00_WAmw-erI,emotional_shorts,happy,-19.263393,-1.7266682,2.340722,5.211027,3.2134726,5.1541796,-1.3150114,1.9770087,-2.7893567,4.2068934,-0.3689011,0.81211144,0.07711428,-1.599751,2
gacs_emotional_shorts_00_WAmw-erI_s0143,gacs_emotional_shorts_00_WAmw-erI,emotional_shorts,pleasant,-17.625063,-0.5123069,-0.02987953,-6.625717,-1.6560814,4.1306777,-0.38108936,0.7841275,-0.8694774,2.0665052,2.3975854,-2.4578183,3.4943283,-0.117853105,2
gacs_emotional_shorts_00_WAmw-erI_s0144,gacs_emotional_shorts_00_WAmw-erI,emotional_shorts,happy,-18.599907,-1.999527,2.432384,9.846571,2.960602,5.5180945,-1.814653,1.2298777,-1.5992049,5.0586452,1.1078136,3.6912932,0.5421044,-1.4196701,2
gacs_emotional_shorts_01_LIed92r8_s0015,gacs_emotional_shorts_01_LIed92r8,emotional_shorts,warm,-10.0607815,-3.2045863,-11.670514,-14.638027,-5.7944474,2.3947706,-0.98560846,2.3881404,0.82082176,-0.6312518,0.2117928,-1.7525113,1.7244127,2.904171,2
gacs_emotional_shorts_01_LIed92r8_s0016,gacs_emotional_shorts_01_LIed92r8,emotional_shorts,joyful,-19.231434,-3.1278496,1.6721692,9.724718,0.1374231,5.2732625,-2.601226,0.6833832,-1.2634311,4.5547357,0.009907634,0.7738191,-0.4293227,-1.3919749,2
gacs_emotional_shorts_01_LIed92r8_s0017,gacs_emotional_shorts_01_LIed92r8,emotional_shorts,hazy,7.2004266,4.642219,-12.114328,7.3971615,-0.8463331,-0.33933154,4.9892044,-6.1192904,-0.9088768,1.865429,2.3362222,6.3424234,-3.6498952,-4.0454416,0
gacs_emotional_shorts_01_LIed92r8_s0018,gacs_emotional_shorts_01_LIed92r8,emotional_shorts,weary,7.6282835,29.320547,-8.502328,10.661065,-1.9049304,4.7682543,2.7349093,0.17841376,2.2048903,-0.5089374,0.8581313,-2.9259355,0.7462185,1.2011561,0
gacs_emotional_shorts_01_LIed92r8_s0019,gacs_emotional_shorts_01_LIed92r8,emotional_shorts,heartwarming,-16.6648,1.1576488,-0.09103533,-1.8581251,-0.0616176,2.269018,-3.0081923,0.16343346,-0.29594287,2.4043024,-2.70965,-0.44967753,2.5636683,-1.69277,2
gacs_emotional_shorts_01_LIed92r8_s0020,gacs_emotional_shorts_01_LIed92r8,emotional_shorts,lively,-13.351634,-9.3875265,-5.6389985,0.16748323,-2.5566232,4.790457,-1.0212929,4.266679,-2.0341415,1.4864292,-0.9700196,-0.60569483,-0.6867172,-0.46707624,2
gacs_emotional_shorts_01_LIed92r8_s0021,gacs_emotional_shorts_01_LIed92r8,emotional_shorts,contemplative,-6.36686,17.536894,7.4840326,4.6519895,-1.5707979,-5.370201,2.7893093,-0.80398697,-1.7941989,-0.6396193,0.9641685,2.594806,-1.8749866,1.3695644,0
gacs_emotional_shorts_01_LIed92r8_s0022,gacs_emotional_shorts_01_LIed92r8,emotional_shorts,calm,-7.670475,15.386117,-5.691904,-10.156514,-0.117835365,0.050725017,0.23209098,-6.167871,6.4789524,3.723587,3.8383937,-0.43890953,1.4886509,0.26353434,2
gacs_emotional_shorts_02_DZQtVmKM_s0007,gacs_emotional_shorts_02_DZQtVmKM,emotional_shorts,joyful,-19.795828,-1.9677795,7.086263,4.2926774,2.8507555,5.7155085,-1.0964411,1.5498261,-1.968868,1.2521142,0.06768552,0.7235527,0.9520018,-1.5089934,2
gacs_emotional_shorts_02_DZQtVmKM_s0008,gacs_emotional_shorts_02_DZQtVmKM,emotional_shorts,happy,-15.154066,-4.443355,2.2474418,16.832214,1.2712488,1.7907968,-1.7890451,0.37389603,0.21815825,5.8684487,4.40089,1.4541279,0.16819355,-0.47754148,2
gacs_emotional_shorts_02_DZQtVmKM_s0009,gacs_emotional_shorts_02_DZQtVmKM,emotional_shorts,emotional,-14.291183,-0.34552175,-4.0089235,5.7652073,-1.2893138,0.08837455,-1.3784027,3.9232748,-1.4226836,7.413882,2.9955804,1.0829434,2.8445163,2.973872,2
gacs_emotional_shorts_02_DZQtVmKM_s0010,gacs_emotional_shorts_02_DZQtVmKM,emotional_shorts,emotional,-19.66052,-3.683191,5.26349,4.7293286,4.584564,3.222404,0.20626707,3.438738,-1.9493077,2.656169,2.454472,1.8223152,0.123472214,-0.8003327,2
gacs_emotional_shorts_02_DZQtVmKM_s0011,gacs_emotional_shorts_02_DZQtVmKM,emotional_shorts,joyful,-15.674703,-5.379454,4.6782846,16.415844,0.66268414,2.6368368,-2.2992291,1.0245467,-0.4897329,4.292082,4.648441,1.459159,0.36330068,0.98003554,2
gacs_emotional_shorts_02_DZQtVmKM_s0012,gacs_emotional_shorts_02_DZQtVmKM,emotional_shorts,happy,-15.01432,-2.9181461,-0.8704587,15.416084,-2.2507894,3.4571733,-3.6585724,0.7049031,-0.049190134,5.843456,-0.0152172735,0.9953261,1.1636454,-0.08558667,2
gacs_emotional_shorts_02_DZQtVmKM_s0013,gacs_emotional_shorts_02_DZQtVmKM,emotional_shorts,joyful,-16.634075,-2.9727058,1.1959432,11.690061,-0.5714181,5.04379,-3.280129,0.8264659,-2.1036773,4.5548754,-0.82387877,1.4002676,-0.8371413,-0.5057102,2
gacs_emotional_shorts_02_DZQtVmKM_s0014,gacs_emotional_shorts_02_DZQtVmKM,emotional_shorts,happy,-15.5668125,-3.7654078,-0.1423417,14.742819,-0.9123915,4.4050574,-3.1006694,1.3175622,-1.3251253,5.3765593,1.3092862,1.8458614,0.44330347,-0.6475164,2
gacs_emotional_shorts_02_DZQtVmKM_s0015,gacs_emotional_shorts_02_DZQtVmKM,emotional_shorts,joyful,-16.383924,-3.3995378,2.9188604,9.125808,-0.6006317,4.206364,-2.2877052,1.9860584,-2.576936,3.6214046,0.42827347,1.3287845,0.37587363,-0.6299098,2
gacs_emotional_shorts_02_DZQtVmKM_s0016,gacs_emotional_shorts_02_DZQtVmKM,emotional_shorts,happy,-16.293533,-2.4179554,-0.684287,12.734829,0.07272239,4.863012,-2.9196181,1.0711484,-2.1677568,5.578011,-0.2059408,1.442514,0.5166682,-0.65462434,2
gacs_emotional_shorts_02_DZQtVmKM_s0017,gacs_emotional_shorts_02_DZQtVmKM,emotional_shorts,joyful,-11.539739,-4.9545617,0.14634264,21.963211,-5.6803055,5.420438,-4.2657084,-2.4008722,-2.879957,3.6360786,1.5383619,-0.46380025,2.1347518,0.28883636,2
gacs_emotional_shorts_02_DZQtVmKM_s0018,gacs_emotional_shorts_02_DZQtVmKM,emotional_shorts,formal,3.7805412,-6.6194906,-13.246511,-4.808032,-4.8332562,-1.5761943,-5.4382124,5.8856096,3.1815412,-3.491307,2.655379,6.2205477,2.36331,3.5788078,2
gacs_emotional_shorts_02_DZQtVmKM_s0019,gacs_emotional_shorts_02_DZQtVmKM,emotional_shorts,happy,-16.857975,-4.2310276,3.2322516,13.70626,3.7772899,4.0491195,-1.3532798,1.54242,-1.3546789,4.4405813,3.9577074,2.263861,0.73374027,0.5190981,2
gacs_emotional_shorts_02_DZQtVmKM_s0020,gacs_emotional_shorts_02_DZQtVmKM,emotional_shorts,sentimental,-17.035763,-4.2395835,2.1054208,6.9227023,2.3800325,1.0155724,0.0402408,3.876018,-1.8393737,4.3567615,1.9161851,1.6928681,0.42175665,2.8020844,2
gacs_emotional_shorts_02_DZQtVmKM_s0021,gacs_emotional_shorts_02_DZQtVmKM,emotional_shorts,busy,-5.728778,-4.175833,-14.266642,-1.2116512,-8.093579,-2.0046346,-4.8046823,3.0934951,3.6992955,0.17597458,-1.5132391,2.0812993,1.9152169,1.0035942,2
gacs_emotional_shorts_02_DZQtVmKM_s0022,gacs_emotional_shorts_02_DZQtVmKM,emotional_shorts,playful,-17.360716,-2.7126412,-4.0111775,3.9394727,-5.9120493,5.2606187,-3.7198231,1.0628396,-4.5139503,1.6525178,-5.1933,-0.15531458,1.4875431,-0.65345556,2
gacs_emotional_shorts_02_DZQtVmKM_s0023,gacs_emotional_shorts_02_DZQtVmKM,emotional_shorts,calm,-7.0252833,-4.3324537,-9.473048,6.3562055,-5.1104875,-1.0402391,-6.610875,2.5458329,2.9955354,3.4628158,-0.47247556,2.2964895,3.5648062,2.0040047,2
gacs_emotional_shorts_02_DZQtVmKM_s0024,gacs_emotional_shorts_02_DZQtVmKM,emotional_shorts,everyday,-0.9335575,-4.373227,-2.0083363,-6.6791434,-2.1290126,-2.8681295,-6.1070457,0.6891117,-1.9104607,-1.1429297,0.87727827,0.9202559,-0.43051806,-3.0784218,2
gacs_emotional_shorts_02_DZQtVmKM_s0025,gacs_emotional_shorts_02_DZQtVmKM,emotional_shorts,peaceful,-17.82282,-1.7844068,1.7467654,-0.22832836,1.7051466,4.323522,-2.737891,0.8683668,1.821139,3.605915,0.8225572,2.1330454,2.5353909,2.0818353,2
gacs_emotional_shorts_02_DZQtVmKM_s0026,gacs_emotional_shorts_02_DZQtVmKM,emotional_shorts,calm,-5.237103,7.0447598,-9.715653,-11.1958475,-4.3766413,-0.120511554,2.444066,-6.3158197,4.780166,2.1056511,5.3775344,-0.83869505,-1.7987419,1.713423,2
gacs_emotional_shorts_02_DZQtVmKM_s0027,gacs_emotional_shorts_02_DZQtVmKM,emotional_shorts,emotional,-4.8871713,-8.432858,-0.32732442,1.0170239,-7.151391,-3.8201106,-0.8825966,2.8662493,-8.053606,-4.039907,4.3197618,-1.4435368,7.27386,2.9076993,2
gacs_emotional_shorts_02_DZQtVmKM_s0028,gacs_emotional_shorts_02_DZQtVmKM,emotional_shorts,emotional,-6.079417,3.637874,3.171871,0.52413493,-3.597228,-4.4343233,2.0319684,5.1259785,-8.260617,-0.096689396,3.4246762,2.4740584,8.074113,2.1387796,2
gacs_emotional_shorts_02_DZQtVmKM_s0029,gacs_emotional_shorts_02_DZQtVmKM,emotional_shorts,dark,22.995655,-0.3932276,0.410127,-3.711632,0.1085057,-0.8926699,-0.31021485,3.1611178,2.907834,2.7854886,-0.9339959,7.7858925,1.3942722,-2.8181012,1
gacs_emotional_shorts_02_DZQtVmKM_s0030,gacs_emotional_shorts_02_DZQtVmKM,emotional_shorts,urgent,15.231223,1.60905,0.15580925,2.9080498,-1.8420236,-6.1712136,-7.318811,7.0613995,-1.5162842,-0.14742266,1.0722598,-0.37869036,2.2667255,1.2890176,1
gacs_emotional_shorts_02_DZQtVmKM_s0031,gacs_emotional_shorts_02_DZQtVmKM,emotional_shorts,tense,10.6579685,25.690071,-1.9879118,6.363488,4.699275,-0.8754281,3.798677,4.866271,0.6138457,1.1836616,0.31168535,-2.1641436,1.9272629,-0.76415354,0
gacs_emotional_shorts_02_DZQtVmKM_s0032,gacs_emotional_shorts_02_DZQtVmKM,emotional_shorts,curious,-11.168979,-3.4647923,-1.6836338,-2.478252,-0.7369196,-2.7445462,-4.9277606,2.7919462,-2.731222,3.407592,-5.760592,-2.0773697,0.39818746,-0.12103795,2
gacs_emotional_shorts_02_DZQtVmKM_s0033,gacs_emotional_shorts_02_DZQtVmKM,emotional_shorts,anxious,18.795265,-5.9685206,10.593984,-2.9869223,-0.96736723,-2.9282663,-9.118775,7.6985464,0.79347247,-1.7266566,3.7528896,1.9039414,-0.866144,-0.4432976,1
gacs_emotional_shorts_02_DZQtVmKM_s0034,gacs_emotional_shorts_02_DZQtVmKM,emotional_shorts,calm,10.208105,23.5182,-2.9808865,7.192186,4.1801395,-1.6461197,-5.619308,1.5984287,4.4007773,4.2469883,0.0024134454,-1.34057,-0.0034211539,0.3115324,0
gacs_emotional_shorts_02_DZQtVmKM_s0035,gacs_emotional_shorts_02_DZQtVmKM,emotional_shorts,playful,-17.180723,-2.500664,1.7891182,-1.7376926,2.038595,2.4711113,-3.0600607,3.0016296,0.60036474,0.3797532,-5.8372703,-1.6170752,0.3719893,-1.1158893,2
gacs_emotional_shorts_02_DZQtVmKM_s0036,gacs_emotional_shorts_02_DZQtVmKM,emotional_shorts,playful,-15.422835,-4.341693,-1.790487,-1.1427225,-2.4538484,1.9369342,-3.7220163,1.434669,0.19594185,-0.74183637,-8.162107,-0.6752521,0.8485133,1.367894,2
gacs_emotional_shorts_02_DZQtVmKM_s0037,gacs_emotional_shorts_02_DZQtVmKM,emotional_shorts,joyful,-18.670683,-3.2749658,3.9826887,3.4844856,1.3161901,3.2868962,-3.2298226,0.07787751,0.36096808,1.4266683,-2.7101882,-0.52051866,-0.6224183,-0.39162004,2
gacs_emotional_shorts_02_DZQtVmKM_s0038,gacs_emotional_shorts_02_DZQtVmKM,emotional_shorts,curious,-9.919428,-4.8086905,-15.622784,-4.1271667,-3.1338766,2.8914566,-4.18687,1.2536216,-2.5382793,4.872318,-2.071168,-4.931219,2.7559764,2.2487383,2
gacs_emotional_shorts_02_DZQtVmKM_s0039,gacs_emotional_shorts_02_DZQtVmKM,emotional_shorts,busy,-0.47354788,-6.560302,-16.934381,2.160818,-9.969594,0.9325865,-6.108682,1.4335308,3.796616,0.5250481,-1.5019041,2.765428,1.6135329,2.4493415,2
gacs_emotional_shorts_02_DZQtVmKM_s0040,gacs_emotional_shorts_02_DZQtVmKM,emotional_shorts,helpful,-0.34261876,-1.1690964,-12.802813,-4.3902016,-4.413543,-1.9716947,-10.219583,-0.5185171,3.9644778,3.4924295,-0.60964346,3.564119,3.1080816,5.4951525,2
gacs_emotional_shorts_02_DZQtVmKM_s0041,gacs_emotional_shorts_02_DZQtVmKM,emotional_shorts,tender,-10.1156645,-3.3555667,-8.060288,-0.16449131,-0.33081958,-5.542846,-2.0555406,2.750786,1.5802085,6.215607,-0.42427844,1.1225405,-1.2524346,5.5924444,2
gacs_emotional_shorts_02_DZQtVmKM_s0042,gacs_emotional_shorts_02_DZQtVmKM,emotional_shorts,emotional,-12.155428,0.31619966,-1.3054498,6.783247,-2.1673336,-2.5362034,-0.08914915,5.4729133,-3.2138586,3.0165257,4.1083694,2.7954943,5.013677,4.1105146,2
gacs_emotional_shorts_02_DZQtVmKM_s0043,gacs_emotional_shorts_02_DZQtVmKM,emotional_shorts,happy,-15.77521,-4.22869,1.1289327,16.96975,-1.5191686,3.0168436,-3.584985,0.4812572,-0.8287366,5.0487995,0.81876224,1.7328453,-0.3149201,-1.76933,2
gacs_emotional_shorts_02_DZQtVmKM_s0044,gacs_emotional_shorts_02_DZQtVmKM,emotional_shorts,emotional,-12.892182,0.039475136,-4.3176274,-3.586647,1.5339005,0.67134404,2.413915,4.45845,-5.544743,2.208863,2.3248754,-0.20283076,3.4394267,2.6178055,2
gacs_emotional_shorts_02_DZQtVmKM_s0045,gacs_emotional_shorts_02_DZQtVmKM,emotional_shorts,happy,-17.85489,-2.6873562,0.11924551,8.813577,0.75455695,3.5657103,-4.354551,1.8608326,-1.125797,6.1082606,-3.3873057,0.6887682,-1.72422,-2.658455,2
gacs_emotional_shorts_02_DZQtVmKM_s0046,gacs_emotional_shorts_02_DZQtVmKM,emotional_shorts,happy,-19.380346,-2.1993787,4.5917234,10.192292,2.3375096,5.023438,-3.0225132,2.1142178,0.09471526,4.3148165,-0.45828244,3.01513,0.3774355,-1.817888,2
gacs_emotional_shorts_02_DZQtVmKM_s0047,gacs_emotional_shorts_02_DZQtVmKM,emotional_shorts,energetic,-15.6205,-5.405916,-0.12067083,5.9100914,3.970698,0.57748383,-0.522761,3.7901516,-1.55045,4.194554,-0.3879358,0.8113034,-1.1992563,-0.7940826,2
gacs_emotional_shorts_02_DZQtVmKM_s0048,gacs_emotional_shorts_02_DZQtVmKM,emotional_shorts,joyful,-19.151161,-4.211939,5.9643636,4.424013,0.5489669,5.002441,-2.5548346,2.3043659,-1.6424757,1.8595535,0.013885111,0.37967446,0.32042092,-1.9724435,2
gacs_emotional_shorts_02_DZQtVmKM_s0049,gacs_emotional_shorts_02_DZQtVmKM,emotional_shorts,happy,-19.605537,-1.2863952,4.747265,5.276839,3.4165912,5.9564214,-2.63641,1.9925085,-1.7295552,3.8542547,-0.39287943,1.3394641,1.6641325,-2.5806358,2
gacs_emotional_shorts_02_DZQtVmKM_s0050,gacs_emotional_shorts_02_DZQtVmKM,emotional_shorts,distressed,-1.1891284,0.74104196,-12.564346,-3.6239274,-5.0293794,0.78725237,-6.812694,3.2257624,-5.8637085,0.733723,1.6072973,0.6127472,2.8589044,4.0703316,2
gacs_emotional_shorts_02_DZQtVmKM_s0051,gacs_emotional_shorts_02_DZQtVmKM,emotional_shorts,happy,-17.61127,-5.6567984,1.9677389,9.900404,-2.7693238,5.542602,-3.0723555,2.6898534,-0.42890194,3.2549548,0.42591846,1.1579825,1.5685111,-2.704923,2
gacs_emotional_shorts_02_DZQtVmKM_s0052,gacs_emotional_shorts_02_DZQtVmKM,emotional_shorts,loving,-6.788379,-0.007086656,-11.349916,-5.162282,-4.1826253,0.97168267,-1.5080812,5.4234686,-3.844264,3.0403006,-0.3549878,-0.7896751,6.373986,4.44906,2
gacs_emotional_shorts_02_DZQtVmKM_s0053,gacs_emotional_shorts_02_DZQtVmKM,emotional_shorts,happy,-13.294516,-4.287248,-7.790558,5.903866,-3.9288046,3.0733294,-2.4719212,3.4639068,-1.857933,4.280109,0.45359683,-0.47426468,3.1843414,1.4187704,2
gacs_emotional_shorts_02_DZQtVmKM_s0054,gacs_emotional_shorts_02_DZQtVmKM,emotional_shorts,concerned,24.014292,1.1074212,7.2236834,-3.9337614,3.5428226,-0.36934024,-8.496022,7.730526,-1.8515618,-3.066719,3.2447762,1.1918647,-2.2022462,2.1793504,1
gacs_emotional_shorts_02_DZQtVmKM_s0055,gacs_emotional_shorts_02_DZQtVmKM,emotional_shorts,caring,0.9159752,-0.7726247,-9.997649,-6.9382124,-1.3686175,-2.5455086,-1.5577868,8.666261,-3.7215097,-1.980034,0.29470703,0.7529636,8.5464525,4.2228165,2
gacs_emotional_shorts_02_DZQtVmKM_s0056,gacs_emotional_shorts_02_DZQtVmKM,emotional_shorts,calm,-0.8860186,-5.1671925,-7.2449594,-2.5907745,0.224323,-3.0355103,-8.457625,0.3476528,5.0498505,2.9733577,0.47083202,4.428234,2.800631,3.324813,2
gacs_emotional_shorts_02_DZQtVmKM_s0057,gacs_emotional_shorts_02_DZQtVmKM,emotional_shorts,curious,13.896927,-8.024057,-18.335142,5.640148,4.710333,5.096064,-5.376004,-10.287784,-0.61050266,0.57271737,-3.5216758,-2.2725198,-1.1882677,4.1324806,1
gacs_emotional_shorts_02_DZQtVmKM_s0058,gacs_emotional_shorts_02_DZQtVmKM,emotional_shorts,happy,-13.732141,-5.7820396,4.1232667,18.459366,-0.66561425,3.9854252,-2.237022,0.66098565,-1.0858015,3.5160637,2.8307617,1.5280514,0.1354571,0.32127267,2
gacs_emotional_shorts_02_DZQtVmKM_s0059,gacs_emotional_shorts_02_DZQtVmKM,emotional_shorts,festive,-19.64141,-0.41691214,2.4396987,6.4078355,2.6343532,4.0856223,-1.2838985,1.1808965,-1.3450037,4.236845,-0.11103989,0.97204334,1.288492,0.06879929,2
gacs_emotional_shorts_02_DZQtVmKM_s0060,gacs_emotional_shorts_02_DZQtVmKM,emotional_shorts,joyful,-7.899718,-7.890553,1.3160306,25.27732,-5.6671414,4.4360933,-3.2203412,-3.2704844,-3.1838393,2.3469253,3.865951,-0.97822505,2.4247408,0.24926963,2
gacs_emotional_shorts_02_DZQtVmKM_s0061,gacs_emotional_shorts_02_DZQtVmKM,emotional_shorts,happy,-13.061128,-4.5842957,5.6699204,16.199455,-1.76944,2.8608084,-2.7208846,2.0161881,-2.2734938,4.276851,3.703823,2.7501755,3.1703138,-0.45214304,2
gacs_emotional_shorts_02_DZQtVmKM_s0062,gacs_emotional_shorts_02_DZQtVmKM,emotional_shorts,casual,-17.329985,-2.2987788,2.1041472,-2.332978,2.246723,0.041824933,-2.019728,0.71459025,1.1313281,2.1343193,-0.23055235,-1.3084927,2.3777366,-1.758537,2
gacs_emotional_shorts_02_DZQtVmKM_s0063,gacs_emotional_shorts_02_DZQtVmKM,emotional_shorts,happy,-17.766178,0.5117423,3.512219,9.062291,-0.9424921,2.4061642,-3.2406447,-0.40375528,1.7180002,6.4619403,-1.0924243,5.0087266,0.19205683,-1.7562854,2
gacs_emotional_shorts_02_DZQtVmKM_s0064,gacs_emotional_shorts_02_DZQtVmKM,emotional_shorts,loving,-16.889965,-5.022789,-2.0459292,-0.86131436,1.6677346,6.085639,-3.3674886,3.3201745,-3.914761,2.4127643,-2.7597814,-1.2106264,1.8787216,1.2475932,2
gacs_emotional_shorts_02_DZQtVmKM_s0065,gacs_emotional_shorts_02_DZQtVmKM,emotional_shorts,joyful,-17.466728,-4.603839,4.701082,9.511268,1.2533903,4.0533233,-2.8053734,2.2215488,-0.6572926,3.5425503,-0.15614676,1.8000631,-0.21648878,-0.57027984,2
gacs_emotional_shorts_02_DZQtVmKM_s0066,gacs_emotional_shorts_02_DZQtVmKM,emotional_shorts,affectionate,-18.60808,-0.9399467,4.278235,6.371212,4.4124413,3.8419445,-2.201507,3.2262723,-2.004599,4.287489,-0.5630759,0.9224024,1.1238648,-1.6066926,2
gacs_emotional_shorts_02_DZQtVmKM_s0067,gacs_emotional_shorts_02_DZQtVmKM,emotional_shorts,joyful,-17.587683,-4.6457157,6.4401593,6.1225286,-0.052504417,2.2938128,-2.3065734,2.3379316,-1.132014,0.6068541,0.7810237,1.311452,1.2062725,0.16149907,2
gacs_emotional_shorts_02_DZQtVmKM_s0068,gacs_emotional_shorts_02_DZQtVmKM,emotional_shorts,calm,-5.988568,0.41659805,-10.876083,-3.7897599,-7.1155195,-0.4920756,-8.160489,4.7773623,1.1825079,0.9062245,-1.9322634,1.0063854,3.2416728,4.4594083,2
gacs_emotional_shorts_02_DZQtVmKM_s0069,gacs_emotional_shorts_02_DZQtVmKM,emotional_shorts,clinical,0.57441527,-5.8458138,-16.687836,-5.027484,-12.859235,1.7795739,-3.8475175,2.0087664,0.6031764,0.3860917,-3.6712685,-0.98086524,1.903215,6.2064013,2
gacs_emotional_shorts_02_DZQtVmKM_s0070,gacs_emotional_shorts_02_DZQtVmKM,emotional_shorts,overcast,-4.068378,0.06817409,-12.996189,2.0360558,-3.870198,-3.0634875,-6.205842,-1.5009669,0.32524335,4.7555575,1.2326465,0.7612272,2.2153068,1.2971023,2
gacs_emotional_shorts_02_DZQtVmKM_s0071,gacs_emotional_shorts_02_DZQtVmKM,emotional_shorts,overcast,-13.041997,-2.7584367,0.40580845,-2.073354,-2.7886112,-2.6800234,-3.4121115,2.3113842,1.7382615,0.20151901,-0.60823375,-1.6163957,0.28492087,-2.9091213,2
gacs_emotional_shorts_02_DZQtVmKM_s0072,gacs_emotional_shorts_02_DZQtVmKM,emotional_shorts,cheerful,-19.224537,-0.47395095,3.8687341,-1.8403286,2.950816,5.589214,-0.8998371,3.0325432,-1.174945,0.47840333,-3.1956055,-0.9344172,1.6211185,-3.6510706,2
gacs_emotional_shorts_02_DZQtVmKM_s0073,gacs_emotional_shorts_02_DZQtVmKM,emotional_shorts,playful,-17.841864,4.605751,6.3008986,-8.996594,4.6758633,2.546783,0.5553553,-1.5734726,0.5181246,-0.7995287,0.27877232,-0.8287639,3.1027048,1.0372634,2
gacs_emotional_shorts_02_DZQtVmKM_s0074,gacs_emotional_shorts_02_DZQtVmKM,emotional_shorts,calm,-18.068108,1.5955555,1.6345295,-2.4600635,0.83294564,1.419992,-2.371507,-1.9080714,3.3233883,2.472044,-1.3843151,-1.3678374,0.6901569,-0.46044728,2
gacs_emotional_shorts_02_DZQtVmKM_s0075,gacs_emotional_shorts_02_DZQtVmKM,emotional_shorts,tranquil,-13.854006,11.368141,5.0794773,-10.994335,-0.37912327,0.11806162,3.6682858,-6.3598423,1.7017701,-1.3109869,2.1947443,-0.3333975,0.5610233,-1.0449654,2
gacs_emotional_shorts_02_DZQtVmKM_s0076,gacs_emotional_shorts_02_DZQtVmKM,emotional_shorts,happy,-11.274705,-7.246158,0.7732118,24.411951,-3.092175,5.723649,-4.199377,-3.0046802,-2.2315338,2.9230535,3.459478,-0.558868,2.5113368,-2.0366328,2
gacs_emotional_shorts_02_DZQtVmKM_s0077,gacs_emotional_shorts_02_DZQtVmKM,emotional_shorts,joyful,-18.490005,-3.1536984,5.8468804,10.283107,1.2484431,4.364867,-1.7004591,1.9940988,-1.7454075,3.507506,1.2483782,1.9647051,1.1487134,0.74312323,2
gacs_emotional_shorts_02_DZQtVmKM_s0078,gacs_emotional_shorts_02_DZQtVmKM,emotional_shorts,solemn,-5.213243,2.4578555,-7.824469,-8.830989,-4.392769,-2.76567,-1.2607036,5.4420457,-5.0992365,2.715169,4.159565,3.6468537,3.3567607,1.6704764,2
gacs_emotional_shorts_02_DZQtVmKM_s0079,gacs_emotional_shorts_02_DZQtVmKM,emotional_shorts,emotional,-17.126535,-1.1709942,8.879851,6.674907,1.9857522,2.8807433,-0.27316406,3.8119934,-2.7209632,1.8052042,3.0710578,2.6462379,2.8808088,0.5827814,2
gacs_emotional_shorts_02_DZQtVmKM_s0080,gacs_emotional_shorts_02_DZQtVmKM,emotional_shorts,communal,-15.91275,-2.4176962,5.225308,-9.2909565,4.04102,5.03363,1.9537423,3.0938537,-5.5084467,-0.9618532,4.571588,1.6812706,2.3260872,1.8229533,2
gacs_emotional_shorts_02_DZQtVmKM_s0081,gacs_emotional_shorts_02_DZQtVmKM,emotional_shorts,surprising,-13.699657,-8.675624,6.4617543,15.836859,-3.457912,4.095496,-1.9818847,-0.4063575,-2.4748442,0.5925517,1.8704015,0.48250285,1.6543237,2.7092915,2
gacs_emotional_shorts_02_DZQtVmKM_s0082,gacs_emotional_shorts_02_DZQtVmKM,emotional_shorts,surprised,-11.193253,-7.489481,1.048964,17.948187,-5.7965198,2.7491336,-5.935045,-0.65484065,-3.020199,1.8629736,2.6247065,-0.47112262,3.3103366,3.7371619,2
gacs_emotional_shorts_02_DZQtVmKM_s0083,gacs_emotional_shorts_02_DZQtVmKM,emotional_shorts,surprised,-12.230904,-9.504175,5.019645,19.533134,-2.2777157,5.151525,-4.3800125,-1.264557,-4.032081,0.78776884,2.4620144,-0.49602172,1.085672,1.3567979,2
gacs_emotional_shorts_02_DZQtVmKM_s0084,gacs_emotional_shorts_02_DZQtVmKM,emotional_shorts,joyful,-2.3504293,-10.992638,-3.977266,27.135485,-8.961044,6.41126,-5.269137,-8.36068,-4.4539065,-0.4458946,3.384731,-4.0305877,4.6098447,0.41594806,2
gacs_emotional_shorts_02_DZQtVmKM_s0085,gacs_emotional_shorts_02_DZQtVmKM,emotional_shorts,happy,-18.441135,-4.1206303,4.043855,11.476913,1.52967,4.758961,-2.5701792,1.4473307,-1.5763015,3.188898,-1.2796828,0.88998246,0.05047862,-2.938462,2
gacs_emotional_shorts_02_DZQtVmKM_s0086,gacs_emotional_shorts_02_DZQtVmKM,emotional_shorts,lively,-4.9740534,-10.189689,-7.2194576,22.468052,-10.293637,6.2940164,-4.2176027,-6.786665,-5.912436,0.1656363,-0.153725,-5.524953,3.9556117,-1.8804902,2
gacs_emotional_shorts_02_DZQtVmKM_s0087,gacs_emotional_shorts_02_DZQtVmKM,emotional_shorts,happy,-19.23948,-3.1091976,3.3586159,5.5984097,0.92208225,3.8887997,-2.8219986,1.3817409,0.18723752,2.9392433,-0.16163322,0.75285023,0.85607815,-2.0451863,2
gacs_emotional_shorts_02_DZQtVmKM_s0088,gacs_emotional_shorts_02_DZQtVmKM,emotional_shorts,joyful,-16.691671,-2.179272,3.8219388,9.2519455,0.9094785,4.7759852,-1.9797448,2.1539645,-2.283134,3.6678498,-0.09146782,1.4601709,0.27479938,-0.8749749,2
gacs_emotional_shorts_02_DZQtVmKM_s0089,gacs_emotional_shorts_02_DZQtVmKM,emotional_shorts,reflective,-19.20392,-2.5158672,2.19763,1.0914887,3.094537,4.0267425,-1.3435583,0.79068,-1.0133792,3.4078345,0.73296523,0.27791694,1.684518,0.42246604,2
gacs_emotional_shorts_02_DZQtVmKM_s0090,gacs_emotional_shorts_02_DZQtVmKM,emotional_shorts,celebratory,-17.61841,-3.7490878,2.8737206,14.0142975,3.60884,4.904402,-1.0814518,1.7039855,-2.3119736,4.6684575,3.1689432,1.1825675,0.37077913,-0.622993,2
gacs_emotional_shorts_02_DZQtVmKM_s0091,gacs_emotional_shorts_02_DZQtVmKM,emotional_shorts,celebratory,-18.531559,-3.8918579,2.710848,6.8781624,5.1411505,4.7186847,0.80969995,2.3903487,-2.6999528,4.0489907,2.161035,0.94441414,0.49519646,-0.49233425,2
gacs_emotional_shorts_02_DZQtVmKM_s0092,gacs_emotional_shorts_02_DZQtVmKM,emotional_shorts,loving,-16.980455,5.322115,-0.47863927,0.08408959,-1.2200617,5.4026785,-3.1108086,-0.017771339,-1.5999857,4.06683,-1.042104,2.0931609,3.1480832,-0.31299114,2
gacs_emotional_shorts_02_DZQtVmKM_s0093,gacs_emotional_shorts_02_DZQtVmKM,emotional_shorts,happy,-20.033674,-2.1993434,1.3940613,-0.5976075,0.61481595,4.1449156,-3.2821631,0.65848243,0.60319155,2.5433164,-0.9607161,-1.2542337,2.21993,-1.731538,2
gacs_emotional_shorts_02_DZQtVmKM_s0094,gacs_emotional_shorts_02_DZQtVmKM,emotional_shorts,happy,-17.776419,-3.0663736,-0.5870996,9.553493,1.1947579,3.8334987,-3.5194268,0.24068725,0.0020682614,4.5174503,-2.4103823,1.9074831,0.09337893,0.096151024,2
gacs_emotional_shorts_02_DZQtVmKM_s0095,gacs_emotional_shorts_02_DZQtVmKM,emotional_shorts,exhausted,20.040619,21.669573,2.784073,2.799114,4.1051493,2.9086514,-0.9428486,5.6561136,3.0635715,-3.824804,-1.2954539,-1.5369201,-3.1467652,-0.20016639,0
gacs_emotional_shorts_02_DZQtVmKM_s0096,gacs_emotional_shorts_02_DZQtVmKM,emotional_shorts,concerned,16.815598,0.16871317,-3.2539208,-0.21481536,1.5680773,-4.300777,-8.179783,8.656718,0.3219124,-4.258104,3.8283029,4.428942,0.8077853,1.6854008,1
gacs_emotional_shorts_02_DZQtVmKM_s0097,gacs_emotional_shorts_02_DZQtVmKM,emotional_shorts,concerned,18.539297,17.225876,0.81117135,2.535727,2.1050103,-1.169332,-3.5146518,7.1659017,-0.8958466,-3.882127,3.1118972,-0.6326231,1.2354964,1.2916253,0
gacs_emotional_shorts_02_DZQtVmKM_s0098,gacs_emotional_shorts_02_DZQtVmKM,emotional_shorts,serious,20.739397,2.129786,-4.651869,-2.6730225,-0.26017746,-0.90565634,-5.985924,8.919879,0.04124653,-6.532658,4.710477,4.7977204,0.4438442,2.4193974,1
gacs_emotional_shorts_02_DZQtVmKM_s0099,gacs_emotional_shorts_02_DZQtVmKM,emotional_shorts,playful,-19.964163,-2.3420942,7.238842,-0.34515548,3.010054,5.4918,0.10038334,3.5497282,-2.7636576,-1.7545265,-1.6652374,-0.0012156893,-0.2719515,-2.7735107,2
gacs_emotional_shorts_02_DZQtVmKM_s0100,gacs_emotional_shorts_02_DZQtVmKM,emotional_shorts,serious,-1.4451948,-2.1947398,-2.5995214,-9.41735,-2.3868568,-5.3817635,-4.8270497,7.9663634,1.3012627,-2.286513,0.7785869,1.4361794,5.4595766,5.093965,2
gacs_emotional_shorts_02_DZQtVmKM_s0101,gacs_emotional_shorts_02_DZQtVmKM,emotional_shorts,affectionate,-19.407347,-0.29218823,3.8581223,-0.8134954,4.9543447,4.9959235,1.3474079,4.649443,-4.5812054,1.0704457,-0.24154006,-0.4043177,1.8275621,-0.10551592,2
gacs_emotional_shorts_02_DZQtVmKM_s0102,gacs_emotional_shorts_02_DZQtVmKM,emotional_shorts,playful,-19.043692,-0.12834178,2.2181008,-0.24204873,3.805535,4.555137,-2.9192705,1.054713,1.7254004,3.0635543,-3.552006,0.66239,0.65464073,-2.3701034,2
gacs_emotional_shorts_02_DZQtVmKM_s0103,gacs_emotional_shorts_02_DZQtVmKM,emotional_shorts,affectionate,-18.920568,2.9555116,2.7975225,-2.6477966,6.671466,5.2755303,-0.1821623,1.5551739,-5.1323285,1.252925,0.46901295,0.5429648,2.1313372,0.08139367,2
gacs_emotional_shorts_02_DZQtVmKM_s0104,gacs_emotional_shorts_02_DZQtVmKM,emotional_shorts,joyful,-18.198309,-2.8446608,5.5550766,7.824059,2.4428394,5.25546,-1.9246577,1.73841,-2.1043897,2.7112024,-1.0933751,1.6938735,-0.8852538,-1.858042,2
gacs_emotional_shorts_02_DZQtVmKM_s0105,gacs_emotional_shorts_02_DZQtVmKM,emotional_shorts,excited,-17.815798,-5.642063,2.4871035,3.4006298,2.678466,2.6470833,-4.139207,2.8858345,-3.471428,1.4791179,-3.5057082,-4.751413,0.24404025,-3.8025012,2
gacs_emotional_shorts_02_DZQtVmKM_s0106,gacs_emotional_shorts_02_DZQtVmKM,emotional_shorts,curious,5.0953846,-4.525946,-21.011301,4.8415895,4.45459,0.26597577,-6.8722787,-5.683303,-0.8295356,3.793267,-5.14433,0.6368033,-2.2350252,5.2124376,1
gacs_emotional_shorts_02_DZQtVmKM_s0107,gacs_emotional_shorts_02_DZQtVmKM,emotional_shorts,curious,-6.173009,-7.789239,-8.107915,24.289446,-9.02589,6.0570745,-6.507581,-7.924082,-2.4250112,2.6312957,0.8304812,-3.5028136,2.4481387,0.9147736,2
gacs_emotional_shorts_02_DZQtVmKM_s0108,gacs_emotional_shorts_02_DZQtVmKM,emotional_shorts,excited,-13.164296,-11.009069,2.042699,11.048992,-3.3916647,1.9077694,-4.9847407,0.22900274,-1.9276198,0.44609633,-3.2774053,-3.5845616,-1.1267457,-0.4525611,2
gacs_emotional_shorts_02_DZQtVmKM_s0109,gacs_emotional_shorts_02_DZQtVmKM,emotional_shorts,curious,-6.999839,-8.120777,-16.335352,5.1941595,-6.7428236,2.8451195,-6.9793615,-1.2525468,1.231584,2.879129,-3.0053465,-1.9996719,0.67741746,3.119777,2
gacs_emotional_shorts_02_DZQtVmKM_s0110,gacs_emotional_shorts_02_DZQtVmKM,emotional_shorts,emotional,7.304992,-9.771108,-8.8942375,28.614313,-9.78221,8.428506,-4.7867637,-13.16674,-4.4293585,-4.3965735,5.6807966,-4.043041,6.832319,-0.72081494,1
gacs_emotional_shorts_02_DZQtVmKM_s0111,gacs_emotional_shorts_02_DZQtVmKM,emotional_shorts,sad,4.4581337,11.382324,7.447515,6.6331177,-4.693088,-2.6766293,-3.969729,8.242715,-5.1756735,-2.0734437,1.9282845,3.0234463,2.5381534,0.43793836,0
gacs_emotional_shorts_02_DZQtVmKM_s0112,gacs_emotional_shorts_02_DZQtVmKM,emotional_shorts,sad,13.698594,7.9347734,-4.081991,22.28312,-1.5260489,-0.84798425,-8.502561,1.1080425,-4.763931,-3.7870412,4.0667343,1.6536906,3.7971768,-2.4897225,0
gacs_emotional_shorts_02_DZQtVmKM_s0113,gacs_emotional_shorts_02_DZQtVmKM,emotional_shorts,emotional,1.1421238,-10.930949,-4.3738165,28.490047,-7.980391,7.0093384,-4.616322,-10.600883,-4.5997148,-2.3332229,5.42132,-3.7914994,4.868578,0.06974366,2
gacs_emotional_shorts_02_DZQtVmKM_s0114,gacs_emotional_shorts_02_DZQtVmKM,emotional_shorts,emotional,-13.779998,-4.8300686,5.9905734,8.252501,2.2770524,0.10033468,-2.8105726,1.7109962,-5.5816665,1.2012976,1.714804,-0.060953144,1.8025366,1.8339485,2
gacs_emotional_shorts_02_DZQtVmKM_s0115,gacs_emotional_shorts_02_DZQtVmKM,emotional_shorts,emotional,8.4896,2.7557344,-3.837075,19.207815,0.027609102,-3.6115253,-7.8187165,1.6710895,-7.101936,-2.004646,6.6050925,0.24573459,5.6838818,0.6034479,1
gacs_emotional_shorts_02_DZQtVmKM_s0116,gacs_emotional_shorts_02_DZQtVmKM,emotional_shorts,candid,-7.0506177,-2.8834977,-14.014979,-2.6160452,-8.218793,0.59681696,-4.143358,1.617114,3.0048156,3.3246531,0.40539768,-0.79781157,4.6093535,0.7725283,2
gacs_emotional_shorts_02_DZQtVmKM_s0117,gacs_emotional_shorts_02_DZQtVmKM,emotional_shorts,happy,-15.459511,-5.358277,0.13556159,15.25213,-2.2748106,3.971396,-3.4945948,1.0395768,0.1992327,5.0555,3.1632538,2.478272,2.3967469,-0.24867682,2
gacs_emotional_shorts_02_DZQtVmKM_s0118,gacs_emotional_shorts_02_DZQtVmKM,emotional_shorts,affectionate,-18.375454,-2.2471662,-1.1451085,1.3140484,-1.357591,4.379403,-2.1648498,2.1569192,0.6629603,3.962374,2.052202,-0.3050847,1.5065154,-0.2383324,2
gacs_emotional_shorts_02_DZQtVmKM_s0119,gacs_emotional_shorts_02_DZQtVmKM,emotional_shorts,curious,-11.141842,-4.158597,-12.812946,4.856436,2.2359338,3.1017663,-3.6325305,-2.1782827,-1.4974444,6.453098,-0.92812204,-1.7665616,1.2744061,2.6062474,2
gacs_emotional_shorts_02_DZQtVmKM_s0120,gacs_emotional_shorts_02_DZQtVmKM,emotional_shorts,neutral,-10.546037,2.6065183,-11.917099,-12.854662,-2.1866162,4.6117444,-5.9726815,-2.2695112,1.2285762,2.529048,-0.67211974,0.56672734,4.885478,4.861598,2
gacs_emotional_shorts_02_DZQtVmKM_s0121,gacs_emotional_shorts_02_DZQtVmKM,emotional_shorts,engaged,-16.724623,-2.3758721,-2.7102153,-5.943417,-1.3160012,3.8533194,-1.3297578,2.5954795,-2.4657261,0.8348443,-1.0562943,-3.9487584,1.5944171,-4.0026064,2
gacs_emotional_shorts_02_DZQtVmKM_s0122,gacs_emotional_shorts_02_DZQtVmKM,emotional_shorts,surprised,-0.52962166,-13.366012,1.2691094,25.281805,-5.009539,3.6176665,-5.1272655,-6.221334,-5.3898997,-2.6290371,6.5399165,-2.248579,4.275002,1.4983212,2
gacs_emotional_shorts_02_DZQtVmKM_s0123,gacs_emotional_shorts_02_DZQtVmKM,emotional_shorts,casual,-13.620217,-1.4629315,-5.2590284,-1.0187155,-5.2462373,2.6426485,-1.3636947,0.4926699,-4.19607,2.2372692,2.4798334,1.2083373,-0.8842253,-2.3777404,2
gacs_emotional_shorts_02_DZQtVmKM_s0124,gacs_emotional_shorts_02_DZQtVmKM,emotional_shorts,calm,-9.207167,-0.80958915,-10.987406,-0.89648634,-6.6594214,-0.1477952,-3.3072197,-0.9114338,4.320247,2.756589,2.8267677,0.9364248,0.70055485,0.22297092,2
gacs_emotional_shorts_02_DZQtVmKM_s0125,gacs_emotional_shorts_02_DZQtVmKM,emotional_shorts,surprised,11.312952,-4.1216035,-5.865487,22.602613,-6.699964,0.26572302,-7.492386,-6.699513,-6.497311,-3.287841,6.2560368,-1.3703376,6.538415,0.76454926,1
gacs_emotional_shorts_02_DZQtVmKM_s0126,gacs_emotional_shorts_02_DZQtVmKM,emotional_shorts,emotional,-10.690307,-12.540842,8.04757,13.117648,-0.021486312,-0.25753555,-2.3001904,-0.78130317,-4.5987673,-3.1001348,3.5853324,-1.7006562,1.6661144,1.7579794,2
gacs_emotional_shorts_02_DZQtVmKM_s0127,gacs_emotional_shorts_02_DZQtVmKM,emotional_shorts,happy,-19.507393,-0.9036394,3.833107,7.2870975,4.5249777,5.5527644,-1.3053379,2.2772462,-2.5414622,4.3146563,0.98225236,1.9386874,1.146245,-1.8422523,2
gacs_emotional_shorts_02_DZQtVmKM_s0128,gacs_emotional_shorts_02_DZQtVmKM,emotional_shorts,happy,-16.954866,-3.9029093,-1.3159264,12.289658,0.03999824,3.0364745,-3.1209898,0.84947264,-0.67354184,6.030932,-1.063236,2.320741,-1.5935913,-1.4818033,2
gacs_emotional_shorts_02_DZQtVmKM_s0129,gacs_emotional_shorts_02_DZQtVmKM,emotional_shorts,happy,-18.004597,-5.738474,3.527607,14.408559,3.286479,4.813107,-2.097585,0.62240607,-1.3307335,4.2539115,2.2575505,2.1354313,-0.94264734,-0.17289254,2
gacs_emotional_shorts_02_DZQtVmKM_s0130,gacs_emotional_shorts_02_DZQtVmKM,emotional_shorts,happy,-18.524923,-2.825472,0.50078005,5.9297967,3.373792,4.615658,-0.58055365,2.5009542,-2.3568027,5.2333703,1.0144438,1.6182176,0.84376174,0.24138355,2
gacs_emotional_shorts_02_DZQtVmKM_s0131,gacs_emotional_shorts_02_DZQtVmKM,emotional_shorts,urgent,8.780086,-2.696144,-13.942996,4.2962403,-5.7528787,-3.2008386,-9.81762,4.660334,3.6756346,-0.6160587,-0.22009468,3.5070026,2.8766239,3.7404788,1
gacs_emotional_shorts_02_DZQtVmKM_s0132,gacs_emotional_shorts_02_DZQtVmKM,emotional_shorts,emotional,-16.718403,-5.0754175,5.385221,13.211266,3.8471372,2.724318,-1.6456305,2.0941727,-2.1317444,3.3252404,2.5556793,1.3940003,-0.2143947,0.11445385,2
gacs_emotional_shorts_02_DZQtVmKM_s0133,gacs_emotional_shorts_02_DZQtVmKM,emotional_shorts,joyful,-17.304564,-6.1540494,7.701662,13.367798,3.6653714,4.3619466,-2.167008,1.3036754,0.13856722,2.231366,1.8238369,2.977106,-1.551279,-0.6564104,2
gacs_emotional_shorts_02_DZQtVmKM_s0134,gacs_emotional_shorts_02_DZQtVmKM,emotional_shorts,calm,-3.1367314,-4.5990214,-8.116791,-3.011697,-6.082897,-4.845451,-1.0429661,2.799094,1.5757477,0.044846036,-0.20767452,-1.2397197,4.2594857,-2.0980065,2
gacs_emotional_shorts_02_DZQtVmKM_s0135,gacs_emotional_shorts_02_DZQtVmKM,emotional_shorts,peaceful,-17.019083,5.33899,4.4917755,-10.638164,4.63697,3.4164467,-1.0143735,-3.589595,4.175251,-0.42708945,-0.3800583,0.23477966,4.163922,0.6811545,2
gacs_emotional_shorts_02_DZQtVmKM_s0136,gacs_emotional_shorts_02_DZQtVmKM,emotional_shorts,quiet,20.046297,2.5270178,-2.8674254,0.45653027,-9.450877,1.9136466,0.34008822,-6.845137,1.5093249,1.3064994,-3.85185,3.6717978,-1.0770539,-3.4961479,1
gacs_emotional_shorts_02_DZQtVmKM_s0137,gacs_emotional_shorts_02_DZQtVmKM,emotional_shorts,joyful,-17.989103,-4.65836,4.6372275,5.5709476,2.911353,4.4100857,-2.868874,1.928164,-3.3077338,1.8345438,-2.954514,-0.8711029,-1.2259932,-2.8575463,2
gacs_emotional_shorts_02_DZQtVmKM_s0138,gacs_emotional_shorts_02_DZQtVmKM,emotional_shorts,joyful,-11.096507,-10.63513,4.612877,20.498377,-3.2473223,3.1560805,-3.7447128,-2.088304,-2.696852,0.28258944,2.3487089,-2.0072224,0.55039585,0.45066404,2
gacs_emotional_shorts_02_DZQtVmKM_s0139,gacs_emotional_shorts_02_DZQtVmKM,emotional_shorts,joyful,-14.973275,-7.6387005,6.329381,14.37203,1.8496209,1.2367443,-3.3400617,2.2009666,-1.5007728,3.0551662,1.2981099,-0.42210376,-1.0538203,-0.05501591,2
gacs_emotional_shorts_02_DZQtVmKM_s0140,gacs_emotional_shorts_02_DZQtVmKM,emotional_shorts,excited,-16.568777,-7.9606676,6.1832447,12.451064,6.314887,4.0316825,-2.8626997,1.8274276,-1.7126212,2.1953783,-0.042343315,-0.58330196,-1.2318813,-3.440638,2
gacs_emotional_shorts_02_DZQtVmKM_s0141,gacs_emotional_shorts_02_DZQtVmKM,emotional_shorts,energetic,-13.403691,-6.810845,-0.7316175,2.8670688,1.1770989,-0.19128425,-0.94907486,4.554195,-4.8394356,1.3874729,-1.3601446,1.2756634,1.5356314,-3.3488176,2
gacs_emotional_shorts_02_DZQtVmKM_s0142,gacs_emotional_shorts_02_DZQtVmKM,emotional_shorts,joyful,-15.434696,-6.301653,5.9618425,12.111966,1.4930104,2.9558723,-2.5715902,2.91638,-2.3864233,2.1426935,0.48635182,-0.27067372,-0.31981874,-1.2088064,2
gacs_emotional_shorts_02_DZQtVmKM_s0143,gacs_emotional_shorts_02_DZQtVmKM,emotional_shorts,solemn,-12.366159,2.9729853,-4.1024528,-8.358494,-5.0278525,-2.8906467,-2.5027933,2.4665976,1.4975363,2.167325,0.31825307,0.19583368,3.6198764,2.7731538,2
gacs_emotional_shorts_02_DZQtVmKM_s0144,gacs_emotional_shorts_02_DZQtVmKM,emotional_shorts,emotional,6.634646,26.572062,-6.67094,10.826373,-0.1485385,5.3421783,1.00676,5.378272,-1.4317234,-2.9278278,2.1006196,0.19350119,4.892625,3.742783,0
gacs_emotional_shorts_02_DZQtVmKM_s0145,gacs_emotional_shorts_02_DZQtVmKM,emotional_shorts,affectionate,-15.396127,-0.28572372,-0.97103536,5.1128945,-0.7064734,2.9701688,-1.5686388,3.7708042,-3.0949762,5.2233586,-0.39909077,-0.20646398,1.7250735,0.8110499,2
gacs_emotional_shorts_02_DZQtVmKM_s0146,gacs_emotional_shorts_02_DZQtVmKM,emotional_shorts,happy,-18.595482,-2.6328447,0.15562469,5.9847474,-4.0815167,4.6412525,-4.206743,1.6593305,0.5373164,3.6214101,-0.78012073,-0.17311412,3.0139856,-3.2633731,2
gacs_emotional_shorts_02_DZQtVmKM_s0147,gacs_emotional_shorts_02_DZQtVmKM,emotional_shorts,happy,-19.437977,-3.1640437,2.666785,0.91997236,1.1654687,4.2049465,-1.5461247,2.512492,-3.5960686,0.012984746,-4.5799327,-2.5858274,-0.9931131,-5.936331,2
gacs_emotional_shorts_02_DZQtVmKM_s0148,gacs_emotional_shorts_02_DZQtVmKM,emotional_shorts,joyful,-19.334684,-4.223973,4.5280914,2.6205146,0.30629095,5.101828,-1.25268,1.6061007,-2.9129083,-1.559885,-4.742871,-2.0597248,-2.0380206,-4.008657,2
gacs_emotional_shorts_02_DZQtVmKM_s0149,gacs_emotional_shorts_02_DZQtVmKM,emotional_shorts,happy,-15.745836,-6.0557737,3.2867522,15.478329,0.17061423,4.1042733,-2.6127083,-0.08807965,-1.1191307,3.6798208,1.5287142,0.32089716,-0.93101996,0.7386585,2
gacs_emotional_shorts_02_DZQtVmKM_s0150,gacs_emotional_shorts_02_DZQtVmKM,emotional_shorts,expectant,-13.439372,-3.8160877,-9.156541,-2.0034814,-0.24933957,3.8633604,0.5636248,2.024715,-8.331207,2.8194747,-1.1653199,-3.0565646,0.31091934,5.288963,2
gacs_emotional_shorts_02_DZQtVmKM_s0151,gacs_emotional_shorts_02_DZQtVmKM,emotional_shorts,affectionate,-17.898739,-4.7053256,2.3716836,7.4203725,0.6720217,4.2802906,0.010131896,2.022764,-4.4995418,2.786997,0.975865,-1.4544457,-0.5762187,0.8350849,2
gacs_emotional_shorts_02_DZQtVmKM_s0152,gacs_emotional_shorts_02_DZQtVmKM,emotional_shorts,determined,12.942898,-9.895402,-6.203155,-0.8388489,-1.618954,-2.3272974,-3.4256487,1.1891187,1.2556311,-2.5251992,2.6141243,3.6254547,-3.4676404,1.7569818,1
gacs_emotional_shorts_02_DZQtVmKM_s0153,gacs_emotional_shorts_02_DZQtVmKM,emotional_shorts,joyful,-15.526101,-6.8696394,7.966515,7.224203,0.89125913,2.3609426,-0.16617705,3.2930086,-0.21855894,-0.67096454,0.337153,0.6288022,-1.9658557,-0.55901355,2
gacs_emotional_shorts_02_DZQtVmKM_s0154,gacs_emotional_shorts_02_DZQtVmKM,emotional_shorts,happy,-16.039965,-5.061393,1.9554278,10.671726,1.2794837,1.6634617,-0.6906493,2.2033448,1.1764159,3.8768783,-0.39560872,1.7871714,-1.272912,-0.57163596,2
gacs_emotional_shorts_02_DZQtVmKM_s0155,gacs_emotional_shorts_02_DZQtVmKM,emotional_shorts,joyful,-16.773445,-7.2979393,9.087976,6.7082996,3.3899946,4.1545997,0.8124826,2.987733,-0.26935542,-1.9905715,0.8513007,0.70195675,-1.2323498,-1.5482702,2
gacs_emotional_shorts_02_DZQtVmKM_s0156,gacs_emotional_shorts_02_DZQtVmKM,emotional_shorts,joyful,-17.502964,-5.0856524,6.0260115,10.482217,0.6394683,3.4467776,-1.7236043,2.4516964,-0.48898867,2.772678,0.33301345,2.0143633,-0.93583834,-0.09024082,2
gacs_emotional_shorts_02_DZQtVmKM_s0157,gacs_emotional_shorts_02_DZQtVmKM,emotional_shorts,casual,-0.47786325,-11.798767,-9.145008,-3.2365067,-7.3108416,-0.89961773,2.3616166,3.7996042,0.44590196,-4.3737006,-1.0065941,-0.14472683,1.1209787,-0.9500696,2
gacs_emotional_shorts_02_DZQtVmKM_s0158,gacs_emotional_shorts_02_DZQtVmKM,emotional_shorts,everyday,-9.313775,-8.080674,-4.814279,0.91445744,-4.695877,-0.1772508,-0.16246185,3.7097921,1.1143912,1.1423903,1.9521691,-0.051095363,-1.5927522,-0.3986974,2
gacs_emotional_shorts_02_DZQtVmKM_s0159,gacs_emotional_shorts_02_DZQtVmKM,emotional_shorts,happy,-20.20069,-2.265525,5.8567257,5.3974304,3.7723289,5.294224,-2.4621823,1.3868601,-0.037062146,2.4761,-0.24553053,1.2615292,0.14345393,-3.5402787,2
gacs_emotional_shorts_02_DZQtVmKM_s0160,gacs_emotional_shorts_02_DZQtVmKM,emotional_shorts,happy,-18.81126,-4.3783207,5.023979,9.830344,1.7888908,4.4874334,-2.5416195,1.4985607,-0.15025641,3.4927473,-0.19378749,1.667076,0.33043432,-2.1306016,2
gacs_emotional_shorts_02_DZQtVmKM_s0161,gacs_emotional_shorts_02_DZQtVmKM,emotional_shorts,curious,10.19288,-11.163318,-8.074416,0.75181234,3.0951035,-3.2220368,-6.2808304,-3.9797149,1.0053524,2.7628314,0.108865015,-1.7557117,-2.326743,3.017134,1
gacs_emotional_shorts_02_DZQtVmKM_s0162,gacs_emotional_shorts_02_DZQtVmKM,emotional_shorts,subdued,25.339962,-4.259452,3.8549604,-7.138918,-4.8558908,2.3380787,-3.4404628,-0.2973648,-1.8849921,-1.9599851,0.9523427,-0.2940055,-3.7704535,-0.34368375,1
gacs_emotional_shorts_02_DZQtVmKM_s0163,gacs_emotional_shorts_02_DZQtVmKM,emotional_shorts,happy,-14.030529,-7.2632933,-0.88264644,12.721911,-6.536172,5.3052597,-4.393521,1.299335,-1.5394602,2.2279968,0.5359463,1.747341,1.9627262,-1.3224745,2
gacs_emotional_shorts_02_DZQtVmKM_s0164,gacs_emotional_shorts_02_DZQtVmKM,emotional_shorts,dark,15.688888,-8.230855,-6.6211863,12.272822,-11.936237,5.5197434,4.2401752,-11.276237,-2.1587064,0.051979225,1.0110409,2.4088762,3.8390381,0.3291388,1
gacs_emotional_shorts_02_DZQtVmKM_s0165,gacs_emotional_shorts_02_DZQtVmKM,emotional_shorts,welcoming,-17.852652,-3.943187,2.980371,0.31069183,-1.5993907,3.0005603,-0.9431027,1.4041307,-0.104092024,2.2535665,1.961502,-0.58910966,-0.11710055,1.253726,2
gacs_emotional_shorts_02_DZQtVmKM_s0166,gacs_emotional_shorts_02_DZQtVmKM,emotional_shorts,happy,-17.626339,-6.6910806,6.8750944,13.622049,3.9081945,3.8880882,-2.0777104,1.1787266,0.037429072,2.6229875,3.0795755,2.8814058,-0.49141562,-1.1236533,2
gacs_emotional_shorts_02_DZQtVmKM_s0167,gacs_emotional_shorts_02_DZQtVmKM,emotional_shorts,celebratory,-9.316556,-6.8756604,0.65012586,4.46499,0.16949742,-0.4488007,-0.94988763,2.9265919,-3.4345083,-1.0323275,2.0407307,2.363874,-1.845939,-0.6204139,2
gacs_emotional_shorts_02_DZQtVmKM_s0168,gacs_emotional_shorts_02_DZQtVmKM,emotional_shorts,celebratory,-17.65374,-6.2715483,1.6228087,6.621044,2.1862774,3.95738,-0.4030814,2.077279,-2.5292747,1.1162767,1.4863968,1.1790617,-1.09193,0.20103244,2
gacs_emotional_shorts_02_DZQtVmKM_s0169,gacs_emotional_shorts_02_DZQtVmKM,emotional_shorts,calm,-3.6384304,-4.5399246,-3.4706187,-7.286459,-4.7745137,-3.054494,-8.0593195,1.8234003,2.0533109,0.9183294,-4.0505104,0.018868325,-0.2753476,3.4045892,2
gacs_emotional_shorts_02_DZQtVmKM_s0170,gacs_emotional_shorts_02_DZQtVmKM,emotional_shorts,calm,-14.255788,-0.29135665,-2.8336198,-5.0865164,-1.1018946,0.7756408,-5.7941265,0.005426111,0.9209484,3.633067,-4.142674,-0.46063012,2.355588,1.6379433,2
gacs_emotional_shorts_02_DZQtVmKM_s0171,gacs_emotional_shorts_02_DZQtVmKM,emotional_shorts,playful,-11.771588,-0.7288664,-5.870723,-3.9480536,-2.1658201,2.3698552,-6.017662,0.8238119,1.9039448,3.1190062,-6.0110836,-0.9474114,1.4475514,2.694573,2
gacs_emotional_shorts_02_DZQtVmKM_s0172,gacs_emotional_shorts_02_DZQtVmKM,emotional_shorts,calm,-2.711008,-2.2532246,-8.685541,-6.861703,0.16300856,-1.0898343,-8.409016,0.9657231,3.0406644,2.4212086,-4.0158677,0.446382,2.069891,4.7282367,2
gacs_emotional_shorts_02_DZQtVmKM_s0173,gacs_emotional_shorts_02_DZQtVmKM,emotional_shorts,affectionate,-8.960587,-2.1432614,-0.5802884,-7.778051,1.0754056,-0.42935213,-4.766955,2.2335992,-2.456014,1.3257085,0.6738594,2.4443207,2.6538892,3.065606,2
gacs_emotional_shorts_02_DZQtVmKM_s0174,gacs_emotional_shorts_02_DZQtVmKM,emotional_shorts,serious,13.975231,2.8345435,-2.1852212,-3.2882931,-2.2212095,-3.9238987,-9.350392,10.945763,-2.0996313,-3.1336765,2.0812595,3.5843885,2.5663104,5.755,1
gacs_emotional_shorts_02_DZQtVmKM_s0175,gacs_emotional_shorts_02_DZQtVmKM,emotional_shorts,medical,8.314814,-4.56148,-5.793974,-8.855633,-8.851322,-0.93043315,-2.0181322,7.348201,-4.1620154,-6.1398144,1.920635,2.4939148,3.7393095,5.6164684,1
gacs_emotional_shorts_02_DZQtVmKM_s0176,gacs_emotional_shorts_02_DZQtVmKM,emotional_shorts,caring,7.1886263,-1.1554548,-13.499882,-2.1933594,-2.2013679,-0.55908716,-4.630677,7.101048,-4.60848,-2.373294,-1.0484297,0.23297966,3.9489846,8.011915,1
gacs_emotional_shorts_02_DZQtVmKM_s0177,gacs_emotional_shorts_02_DZQtVmKM,emotional_shorts,determined,5.6190505,-1.5182546,-12.524985,1.77105,-5.794988,-4.4115744,-3.977561,5.709163,-0.39757597,-2.6812563,-1.1448296,3.5775266,1.6237832,3.6886196,1
gacs_emotional_shorts_02_DZQtVmKM_s0178,gacs_emotional_shorts_02_DZQtVmKM,emotional_shorts,determined,1.4019626,-7.256212,-8.745083,-6.6712317,-9.58988,-5.0356994,-4.8703265,7.273241,4.9376655,-2.4955685,-0.8820133,1.3629811,4.2217526,6.2886515,2
gacs_emotional_shorts_02_DZQtVmKM_s0179,gacs_emotional_shorts_02_DZQtVmKM,emotional_shorts,determined,-2.9934402,-2.757924,-10.509571,2.063911,-1.9325521,-5.3770213,-6.3071356,7.1119537,2.405974,4.785105,-0.94317544,1.7756474,0.94857657,2.3754795,2
gacs_emotional_shorts_02_DZQtVmKM_s0180,gacs_emotional_shorts_02_DZQtVmKM,emotional_shorts,happy,-17.770782,-4.4230995,4.3995404,13.07076,3.1970396,4.975456,-3.005055,0.5639949,-0.6377069,3.3314307,0.47536457,1.4133345,-0.81529427,-2.3857768,2
gacs_emotional_shorts_02_DZQtVmKM_s0181,gacs_emotional_shorts_02_DZQtVmKM,emotional_shorts,relaxed,-17.601955,-2.951948,1.7875049,-2.0348392,0.47535712,3.1478686,1.2548687,1.5528004,-3.7313666,0.025120726,-0.13403758,-4.105048,-0.13668908,-2.299404,2
gacs_emotional_shorts_02_DZQtVmKM_s0182,gacs_emotional_shorts_02_DZQtVmKM,emotional_shorts,affectionate,-16.002762,-1.3225327,2.3321464,2.5749087,6.0908012,1.6075798,-1.9888473,2.8289607,-5.5685177,3.29761,-0.99689937,0.8268649,-1.0781806,-1.1673629,2
gacs_emotional_shorts_02_DZQtVmKM_s0183,gacs_emotional_shorts_02_DZQtVmKM,emotional_shorts,gentle,-9.190809,-2.7379673,-11.979742,-4.342198,-6.7384763,5.4026814,-1.8614224,0.35071644,-6.3232746,-0.5519928,-4.889572,-2.7496505,0.66278476,5.0513234,2
gacs_emotional_shorts_02_DZQtVmKM_s0184,gacs_emotional_shorts_02_DZQtVmKM,emotional_shorts,loving,-11.631667,1.3951496,-7.3456187,-11.54567,0.6888363,3.8560936,-2.525929,1.7484317,-4.4686885,2.2516541,-1.3182062,-1.2446822,3.4621773,3.2654703,2
gacs_emotional_shorts_02_DZQtVmKM_s0185,gacs_emotional_shorts_02_DZQtVmKM,emotional_shorts,tender,-10.17136,8.222638,-5.669516,-9.348124,-1.4491489,3.0846703,-1.9416268,1.7435237,-6.382086,1.2231286,2.4990973,-0.054182112,2.666298,1.678226,2
gacs_emotional_shorts_02_DZQtVmKM_s0186,gacs_emotional_shorts_02_DZQtVmKM,emotional_shorts,curious,0.07323031,-4.1314964,-11.265403,-11.5334215,10.43639,0.87814856,-4.293466,-1.9508411,-4.255508,3.4354675,-4.7846556,-5.526452,-0.6078819,7.391329,2
gacs_emotional_shorts_02_DZQtVmKM_s0187,gacs_emotional_shorts_02_DZQtVmKM,emotional_shorts,supportive,-4.4477468,2.459615,-2.0032766,-14.181768,-1.6905388,1.9216229,-3.3802025,5.7898116,-3.110005,-4.409873,1.1806548,1.949345,3.5979683,6.7591634,2
gacs_emotional_shorts_02_DZQtVmKM_s0188,gacs_emotional_shorts_02_DZQtVmKM,emotional_shorts,affectionate,-16.314949,2.6460462,0.74304205,-3.1114857,3.846961,3.038697,-4.2673216,1.4547852,-2.2010262,4.287764,-0.39513147,0.2415399,3.4789743,1.8396075,2
gacs_emotional_shorts_02_DZQtVmKM_s0189,gacs_emotional_shorts_02_DZQtVmKM,emotional_shorts,surprised,-11.271045,-8.316084,-0.800318,18.505592,-9.072521,4.2728744,-4.82309,-3.6114423,-4.5191994,0.82166797,-0.1261676,-1.325658,1.5751154,1.9619178,2
gacs_emotional_shorts_02_DZQtVmKM_s0190,gacs_emotional_shorts_02_DZQtVmKM,emotional_shorts,happy,-11.1077795,-6.357584,-0.89321077,20.340324,-4.643743,4.2136927,-3.0933254,-1.3816268,-1.0085322,3.7182055,2.6333613,0.6445626,0.84086543,0.4951282,2
gacs_emotional_shorts_02_DZQtVmKM_s0191,gacs_emotional_shorts_02_DZQtVmKM,emotional_shorts,excited,-9.945028,-8.842553,0.10101407,24.639715,-4.4099836,4.5227923,-4.773323,-3.6194544,-3.7440891,2.714133,1.9774553,-2.1526046,1.7079091,-1.1754094,2
gacs_emotional_shorts_02_DZQtVmKM_s0192,gacs_emotional_shorts_02_DZQtVmKM,emotional_shorts,warm,-19.682522,-1.0291457,2.6034243,-3.3419354,2.6751175,6.2246723,0.038806293,2.2771115,-2.4277833,1.0865725,-0.32386476,-0.29681906,1.5990434,-0.91960204,2
gacs_emotional_shorts_02_DZQtVmKM_s0193,gacs_emotional_shorts_02_DZQtVmKM,emotional_shorts,joyful,-17.59733,-1.634541,3.2356455,6.004746,2.494072,4.540706,-1.4596474,1.2957897,-1.9739884,3.5822456,1.6310986,2.27275,-0.114714496,0.44109792,2
gacs_emotional_shorts_02_DZQtVmKM_s0194,gacs_emotional_shorts_02_DZQtVmKM,emotional_shorts,happy,-20.241774,1.4170936,6.4896846,1.4851513,4.101045,3.6951792,-1.5831633,-0.79789805,1.827802,2.5076056,1.9743844,1.5520989,2.4471908,-0.25167742,2
gacs_emotional_shorts_02_DZQtVmKM_s0195,gacs_emotional_shorts_02_DZQtVmKM,emotional_shorts,romantic,-18.458954,-3.1096475,2.8336263,2.1650133,3.91245,3.7849526,-1.0132581,2.883151,-3.3236692,2.361263,-0.30112743,0.31959176,1.286034,0.7081277,2
gacs_emotional_shorts_02_DZQtVmKM_s0196,gacs_emotional_shorts_02_DZQtVmKM,emotional_shorts,joyful,-17.098019,-4.9708934,5.396542,5.24921,-0.46619552,2.6287854,-1.7443208,1.3381746,-0.24044433,1.586168,1.5353905,0.9706468,1.6268847,0.35869685,2
gacs_emotional_shorts_02_DZQtVmKM_s0197,gacs_emotional_shorts_02_DZQtVmKM,emotional_shorts,friendly,-17.594498,-1.1542007,-0.9812484,-6.4678597,2.467132,4.85621,-0.77952206,2.104458,-3.5234275,0.19907151,-3.3654528,-4.2296505,-0.22855411,-2.938341,2
gacs_emotional_shorts_02_DZQtVmKM_s0198,gacs_emotional_shorts_02_DZQtVmKM,emotional_shorts,emotional,-10.332426,-2.2080781,-4.287304,-6.438928,-1.3186624,0.32290697,-4.3219347,5.0678196,-0.91637623,0.4418869,0.42109314,1.1531953,3.0760996,3.903318,2
gacs_emotional_shorts_02_DZQtVmKM_s0199,gacs_emotional_shorts_02_DZQtVmKM,emotional_shorts,calm,-10.949098,-1.6773719,-8.0531435,-4.9852467,-5.98726,-1.9341297,-4.1265087,1.8976187,1.6196572,3.9281313,0.61226845,-1.7422421,4.2262316,1.4700184,2
gacs_emotional_shorts_02_DZQtVmKM_s0200,gacs_emotional_shorts_02_DZQtVmKM,emotional_shorts,casual,-12.984645,-1.7091361,-4.0042295,-7.137915,-2.9603355,-0.484889,-3.344691,1.2959901,0.7680044,3.497467,0.122635245,-2.3357077,4.105085,0.0007654849,2
gacs_emotional_shorts_02_DZQtVmKM_s0201,gacs_emotional_shorts_02_DZQtVmKM,emotional_shorts,joyful,-14.871807,-5.043543,2.549924,7.7562304,0.95928496,1.3522663,-0.16414274,1.9239432,-4.1223674,2.1826563,0.35177416,1.7914554,-3.3546362,0.02308562,2
gacs_emotional_shorts_02_DZQtVmKM_s0202,gacs_emotional_shorts_02_DZQtVmKM,emotional_shorts,happy,-15.040747,-0.9483335,-1.517825,8.950671,0.73143935,1.5825895,-4.3933005,2.3234034,-3.0083756,4.9458585,-2.491149,1.1114783,-1.1077038,-0.3131427,2
gacs_emotional_shorts_02_DZQtVmKM_s0203,gacs_emotional_shorts_02_DZQtVmKM,emotional_shorts,comforting,-7.9861116,-1.5960225,-9.43233,-8.319114,-5.594655,4.3455234,0.43561447,3.2153354,-4.747114,-0.7871535,0.57738847,-2.2670817,3.7995074,5.1841745,2
gacs_emotional_shorts_02_DZQtVmKM_s0204,gacs_emotional_shorts_02_DZQtVmKM,emotional_shorts,emotional,-17.023016,7.8227773,3.5902848,-3.1503873,0.1836475,2.8185627,0.7662716,3.0141592,-5.904392,0.8205472,2.468436,-1.6576504,4.267258,-1.4722712,2
gacs_emotional_shorts_02_DZQtVmKM_s0205,gacs_emotional_shorts_02_DZQtVmKM,emotional_shorts,emotional,-10.218215,-8.935148,-0.13349792,7.238207,0.93237406,2.5439496,4.370021,1.4341894,-1.4085041,2.7981865,7.1919227,-0.97945476,-1.5414656,6.134854,2
gacs_emotional_shorts_02_DZQtVmKM_s0206,gacs_emotional_shorts_02_DZQtVmKM,emotional_shorts,celebratory,-15.465593,-8.376851,-1.2242734,8.456405,3.0260942,1.928919,-0.7872662,3.6109781,-1.4188019,3.4590013,1.9523993,-1.9700726,0.34549984,-0.41589585,2
gacs_emotional_shorts_02_DZQtVmKM_s0207,gacs_emotional_shorts_02_DZQtVmKM,emotional_shorts,grateful,-13.571705,-3.3286188,-6.3336353,2.179883,-5.3244424,1.8223476,-2.1400466,3.0816746,0.9476261,3.6105812,0.95934653,2.5620668,1.6700113,3.8159442,2
gacs_emotional_shorts_02_DZQtVmKM_s0208,gacs_emotional_shorts_02_DZQtVmKM,emotional_shorts,ordinary,-0.5339515,-5.2420416,-12.965767,-3.8528035,-6.9886985,-1.0408975,-1.4365056,-1.4412915,5.885759,-0.792529,1.485681,2.2482574,0.3379483,1.1267762,2
gacs_emotional_shorts_02_DZQtVmKM_s0209,gacs_emotional_shorts_02_DZQtVmKM,emotional_shorts,happy,-17.51236,-4.6639805,1.6159183,12.850085,-2.4641411,5.1521306,-3.2551713,0.6830636,0.64980817,4.8890915,1.0053374,1.8861043,2.0326364,-1.0141053,2
gacs_emotional_shorts_02_DZQtVmKM_s0210,gacs_emotional_shorts_02_DZQtVmKM,emotional_shorts,happy,-9.962713,-8.462633,-0.5114116,22.80302,-3.3195171,4.010787,-3.9157498,-3.0250537,-1.912762,3.1422484,1.8717353,-0.914435,0.3913088,0.022991339,2
gacs_emotional_shorts_02_DZQtVmKM_s0211,gacs_emotional_shorts_02_DZQtVmKM,emotional_shorts,emotional,-11.617384,0.19288756,1.5851822,11.222458,-2.2502203,-2.0804446,-1.8350662,3.764526,-5.579339,3.8245697,1.3578067,0.031944405,5.1572647,2.3384166,2
gacs_emotional_shorts_02_DZQtVmKM_s0212,gacs_emotional_shorts_02_DZQtVmKM,emotional_shorts,emotional,-6.922984,-2.0648434,-6.8944106,-9.049827,5.856696,5.41281,6.7383614,3.699642,-12.5194235,-1.46258,1.7282726,-0.58922166,2.3607695,3.0683746,2
gacs_emotional_shorts_02_DZQtVmKM_s0213,gacs_emotional_shorts_02_DZQtVmKM,emotional_shorts,playful,-19.262686,2.9491029,5.6555133,-3.1381288,4.0230284,3.3738532,-1.2048926,-1.6345934,3.351787,0.14908414,-1.3150748,0.8017846,1.9065936,-1.5799706,2
gacs_emotional_shorts_02_DZQtVmKM_s0214,gacs_emotional_shorts_02_DZQtVmKM,emotional_shorts,happy,-17.727901,-3.7954278,-0.6747521,0.07613303,-1.0634775,3.7763693,-1.6799554,4.23785,-1.1570313,2.358223,-1.767161,-0.9338798,1.068213,-2.3484244,2
gacs_emotional_shorts_02_DZQtVmKM_s0215,gacs_emotional_shorts_02_DZQtVmKM,emotional_shorts,peaceful,-15.193879,0.07448481,-2.046775,-9.321348,-1.9283347,2.2545228,-2.4336522,1.4741931,1.1638864,0.37945437,-2.3222811,-1.8072001,3.9862595,1.1120491,2
gacs_emotional_shorts_02_DZQtVmKM_s0216,gacs_emotional_shorts_02_DZQtVmKM,emotional_shorts,warm,-15.322165,-8.484632,-1.4181333,6.248699,-0.23020001,2.275137,-0.7873308,1.7773864,-0.9011278,4.046417,2.449668,-0.8515274,-0.19554926,3.2005796,2
gacs_emotional_shorts_02_DZQtVmKM_s0217,gacs_emotional_shorts_02_DZQtVmKM,emotional_shorts,encouraging,-5.5975676,-2.3340406,2.2603607,-8.752624,8.942867,-0.82869214,-3.995968,5.687075,-2.3599634,3.8079379,1.2725044,-2.3672223,-1.0786884,0.6248306,2
gacs_emotional_shorts_02_DZQtVmKM_s0218,gacs_emotional_shorts_02_DZQtVmKM,emotional_shorts,affectionate,-18.829752,0.4808865,3.4451473,1.0095644,5.252547,5.722307,-1.1804705,2.625774,-3.365483,3.075004,-1.3003552,0.45598078,2.3275378,-1.479977,2
gacs_movie_trailers_01_n9xhJrPX_s0006,gacs_movie_trailers_01_n9xhJrPX,movie_trailers,tense,4.179501,28.61986,-5.343957,6.5295763,6.4306183,0.22862066,4.2493668,3.1407878,0.26038033,-0.2889763,0.43513122,-2.0661626,3.024224,-0.6981411,0
gacs_movie_trailers_01_n9xhJrPX_s0007,gacs_movie_trailers_01_n9xhJrPX,movie_trailers,tired,13.419025,29.332232,-4.1760087,9.9276,3.9170215,2.8403437,1.0822235,2.182252,1.6000412,-2.6719253,-0.7816913,-3.9498196,-1.2652105,1.2655861,0
gacs_movie_trailers_01_n9xhJrPX_s0008,gacs_movie_trailers_01_n9xhJrPX,movie_trailers,distressed,16.305573,28.485737,-2.0266285,6.627716,1.2618676,6.3479066,3.580135,3.904016,3.5319216,-3.0027735,-3.184075,-1.2792097,-1.9301425,-0.2528888,0
gacs_movie_trailers_02_uYPbbksJ_s0010,gacs_movie_trailers_02_uYPbbksJ,movie_trailers,tense,21.321238,-4.0655727,5.099709,-4.54769,-2.7695954,-3.9315062,-9.009334,1.070194,-1.7572026,-1.0015647,1.5126033,-0.7101699,-4.2524567,-2.136179,1
gacs_movie_trailers_02_uYPbbksJ_s0011,gacs_movie_trailers_02_uYPbbksJ,movie_trailers,celebratory,-16.289661,-7.2816,1.9332914,8.160268,2.4964926,3.4162214,1.2792182,1.99467,0.23219931,1.1496685,1.6321038,0.36840758,-3.1090155,0.30652148,2
gacs_movie_trailers_02_uYPbbksJ_s0012,gacs_movie_trailers_02_uYPbbksJ,movie_trailers,serious,14.707425,8.996055,-8.934239,2.4874463,10.373656,-4.796291,-3.0382771,4.5113,-4.47985,-0.49975336,-1.5305722,0.18817122,0.6228404,2.7958608,0
gacs_movie_trailers_02_uYPbbksJ_s0013,gacs_movie_trailers_02_uYPbbksJ,movie_trailers,startled,16.280344,-15.2760935,-2.3110158,20.596464,-7.303894,5.7624483,-6.082668,-11.209752,-3.0326834,-4.749107,4.552082,-4.0710936,5.729113,-2.1715276,1
gacs_movie_trailers_02_uYPbbksJ_s0014,gacs_movie_trailers_02_uYPbbksJ,movie_trailers,intense,18.120308,-3.1647205,-1.9535089,3.3007424,-1.1659353,-2.7644038,8.33506,-6.099804,-0.42350063,3.9501143,0.20776466,6.729951,3.6874535,-1.2973483,1
gacs_movie_trailers_02_uYPbbksJ_s0015,gacs_movie_trailers_02_uYPbbksJ,movie_trailers,intense,12.554569,-9.067529,-15.902211,5.029364,28.218864,6.6594605,1.69125,-8.80514,3.2712188,-0.25821006,-1.4598061,-3.2868166,-0.5124793,3.6773038,1
gacs_advertisements_00_-avONMmQ_s0000,gacs_advertisements_00_-avONMmQ,advertisements,cold,-8.963214,15.419785,-0.13887441,-7.5219064,2.6415927,-3.2968318,-2.2610972,-7.26621,4.2714787,1.6250606,-0.67737144,2.3122373,0.33439755,1.037323,2
gacs_advertisements_00_-avONMmQ_s0001,gacs_advertisements_00_-avONMmQ,advertisements,lonely,17.01574,12.070838,-10.343159,4.619304,-0.5584095,5.9023075,4.8713994,-6.00526,2.4861355,2.4961286,-4.2565503,6.967223,-2.684104,-2.78761,0
gacs_advertisements_00_-avONMmQ_s0002,gacs_advertisements_00_-avONMmQ,advertisements,cold,-15.750438,8.856148,3.989697,-9.535062,4.975759,1.0649565,-2.2507257,-5.217937,5.63144,1.2758706,-1.3966975,0.91639465,3.376796,1.9496709,2
gacs_advertisements_00_-avONMmQ_s0003,gacs_advertisements_00_-avONMmQ,advertisements,cold,-17.676563,6.307302,6.20108,-7.552346,4.441515,2.409232,-1.9996021,-3.7123976,5.504678,-0.63358635,-2.5353134,0.85999006,2.6196668,-0.37570077,2
gacs_advertisements_00_-avONMmQ_s0004,gacs_advertisements_00_-avONMmQ,advertisements,chilly,-17.180857,2.9169226,8.818484,-4.6804967,1.2715001,0.57149464,-1.6620175,-2.4708896,4.6611767,-1.5511526,-4.149204,0.41121715,0.39744818,0.5466775,2
gacs_advertisements_00_-avONMmQ_s0005,gacs_advertisements_00_-avONMmQ,advertisements,cold,-17.758734,0.9206142,2.9682767,0.2798501,2.4867852,-0.07156265,-3.3527555,-2.8170836,4.034631,1.8663592,-4.153783,2.6268132,-0.69642156,1.7935246,2
gacs_advertisements_00_-avONMmQ_s0006,gacs_advertisements_00_-avONMmQ,advertisements,tense,24.223852,-14.64976,6.366796,1.7416836,4.1626463,2.8654206,-6.1415105,-3.6063144,-1.0926735,-4.2705774,2.8201895,-4.1893234,1.3675705,-1.5061896,1
gacs_advertisements_00_-avONMmQ_s0007,gacs_advertisements_00_-avONMmQ,advertisements,cold,-7.8937936,-1.8266118,5.365212,-3.3390017,-1.3802457,-6.8294263,0.15532836,-3.3281136,4.3243647,0.48588803,-6.479841,1.6464481,0.97189367,4.58506,2
gacs_advertisements_00_-avONMmQ_s0008,gacs_advertisements_00_-avONMmQ,advertisements,dangerous,15.299676,-7.896335,0.9984003,-1.8510919,13.098011,-4.72241,-2.0574248,1.8084679,3.9006178,3.526744,-3.4058301,0.23264462,-1.0159333,3.6673734,1
gacs_advertisements_00_-avONMmQ_s0009,gacs_advertisements_00_-avONMmQ,advertisements,whimsical,2.5097346,-3.7164488,16.78924,2.2782295,-0.1704014,-7.919313,2.5533195,0.9479511,0.39027792,-1.2770792,-4.4235277,1.5026656,-1.5293776,5.701202,2
gacs_advertisements_00_-avONMmQ_s0010,gacs_advertisements_00_-avONMmQ,advertisements,wintery,-4.363178,-4.6175914,-2.3628914,5.8351693,-6.67931,-5.286423,-0.94970036,-3.0446863,1.5980417,-2.01094,-8.418298,0.5469432,-1.9715724,2.856217,2
gacs_advertisements_00_-avONMmQ_s0011,gacs_advertisements_00_-avONMmQ,advertisements,whimsical,-10.814989,-1.4228088,8.900418,4.0530806,-5.304366,-4.584983,-0.47665235,-2.04632,0.13266052,-1.7257661,-6.3084855,-0.7680987,-4.7366524,4.137241,2
gacs_advertisements_00_-avONMmQ_s0012,gacs_advertisements_00_-avONMmQ,advertisements,whimsical,-15.291122,-4.1066933,10.671597,2.2365937,-1.1373044,-1.5335791,-0.41050068,1.4384829,0.3335896,-2.2869263,-5.9375963,-0.23531485,-2.4946806,2.3014274,2
gacs_advertisements_00_-avONMmQ_s0013,gacs_advertisements_00_-avONMmQ,advertisements,whimsical,-12.545754,-4.2003536,10.273643,2.812472,-4.8723764,-3.0321462,2.0043209,0.13946535,-0.06625765,-4.8153954,-5.703316,-2.3238328,-3.0895295,1.6740408,2
gacs_advertisements_00_-avONMmQ_s0014,gacs_advertisements_00_-avONMmQ,advertisements,joyful,-17.733536,-4.2277603,7.747989,4.82676,3.1828067,3.509105,-0.3248604,1.6921512,-0.6875011,-0.5615731,-3.889087,-0.17572875,-2.7703447,-0.6994891,2
gacs_advertisements_00_-avONMmQ_s0015,gacs_advertisements_00_-avONMmQ,advertisements,cold,13.89788,28.312693,-4.308543,6.987021,2.3940234,3.6037042,1.1220175,1.1400826,4.8768334,0.7362943,-3.7539475,-1.8163217,-0.29031572,0.701431,0
gacs_advertisements_00_F4sJLG2z_s0000,gacs_advertisements_00_F4sJLG2z,advertisements,mysterious,-12.933392,-3.6090002,8.398197,0.75333446,-3.039185,-0.51075196,6.7427444,-2.4220886,0.61045015,-1.6669122,0.63754684,2.8527007,-2.374436,5.527414,2
gacs_advertisements_00_F4sJLG2z_s0001,gacs_advertisements_00_F4sJLG2z,advertisements,energetic,-13.139117,-5.1756425,1.3762137,7.8615646,6.382029,-0.51724136,2.5041084,-0.07939695,-0.067885675,1.5560678,-0.17832431,1.1088656,-1.4859145,-0.41776392,2
gacs_advertisements_00_F4sJLG2z_s0002,gacs_advertisements_00_F4sJLG2z,advertisements,contemplative,17.38456,-10.403506,2.76954,-6.1697206,-7.5625005,2.206327,-0.018164886,-1.8543593,-6.7079935,-7.418513,-0.3708109,-1.5887903,-4.0496864,1.9541463,1
gacs_advertisements_01_9G5luoju_s0000,gacs_advertisements_01_9G5luoju,advertisements,professional,-2.1232173,-4.6541405,-16.810287,-0.60515505,-7.160209,0.8564212,1.9798764,0.43744448,10.383844,1.1136118,4.8462896,2.55992,-1.2421608,1.3077129,2
gacs_advertisements_01_9G5luoju_s0001,gacs_advertisements_01_9G5luoju,advertisements,focused,-8.841452,-1.1177899,-11.682434,-6.293254,-2.1070483,1.4824811,-7.826445,-1.0006572,5.1346197,2.5344613,-0.37366816,1.7479715,3.3595169,1.6847916,2
gacs_advertisements_01_9G5luoju_s0002,gacs_advertisements_01_9G5luoju,advertisements,solitary,0.83674085,16.420687,1.0385206,7.90824,0.22422801,-6.981459,1.8470634,2.4536426,-1.9503335,1.244662,-0.16627716,2.5762882,-1.5732177,-0.4436386,0
gacs_advertisements_01_9G5luoju_s0003,gacs_advertisements_01_9G5luoju,advertisements,energetic,3.5577097,-2.0953841,-10.236158,1.0066245,-1.2595626,-4.436879,-0.97798395,1.4610635,-0.78824925,-3.5863197,-1.9220335,2.7044842,0.12659079,0.3293931,2
gacs_advertisements_01_9G5luoju_s0004,gacs_advertisements_01_9G5luoju,advertisements,hopeful,-15.986894,5.252707,7.032721,-10.685744,1.2359297,2.716759,3.2021818,-3.320699,2.9978056,-2.8087697,2.268967,0.84483844,-0.12956429,3.1290586,2
gacs_advertisements_01_9G5luoju_s0005,gacs_advertisements_01_9G5luoju,advertisements,global,-7.0693464,-8.961034,0.09943644,8.241244,-4.425962,-2.6871107,5.712836,-3.187005,3.878303,-2.8948214,0.2877943,2.5290024,-0.21607901,5.4850993,2
gacs_advertisements_01_9G5luoju_s0006,gacs_advertisements_01_9G5luoju,advertisements,prepared,-7.070427,-6.159254,-10.427675,-2.6162667,-0.5377659,-2.7463114,-5.368337,5.9654837,5.178652,0.4065529,-2.3992703,-0.22022738,-0.056308065,0.46199334,2
gacs_advertisements_01_9G5luoju_s0007,gacs_advertisements_01_9G5luoju,advertisements,ready,-5.5937624,-1.0080259,-10.523401,0.33983153,-5.5963674,-1.1243578,-8.430443,1.9238342,6.166856,3.4181862,0.60799575,1.8134073,-1.3119733,0.21410076,2
gacs_advertisements_01_9G5luoju_s0008,gacs_advertisements_01_9G5luoju,advertisements,active,-9.0009,-4.050484,-11.372922,0.9654155,0.010850961,-1.6324446,-5.0676107,0.03491084,5.6661944,0.71634555,-3.753265,-0.10668003,-0.8606214,-0.9327267,2
gacs_advertisements_01_9G5luoju_s0009,gacs_advertisements_01_9G5luoju,advertisements,sad,10.064039,30.526106,-5.814912,10.523025,0.9266094,5.653945,4.311832,2.3114042,3.0592933,-3.355844,0.36149353,-3.3787823,0.83465433,1.5856615,0
gacs_advertisements_01_9G5luoju_s0010,gacs_advertisements_01_9G5luoju,advertisements,determined,6.260644,-6.659295,-10.224904,2.3941643,-0.93476623,-4.381058,-3.1465232,3.9890847,-0.039918244,-2.1261563,-3.0290868,1.9143931,0.92621946,0.022001289,1
gacs_advertisements_01_9G5luoju_s0011,gacs_advertisements_01_9G5luoju,advertisements,energetic,-17.291418,5.7774916,9.072862,-7.1497517,5.2172318,1.1569338,-0.7082716,-2.7474377,3.485019,-1.0346651,0.9016901,1.4682013,2.0113347,-0.27378267,2
gacs_advertisements_01_9G5luoju_s0012,gacs_advertisements_01_9G5luoju,advertisements,determined,-15.874635,5.521884,6.702339,-8.048898,1.8188438,-1.8191025,0.43884915,-2.0528407,3.093497,0.31367865,1.1175478,0.96568376,1.1441718,0.06351917,2
gacs_advertisements_01_jBnseji3_s0000,gacs_advertisements_01_jBnseji3,advertisements,active,-0.7094375,-4.071119,-12.169094,5.6578565,-5.348952,-5.3207593,-0.4505416,1.1375461,5.8889413,-0.8144319,-4.231314,-1.5824547,1.3361611,-3.6918695,2
gacs_advertisements_01_jBnseji3_s0001,gacs_advertisements_01_jBnseji3,advertisements,resilient,7.905696,-6.61818,-2.5482786,-4.8885393,-2.3203475,-6.6951394,-4.1043763,8.274684,-0.49263746,-1.5869288,0.72332513,-0.90909714,1.719718,3.5521023,1
gacs_advertisements_01_jBnseji3_s0002,gacs_advertisements_01_jBnseji3,advertisements,pensive,11.321158,25.508488,-5.1659765,11.881355,6.5296397,0.17937164,2.5631242,5.20187,1.2866836,-0.36482024,1.9317403,-3.7006898,3.4197104,0.4320698,0
gacs_advertisements_01_jBnseji3_s0003,gacs_advertisements_01_jBnseji3,advertisements,intense,-2.8430684,-5.2288837,-12.249802,0.88376486,-0.02700999,-4.0137367,-2.5964305,4.23474,2.4475222,2.406715,-1.8109839,-1.2065988,1.5958619,0.6389867,2
gacs_advertisements_01_jBnseji3_s0004,gacs_advertisements_01_jBnseji3,advertisements,energetic,-11.844769,-7.3545666,-8.137002,-1.6525295,-1.1084509,-2.51188,0.25318798,4.3741508,2.3902178,0.7314507,-3.5697703,0.4932109,4.2323833,1.2326912,2
gacs_advertisements_01_jBnseji3_s0005,gacs_advertisements_01_jBnseji3,advertisements,joyful,-15.42654,-5.3105392,5.885958,16.963434,2.0735564,2.8963642,-2.763456,0.55461353,-0.7518982,4.5483747,3.6044056,2.5526974,-1.1504703,-0.120255806,2
gacs_advertisements_01_jBnseji3_s0006,gacs_advertisements_01_jBnseji3,advertisements,joyful,-13.311701,-5.1298337,3.6895826,14.584616,0.99834543,-1.7616665,-2.1426463,0.7157934,0.106035225,3.7543032,1.1750193,1.9432744,-0.7380495,1.0822242,2
gacs_advertisements_01_jBnseji3_s0007,gacs_advertisements_01_jBnseji3,advertisements,calm,-10.2399645,-2.127078,-6.270001,-3.8403213,-5.5521836,-4.978277,-1.6247383,1.7075753,2.6192946,5.594425,5.154449,-4.0630374,-2.7826962,-0.41487837,2
gacs_advertisements_01_jBnseji3_s0008,gacs_advertisements_01_jBnseji3,advertisements,energetic,3.7910907,-5.8639374,-16.002354,0.810284,0.14368103,-2.9770508,-0.5980271,0.16558757,-1.2665052,-0.73005754,-0.17132144,4.9370637,-2.1641293,0.35415107,2
gacs_advertisements_01_jBnseji3_s0009,gacs_advertisements_01_jBnseji3,advertisements,inspiring,-17.708267,-4.586004,11.681566,7.5444784,4.0708323,2.6836727,-0.35017002,1.704096,1.2712404,-1.1366917,2.2505393,3.1045587,-1.8136185,0.7117193,2
gacs_advertisements_01_jBnseji3_s0010,gacs_advertisements_01_jBnseji3,advertisements,energetic,-5.6062746,-10.603847,-7.716377,2.2785008,-0.3312517,-3.8448002,0.7741124,3.4919589,4.706528,-0.92225033,-1.5029763,0.56234777,1.2310082,3.3414912,2
gacs_advertisements_01_jBnseji3_s0011,gacs_advertisements_01_jBnseji3,advertisements,dark,18.560713,0.3483735,2.7868724,0.91370916,-10.649718,-2.4294467,2.4333498,-9.298721,-3.5952091,0.9803093,-3.4929247,3.5655317,0.046515405,-0.6670987,1
gacs_advertisements_01_jBnseji3_s0012,gacs_advertisements_01_jBnseji3,advertisements,dark,9.969496,9.085872,2.6800802,-2.986539,-6.9904366,-6.608127,-0.009106883,-8.387549,-0.5351433,4.211063,-2.3832896,5.6136985,-0.5834931,-2.0546882,0
gacs_advertisements_02_VGa1imAp_s0000,gacs_advertisements_02_VGa1imAp,advertisements,intense,22.427734,-8.992565,3.6275597,-1.0145155,0.5634393,-1.7024642,-4.664151,2.073937,2.365326,-0.28535366,2.1398668,1.3009188,1.200304,-1.1087478,1
gacs_advertisements_02_VGa1imAp_s0001,gacs_advertisements_02_VGa1imAp,advertisements,calm,-17.996294,3.559065,5.8130884,-5.0331893,1.2589232,0.526741,-0.40411296,-3.2111185,2.8497334,0.26090455,1.6732231,0.49667445,1.3842237,-0.0836277,2
gacs_advertisements_02_VGa1imAp_s0002,gacs_advertisements_02_VGa1imAp,advertisements,intense,-6.745218,-9.47656,-2.0128756,5.1323667,-4.603859,-1.6749592,1.4514036,-0.23746425,-4.188321,-2.4555125,-6.994398,-1.7997416,-1.8677212,-1.1912632,2
gacs_advertisements_02_VGa1imAp_s0003,gacs_advertisements_02_VGa1imAp,advertisements,pensive,-14.093647,4.230266,-7.319134,-9.522189,-0.1878247,0.14601898,-4.165575,-0.3648264,0.93083596,6.599827,1.220262,-0.7766714,2.3173149,3.5166736,2
gacs_advertisements_02_VGa1imAp_s0004,gacs_advertisements_02_VGa1imAp,advertisements,dangerous,20.582436,-10.197029,5.9933767,2.9237866,1.6026902,-3.299206,-0.11754529,-2.0304654,0.3832852,-4.6940646,1.4823649,2.084926,0.7268843,-0.8491528,1
gacs_advertisements_02_VGa1imAp_s0005,gacs_advertisements_02_VGa1imAp,advertisements,serene,-4.9279857,11.052732,1.1345202,-11.5446005,-1.9131926,-3.4763772,1.3648016,-9.868526,-2.846683,-3.527765,2.980465,0.4938317,0.4801266,3.2009096,2
gacs_advertisements_02_VGa1imAp_s0006,gacs_advertisements_02_VGa1imAp,advertisements,pensive,-6.150187,-4.1205378,-1.0944515,2.33772,0.15778098,-8.023025,-2.6066563,-3.862645,-2.1818795,1.946482,-5.707518,-0.73958606,-1.9162134,2.687869,2
gacs_advertisements_02_VGa1imAp_s0007,gacs_advertisements_02_VGa1imAp,advertisements,calm,16.185444,11.236119,4.1718593,-1.4219434,-2.5604885,-6.594242,-8.121486,-7.485365,-0.79935706,0.42866853,-0.6493586,2.747586,-2.8099744,-4.4432974,0
gacs_advertisements_02_VGa1imAp_s0008,gacs_advertisements_02_VGa1imAp,advertisements,engaging,-0.8342659,-4.6129804,-15.406694,-1.8345289,-3.2589161,-0.5614319,3.4641829,-0.25395426,1.9477797,-0.2646809,0.9406414,2.3887453,-1.2617148,3.1580331,2
gacs_advertisements_02_VGa1imAp_s0009,gacs_advertisements_02_VGa1imAp,advertisements,surreal,18.395847,1.609479,1.9789071,8.020693,5.4616904,-8.546509,-4.996356,-2.2667153,-6.659397,0.435788,-0.26188806,1.7564608,-4.275271,-1.3128258,1
gacs_advertisements_02_VGa1imAp_s0010,gacs_advertisements_02_VGa1imAp,advertisements,serene,-14.937903,1.2764,7.120659,1.6791384,0.28466257,-4.2402916,1.8901997,-2.670416,0.06622047,-1.1965115,-1.4192443,0.49929774,-1.1500801,-0.8156854,2
gacs_advertisements_02_VGa1imAp_s0011,gacs_advertisements_02_VGa1imAp,advertisements,anachronistic,7.1931496,-7.728557,-2.6954966,6.5416126,-8.323522,-2.5434058,5.0859237,-7.07529,-3.389952,-3.2847273,0.3770683,0.14362569,0.2967428,2.3523495,1
gacs_advertisements_02_VGa1imAp_s0012,gacs_advertisements_02_VGa1imAp,advertisements,focused,-8.456125,9.099071,0.266458,-11.799286,-2.0752766,-4.079413,-8.839366,-4.6357117,0.6846415,1.3602723,-0.60821277,0.06575165,2.1135795,-3.5964508,2
gacs_advertisements_02_VGa1imAp_s0013,gacs_advertisements_02_VGa1imAp,advertisements,serene,-2.0813677,10.544317,7.0679593,-10.289094,-4.6642714,-6.904211,0.6416631,-9.103218,-3.0229664,-0.9130198,1.8351277,-1.5050317,0.8537126,3.2278214,2
gacs_advertisements_02_WDld_tTL_s0000,gacs_advertisements_02_WDld_tTL,advertisements,happy,-17.527603,-0.9661472,-0.29636812,10.566223,-0.088905014,5.0932403,-2.825968,-0.05860655,-2.7152588,5.1661854,-1.0253236,0.9838356,-0.26596558,-1.7563472,2
gacs_advertisements_02_WDld_tTL_s0001,gacs_advertisements_02_WDld_tTL,advertisements,happy,-16.463303,-1.0355242,2.2146442,7.898493,-2.1143248,3.7224886,-2.6110156,1.4368608,0.63164353,5.064179,3.4401286,3.7910616,-0.45755315,-0.12305493,2
gacs_advertisements_02_WDld_tTL_s0002,gacs_advertisements_02_WDld_tTL,advertisements,happy,-18.105211,-3.1141965,3.4264982,11.981782,-0.45448947,3.9089913,-2.574483,0.755072,0.77794254,3.9347632,2.4346318,3.6822174,0.6089904,-0.80786866,2
gacs_advertisements_02_WDld_tTL_s0003,gacs_advertisements_02_WDld_tTL,advertisements,happy,-18.91745,1.4414308,1.4952489,0.6036793,0.23567228,3.1780708,-3.7055936,0.10548502,0.5294427,3.7563243,-1.0929786,0.9488723,1.3259875,-1.9194283,2
gacs_advertisements_02_WDld_tTL_s0004,gacs_advertisements_02_WDld_tTL,advertisements,clear,-1.5074539,-4.213362,-17.109188,-6.8406386,-5.879096,1.7484683,1.6608374,1.7203531,7.3460097,0.35279572,2.2063975,2.596405,-1.589085,4.3518963,2
gacs_animations_00_-HMqv0zl_s0000,gacs_animations_00_-HMqv0zl,animations,bright,4.347085,19.850784,0.7645798,-6.600467,-2.2471251,-1.1332352,6.1515284,-10.550304,2.3923721,2.9419398,0.19499424,1.7700018,-2.137154,2.4247658,0
gacs_animations_00_-HMqv0zl_s0001,gacs_animations_00_-HMqv0zl,animations,tense,27.155397,-8.496959,12.942596,-5.5399847,-1.9994605,5.3415494,1.717501,1.6778809,-4.8681912,-5.959603,3.7321796,-1.2756169,-0.24584846,-2.8213391,1
gacs_animations_00_WIPV1iwz_s0000,gacs_animations_00_WIPV1iwz,animations,tranquil,18.457228,8.790882,6.857304,1.770421,-6.618643,-4.6145544,-1.5941939,-5.8244157,-0.077938214,0.29265928,-3.3170133,3.0736558,-4.36128,-1.428094,1
gacs_animations_00_WIPV1iwz_s0001,gacs_animations_00_WIPV1iwz,animations,mysterious,1.2394007,8.744206,16.6786,-1.8120142,-1.8174056,-6.3754063,3.5046062,-4.3010297,-0.9919816,-2.484108,-2.247425,3.6183305,-3.492013,4.9573255,2
gacs_animations_00_WIPV1iwz_s0002,gacs_animations_00_WIPV1iwz,animations,peaceful,-15.202509,7.2787666,8.849429,-11.1055355,4.3243527,1.935111,1.3240926,-5.3715506,4.245493,-1.9776583,0.9631858,1.5981486,1.8552674,0.57099456,2
gacs_animations_00_WIPV1iwz_s0003,gacs_animations_00_WIPV1iwz,animations,peaceful,-14.938459,4.065145,11.379927,-7.5371757,4.265766,-1.2892588,-0.5483972,-4.439426,5.537502,-2.5615294,0.81435144,1.3282534,0.45891565,0.63754624,2
gacs_animations_00_WIPV1iwz_s0004,gacs_animations_00_WIPV1iwz,animations,peaceful,-15.18986,9.122188,8.84489,-10.3690195,2.6849992,0.6509502,-1.1012521,-4.817606,4.091053,-1.3940576,-0.2210619,0.55155635,2.1853898,0.7346338,2
gacs_animations_00_WIPV1iwz_s0005,gacs_animations_00_WIPV1iwz,animations,cute,-18.616817,-2.2671053,1.6841327,-0.2237652,2.4320397,3.2636874,-1.4894991,2.1479347,-1.7495413,0.8385163,-5.9527893,-1.7344587,-1.1231514,-3.0370831,2
gacs_animations_00_WIPV1iwz_s0006,gacs_animations_00_WIPV1iwz,animations,adorable,-9.48047,-4.4828105,-7.0108194,-5.335455,-7.7445564,2.0881598,-1.9591291,-0.78049135,-3.5338705,-4.5719724,-9.000197,-2.7442198,-0.7361414,3.4955142,2
gacs_animations_00_WIPV1iwz_s0007,gacs_animations_00_WIPV1iwz,animations,cute,-11.298455,-2.0925055,-3.6318424,-7.299224,-4.3730936,1.68861,-1.0491955,-2.030803,-6.505515,-5.3336997,-7.073972,-2.5961518,-0.12348857,0.8969873,2
gacs_animations_00_WIPV1iwz_s0008,gacs_animations_00_WIPV1iwz,animations,cute,-3.6826851,-7.6722198,0.89031667,-3.2758737,-9.362625,-0.37288162,-3.065447,3.3102343,-8.106045,-5.344683,-9.429311,-5.7421193,-3.2791178,0.81600183,2
gacs_animations_00_WIPV1iwz_s0009,gacs_animations_00_WIPV1iwz,animations,peaceful,-16.914934,0.61372095,1.5913635,-6.258393,2.459009,2.6175852,-1.8070121,-2.9753685,2.9864109,-0.1984855,-2.7526147,-0.8377965,1.6772428,1.628366,2
gacs_animations_00_WIPV1iwz_s0010,gacs_animations_00_WIPV1iwz,animations,peaceful,-15.79008,4.0536556,8.082018,-7.959467,4.729966,0.7616007,0.94309825,-3.7406626,6.2852354,-2.1662064,1.3726343,0.9289835,1.8604822,1.1847363,2
gacs_animations_00_WIPV1iwz_s0011,gacs_animations_00_WIPV1iwz,animations,cute,-18.86384,-2.000596,4.282543,-1.7133371,3.1730146,2.167236,-0.8820346,-0.19789681,-0.38916934,-0.42536488,-3.3332896,-0.64327794,-0.13666642,0.26151383,2
gacs_animations_00_WIPV1iwz_s0012,gacs_animations_00_WIPV1iwz,animations,curious,2.1882193,-4.434319,-18.073612,-1.5457642,19.187933,5.742114,-0.23354995,-4.8094535,-3.227217,1.0108794,-5.49875,-0.15288876,-2.9784498,6.6351333,2
gacs_animations_00_WIPV1iwz_s0013,gacs_animations_00_WIPV1iwz,animations,curious,-12.394627,-1.3349278,-6.7982326,-9.911405,11.684589,3.2977095,-0.034621906,-2.714631,-2.9080033,1.119869,-6.73388,-3.0671394,-1.584448,5.8102536,2
gacs_animations_00_WIPV1iwz_s0014,gacs_animations_00_WIPV1iwz,animations,peaceful,-17.521938,3.4582994,10.44765,-8.886594,6.3320093,3.3104413,1.4083261,-3.15362,4.8532386,-3.344442,1.3312116,1.8252146,1.0822289,0.1952517,2
gacs_animations_01_CWnqX41J_s0000,gacs_animations_01_CWnqX41J,animations,clinical,23.341358,-7.399439,-1.7203715,-6.243837,-7.0495815,9.759408,3.5946653,-3.9306521,-2.3843513,-2.5410833,0.40125507,-0.39204368,0.29731593,1.1085272,1
gacs_animations_01_CWnqX41J_s0001,gacs_animations_01_CWnqX41J,animations,mysterious,25.915312,-7.5354013,9.560626,-1.0924262,-6.966465,7.174483,4.1408405,-3.4558578,-5.098243,-0.69862366,-0.89807755,-0.3070908,0.5748763,-1.3775452,1
gacs_animations_01_CWnqX41J_s0002,gacs_animations_01_CWnqX41J,animations,chaotic,26.398165,-7.0556054,5.0216208,-3.041356,-8.225234,9.665108,2.9052668,-5.7830243,-2.9534767,-0.25068167,-0.6518246,-0.090076625,0.7890815,-1.3735342,1
gacs_animations_01_CWnqX41J_s0003,gacs_animations_01_CWnqX41J,animations,surreal,-3.9243171,-5.6488457,3.1674285,11.17837,-7.7570186,-6.6589985,-0.1947179,-5.2413034,-1.0306237,2.6567092,-1.4821647,1.5242594,-0.2851546,3.0012984,2
gacs_animations_01_CWnqX41J_s0004,gacs_animations_01_CWnqX41J,animations,pensive,-19.307413,4.33982,5.073916,-8.230905,6.8935914,3.9884796,0.662525,-2.5931444,1.6999516,-0.059122484,1.45244,0.5869216,0.853921,1.9510834,2
gacs_animations_01_CWnqX41J_s0005,gacs_animations_01_CWnqX41J,animations,eerie,7.8933215,-4.3610773,-7.138661,0.0064272294,-10.857604,2.7095509,9.165144,-8.253075,-3.647629,4.05193,3.4746377,-3.2504022,-0.64737993,3.507538,1
gacs_animations_01_CWnqX41J_s0006,gacs_animations_01_CWnqX41J,animations,pensive,11.039284,29.748457,-4.6874557,8.396101,-0.9383723,2.6380923,2.5866723,0.7616204,2.0427754,-2.5958953,-1.6089123,-3.1289308,-1.2981666,1.3836551,0
gacs_animations_01_CWnqX41J_s0007,gacs_animations_01_CWnqX41J,animations,intense,26.622221,-9.903227,8.84987,-3.6154394,-6.1726623,6.990886,-1.4514023,-3.5450249,-1.2382913,1.2500879,1.1122696,-2.615429,0.6244223,-0.8945433,1
gacs_animations_01_CWnqX41J_s0008,gacs_animations_01_CWnqX41J,animations,eerie,24.416187,-8.202369,5.7257433,-0.59973717,-9.918888,6.0345407,4.155242,-7.0194364,-5.1653023,-0.9178791,0.17453538,0.00059453776,1.2375989,-1.7579325,1
gacs_animations_01_CWnqX41J_s0009,gacs_animations_01_CWnqX41J,animations,thoughtful,15.807814,7.550587,-10.282093,0.96268183,1.3084135,-2.5716643,-3.5289054,2.6672297,-5.8936715,0.71014744,-2.2593768,1.8124989,-3.99695,2.4822118,1
gacs_animations_01_CWnqX41J_s0010,gacs_animations_01_CWnqX41J,animations,mysterious,13.817593,18.246992,5.743041,7.2664704,-2.5598602,-2.9543226,2.2541165,1.0813158,-1.1581856,-0.99360406,-5.549332,2.4532657,-3.34051,0.9141388,0
gacs_animations_01_CWnqX41J_s0011,gacs_animations_01_CWnqX41J,animations,mysterious,-3.3457716,-0.15258147,1.9746357,-0.7819894,11.995068,-3.6733568,-0.15316962,0.8190205,-6.8015003,2.723691,-5.8392706,2.1147857,-6.1391935,5.7859564,2
gacs_animations_01_hJnAHzo4_s0000,gacs_animations_01_hJnAHzo4,animations,ominous,11.631481,-2.4919362,-9.858473,-7.063989,1.7506756,0.42935693,8.44529,4.3200774,-4.250932,-0.2354741,-1.9026135,6.0786114,-2.6220698,0.22537144,1
gacs_animations_01_hJnAHzo4_s0001,gacs_animations_01_hJnAHzo4,animations,concerned,16.2553,-6.603779,-0.516193,0.06180387,-5.5786386,-1.9126697,-5.4497747,0.8276054,-1.2895952,-1.6811218,-0.78139806,0.28854004,-1.0401629,3.742426,1
gacs_animations_01_hJnAHzo4_s0002,gacs_animations_01_hJnAHzo4,animations,uncertain,-2.1038623,-7.415111,-11.959063,-2.2938898,-12.212339,2.796809,-2.7304235,-3.6059103,-0.8539807,-3.1151092,-6.0673914,-1.7722669,-2.0197616,4.6058846,2
gacs_animations_01_hJnAHzo4_s0003,gacs_animations_01_hJnAHzo4,animations,stressed,25.643017,-12.740027,4.1668296,2.7246425,7.0049925,0.24951631,-8.664923,-0.8007226,3.473343,-4.221625,4.5105805,-2.8247461,-1.2854179,-1.9551717,1
gacs_animations_01_hJnAHzo4_s0004,gacs_animations_01_hJnAHzo4,animations,hopeful,3.842683,4.503005,11.377098,-3.875741,-7.0726523,-7.1719513,0.34191787,-6.593011,3.774921,0.41394985,-2.736164,2.7752144,-4.9288216,4.805044,2
gacs_animations_01_hJnAHzo4_s0005,gacs_animations_01_hJnAHzo4,animations,cheerful,-20.10077,-0.94702965,5.119094,0.28489652,5.788857,6.5231986,-1.1022019,0.9875973,1.0849556,1.6630648,-1.7854638,1.7405382,-0.75079244,-1.2209918,2
gacs_animations_01_hJnAHzo4_s0006,gacs_animations_01_hJnAHzo4,animations,surprised,1.1749,-15.308563,9.252543,14.076332,1.5789135,-2.1613915,-6.249912,-0.95437837,0.13043255,-1.4088908,-1.3365752,-5.8234377,-1.3303075,0.81622785,2
gacs_animations_01_hJnAHzo4_s0007,gacs_animations_01_hJnAHzo4,animations,lively,-9.402702,-6.823338,0.050134834,-3.8307514,-4.005645,-3.0487292,2.9570816,-0.901946,-0.03681247,-0.38092145,-1.2232964,-1.8619405,-6.0370474,1.9111617,2
gacs_animations_01_hJnAHzo4_s0008,gacs_animations_01_hJnAHzo4,animations,energetic,-14.169951,-3.3549857,-1.3339158,1.2521887,1.0576962,-4.3689404,3.421522,1.53274,2.9450784,-0.8214755,-1.6505618,1.5951499,0.997216,-1.4422873,2
gacs_animations_01_hJnAHzo4_s0009,gacs_animations_01_hJnAHzo4,animations,surprised,-8.060058,-11.237626,1.0288234,15.820642,-8.506308,2.6593177,-5.2602344,-4.8161764,-2.9123473,-1.4377848,-4.430127,-3.0577977,-1.6183871,3.9879246,2
gacs_animations_01_hJnAHzo4_s0010,gacs_animations_01_hJnAHzo4,animations,scared,24.869495,-10.729407,11.779933,-5.733007,3.8576524,1.7608256,-6.2879558,3.147603,1.4489241,-3.9735346,3.4408898,-2.5298204,-1.9471936,-0.5695192,1
gacs_animations_01_hJnAHzo4_s0011,gacs_animations_01_hJnAHzo4,animations,serious,-14.425036,0.80531746,4.603237,-6.3802257,3.9305196,-1.9153771,-5.1167336,-0.003639126,4.36083,2.5413277,-1.9015149,0.18230495,0.576116,2.098775,2
gacs_animations_01_hJnAHzo4_s0012,gacs_animations_01_hJnAHzo4,animations,watchful,-9.420513,-6.919606,-3.012415,3.6476882,-6.9383063,-1.0599953,-5.9384537,-0.24849531,2.51771,0.63308924,-7.739957,-1.118726,-0.64590156,4.631806,2
gacs_animations_01_hJnAHzo4_s0013,gacs_animations_01_hJnAHzo4,animations,surprised,24.455667,-6.2770257,9.175777,2.455661,0.25506818,0.75061953,-8.757208,3.532521,-0.6454523,-2.3413095,4.956418,-1.1883726,-2.6432998,0.82807803,1
gacs_animations_02_lTxn2Buq_s0000,gacs_animations_02_lTxn2Buq,animations,mysterious,11.767198,-8.590185,11.360291,3.4897373,-10.800046,-2.7658856,6.319086,-5.8286757,-5.7811203,-1.5492411,-1.5503306,0.31912705,0.40875065,2.2369275,1
gacs_animations_02_lTxn2Buq_s0001,gacs_animations_02_lTxn2Buq,animations,warm,-19.694078,-4.6703663,0.8594671,-1.7460855,-2.4535186,5.096212,-0.4294317,1.4091312,1.4010184,-0.2283376,-0.77865505,0.18858264,0.7627933,-0.7324749,2
gacs_animations_02_lTxn2Buq_s0002,gacs_animations_02_lTxn2Buq,animations,happy,-18.648973,-2.2267761,2.5985026,9.059339,-0.44472176,5.710247,-3.323727,0.16706717,0.47206837,2.9545724,-2.4490867,3.3682609,-0.90732473,-2.7738926,2
gacs_animations_02_lTxn2Buq_s0003,gacs_animations_02_lTxn2Buq,animations,thoughtful,-8.871369,2.124366,-12.621264,-2.4067929,2.9505155,0.09614577,-7.521425,-3.064777,-2.8142312,3.7176588,-5.819885,1.9034543,-3.8475008,2.5648654,2
gacs_animations_02_lTxn2Buq_s0004,gacs_animations_02_lTxn2Buq,animations,surreal,20.278196,-9.187234,3.332245,1.8587614,-12.6398945,7.251153,3.9125998,-5.8634534,-7.3456097,-4.7899475,1.8590297,-0.4002824,2.1658137,0.5547019,1
gacs_animations_02_lTxn2Buq_s0005,gacs_animations_02_lTxn2Buq,animations,silly,-3.9408243,1.3200014,-8.614844,-1.1349192,2.2236612,9.971328,9.35256,2.308585,-7.9402165,-4.1189337,-0.96252203,3.545772,-9.279477,1.9794905,2
gacs_animations_02_lTxn2Buq_s0006,gacs_animations_02_lTxn2Buq,animations,sad,7.4933314,24.097673,-11.990821,5.718248,-2.096616,8.989129,2.696028,1.4951485,1.0402554,-3.5559416,-0.41850522,2.157701,-3.5209734,1.3966559,0
gacs_animations_02_lTxn2Buq_s0007,gacs_animations_02_lTxn2Buq,animations,embarrassed,8.951268,-5.0901833,-12.81495,-5.8909316,4.800664,16.690393,14.744663,-1.1981091,-9.780168,-9.608503,2.6949594,3.8973517,-10.164459,3.0675433,1
gacs_animations_02_lTxn2Buq_s0008,gacs_animations_02_lTxn2Buq,animations,serious,-3.775291,2.992863,-15.398401,-9.898174,-3.070687,2.2480478,-1.8395514,1.3227029,-4.181367,3.307424,0.51025796,0.16995552,1.2989776,4.367597,2
gacs_animations_02_lTxn2Buq_s0009,gacs_animations_02_lTxn2Buq,animations,sad,18.103878,19.85217,-3.8709335,4.69501,-1.3730366,3.5684059,-3.1334689,6.1698585,-0.4664652,-5.142429,-0.7436433,1.2252353,-3.5281599,1.1961348,0
gacs_animations_02_lTxn2Buq_s0010,gacs_animations_02_lTxn2Buq,animations,anxious,22.671423,-6.8670897,10.294816,-10.060387,-3.0208814,1.7929121,-5.5725136,4.0789704,-3.975244,-4.01446,1.1602515,-1.4598225,-4.180823,2.4272757,1
gacs_animations_02_lTxn2Buq_s0011,gacs_animations_02_lTxn2Buq,animations,concerned,11.522842,-9.083992,2.9471297,5.0959697,-7.7574253,-0.74748147,-4.840923,-4.535472,-7.7406464,-2.7496612,-1.1436176,-1.7134987,-1.6919787,2.82264,1
gacs_animations_02_lTxn2Buq_s0012,gacs_animations_02_lTxn2Buq,animations,vibrant,-12.210093,-6.143723,-9.807435,0.5830587,-2.6499488,1.4607186,2.140401,-1.7627774,4.770332,-0.28474945,-0.623532,-2.4632065,-1.1874589,4.0588355,2
gacs_animations_02_lTxn2Buq_s0013,gacs_animations_02_lTxn2Buq,animations,urgent,2.4709513,-5.604859,-15.156134,8.64273,2.0773063,0.6593594,-0.2511825,-3.0452027,1.4771556,-0.407388,-3.9448981,0.3829601,-0.5074003,1.1463585,2
gacs_animations_02_lTxn2Buq_s0014,gacs_animations_02_lTxn2Buq,animations,cheerful,-19.463186,-0.29301852,4.498053,4.9498806,1.6765596,5.271234,-2.2218387,0.9401629,-0.95803076,2.3473234,-3.541248,2.1778514,-1.847476,-2.4305458,2
gacs_animations_02_lTxn2Buq_s0015,gacs_animations_02_lTxn2Buq,animations,serene,-1.9805813,1.6103663,-12.100195,-7.3737164,-6.1606436,0.53548825,3.7492428,-4.309399,5.6632705,-0.4417507,4.1718154,0.5814101,-0.7848567,2.6574287,2
gacs_animations_02_qLGNj-xr_s0000,gacs_animations_02_qLGNj-xr,animations,neutral,-10.187583,8.6538,-6.051903,-13.780569,-0.59759045,0.6863651,-2.2730837,-4.053668,1.406946,2.6508536,-0.7368515,-3.0493276,1.4532635,-1.8622037,2
gacs_animations_02_qLGNj-xr_s0001,gacs_animations_02_qLGNj-xr,animations,struggling,5.388379,0.904273,-15.133197,8.7412615,15.538861,2.2148507,-7.3302755,-3.7950904,-0.2386479,-1.3017069,-8.4243,-1.71752,-4.91318,3.2228687,1
gacs_animations_02_qLGNj-xr_s0002,gacs_animations_02_qLGNj-xr,animations,ordinary,-10.81675,-4.2084875,-7.8135834,-0.34353167,-6.5324893,0.09993988,-4.590809,0.0054366286,4.609958,0.1963103,-3.9216568,0.38421196,-0.290519,0.63153714,2
gacs_animations_02_qLGNj-xr_s0003,gacs_animations_02_qLGNj-xr,animations,calm,-3.440938,-2.3041697,-11.045609,2.4253342,-5.2838993,-0.7524297,-1.9985096,-1.9602256,3.9384985,-0.6392557,-0.58666885,2.9675715,-1.144838,-0.98842555,2
gacs_animations_02_qLGNj-xr_s0004,gacs_animations_02_qLGNj-xr,animations,calm,1.9377786,-4.7301564,-14.720408,-0.2557619,-5.2056,0.86190194,1.0753353,-2.3448195,2.2881477,-1.5517083,-0.29003367,1.8243338,-1.2985405,0.62414044,2
gacs_animations_02_qLGNj-xr_s0005,gacs_animations_02_qLGNj-xr,animations,mischievous,-10.839193,-8.756938,-3.347113,1.9216828,-2.1140466,0.17754489,2.2448394,1.990496,-2.5118124,1.7594185,-5.4943585,-4.5640726,-7.2908597,1.7428269,2
gacs_animations_02_qLGNj-xr_s0006,gacs_animations_02_qLGNj-xr,animations,helpful,-13.042672,-1.9597737,-2.8046894,-3.92189,-1.7602125,-0.2646012,-2.7404084,2.0312054,1.1664003,1.4993596,-0.49883097,2.5506227,1.5673232,4.0746427,2
gacs_animations_02_qLGNj-xr_s0007,gacs_animations_02_qLGNj-xr,animations,struggling,15.016851,26.792542,-1.1768698,9.226139,1.6628414,3.002481,1.3704146,5.350441,3.1321468,-2.959042,-2.192205,-3.4249547,-0.97561115,1.6332307,0
gacs_animations_02_qLGNj-xr_s0008,gacs_animations_02_qLGNj-xr,animations,helpful,-13.0987015,-2.373661,-3.8996634,-7.933367,-1.1253455,4.6345496,-1.7856427,1.7468544,-1.6549498,0.19357696,-2.989739,2.0438774,-0.77873254,3.1977396,2
gacs_animations_02_qLGNj-xr_s0009,gacs_animations_02_qLGNj-xr,animations,struggling,1.2059667,-5.126697,1.5066702,2.8228662,0.013002292,-3.8293571,-2.9550748,5.348783,-5.1070023,-4.796552,-7.7091565,0.078840315,-4.048977,0.92479944,2
gacs_animations_02_qLGNj-xr_s0010,gacs_animations_02_qLGNj-xr,animations,curious,2.0708265,-11.440633,-10.594715,19.644173,-11.09688,8.609598,-3.3696198,-12.029507,-4.741996,-2.5155015,0.7639173,-3.2754145,1.0252876,1.1400218,2
gacs_animations_02_qLGNj-xr_s0011,gacs_animations_02_qLGNj-xr,animations,serious,-0.19136436,9.179717,-4.2063723,-7.004325,-7.444309,-6.619361,-4.4310164,-5.43364,-2.5519688,-3.4259894,-1.3435415,1.3536515,0.74799514,-1.7519276,2
gacs_animations_02_qLGNj-xr_s0012,gacs_animations_02_qLGNj-xr,animations,hesitant,6.4279823,-2.8290954,10.519938,-8.6065235,-4.8930254,-4.3413634,-1.5892485,4.6616116,-4.1780434,-2.4704218,-2.8885128,-2.221433,-2.454986,2.7214525,1
gacs_animations_02_qLGNj-xr_s0013,gacs_animations_02_qLGNj-xr,animations,playful,-16.81829,-1.9612453,-1.7676337,9.33949,-2.609012,4.1048813,-4.0370913,0.36596906,0.87399924,4.3616614,-3.1787114,2.2380638,-0.66412205,-0.4893382,2
gacs_animations_02_qLGNj-xr_s0014,gacs_animations_02_qLGNj-xr,animations,concerned,7.058571,-1.4506282,-11.862925,-0.9258399,12.987271,2.2861955,-2.6165423,-2.0907788,-3.786386,0.92093486,-3.1663408,1.9136548,-6.1788764,1.8596424,1
gacs_animations_02_qLGNj-xr_s0015,gacs_animations_02_qLGNj-xr,animations,peaceful,-15.663137,-2.9164667,1.4890817,-0.96707267,3.0255208,2.743965,-0.5930035,-0.7315456,4.2786574,1.543931,-0.29096246,3.6688557,-0.13256764,2.685501,2
gacs_emotional_shorts_00_44buVmzh_s0000,gacs_emotional_shorts_00_44buVmzh,emotional_shorts,lively,-14.403247,-5.697952,-1.2179168,0.98649377,-4.8711095,0.7060931,-2.7081568,5.371805,1.1738354,-1.6503447,0.34950197,0.13871785,3.91238,-3.5318215,2
gacs_emotional_shorts_00_44buVmzh_s0001,gacs_emotional_shorts_00_44buVmzh,emotional_shorts,cheerful,-15.91195,-3.5114317,-0.14861016,-4.9892855,-1.4126351,6.3467627,0.44950446,4.6645775,-0.38637194,-1.3057152,0.0068826107,-1.878595,1.557265,-1.3308159,2
gacs_emotional_shorts_00_44buVmzh_s0002,gacs_emotional_shorts_00_44buVmzh,emotional_shorts,friendly,-12.696445,-2.8441086,-3.5211809,-9.708038,-5.1432242,4.881032,-3.2837796,4.219471,-2.201787,-3.6818845,-3.388784,-4.6842012,4.000372,-3.205681,2
gacs_emotional_shorts_00_44buVmzh_s0003,gacs_emotional_shorts_00_44buVmzh,emotional_shorts,lively,-15.3514805,-3.563804,-2.2948947,1.3205954,-4.177219,2.9595199,-2.152241,5.240673,0.28868812,0.9182554,-0.45059994,-0.22581223,4.3442283,-3.1053581,2
gacs_emotional_shorts_00_44buVmzh_s0004,gacs_emotional_shorts_00_44buVmzh,emotional_shorts,lively,-14.227014,-3.613708,-4.901127,-1.0721866,-3.625463,2.9313397,-1.8975245,5.8764634,2.324742,0.5176673,-0.67699325,0.04875451,4.9196386,-1.5680143,2
gacs_emotional_shorts_00_44buVmzh_s0005,gacs_emotional_shorts_00_44buVmzh,emotional_shorts,engaging,-14.160023,-5.5807214,-1.5248153,-1.073707,-1.1730309,1.9280665,-2.0485613,5.3886786,-2.8258052,-0.2981273,-0.87257606,-1.7494161,5.398856,-1.6016546,2
gacs_emotional_shorts_00_44buVmzh_s0006,gacs_emotional_shorts_00_44buVmzh,emotional_shorts,engaging,-16.477037,-2.5212626,-0.44367954,-4.9773602,-5.3427467,4.161014,-2.0739934,3.4605649,-0.091278166,-2.2705016,-2.0133193,-2.528582,4.1330514,-2.7838376,2
gacs_emotional_shorts_00_44buVmzh_s0007,gacs_emotional_shorts_00_44buVmzh,emotional_shorts,friendly,-11.053117,-5.601746,-7.112933,0.8290441,-10.026824,3.2355444,-5.952687,3.6257074,3.4445455,0.653245,1.7030073,2.745496,2.107152,-0.48685074,2
gacs_emotional_shorts_00_44buVmzh_s0008,gacs_emotional_shorts_00_44buVmzh,emotional_shorts,engaged,-15.990586,-7.2149277,0.59677136,4.329519,-0.7610507,2.690262,-0.3786512,3.775088,-0.53457683,0.8401135,2.2524662,0.68092257,1.6130284,-0.7278176,2
gacs_emotional_shorts_00_44buVmzh_s0009,gacs_emotional_shorts_00_44buVmzh,emotional_shorts,engaging,-15.4255295,-2.564468,-1.6734549,-1.0435491,-3.065431,3.2461119,-3.3488655,4.930107,-0.086261615,-0.27523726,-0.1154862,-0.007213495,4.4602346,-1.3450468,2
gacs_emotional_shorts_00_44buVmzh_s0010,gacs_emotional_shorts_00_44buVmzh,emotional_shorts,engaging,-12.115943,-6.2753124,-1.0674133,0.024476115,-2.184742,2.986042,-1.0142403,6.007436,-2.1313927,-1.3272688,0.39372,0.70978224,2.5044665,0.071539514,2
gacs_emotional_shorts_00_44buVmzh_s0011,gacs_emotional_shorts_00_44buVmzh,emotional_shorts,engaged,-12.340578,-4.4665794,-5.4000278,-1.371253,-4.22497,2.8184657,-2.5504682,5.309437,-0.92833674,-0.5180833,-0.17851897,-0.52650696,4.965343,-1.4501878,2
gacs_emotional_shorts_00_44buVmzh_s0012,gacs_emotional_shorts_00_44buVmzh,emotional_shorts,upbeat,-11.420075,-3.3624501,-6.9279294,1.3468705,-7.6589475,2.5148985,-4.4501867,4.5957394,1.9089,0.3717917,0.18423527,0.5633811,4.582427,-1.3474257,2
gacs_emotional_shorts_00_44buVmzh_s0013,gacs_emotional_shorts_00_44buVmzh,emotional_shorts,engaged,-12.359429,-7.29716,-5.3314705,4.4640775,-6.4290204,1.3776048,-3.3233147,5.998813,1.1901398,1.0042588,1.4694484,-0.6027719,5.232376,-0.2856664,2
gacs_emotional_shorts_00_44buVmzh_s0014,gacs_emotional_shorts_00_44buVmzh,emotional_shorts,enthusiastic,-14.977731,-6.557177,2.1916795,0.8425345,-0.21074824,2.7460513,-0.44028404,5.9367914,-4.212634,-1.7812685,-0.5463926,-1.9190186,2.8886278,-2.067729,2
gacs_emotional_shorts_00_WAmw-erI_s0000,gacs_emotional_shorts_00_WAmw-erI,emotional_shorts,mysterious,-0.33741444,-3.8488514,2.089508,1.0561001,-6.31281,-1.681085,8.115346,-4.2314634,-4.7335944,0.8190246,-1.7144051,1.7534139,-3.790191,7.4552803,2
gacs_emotional_shorts_00_WAmw-erI_s0001,gacs_emotional_shorts_00_WAmw-erI,emotional_shorts,calm,-10.041468,4.466051,-7.458565,-8.989027,-2.3469725,-2.9351146,-4.732956,-0.2368508,-1.5815581,4.659746,-2.125153,-4.2237606,4.06746,-3.39121,2
gacs_emotional_shorts_00_WAmw-erI_s0002,gacs_emotional_shorts_00_WAmw-erI,emotional_shorts,relaxed,-14.777004,2.3160188,-1.978693,-9.16238,0.9262821,1.6404966,-3.7763267,0.5897458,1.6030315,1.5865905,-1.637863,-3.4567776,1.9360052,-5.028629,2
gacs_emotional_shorts_00_WAmw-erI_s0003,gacs_emotional_shorts_00_WAmw-erI,emotional_shorts,conversational,-9.956178,-1.1433829,-9.007761,-8.549389,0.5220665,-1.8963351,-4.8026114,-0.340011,1.5559026,4.0507274,-0.5512064,-2.870962,2.7706008,2.8924327,2
gacs_emotional_shorts_00_WAmw-erI_s0004,gacs_emotional_shorts_00_WAmw-erI,emotional_shorts,serious,-4.9465623,-2.0845168,-17.728851,-3.3966155,-2.3664587,-0.679015,-6.8443093,1.2093178,4.1169233,5.083507,-0.2050561,-2.0755072,1.0159341,6.1641755,2
gacs_emotional_shorts_00_WAmw-erI_s0005,gacs_emotional_shorts_00_WAmw-erI,emotional_shorts,surprised,20.421942,-8.185513,4.446293,5.9148183,1.5900128,-3.2025974,-9.467467,0.86439013,-4.3470216,-1.7163692,4.340409,-3.0105495,-1.3133231,1.318069,1
gacs_emotional_shorts_00_WAmw-erI_s0006,gacs_emotional_shorts_00_WAmw-erI,emotional_shorts,pensive,-5.6182113,-2.4226234,-13.487276,-12.047713,0.4541752,-1.4511454,-3.4765851,1.394742,0.55124015,4.0854964,0.4508184,-2.6543074,2.062798,5.3178797,2
gacs_emotional_shorts_00_WAmw-erI_s0007,gacs_emotional_shorts_00_WAmw-erI,emotional_shorts,pensive,-13.453669,-2.183262,-9.831487,-8.543752,2.7006972,0.26505983,-2.304557,0.111914866,-0.40073183,6.3170156,0.80839074,-2.7828908,2.7117774,5.1020203,2
gacs_emotional_shorts_00_WAmw-erI_s0008,gacs_emotional_shorts_00_WAmw-erI,emotional_shorts,content,-19.477861,-1.3484001,-1.9986188,-4.4411855,-1.5052933,3.6576385,-1.9868662,-1.7067269,1.2449968,2.8975842,0.651118,-1.9614252,2.481665,2.0540218,2
gacs_emotional_shorts_00_WAmw-erI_s0009,gacs_emotional_shorts_00_WAmw-erI,emotional_shorts,serious,-5.862014,6.245137,-9.282798,-10.547484,-2.702618,-4.249009,-5.5957766,-5.270294,-2.393284,2.6248834,-0.8859936,-2.2418985,1.8418363,4.078405,2
gacs_emotional_shorts_00_WAmw-erI_s0010,gacs_emotional_shorts_00_WAmw-erI,emotional_shorts,concerned,3.6328187,1.4272759,-14.021973,3.662039,-1.0891085,-1.5106181,-7.120175,-0.048392557,0.07798719,4.2036695,1.059754,0.3043425,-1.5747843,4.972531,2
gacs_emotional_shorts_00_WAmw-erI_s0011,gacs_emotional_shorts_00_WAmw-erI,emotional_shorts,surprised,-4.8125277,-9.414861,-10.199919,6.4395385,-14.042542,3.6676528,-2.6146522,-5.0285254,-7.1459417,-2.1255667,-0.9032366,-6.5913663,0.5382635,1.9822049,2
gacs_emotional_shorts_00_WAmw-erI_s0012,gacs_emotional_shorts_00_WAmw-erI,emotional_shorts,animated,-11.173086,-3.1712399,-11.429123,-1.2936537,-2.906116,-0.00815886,-2.235365,1.6995324,0.81762564,3.959733,-1.1564358,-1.3085891,-1.914837,2.425748,2
gacs_emotional_shorts_00_WAmw-erI_s0013,gacs_emotional_shorts_00_WAmw-erI,emotional_shorts,calm,-9.555046,-3.4971945,-13.388836,-3.5002804,-6.4729075,-0.17202055,-3.879304,-0.4181997,1.6307497,5.0534253,0.7283957,-2.4392953,1.7478571,2.7088838,2
gacs_emotional_shorts_00_WAmw-erI_s0014,gacs_emotional_shorts_00_WAmw-erI,emotional_shorts,calm,-7.561198,-1.5992684,-14.965345,-6.979466,4.1111255,-0.99130994,-1.5241853,-0.5974028,-2.720326,7.126625,0.29210198,-3.9931273,0.51662695,7.9163356,2
gacs_emotional_shorts_01_Jzt3pQmF_s0000,gacs_emotional_shorts_01_Jzt3pQmF,emotional_shorts,emotional,-17.709608,-1.5924433,0.9497224,-0.7056147,2.719381,2.3429313,-1.0065112,4.248556,-1.8982053,3.8341045,1.2874043,-0.0066124154,3.4729912,2.0236506,2
gacs_emotional_shorts_01_Jzt3pQmF_s0001,gacs_emotional_shorts_01_Jzt3pQmF,emotional_shorts,emotional,-15.432947,-3.6945696,2.821968,-0.64613575,0.10532706,1.314181,-0.38961744,2.8888085,-4.6148396,-0.6376214,0.7299373,0.07423151,1.1976674,1.82502,2
gacs_emotional_shorts_01_Jzt3pQmF_s0002,gacs_emotional_shorts_01_Jzt3pQmF,emotional_shorts,emotional,-19.330214,-3.1812105,7.7680736,7.005142,3.8852296,3.9203238,-0.41222218,2.923756,-1.8185858,1.6740946,1.9977627,2.3729312,0.66839904,-1.4231322,2
gacs_emotional_shorts_01_LIed92r8_s0000,gacs_emotional_shorts_01_LIed92r8,emotional_shorts,pensive,12.423093,-5.2436037,7.686435,-5.178243,-1.9848691,-9.360288,-3.4783835,-0.24095704,-0.32879615,1.6724535,-0.37267607,-3.5516481,-7.471082,2.6706214,1
gacs_emotional_shorts_01_LIed92r8_s0001,gacs_emotional_shorts_01_LIed92r8,emotional_shorts,calm,-17.970156,6.583001,4.9579644,-9.917331,3.3715372,1.0758941,0.64972895,-2.9655428,2.4750063,-0.31719562,2.4611456,-0.8309335,1.4927807,1.0177118,2
gacs_emotional_shorts_01_LIed92r8_s0002,gacs_emotional_shorts_01_LIed92r8,emotional_shorts,hopeful,-11.672668,-6.711177,-2.0827014,-8.176599,-5.049754,4.773048,-2.220131,3.1429992,-2.3124347,-1.1740338,-2.0554924,-3.7124197,0.99681866,3.0262458,2
gacs_emotional_shorts_01_LIed92r8_s0003,gacs_emotional_shorts_01_LIed92r8,emotional_shorts,worried,5.395244,28.37788,-8.322677,12.544235,8.5981,1.7624584,-1.0063704,2.1313396,0.14201339,1.2621305,1.0795561,-3.4542067,-0.79244584,1.911715,0
gacs_emotional_shorts_01_LIed92r8_s0004,gacs_emotional_shorts_01_LIed92r8,emotional_shorts,tense,23.567825,17.90167,2.6715746,4.863383,-2.9210813,3.2868176,2.0542786,2.0929542,1.4546771,0.040395662,-3.924614,-3.073099,0.2694334,-0.46117353,0
gacs_emotional_shorts_01_LIed92r8_s0005,gacs_emotional_shorts_01_LIed92r8,emotional_shorts,thoughtful,12.743645,22.559895,-11.049808,1.9291424,4.8769827,0.47735396,-1.4112335,-1.4065013,-2.0494895,-0.32106078,-1.2587298,2.3259606,-2.9726992,1.8414588,0
gacs_emotional_shorts_01_LIed92r8_s0006,gacs_emotional_shorts_01_LIed92r8,emotional_shorts,concerned,7.2506337,-7.59488,-6.4205637,-8.599503,2.5687757,-0.7855609,-4.181119,3.6072152,-1.7989177,-5.0425644,1.6214724,0.13942549,0.39307484,5.0574336,1
gacs_emotional_shorts_01_LIed92r8_s0007,gacs_emotional_shorts_01_LIed92r8,emotional_shorts,concerned,18.763964,-6.2914815,-0.0050084195,-2.9686253,4.1795926,-3.9031308,-8.344139,2.4403303,0.21300273,-0.15377916,3.6462255,-2.7048588,-6.6437206,1.4554261,1
gacs_emotional_shorts_01_LIed92r8_s0008,gacs_emotional_shorts_01_LIed92r8,emotional_shorts,somber,10.869446,29.055067,-7.075453,9.253236,-0.702867,3.7663887,-0.1499063,1.0615429,-0.6406652,-1.7853447,-1.3662796,-0.94396627,-1.0476016,1.0121031,0
gacs_emotional_shorts_01_LIed92r8_s0009,gacs_emotional_shorts_01_LIed92r8,emotional_shorts,somber,7.7147555,22.342445,-9.924011,1.9047984,4.3424234,2.0616777,2.25056,0.6355472,-4.7460003,2.9252963,-0.8477613,3.495798,-3.557753,-0.50373286,0
gacs_emotional_shorts_01_LIed92r8_s0010,gacs_emotional_shorts_01_LIed92r8,emotional_shorts,peaceful,-14.15026,0.6933218,-2.3579566,-9.425236,3.3091087,3.4415152,-4.232668,-1.2534422,5.315057,1.9615115,-1.2335558,2.3677752,4.484438,3.7679884,2
gacs_emotional_shorts_01_LIed92r8_s0011,gacs_emotional_shorts_01_LIed92r8,emotional_shorts,surprised,-7.7568483,-11.582767,-4.0827928,13.215389,-10.761858,1.4240164,-3.0976648,-1.5272098,-6.2069373,0.3303579,0.8177408,-5.8822846,1.1875945,-0.08448958,2
gacs_emotional_shorts_01_LIed92r8_s0012,gacs_emotional_shorts_01_LIed92r8,emotional_shorts,anxious,25.86615,-6.757856,3.4018755,-5.754295,-1.4340969,2.9222772,-5.752258,1.6081141,0.7206401,-3.3010542,2.4513388,1.4491537,-3.2012033,-1.0575079,1
gacs_emotional_shorts_01_LIed92r8_s0013,gacs_emotional_shorts_01_LIed92r8,emotional_shorts,distressed,11.377442,29.027937,-0.35738513,7.2781363,0.017680882,2.8228655,0.45389187,3.0542955,3.435531,-1.4131593,-0.22429715,-4.855542,-0.16691878,1.4079777,0
gacs_emotional_shorts_01_LIed92r8_s0014,gacs_emotional_shorts_01_LIed92r8,emotional_shorts,concerned,18.53096,-3.713321,5.672096,-8.756042,6.8019238,-3.7018692,-9.354464,7.2301435,0.29587254,-2.6590977,2.719833,-1.652569,-4.8999014,2.2568793,1
gacs_emotional_shorts_02_DZQtVmKM_s0000,gacs_emotional_shorts_02_DZQtVmKM,emotional_shorts,waiting,13.910604,-10.430864,5.383627,-6.535423,-2.6727278,-4.7649746,-9.869922,4.4391656,4.854221,-1.4423877,3.5652137,-2.8075197,-0.24023072,1.9544888,1
gacs_emotional_shorts_02_DZQtVmKM_s0001,gacs_emotional_shorts_02_DZQtVmKM,emotional_shorts,joyful,-17.032383,-1.4156195,5.5149837,5.871158,-3.4931948,3.5121272,-2.144888,4.0737085,-2.8141053,0.7803746,0.55294627,3.220028,2.5822017,0.64798933,2
gacs_emotional_shorts_02_DZQtVmKM_s0002,gacs_emotional_shorts_02_DZQtVmKM,emotional_shorts,tender,-10.089769,-4.738957,-2.7952101,-6.8456583,-4.987536,-1.5001918,-2.3604543,4.9865546,-7.879981,-0.17103942,0.4822334,-2.3009007,4.4482765,0.76747704,2
gacs_emotional_shorts_02_DZQtVmKM_s0003,gacs_emotional_shorts_02_DZQtVmKM,emotional_shorts,concerning,6.704653,-3.408849,-9.73555,-12.960442,-7.662964,4.6496196,6.1030645,4.3749447,-5.5634866,-8.798784,3.9344978,4.0611963,0.5588987,3.593023,1
gacs_emotional_shorts_02_DZQtVmKM_s0004,gacs_emotional_shorts_02_DZQtVmKM,emotional_shorts,hopeful,-10.544581,-2.3699212,-3.3644173,-9.354989,-6.406329,0.9792619,-5.028317,4.710576,-0.17067449,0.39143813,-2.2674496,-0.9163155,5.165728,3.930942,2
gacs_emotional_shorts_02_DZQtVmKM_s0005,gacs_emotional_shorts_02_DZQtVmKM,emotional_shorts,functional,-0.400188,-6.697698,-13.203694,-0.7886403,-15.569667,5.731381,0.19292618,-3.3715408,-4.852733,-4.6088943,-0.48064253,0.5705364,3.7448773,-0.8248958,2
gacs_emotional_shorts_02_DZQtVmKM_s0006,gacs_emotional_shorts_02_DZQtVmKM,emotional_shorts,joyful,-18.42168,-2.3439448,3.7441964,1.7349163,1.0254754,3.1861598,-3.166576,0.5530634,-2.5947473,1.0581414,-1.6842884,-1.1771556,-0.2849148,-2.387761,2
gacs_emotional_shorts_02_VpkiVRxH_s0000,gacs_emotional_shorts_02_VpkiVRxH,emotional_shorts,sad,24.486435,3.8010702,6.367253,1.5229043,2.810595,0.10414052,-6.5720186,7.1746006,-0.8595948,-3.7899046,3.6055408,0.8641836,-3.2575712,1.0901097,1
gacs_emotional_shorts_02_VpkiVRxH_s0001,gacs_emotional_shorts_02_VpkiVRxH,emotional_shorts,pensive,5.05995,10.692932,-4.5114594,-6.251806,-3.956093,-6.24896,-5.3040915,-5.169038,-6.707113,-0.5648908,0.8021882,3.3269944,0.42811128,-1.0743862,0
gacs_emotional_shorts_02_VpkiVRxH_s0002,gacs_emotional_shorts_02_VpkiVRxH,emotional_shorts,joyful,-18.823734,-1.4954255,4.678632,7.2969823,2.003107,4.9295397,-2.7682433,1.9421986,-1.1466469,3.888625,0.66301125,2.519716,-0.3536155,-0.80350643,2
gacs_emotional_shorts_02_VpkiVRxH_s0003,gacs_emotional_shorts_02_VpkiVRxH,emotional_shorts,tender,-7.1636724,-0.7430853,-7.699128,-10.890701,-3.470001,-0.29502434,4.184088,2.9154086,-8.674337,-2.287217,1.5863624,-1.678626,5.231506,0.25286686,2
gacs_emotional_shorts_02_VpkiVRxH_s0004,gacs_emotional_shorts_02_VpkiVRxH,emotional_shorts,loving,-16.140163,-0.33366445,-2.1913192,-1.8908765,2.7619214,4.923805,3.7685177,4.1464987,-6.312318,2.8432164,1.6174926,0.8763534,1.3957547,0.93051904,2
gacs_emotional_shorts_02_VpkiVRxH_s0005,gacs_emotional_shorts_02_VpkiVRxH,emotional_shorts,loving,-16.305517,-0.90540457,-4.221677,-2.9277148,4.293337,6.1088824,1.0004288,3.6983104,-6.328523,2.830119,-1.796775,0.46868968,2.0774214,1.3578724,2
gacs_movie_trailers_00_mqqft2x__s0000,gacs_movie_trailers_00_mqqft2x_,movie_trailers,dark,16.26477,26.647429,-2.2325835,4.8718863,-0.65610236,5.7959876,5.1079946,2.8899117,3.5990558,0.86047465,-4.124693,-1.7534016,-0.84263223,0.4503568,0
gacs_movie_trailers_00_mqqft2x__s0001,gacs_movie_trailers_00_mqqft2x_,movie_trailers,intense,18.838047,10.310266,2.1999114,-0.11330612,-4.53776,-5.764093,-2.0196288,-3.5881846,-5.3033195,7.1949105,-2.642187,2.9385276,0.6802176,-2.4561086,1
gacs_movie_trailers_00_mqqft2x__s0002,gacs_movie_trailers_00_mqqft2x_,movie_trailers,intense,12.361013,-9.247107,-15.042356,1.7554822,26.029816,3.4283645,3.0116334,-7.006592,2.8778403,1.9358652,-2.8111708,-2.8044703,0.45586267,4.103293,1
gacs_movie_trailers_00_UDfjsSqC_s0000,gacs_movie_trailers_00_UDfjsSqC,movie_trailers,destructive,16.71125,-8.86584,-7.3252854,1.7435387,11.439602,2.275017,5.7096915,-4.947174,1.200838,-3.1750977,3.5405068,3.6019437,-0.81529075,-0.0011600646,1
gacs_movie_trailers_00_UDfjsSqC_s0001,gacs_movie_trailers_00_UDfjsSqC,movie_trailers,serious,0.8700182,-7.6617513,-4.258558,2.0886004,-6.7014174,-1.1723534,2.32169,-2.2603445,-0.6984956,-0.015640818,-1.0761881,4.745516,0.34444103,3.0678544,2
gacs_movie_trailers_00_UDfjsSqC_s0002,gacs_movie_trailers_00_UDfjsSqC,movie_trailers,intense,24.049288,8.517565,6.681143,-2.338783,3.0950105,3.2041876,1.4869308,4.9344068,1.9041026,6.369524,-2.7416084,3.035376,-0.9519739,-0.970711,1
gacs_movie_trailers_01_fsQgc9pC_s0000,gacs_movie_trailers_01_fsQgc9pC,movie_trailers,intense,14.404598,-12.259428,5.408646,-1.4643675,5.881964,-8.670196,0.2921994,4.8404613,2.3100321,-5.273942,-3.175514,-0.817814,2.5181227,-0.12182746,1
gacs_movie_trailers_01_fsQgc9pC_s0001,gacs_movie_trailers_01_fsQgc9pC,movie_trailers,epic,-4.1506267,-7.7043667,2.7620525,8.681413,0.14921857,-7.180897,7.056841,-4.115351,1.5428175,-1.1964856,3.6485343,2.012013,2.18797,7.597178,2
gacs_movie_trailers_01_fsQgc9pC_s0002,gacs_movie_trailers_01_fsQgc9pC,movie_trailers,chaotic,22.037882,-12.632797,4.8856454,1.2462783,3.4330337,-0.4745904,-0.23087594,0.997891,1.7825359,-3.565576,2.3082855,1.502555,5.3440647,-0.2809154,1
gacs_movie_trailers_01_fsQgc9pC_s0003,gacs_movie_trailers_01_fsQgc9pC,movie_trailers,tense,20.696905,-10.50096,-4.7464056,-0.22977445,2.170367,-0.7682978,0.44773707,-1.9818786,-1.4249736,1.5472193,2.594114,-0.97661847,1.364348,0.057428434,1
gacs_movie_trailers_01_fsQgc9pC_s0004,gacs_movie_trailers_01_fsQgc9pC,movie_trailers,tense,15.891523,16.20286,-1.4481481,5.300579,19.884155,0.25999346,2.305259,4.6883187,-0.9963326,-0.1669209,3.164051,-3.4331074,1.1385648,2.6148562,0
gacs_movie_trailers_01_fsQgc9pC_s0005,gacs_movie_trailers_01_fsQgc9pC,movie_trailers,tense,6.05593,-7.0245,2.861243,-8.961429,15.318552,-4.6849484,3.7936707,5.217512,-5.686503,-0.88567585,1.7715755,-1.1619833,4.365423,3.5268312,1
gacs_movie_trailers_01_fsQgc9pC_s0006,gacs_movie_trailers_01_fsQgc9pC,movie_trailers,intense,22.965757,-14.788844,1.8779048,7.2507753,5.3351383,2.653279,1.0472049,-3.1752706,-0.45274267,-3.4789207,5.347601,3.3569243,6.8187056,-2.8575428,1
gacs_movie_trailers_01_fsQgc9pC_s0007,gacs_movie_trailers_01_fsQgc9pC,movie_trailers,overwhelming,20.746403,-10.940815,3.4925485,-1.4145014,4.9701705,2.7078173,3.0195625,-1.5572654,1.1477734,-4.5048985,3.3575182,2.316205,2.0420876,0.2764501,1
gacs_movie_trailers_01_fsQgc9pC_s0008,gacs_movie_trailers_01_fsQgc9pC,movie_trailers,intense,22.519415,-10.628727,6.43695,-4.686425,-2.0860076,-1.0745052,-0.25360292,0.080565445,2.2200282,2.2390935,0.4884108,-1.0250176,2.5798306,-0.8190271,1
gacs_movie_trailers_01_fsQgc9pC_s0009,gacs_movie_trailers_01_fsQgc9pC,movie_trailers,tense,15.685661,-9.328489,-5.0132823,-5.058665,8.111683,1.0102777,7.7591968,0.109329425,-3.305281,-4.3205533,3.4177349,6.069756,0.8941243,0.6810487,1
gacs_movie_trailers_01_fsQgc9pC_s0010,gacs_movie_trailers_01_fsQgc9pC,movie_trailers,tense,18.693144,-6.3815827,-2.9261818,-3.3414464,-0.6476503,0.0016268038,9.298231,-0.9508465,-4.8711147,4.60219,-2.8199856,3.3057344,3.7217877,-4.5485,1
gacs_movie_trailers_01_n9xhJrPX_s0000,gacs_movie_trailers_01_n9xhJrPX,movie_trailers,epic,-9.53159,-4.5727572,4.603017,9.259638,-2.2057455,-7.653009,3.2579138,0.39830706,0.66304755,-0.6861237,2.3031864,2.9029908,1.1456773,3.5510454,2
gacs_movie_trailers_01_n9xhJrPX_s0001,gacs_movie_trailers_01_n9xhJrPX,movie_trailers,serious,8.947928,30.544996,-4.411566,8.632726,1.8265204,1.6488566,-0.28701606,0.94929117,3.7018752,-0.5501138,-1.489955,-3.7099488,1.3862278,0.65074897,0
gacs_movie_trailers_01_n9xhJrPX_s0002,gacs_movie_trailers_01_n9xhJrPX,movie_trailers,hopeful,-3.6604414,-9.243378,-2.0814688,4.9721727,-6.4249945,-5.313944,-0.71209556,5.3082542,2.0658164,-1.1042731,-2.277643,-0.35039657,1.1388047,2.4514625,2
gacs_movie_trailers_01_n9xhJrPX_s0003,gacs_movie_trailers_01_n9xhJrPX,movie_trailers,dark,25.262686,-4.632041,7.1544175,-6.2192965,-1.3040266,6.021645,5.7877464,-1.135433,1.8165684,6.326013,-0.995809,3.2435417,1.9902154,1.1001811,1
gacs_movie_trailers_01_n9xhJrPX_s0004,gacs_movie_trailers_01_n9xhJrPX,movie_trailers,dark,24.274078,-4.798923,6.296457,-4.3605886,6.898997,2.0780685,1.4533893,-0.6068757,3.075246,5.532846,1.3760896,4.7312827,-0.15685958,-0.742848,1
gacs_movie_trailers_01_n9xhJrPX_s0005,gacs_movie_trailers_01_n9xhJrPX,movie_trailers,tense,20.092443,-10.528954,-0.2632584,-1.56754,6.887207,-5.6991754,0.68802184,3.835898,1.8863622,-6.8206134,-2.8082926,1.290436,3.4519856,-1.4968239,1
gacs_movie_trailers_02_nb_fFj_0_s0000,gacs_movie_trailers_02_nb_fFj_0,movie_trailers,adventurous,-11.195523,-8.855896,10.9054575,6.1055994,2.085326,-5.18627,2.7786112,0.5367834,2.164463,-4.567824,-1.6238183,-1.4002715,-2.5603702,2.1899257,2
gacs_movie_trailers_02_nb_fFj_0_s0001,gacs_movie_trailers_02_nb_fFj_0,movie_trailers,deep,-7.1429524,5.7787166,11.671187,-10.1963825,-3.2446737,-5.027102,2.37755,-7.116139,0.8309602,-3.8065264,0.36676824,0.23533519,0.1880281,3.5557332,2
gacs_movie_trailers_02_nb_fFj_0_s0002,gacs_movie_trailers_02_nb_fFj_0,movie_trailers,wondrous,-13.859834,1.6636772,12.649517,-3.0073874,3.0640483,-2.1194372,5.144586,-3.623482,3.5378482,-4.1311097,0.29342958,2.8428633,-1.063981,2.580132,2
gacs_movie_trailers_02_nb_fFj_0_s0003,gacs_movie_trailers_02_nb_fFj_0,movie_trailers,tense,27.191807,-3.8411064,5.453549,-8.659699,3.1570282,3.076059,0.46257854,2.3120542,-0.7004607,2.5559745,-1.3699576,-0.27485746,-0.52172434,-1.2529839,1
gacs_movie_trailers_02_nb_fFj_0_s0004,gacs_movie_trailers_02_nb_fFj_0,movie_trailers,concerned,17.53837,8.652138,8.874372,-4.4043565,4.729585,-4.756915,-7.8050437,6.2525954,1.9668329,-0.13791727,3.4909508,-2.5003355,-2.5148628,0.19411014,1
gacs_movie_trailers_02_nb_fFj_0_s0005,gacs_movie_trailers_02_nb_fFj_0,movie_trailers,dark,21.963316,18.343102,2.799106,1.9522704,-2.8715746,2.4712129,2.7284603,3.0097408,3.3523242,-0.16030286,-5.4257636,-1.2390623,0.30998486,0.21999516,0
gacs_movie_trailers_02_nb_fFj_0_s0006,gacs_movie_trailers_02_nb_fFj_0,movie_trailers,exciting,-5.158079,-14.6995945,-1.1771725,0.42491588,-1.2222921,-4.0311427,-0.74114174,3.005209,0.42811397,-0.4951557,0.17514968,-4.0800247,0.7647391,3.3343043,2
gacs_movie_trailers_02_nb_fFj_0_s0007,gacs_movie_trailers_02_nb_fFj_0,movie_trailers,adventurous,-2.286511,-11.9494,4.8127804,8.536208,-0.108753644,-6.7260423,3.560679,-1.3768265,2.6484377,-4.9879513,-2.8512328,0.3480572,-1.3526956,5.1120586,2
gacs_movie_trailers_02_nb_fFj_0_s0008,gacs_movie_trailers_02_nb_fFj_0,movie_trailers,dangerous,19.999548,-10.402814,2.7086315,-0.40051082,1.3315248,-1.9252483,2.4180427,-0.415373,2.503266,-0.48732,-1.6177566,2.2661018,3.1075494,1.512277,1
gacs_movie_trailers_02_uYPbbksJ_s0000,gacs_movie_trailers_02_uYPbbksJ,movie_trailers,mysterious,11.223034,27.939573,-3.3603687,13.497296,-0.48003197,4.0140343,2.6171007,3.7219353,3.367275,-1.7412163,0.014467043,-4.0515337,1.979323,1.859894,0
gacs_movie_trailers_02_uYPbbksJ_s0001,gacs_movie_trailers_02_uYPbbksJ,movie_trailers,dreamy,-11.587836,7.5984077,14.507788,0.81564254,0.85907143,-4.301103,1.3638371,-5.501296,1.5663412,-1.5238498,1.7194418,1.4498783,-2.2056108,4.950761,2
gacs_movie_trailers_02_uYPbbksJ_s0002,gacs_movie_trailers_02_uYPbbksJ,movie_trailers,desolate,5.085931,4.087818,-5.197391,-1.5234256,2.1373703,-7.5038953,1.8943906,-6.9450583,4.3308387,0.9110774,0.5590889,3.0768433,-0.5865601,0.38059643,1
gacs_movie_trailers_02_uYPbbksJ_s0003,gacs_movie_trailers_02_uYPbbksJ,movie_trailers,tense,24.786537,-10.006842,11.573321,-4.914916,-1.2006255,-0.56372046,-4.2632055,3.1438074,1.213462,2.047557,1.0169244,-3.6686163,1.3545876,-0.048442304,1
gacs_movie_trailers_02_uYPbbksJ_s0004,gacs_movie_trailers_02_uYPbbksJ,movie_trailers,pensive,20.82149,-0.3886655,8.841047,-9.958223,-3.9242666,-3.6559236,-4.3148494,0.91582155,-4.678762,-3.236398,1.3889039,0.13300124,-2.7436056,-1.5173076,1
gacs_movie_trailers_02_uYPbbksJ_s0005,gacs_movie_trailers_02_uYPbbksJ,movie_trailers,expansive,7.506722,-7.0646544,-6.5354385,0.007195929,5.0854244,-10.714255,2.5412493,-1.0945128,3.7128522,-3.6472561,-3.0775125,2.332509,-0.17145589,-0.62928796,1
gacs_movie_trailers_02_uYPbbksJ_s0006,gacs_movie_trailers_02_uYPbbksJ,movie_trailers,serious,11.009473,-5.860011,-5.6230807,-1.5065749,-1.1536425,-7.331402,4.7081885,3.2179813,-3.613436,-1.3569436,3.2103848,2.6862319,5.24839,0.24137683,1
gacs_movie_trailers_02_uYPbbksJ_s0007,gacs_movie_trailers_02_uYPbbksJ,movie_trailers,serious,3.0537932,6.3017416,-4.7600064,-12.246122,1.797249,-7.5622253,-0.35902596,-1.0768007,-2.9517999,-1.8553817,-0.87257415,2.051458,1.1527561,-0.5777362,2
gacs_movie_trailers_02_uYPbbksJ_s0008,gacs_movie_trailers_02_uYPbbksJ,movie_trailers,formal,5.00918,26.60363,-2.1922724,12.156963,-0.112194054,1.4941329,5.865773,1.6598045,0.21403405,-2.2168636,2.3978999,-3.7587168,3.5810103,3.004788,0
gacs_movie_trailers_02_uYPbbksJ_s0009,gacs_movie_trailers_02_uYPbbksJ,movie_trailers,peaceful,-11.8243685,4.0114026,-1.1419879,-7.4840136,-3.3553264,-2.7577596,-0.5441192,-4.6192603,6.1677685,1.3149015,0.57282746,0.59358615,-2.0456738,2.7324886,2
gacs_advertisements_01_DnWykPvf_s0000,gacs_advertisements_01_DnWykPvf,advertisements,calm,-5.3200045,-3.3670611,-10.93102,-0.9427193,-6.8834205,-2.59036,-2.9677267,1.4888935,4.391918,3.488114,-0.16322237,1.0230016,1.9108219,2.2648466,2
gacs_advertisements_01_DnWykPvf_s0001,gacs_advertisements_01_DnWykPvf,advertisements,happy,-18.560831,-2.306511,2.2675257,9.524474,1.4934162,3.9641347,-3.4219458,1.2255592,-1.6316814,3.9382281,-3.4383395,1.767812,-1.4332169,-3.8374557,2
gacs_advertisements_01_DnWykPvf_s0002,gacs_advertisements_01_DnWykPvf,advertisements,active,-13.989824,-6.6623597,-2.2818618,2.9258773,0.1115415,0.5404933,-1.1119487,0.9168909,3.6421654,0.34750977,-1.8093916,4.2459273,-2.7993248,1.3114414,2
gacs_advertisements_01_DnWykPvf_s0003,gacs_advertisements_01_DnWykPvf,advertisements,dark,7.154084,12.477294,-5.2608547,-4.4547997,-5.4255657,-1.5831643,-0.46617413,-4.0761995,1.6051868,6.517485,-5.7203565,4.9024277,0.50628185,-0.2881841,0
gacs_advertisements_01_DnWykPvf_s0004,gacs_advertisements_01_DnWykPvf,advertisements,stranded,15.029211,7.6199718,-13.231389,2.5738764,13.452387,1.6663826,-1.4038748,-3.2732878,2.152134,-3.3874917,-6.2002726,4.7040744,-3.273518,1.6825339,1
gacs_advertisements_01_DnWykPvf_s0005,gacs_advertisements_01_DnWykPvf,advertisements,joyful,-17.49536,-4.4758334,5.9578595,8.689562,-0.988888,3.7297366,-2.197504,0.806183,1.3531737,2.09796,1.3840028,2.4667552,-0.32889965,0.06351968,2
gacs_advertisements_01_DnWykPvf_s0006,gacs_advertisements_01_DnWykPvf,advertisements,lively,-18.543293,-5.9658194,5.551648,4.618814,2.3834352,4.9780636,1.5096112,1.0733979,-0.045571625,-0.3816369,1.9386865,2.6900785,-2.7269974,-2.9743426,2
gacs_advertisements_02_DsonSEll_s0000,gacs_advertisements_02_DsonSEll,advertisements,dark,16.687016,-2.5571344,-2.238845,-3.8969195,-3.6029518,0.8483785,11.121197,-1.367491,-1.7028565,6.423597,-4.506818,4.8685937,4.866925,-0.6137874,1
gacs_advertisements_02_DsonSEll_s0001,gacs_advertisements_02_DsonSEll,advertisements,dark,14.892873,28.898283,-3.9180188,5.3376484,0.35404512,7.8878183,4.991565,1.2923629,5.047543,-2.3520792,-4.397994,-2.348116,-1.2871218,0.75658953,0
gacs_advertisements_02_DsonSEll_s0002,gacs_advertisements_02_DsonSEll,advertisements,desolate,18.158571,-0.9740722,-7.068815,-3.9044497,6.26807,-2.1409638,5.8631907,-2.7104833,2.511352,-1.6633265,-5.437746,5.021739,1.1838164,-1.0026369,1
gacs_advertisements_02_DsonSEll_s0003,gacs_advertisements_02_DsonSEll,advertisements,desolate,9.650291,-11.042235,-2.5451136,-0.4523385,-0.9390413,-9.767957,4.5163083,0.64689887,3.193248,-5.984209,-2.7766733,-0.017233914,2.6699178,0.514606,1
gacs_advertisements_02_DsonSEll_s0004,gacs_advertisements_02_DsonSEll,advertisements,desolate,7.432435,-9.87478,-5.2544255,3.6461637,-9.317639,-2.82687,3.4371076,-4.2313676,3.2103922,-2.6218839,-5.9497457,-0.7527263,0.0765459,2.906997,1
gacs_advertisements_02_DsonSEll_s0005,gacs_advertisements_02_DsonSEll,advertisements,calm,-1.6410508,-6.0788703,-5.7119493,4.7819724,-1.3265126,-8.374882,6.779135,-0.8139988,5.7653008,2.795057,4.356016,-0.23657812,-1.132172,0.94729006,2
gacs_advertisements_02_DsonSEll_s0006,gacs_advertisements_02_DsonSEll,advertisements,industrious,-2.060753,-5.215574,-8.845707,-1.7282835,0.11115343,1.6571325,2.2447162,4.1661553,4.1700788,-3.3635347,0.06904077,4.4038706,-1.2005793,2.9047952,2
gacs_advertisements_02_DsonSEll_s0007,gacs_advertisements_02_DsonSEll,advertisements,contemplative,11.04098,30.621082,-4.903048,9.111032,4.1259756,4.41573,2.0320232,2.3885407,4.157406,-2.0676703,-0.55238,-4.16142,0.5766491,1.6222202,0
gacs_advertisements_02_DsonSEll_s0008,gacs_advertisements_02_DsonSEll,advertisements,innovative,7.52775,-15.5038595,5.0681467,9.332905,-4.1822305,-4.397732,1.1129799,-2.121588,0.2977874,-5.490765,2.2249918,-3.8730285,1.4534049,3.3411686,1
gacs_advertisements_02_DsonSEll_s0009,gacs_advertisements_02_DsonSEll,advertisements,desolate,-4.5682836,10.794419,4.2547894,-1.6140008,-3.2185948,-4.5159683,5.6898108,-0.7784745,-0.5595627,-0.8442296,4.1584797,-0.3800897,3.3285458,8.293416,2
gacs_advertisements_02_DsonSEll_s0010,gacs_advertisements_02_DsonSEll,advertisements,dark,16.197786,-0.2615529,-1.010761,5.617388,-8.755794,-2.2343478,7.238366,-5.4868226,0.9314281,6.9033947,-4.229547,5.225895,5.042636,-0.85619515,1
gacs_advertisements_03_peuPOPIh_s0000,gacs_advertisements_03_peuPOPIh,advertisements,futuristic,-3.2603788,-4.597203,-11.35685,-2.9209144,-5.2383327,-0.30559164,7.93331,2.420665,7.016139,2.7742074,4.5189495,-3.1336193,-5.007805,-2.1783755,2
gacs_advertisements_03_peuPOPIh_s0001,gacs_advertisements_03_peuPOPIh,advertisements,elegant,-12.653676,-0.65300596,-0.25526243,-7.583163,-1.6153747,-0.45500234,8.825559,-0.119337976,1.7178986,0.14519045,5.603217,-3.9105196,-4.5860972,1.1714481,2
gacs_advertisements_03_peuPOPIh_s0002,gacs_advertisements_03_peuPOPIh,advertisements,dark,-2.6407168,3.3355587,-9.61701,-3.6076922,-8.480601,-2.5074034,10.529708,0.4722852,1.9235547,6.513987,5.5414042,-1.941054,-3.5118403,-4.9602537,2
gacs_advertisements_03_peuPOPIh_s0003,gacs_advertisements_03_peuPOPIh,advertisements,dark,11.297408,-3.5719864,-6.91767,3.9263813,-12.163309,1.8811619,8.452633,-4.790413,-0.0575622,5.5052004,-1.0548726,1.3197907,0.94698495,0.3895084,1
gacs_advertisements_03_peuPOPIh_s0004,gacs_advertisements_03_peuPOPIh,advertisements,futuristic,-2.7084322,-5.1976576,-3.3015904,-2.7521782,-6.539496,-4.4334497,8.565694,-1.0460312,2.8643718,2.7868237,2.5467336,-3.8889701,-1.0321784,-0.0027314562,2
gacs_advertisements_03_peuPOPIh_s0005,gacs_advertisements_03_peuPOPIh,advertisements,futuristic,0.29828128,-7.484564,-1.8723636,-2.0246294,-5.1934805,-3.6632986,5.4315367,-0.8294839,3.7965808,3.1609797,1.6054554,-3.936132,-1.7360502,1.7539905,2
gacs_advertisements_03_peuPOPIh_s0006,gacs_advertisements_03_peuPOPIh,advertisements,futuristic,7.914276,-10.127016,-7.3415155,4.2402506,0.6222408,1.2409483,5.299331,-5.746778,-0.09418048,-0.0895385,-0.6542937,-1.3663101,-0.82814723,1.6818863,1
gacs_advertisements_03_peuPOPIh_s0007,gacs_advertisements_03_peuPOPIh,advertisements,luxurious,-6.235438,-2.2152858,-13.043132,-3.3483987,-9.937527,0.6489416,3.257256,-0.12918851,5.2916884,4.5128675,4.5657654,-5.670506,-3.7071216,-2.2139704,2
gacs_advertisements_03_peuPOPIh_s0008,gacs_advertisements_03_peuPOPIh,advertisements,exhilarating,-11.805845,-6.9321094,0.5909252,3.9809759,-4.5196733,-3.026348,3.7403643,0.871136,-0.57150114,-2.128971,-3.0755959,-3.0777068,-0.36283877,-1.7005668,2
gacs_advertisements_03_peuPOPIh_s0009,gacs_advertisements_03_peuPOPIh,advertisements,futuristic,-10.270139,1.3625343,-2.0624616,-8.158233,-1.4927849,-0.943435,6.3273787,-1.1020368,3.5024586,2.1094959,5.447251,-4.466723,-1.340701,0.88447666,2
gacs_advertisements_04_w7oDM_as_s0000,gacs_advertisements_04_w7oDM_as,advertisements,pensive,-17.137875,5.135802,4.26742,-9.995334,6.109924,1.7058078,-1.1035802,-2.0805366,1.6318098,1.5324779,1.0077723,-0.11376685,2.9308906,2.403792,2
gacs_advertisements_04_w7oDM_as_s0001,gacs_advertisements_04_w7oDM_as,advertisements,intense,5.7986393,-9.049599,-7.7841406,-4.163187,10.575835,-6.3841276,5.646844,1.3647466,0.46651518,-0.79401505,2.2849631,1.612479,1.833754,1.6987283,1
gacs_advertisements_04_w7oDM_as_s0002,gacs_advertisements_04_w7oDM_as,advertisements,exciting,-4.199288,-12.49664,1.0526539,8.107704,1.1865234,-6.2975864,0.81412685,3.0301144,2.0926447,-3.9803917,-5.301343,-4.5237055,3.277162,-3.764827,2
gacs_advertisements_04_w7oDM_as_s0003,gacs_advertisements_04_w7oDM_as,advertisements,exciting,-6.6170945,-11.034235,-4.903256,7.222093,-2.1413207,-4.667001,0.9774991,1.9280804,3.984702,-2.243046,-5.221218,-4.3893914,1.1873516,-4.170381,2
gacs_advertisements_04_w7oDM_as_s0004,gacs_advertisements_04_w7oDM_as,advertisements,luxurious,-0.6476908,-2.012284,-17.847925,-0.39109784,-11.212975,1.3302945,2.268629,-0.4598094,7.2686768,2.8431249,3.588292,-3.9569082,-2.067821,0.2378528,2
gacs_advertisements_04_w7oDM_as_s0005,gacs_advertisements_04_w7oDM_as,advertisements,dark,5.527563,11.143153,-9.504815,-5.529173,8.11196,1.5364068,10.922943,2.1593122,-2.9639413,2.0476193,-3.5235934,10.190119,-0.85119176,-5.6606026,0
gacs_advertisements_04_w7oDM_as_s0006,gacs_advertisements_04_w7oDM_as,advertisements,intense,3.8973203,-3.6499517,-19.145407,0.25954062,1.4124247,-0.20451352,4.1923094,0.059872717,2.1435409,3.6765022,0.24773814,2.19442,-1.8923304,-0.5485373,2
gacs_advertisements_04_w7oDM_as_s0007,gacs_advertisements_04_w7oDM_as,advertisements,dark,15.636597,26.529274,-1.0079228,5.5473933,-3.1419277,6.935394,4.656736,1.1220905,5.9413204,1.293495,-5.2825575,-1.6536404,-1.202324,1.0967886,0
gacs_advertisements_04_w7oDM_as_s0008,gacs_advertisements_04_w7oDM_as,advertisements,luxurious,1.3464191,-2.3772452,-20.410032,-1.3509731,-10.152252,3.1764255,1.7209876,-1.601917,7.894128,0.6912278,2.7446086,-2.5231762,-1.849259,1.4277836,2
gacs_advertisements_04_w7oDM_as_s0009,gacs_advertisements_04_w7oDM_as,advertisements,precise,1.1465642,-3.8264234,-19.671656,-1.9087886,-11.872675,2.2008393,-1.997595,-0.18648988,8.356553,-2.1484115,0.77259994,0.6755316,0.93280894,0.9477037,2
gacs_advertisements_04_w7oDM_as_s0010,gacs_advertisements_04_w7oDM_as,advertisements,precise,-2.1278758,-2.8214798,-17.1954,-7.091758,-8.622499,0.36029536,-0.9794371,1.5452973,8.49418,2.211681,1.7088313,-1.4406021,-0.9229188,1.4944081,2
gacs_advertisements_04_w7oDM_as_s0011,gacs_advertisements_04_w7oDM_as,advertisements,powerful,-0.6224149,-1.3001217,-11.967769,3.5199833,-8.128048,-3.7221093,0.59906685,1.2592317,3.816445,-2.1554277,-4.5315404,-0.14907882,-0.2716078,-0.5029784,2
gacs_advertisements_04_w7oDM_as_s0012,gacs_advertisements_04_w7oDM_as,advertisements,luxurious,-4.620749,-2.688341,-14.155308,-2.165805,-7.6452665,0.20015967,4.832955,0.004789083,6.4269986,5.4754596,6.3234687,-5.6619744,-3.4159775,1.3342639,2
gacs_advertisements_04_w7oDM_as.temp_s0000,gacs_advertisements_04_w7oDM_as.temp,advertisements,calm,1.8604852,2.0807662,-13.698984,-2.0828204,14.208434,-5.190557,-7.661814,-3.0458596,-3.0683322,7.083805,0.26635697,1.5861104,-1.9534937,3.8691487,2
gacs_advertisements_04_w7oDM_as.temp_s0001,gacs_advertisements_04_w7oDM_as.temp,advertisements,mysterious,-9.52444,-4.4449496,8.021811,8.242626,-2.3061922,-3.5223563,4.4503236,2.0653841,-4.9190855,0.3468977,0.15337572,3.0324178,0.31537288,5.6980324,2
gacs_advertisements_04_w7oDM_as.temp_s0002,gacs_advertisements_04_w7oDM_as.temp,advertisements,energetic,3.6328752,-8.50044,-9.813543,6.0112667,1.9306649,-6.3874435,1.7439868,0.27535912,1.1216191,-1.8926989,-3.2356336,2.0117185,1.9945483,-3.9334676,1
gacs_advertisements_04_w7oDM_as.temp_s0003,gacs_advertisements_04_w7oDM_as.temp,advertisements,exhilarating,-6.4680133,-5.54309,-10.146635,1.1367223,-2.8273559,0.44409236,4.314698,-0.61424094,-0.3841272,-4.2338133,1.3487513,-1.0305504,-1.1727682,-4.970107,2
gacs_advertisements_04_w7oDM_as.temp_s0004,gacs_advertisements_04_w7oDM_as.temp,advertisements,luxurious,-0.3079859,-2.4646392,-19.135607,-0.47704992,-11.354377,1.8294586,1.3664724,-0.76436436,7.4750676,1.7287629,2.7158556,-3.1508431,-1.5824678,1.3350976,2
gacs_advertisements_04_w7oDM_as.temp_s0005,gacs_advertisements_04_w7oDM_as.temp,advertisements,dark,14.334539,28.312248,-0.7386477,7.0985107,1.4234765,4.635437,5.1423464,4.338349,4.183014,-1.7584994,-3.005247,-2.4931338,0.9469259,1.3576101,0
gacs_advertisements_04_w7oDM_as.temp_s0006,gacs_advertisements_04_w7oDM_as.temp,advertisements,intense,13.42175,-0.7261497,-15.248984,-0.34150353,7.525751,2.6065156,4.5124507,-0.51810163,-0.68560505,0.6831113,2.2704806,9.230077,-2.963889,-2.801814,1
gacs_advertisements_04_w7oDM_as.temp_s0007,gacs_advertisements_04_w7oDM_as.temp,advertisements,dark,16.252264,24.482962,0.59819233,7.6546164,-4.8196497,3.6689525,2.7857285,1.13041,4.479889,1.5585908,-5.1885986,-0.99083376,-0.5918913,0.36919028,0
gacs_advertisements_04_w7oDM_as.temp_s0008,gacs_advertisements_04_w7oDM_as.temp,advertisements,elegant,-7.1613836,-2.4832792,-11.6814575,-5.6582046,-7.0562205,1.1139529,9.70056,2.4783275,0.85230094,1.7118062,8.732121,-7.2184725,-5.0946717,-1.3310521,2
gacs_advertisements_04_w7oDM_as.temp_s0009,gacs_advertisements_04_w7oDM_as.temp,advertisements,precise,-7.850179,-2.1638145,-11.286045,-8.891586,-8.045993,-1.0852362,-1.2547479,0.5916819,5.221019,2.679363,3.4683447,-3.3666987,0.7558895,1.2179611,2
gacs_advertisements_04_w7oDM_as.temp_s0010,gacs_advertisements_04_w7oDM_as.temp,advertisements,precise,-1.7480552,-2.0471153,-16.974928,-9.019726,-9.121005,-0.19739029,0.82223696,1.1238322,9.201547,2.1251154,2.7577403,-1.2006667,-0.7582468,2.0378344,2
gacs_advertisements_04_w7oDM_as.temp_s0011,gacs_advertisements_04_w7oDM_as.temp,advertisements,fast,-3.5632012,-10.90542,-3.3449638,6.9068704,-3.4827728,-7.5604396,4.2374744,2.493603,3.1510103,-2.9595728,-4.5297494,-2.37018,4.2692904,-3.1638665,2
gacs_advertisements_04_w7oDM_as.temp_s0012,gacs_advertisements_04_w7oDM_as.temp,advertisements,luxurious,-2.6117907,-2.975621,-16.64778,-2.2248461,-8.171553,0.75616777,4.7189064,0.22438136,6.7518926,4.7574067,6.3588414,-3.9992275,-3.4318802,1.1711508,2
gacs_animations_00_hXzcyx9V_s0000,gacs_animations_00_hXzcyx9V,animations,vibrant,-15.851626,-7.4047875,2.3805275,6.0400963,-0.98487204,-0.6088633,1.4923333,0.84562653,2.3107548,-0.52913386,-3.9220138,-1.7466648,-3.340494,0.36718962,2
gacs_animations_00_hXzcyx9V_s0001,gacs_animations_00_hXzcyx9V,animations,angry,6.860092,-14.402492,-6.8572736,22.120003,-5.522233,5.194131,-5.566311,-12.820905,-4.6309147,-1.7545156,0.69997704,-5.00835,3.3251426,-0.19330682,1
gacs_animations_00_hXzcyx9V_s0002,gacs_animations_00_hXzcyx9V,animations,lively,-17.515512,-6.1609797,4.719693,-1.6532466,1.4977046,2.5223632,0.4148716,0.9022093,1.020603,0.6666834,-4.728245,-0.21240388,-2.841237,-0.21392182,2
gacs_animations_00_hXzcyx9V_s0003,gacs_animations_00_hXzcyx9V,animations,scared,16.60527,-12.39742,6.602199,-2.0533884,-2.1924,-2.3478017,-0.20240687,0.9290306,0.038492613,-3.780205,-4.091762,-2.7188854,-0.8833059,2.1329389,1
gacs_animations_00_hXzcyx9V_s0004,gacs_animations_00_hXzcyx9V,animations,fiery,17.379633,-11.120394,-5.0722704,-1.5714012,19.521688,2.792585,2.2271388,-4.3980265,0.20832972,2.520146,-2.9941254,-2.837911,1.5905423,1.7886658,1
gacs_animations_00_hXzcyx9V_s0005,gacs_animations_00_hXzcyx9V,animations,playful,-18.039394,-4.825299,2.7559204,6.148491,1.3792222,2.5082252,-1.6235192,1.2483453,1.7454779,1.8366,-3.5822513,0.9644333,-2.2667422,-0.31706077,2
gacs_animations_00_hXzcyx9V_s0006,gacs_animations_00_hXzcyx9V,animations,angry,5.954209,-6.6217394,-20.884008,3.732486,24.93231,7.0338283,0.7554938,-8.077818,1.890869,2.1240435,-5.189777,-2.4986687,-2.782535,5.076043,1
gacs_animations_00_hXzcyx9V_s0007,gacs_animations_00_hXzcyx9V,animations,tense,21.385715,-11.431148,5.959863,-1.2873025,7.568505,-4.393719,-9.14534,3.4427984,3.4506943,-0.4564981,3.3806183,-2.0520713,-2.2087193,-0.09657299,1
gacs_animations_00_hXzcyx9V_s0008,gacs_animations_00_hXzcyx9V,animations,unhappy,-3.486845,4.377291,-11.7326355,12.93076,4.84273,1.3796637,-2.7468984,-2.27969,0.2672381,3.0036771,-1.934468,2.766644,-2.3583424,3.1298633,2
gacs_animations_00_hXzcyx9V_s0009,gacs_animations_00_hXzcyx9V,animations,magical,-5.4235573,-9.498155,4.9379783,9.137117,-3.6429825,-4.833746,4.356319,-5.2093763,1.9872015,-4.239683,-0.74682623,1.5814798,-2.4393654,4.544684,2
gacs_animations_00_hXzcyx9V_s0010,gacs_animations_00_hXzcyx9V,animations,magical,-14.268052,-2.2591748,6.560971,-3.3292327,0.4930294,-1.0315639,2.9176233,-2.7366006,4.5231094,-3.5347383,-1.6052066,0.9387227,-0.6984317,5.1049714,2
gacs_animations_00_hXzcyx9V_s0011,gacs_animations_00_hXzcyx9V,animations,playful,-18.652409,-2.7841837,1.8448776,7.0629206,0.5290616,3.1549475,-1.662154,1.2174343,0.39659104,1.6037766,-4.7256346,1.4561695,-2.089684,-1.8945202,2
gacs_animations_00_hXzcyx9V_s0012,gacs_animations_00_hXzcyx9V,animations,intense,9.401254,-8.0359745,-5.3538084,4.7059083,-8.701388,-1.0740148,7.434433,-9.740421,-0.6941958,0.08468662,2.0003905,0.24438491,-1.0987446,1.0525571,1
gacs_animations_00_hXzcyx9V_s0013,gacs_animations_00_hXzcyx9V,animations,distressed,19.913433,-12.415558,1.985928,9.493637,-1.3208455,-0.33333734,-6.1508045,-3.2217746,1.1557903,-3.7236423,5.5805373,-1.5647942,2.274713,-1.3425419,1
gacs_animations_00_hXzcyx9V_s0014,gacs_animations_00_hXzcyx9V,animations,distressed,9.105082,-7.9040046,-8.542032,11.681821,-6.366892,-1.7823535,-1.261993,-4.324353,-4.3656406,-5.783587,3.0574992,0.94542885,1.2584866,0.15189803,1
gacs_animations_01_O515YeHQ_s0000,gacs_animations_01_O515YeHQ,animations,peaceful,0.26981556,2.3067207,10.64909,-13.1268835,-4.604005,-5.960234,-1.9233959,-4.1489544,-0.0038005724,-0.5886978,-1.9666028,-0.7032655,-2.979801,5.98335,2
gacs_animations_01_O515YeHQ_s0001,gacs_animations_01_O515YeHQ,animations,peaceful,-8.417229,21.757595,3.0034595,-1.9945316,-1.451008,-0.25088254,-0.41519478,-5.482822,1.8660057,0.65488416,0.8764716,0.5022382,2.3599226,4.583904,0
gacs_animations_01_O515YeHQ_s0002,gacs_animations_01_O515YeHQ,animations,tense,25.501951,13.490085,5.8175426,2.9637156,-5.181494,5.679781,4.315373,0.8138045,0.65414727,1.1147662,-3.1917312,-1.8457751,-0.16835828,-0.56328917,0
gacs_animations_01_O515YeHQ_s0003,gacs_animations_01_O515YeHQ,animations,dark,22.839226,1.2525123,7.1808558,-1.5751288,-8.837642,0.86363584,-0.37545022,-3.0071547,-2.5706549,1.4995027,-5.577565,2.0145388,-1.842761,0.51265985,1
gacs_animations_01_O515YeHQ_s0004,gacs_animations_01_O515YeHQ,animations,mysterious,-3.3517122,-2.0939705,9.480851,10.724862,-7.584656,-5.1472507,5.801409,-0.94964457,-5.295395,-0.8944557,-1.6213465,3.7863362,1.5235902,5.6597767,2
gacs_animations_01_O515YeHQ_s0005,gacs_animations_01_O515YeHQ,animations,creepy,22.749828,16.745646,6.2251773,1.4141572,-5.7310557,3.4076927,2.7745745,2.5440617,0.95437497,0.9083609,-3.9588094,-1.2011328,-1.0147402,0.47868493,0
gacs_animations_01_O515YeHQ_s0006,gacs_animations_01_O515YeHQ,animations,majestic,-15.862761,4.6751966,8.9802475,-5.3372464,3.0096934,-1.7050213,3.1248038,-3.91725,2.8170986,1.4054309,3.288114,0.04232569,-1.1872022,2.5338519,2
gacs_animations_01_O515YeHQ_s0007,gacs_animations_01_O515YeHQ,animations,grand,-0.49819306,-1.6237364,8.214955,5.3285794,-8.5958805,-7.1401567,4.949728,2.5882428,-4.3693233,3.2423122,2.3591955,0.11714754,1.9641881,3.6187932,2
gacs_animations_01_O515YeHQ_s0008,gacs_animations_01_O515YeHQ,animations,subtle,-7.944989,-1.1853899,-3.015887,3.8346446,-8.411151,-3.361978,-0.6162182,-0.5100187,1.2496237,6.5555882,-3.83869,0.72286606,0.26405197,3.44641,2
gacs_animations_01_O515YeHQ_s0009,gacs_animations_01_O515YeHQ,animations,dark,17.329365,12.013251,7.8551154,-4.9921536,-5.8790607,-0.43305397,7.072413,0.61567754,-0.5394379,3.371309,-4.6187477,1.9245641,3.5222635,0.6565652,0
gacs_animations_01_O515YeHQ_s0010,gacs_animations_01_O515YeHQ,animations,dark,10.345639,26.757036,3.2440758,6.8712764,-3.1803682,-1.6676443,1.8615977,2.242683,0.4737653,-0.24511589,-2.7845495,1.048769,-0.6116046,1.4221468,0
gacs_animations_01_O515YeHQ_s0011,gacs_animations_01_O515YeHQ,animations,dark,25.10073,-3.832534,7.1321187,-4.414205,-1.838993,5.6472926,5.3365693,-1.4596579,1.5585555,6.407676,-1.3532164,3.6585114,1.8992647,0.8981438,1
gacs_animations_02_1o8GWhoD_s0000,gacs_animations_02_1o8GWhoD,animations,intense,-0.8331469,-10.640177,-0.96308583,8.209335,-4.894337,-4.1490765,4.650118,-6.061097,1.3005252,-1.8283789,-2.6170955,-0.762236,-0.8335087,4.5267873,2
gacs_animations_02_1o8GWhoD_s0001,gacs_animations_02_1o8GWhoD,animations,scared,19.568142,-13.964155,9.621038,2.1349173,0.3995774,-2.634819,-6.397898,0.6970131,-1.0680149,-3.4895463,2.8869777,-2.4073088,0.75341195,-0.6591218,1
gacs_animations_02_1o8GWhoD_s0002,gacs_animations_02_1o8GWhoD,animations,intense,17.820892,-7.9988666,10.087472,-0.61298174,3.0879266,-1.3695914,3.2802389,1.6168828,1.758415,5.2545958,1.3718461,3.2305658,1.5844448,3.7255776,1
gacs_animations_02_1o8GWhoD_s0003,gacs_animations_02_1o8GWhoD,animations,dark,24.70689,-6.703639,6.9530535,-7.7198257,2.7797782,4.284679,1.5098977,2.2067163,3.8927271,4.9933524,-0.81321204,1.18055,0.40412983,1.2015924,1
gacs_animations_02_1o8GWhoD_s0004,gacs_animations_02_1o8GWhoD,animations,menacing,12.570023,-6.3525534,1.0126492,-6.112054,2.4098387,-7.01274,5.6571255,5.22672,-0.36211267,-1.3937962,-3.4067955,0.75452244,1.585713,2.9479134,1
gacs_animations_02_1o8GWhoD_s0005,gacs_animations_02_1o8GWhoD,animations,dramatic,0.5316343,-7.4524755,-6.04591,5.4821787,-0.9703221,-7.3367715,7.243009,-1.2330995,2.1655378,-1.0589265,-2.356937,1.2413622,0.6226416,3.355281,2
gacs_animations_02_1o8GWhoD_s0006,gacs_animations_02_1o8GWhoD,animations,worried,1.8739531,-11.02919,-9.038012,26.216644,-10.235221,4.5645857,-4.649745,-12.265627,-3.158179,-1.2613679,1.1288636,-5.120169,2.1953223,0.6879124,2
gacs_animations_02_1o8GWhoD_s0007,gacs_animations_02_1o8GWhoD,animations,playful,-15.309548,-5.612086,0.7766547,0.5358748,-0.70676416,2.7776196,-0.21080093,1.9319384,1.1033479,-0.049348336,-9.323703,-0.89559585,-4.374199,2.4372656,2
gacs_animations_02_1o8GWhoD_s0008,gacs_animations_02_1o8GWhoD,animations,anxious,20.895636,-6.9269757,2.1716835,0.391518,9.812524,-1.8052968,-8.576799,3.054852,-0.80270404,1.9784428,1.8132901,-0.5218423,-5.394113,1.7002327,1
gacs_animations_02_1o8GWhoD_s0009,gacs_animations_02_1o8GWhoD,animations,intense,3.5656464,-10.681752,-4.146154,5.340608,-1.2663177,-7.847007,5.2037897,-0.77964413,2.027715,-0.44164586,-4.929502,-0.68792236,1.563986,2.3675265,1
gacs_animations_02_1o8GWhoD_s0010,gacs_animations_02_1o8GWhoD,animations,determined,-1.0831108,-5.7796044,-12.58845,3.0488632,0.3182898,-7.2301645,-0.28036687,1.3710756,4.9272914,1.4607762,-2.0681908,0.76648057,-0.95936906,0.50475097,2
gacs_animations_02_1o8GWhoD_s0011,gacs_animations_02_1o8GWhoD,animations,energetic,-12.384395,-5.1719007,-4.089976,5.882905,-0.59676415,-2.476179,1.7149065,3.417647,3.2705061,2.2159305,-4.9464154,-0.31240675,0.32145587,-2.391109,2
gacs_animations_02_1o8GWhoD_s0012,gacs_animations_02_1o8GWhoD,animations,intense,4.442064,-10.805985,-10.847131,7.11488,10.026656,-2.5447037,1.6726865,-4.755513,1.067211,-1.8586329,-2.1020877,-0.43670574,1.1167727,-0.45011073,1
gacs_animations_02_1o8GWhoD_s0013,gacs_animations_02_1o8GWhoD,animations,chaotic,19.865658,-6.1241045,8.066657,-0.8144125,0.05712783,-1.4400018,3.0276034,0.6269815,1.4886905,5.5950613,-0.722067,2.9515333,1.1706935,3.233925,1
gacs_animations_02_1o8GWhoD_s0014,gacs_animations_02_1o8GWhoD,animations,startled,-1.3863521,-8.476402,-8.290018,12.311855,-1.4023885,-5.8806863,0.6558984,-2.0338259,1.7765577,-0.06955913,-4.88301,-1.1226311,-1.6792243,2.731844,2
gacs_animations_02_1o8GWhoD_s0015,gacs_animations_02_1o8GWhoD,animations,intense,17.762941,-12.438007,-3.886824,-6.696581,17.036716,0.50034386,4.582462,-1.2699807,0.1081399,1.159088,-2.5116978,-0.8857172,0.47989854,0.79885,1
gacs_animations_03_VWavstJy_s0000,gacs_animations_03_VWavstJy,animations,curious,3.1029227,-10.824831,-14.700397,19.283566,-11.497876,7.9260902,-3.7893634,-12.244993,-3.758823,-2.3474667,1.3927321,-3.4379735,1.7402614,0.9072649,2
gacs_animations_03_VWavstJy_s0001,gacs_animations_03_VWavstJy,animations,concerned,21.060287,-2.0152946,3.0173101,-4.8050923,7.6744204,-3.5614824,-10.3813305,3.4354722,-1.4399852,0.42864865,1.9208791,-1.5245637,-4.92976,3.3681488,1
gacs_animations_03_VWavstJy_s0002,gacs_animations_03_VWavstJy,animations,worried,18.722536,-9.93198,-4.544353,0.30621538,10.075448,-2.4388964,-5.3592668,-3.4099047,2.5727034,-2.7095542,-0.004138582,-2.1022367,-4.386306,1.0493988,1
gacs_animations_03_VWavstJy_s0003,gacs_animations_03_VWavstJy,animations,happy,-12.810598,-4.6309357,-3.0675874,8.542129,3.0408328,0.83114094,-3.8555667,1.9100723,0.18561773,2.6189525,-5.189289,3.0023823,-2.8586807,-1.4052508,2
gacs_animations_03_VWavstJy_s0004,gacs_animations_03_VWavstJy,animations,angry,5.515857,-11.692421,-6.2921543,9.160994,18.832481,-2.8547578,-1.2380799,-2.174582,0.8548862,0.28756833,-3.3397877,-3.5975778,-0.50958115,1.5072646,1
gacs_animations_03_VWavstJy_s0005,gacs_animations_03_VWavstJy,animations,pensive,18.185232,-4.8420014,11.014316,-4.8721385,0.76299953,-4.190159,-1.9260887,0.27737263,-0.687356,0.024394048,-1.4419667,-1.0975225,-7.4954176,2.8411722,1
gacs_animations_03_VWavstJy_s0006,gacs_animations_03_VWavstJy,animations,energetic,-12.646763,-6.689253,-3.1428494,3.6855001,-3.9751804,0.6935991,-0.7025789,-0.83098644,0.80390614,-0.7012412,-8.037682,-1.9016796,-2.4190552,1.9230245,2
gacs_animations_03_VWavstJy_s0007,gacs_animations_03_VWavstJy,animations,anxious,-3.781907,-0.274078,-6.9789276,7.4460125,1.8112621,-2.1533532,-8.625687,0.36718887,0.8780443,4.3530755,-1.4984989,1.3375916,-4.8978786,0.46178406,2
gacs_animations_03_VWavstJy_s0008,gacs_animations_03_VWavstJy,animations,afraid,24.936195,-5.127507,7.8751783,-3.6076856,-3.149031,2.4029257,-0.6768697,-1.4299031,2.2119193,2.1812553,-1.6956954,2.599898,-1.9053584,-1.9702681,1
gacs_animations_03_VWavstJy_s0009,gacs_animations_03_VWavstJy,animations,vibrant,-13.925736,-7.5269694,7.6708198,4.371484,-0.22932036,-5.046338,0.70465887,0.61008424,0.95338655,-0.12963505,-1.7012913,-2.5282826,-4.6309247,1.825823,2
gacs_animations_04_cqGjhVJW_s0000,gacs_animations_04_cqGjhVJW,animations,energetic,4.930081,-6.0510006,-13.185313,5.036432,4.470593,-2.903917,3.9003446,-5.701451,1.2607929,-1.4637969,-4.7709756,2.5295622,-0.57101774,-1.4409202,1
gacs_animations_04_cqGjhVJW_s0001,gacs_animations_04_cqGjhVJW,animations,playful,-16.005306,-5.9450293,-1.4528407,0.745744,-4.5536113,2.7159538,-0.14520535,2.9232917,-1.0551836,-0.75472385,-5.9998,-4.5222545,0.23021938,-2.404339,2
gacs_animations_04_cqGjhVJW_s0002,gacs_animations_04_cqGjhVJW,animations,sleepy,-16.19285,2.3821414,-1.1969811,-5.784541,-4.6979594,-0.11519491,-4.4270372,-2.009608,4.0369425,1.1875261,-3.0910041,-1.35554,-0.9806407,-1.2791747,2
gacs_animations_04_cqGjhVJW_s0003,gacs_animations_04_cqGjhVJW,animations,surreal,13.84942,1.9184397,-4.0416837,2.5521204,-9.632414,-3.1535006,0.6578447,-12.240745,-1.0547698,3.0237374,-2.0599616,2.4844284,0.34480026,-1.2582927,1
gacs_animations_04_cqGjhVJW_s0004,gacs_animations_04_cqGjhVJW,animations,energetic,-8.169961,-9.557898,-4.4068875,6.655088,-2.0004563,-2.4204037,4.507688,1.4158509,2.0882545,-2.45683,-5.117922,-0.33206153,0.02609961,-1.4967337,2
gacs_animations_04_cqGjhVJW_s0005,gacs_animations_04_cqGjhVJW,animations,intense,15.384923,-9.878909,5.012614,4.05865,-0.8544024,-3.2346387,-5.929863,0.5776573,0.1813708,0.62179375,1.8618187,-0.45250192,-3.7406602,0.30506662,1
gacs_animations_04_cqGjhVJW_s0006,gacs_animations_04_cqGjhVJW,animations,hopeful,-7.814327,-8.8083315,-3.3005877,2.8433332,-6.803754,-2.7122715,-0.28540674,1.7378886,3.6313014,2.752614,-1.764103,-2.9070876,-4.8396873,2.0827756,2
gacs_animations_04_cqGjhVJW_s0007,gacs_animations_04_cqGjhVJW,animations,energetic,-1.4558822,-6.355833,-5.6615176,2.1379387,4.813564,-5.6407747,7.6593275,-0.5204944,-0.75007284,-2.1070852,-0.36745033,2.0816264,0.7667986,-1.199562,2
gacs_emotional_shorts_00_qm5hen3q_s0000,gacs_emotional_shorts_00_qm5hen3q,emotional_shorts,tense,-7.645613,2.049068,-2.1303108,-18.58048,3.627657,-0.80197644,-5.6367793,-2.166947,1.8475176,-0.27914876,-1.5702134,-0.91326797,3.2518063,3.601313,2
gacs_emotional_shorts_00_qm5hen3q_s0001,gacs_emotional_shorts_00_qm5hen3q,emotional_shorts,anxious,23.002974,-5.584746,1.5976994,-3.1734712,3.1334462,1.3397435,-8.919398,5.2030535,2.6058173,-3.574242,5.727748,2.8041425,-1.9353224,1.120932,1
gacs_emotional_shorts_00_qm5hen3q_s0002,gacs_emotional_shorts_00_qm5hen3q,emotional_shorts,serious,17.144907,10.198018,9.146594,-4.482912,0.2553839,-2.5021157,-6.9351892,7.567961,-0.9493995,-2.9654968,2.5166974,1.57535,-1.9876432,3.9084773,1
gacs_emotional_shorts_00_qm5hen3q_s0003,gacs_emotional_shorts_00_qm5hen3q,emotional_shorts,concerned,22.293612,-2.589356,-4.0835166,-1.8883482,6.7386284,-0.27716923,-10.155406,3.6550205,4.6998014,-1.6616518,4.3229527,2.7492425,-1.857793,2.5501487,1
gacs_emotional_shorts_00_qm5hen3q_s0004,gacs_emotional_shorts_00_qm5hen3q,emotional_shorts,informative,-10.2733345,-1.8958755,-5.7971373,-7.0919533,0.057051722,-1.3825351,-8.195188,1.4310099,5.187686,0.6994991,-1.3583907,2.4005723,1.0554484,3.3782911,2
gacs_emotional_shorts_00_qm5hen3q_s0005,gacs_emotional_shorts_00_qm5hen3q,emotional_shorts,serious,-12.83318,-1.6808774,-0.9897921,-1.2339326,-2.791505,-1.2008861,-8.40897,3.213858,2.978258,3.1316934,1.9484097,4.449494,2.3270764,3.142713,2
gacs_emotional_shorts_00_qm5hen3q_s0006,gacs_emotional_shorts_00_qm5hen3q,emotional_shorts,professional,-7.6794944,-4.4741764,-4.102214,-7.6568084,-2.2368414,-2.8127036,-7.010324,3.2420433,8.870357,-0.48854685,-0.29411,2.7470012,3.7287478,4.7669234,2
gacs_emotional_shorts_00_qm5hen3q_s0007,gacs_emotional_shorts_00_qm5hen3q,emotional_shorts,serious,-14.802743,-0.12348633,-3.256435,-7.8603926,0.9595199,0.7246502,-4.112319,2.3838341,6.645421,3.8774066,0.77008,3.4814868,3.038464,1.9426277,2
gacs_emotional_shorts_00_qm5hen3q_s0008,gacs_emotional_shorts_00_qm5hen3q,emotional_shorts,dramatic,-4.3628664,-7.6288695,-2.7474716,4.4722004,5.569441,-8.224507,0.23479049,3.098782,4.1487417,2.0066395,3.464337,1.7572104,2.1956656,2.8721132,2
gacs_emotional_shorts_00_qm5hen3q_s0009,gacs_emotional_shorts_00_qm5hen3q,emotional_shorts,tense,-14.323301,-5.4617825,-0.6277243,-0.3999174,1.2743862,-2.7570474,-1.4956813,2.7099998,0.20015182,2.697178,0.5905841,0.53982514,-2.2649539,3.1580698,2
gacs_emotional_shorts_01_hCOOAE_s_s0000,gacs_emotional_shorts_01_hCOOAE_s,emotional_shorts,tender,-17.56325,6.5539107,3.1962729,-11.998306,5.110287,4.463204,0.7058659,-2.3822756,-1.3376844,-0.4700669,0.035574973,-0.9183432,4.1878123,0.69301385,2
gacs_emotional_shorts_01_hCOOAE_s_s0001,gacs_emotional_shorts_01_hCOOAE_s,emotional_shorts,compassionate,-14.785352,0.91854656,-6.8469815,-10.840889,2.6443408,6.1553354,-3.296667,0.1270041,-2.0269027,1.114518,-3.3322525,-0.9100552,5.9432898,1.4670067,2
gacs_emotional_shorts_01_hCOOAE_s_s0002,gacs_emotional_shorts_01_hCOOAE_s,emotional_shorts,warm,-16.075577,8.748333,6.43061,-11.981373,3.0420532,3.5195231,-0.9738998,-5.06924,1.8663757,-2.1236699,-0.23263717,0.29498634,3.7434502,0.31309012,2
gacs_emotional_shorts_01_hCOOAE_s_s0003,gacs_emotional_shorts_01_hCOOAE_s,emotional_shorts,peaceful,-17.264322,4.352154,4.5368705,-11.634154,4.7741337,4.9628587,1.0639257,-0.78176486,0.16231751,-0.81186265,0.40835413,0.40976417,4.0367775,2.1427033,2
gacs_emotional_shorts_01_hCOOAE_s_s0004,gacs_emotional_shorts_01_hCOOAE_s,emotional_shorts,compassionate,-19.068087,5.123023,7.3629293,-7.002317,6.5135,5.2331386,0.5364732,-1.3009866,0.45397723,-1.2487143,0.12736179,1.6991794,3.363915,-0.64294076,2
gacs_emotional_shorts_01_hCOOAE_s_s0005,gacs_emotional_shorts_01_hCOOAE_s,emotional_shorts,heartwarming,-16.399748,1.6301076,-0.9986084,2.606003,-3.9513443,2.855695,-4.5255823,0.59907365,-1.0336096,3.4657576,-1.9547654,1.5384494,4.2130003,0.1951687,2
gacs_emotional_shorts_01_hCOOAE_s_s0006,gacs_emotional_shorts_01_hCOOAE_s,emotional_shorts,lonely,13.311836,23.858442,-7.2024817,0.61169946,5.3286686,-1.6613922,-2.560705,-2.3882318,-0.7586115,2.2314398,-4.045752,1.8176811,-3.1261551,-0.24558139,0
gacs_emotional_shorts_01_hCOOAE_s_s0007,gacs_emotional_shorts_01_hCOOAE_s,emotional_shorts,quiet,10.901399,25.317078,1.5299805,2.697274,-2.022541,-4.129337,-3.2661908,-2.6080194,-1.2809829,-1.390125,-2.4778247,3.0300167,-1.639452,-1.9292926,0
gacs_emotional_shorts_01_hCOOAE_s_s0008,gacs_emotional_shorts_01_hCOOAE_s,emotional_shorts,lonely,-4.1135435,23.286894,2.5567522,2.2587423,-0.64023626,-4.5001316,-3.6812394,-1.0953655,-0.23528841,0.6269669,0.42176256,3.1491873,-0.2818432,-0.5993594,0
gacs_emotional_shorts_01_hCOOAE_s_s0009,gacs_emotional_shorts_01_hCOOAE_s,emotional_shorts,lonely,9.563149,30.783388,-6.3151956,9.064716,-0.15137081,6.588304,2.2505014,0.840935,4.469323,-2.5552297,-1.6249135,-2.9449277,0.49094132,2.1207829,0
gacs_emotional_shorts_01_hCOOAE_s_s0010,gacs_emotional_shorts_01_hCOOAE_s,emotional_shorts,pensive,11.233398,30.780588,-4.946852,8.388643,0.49504158,6.7617316,3.3054497,1.4532531,4.7500987,-3.0116284,-2.3566365,-3.392102,0.5193342,1.5976238,0
gacs_emotional_shorts_01_hCOOAE_s_s0011,gacs_emotional_shorts_01_hCOOAE_s,emotional_shorts,lonely,9.812543,29.640617,-5.879455,8.215137,7.2767735,2.9912863,0.6184328,2.0258253,2.8999174,0.16003147,-0.6502076,-4.076337,-0.6029155,2.085837,0
gacs_emotional_shorts_01_hCOOAE_s_s0012,gacs_emotional_shorts_01_hCOOAE_s,emotional_shorts,heartwarming,-18.753716,1.0704914,3.6362827,-2.9351196,3.502054,5.6621394,-0.6710178,3.0692747,-4.1442876,1.4046872,-0.3537538,1.1466163,4.993518,-1.1358967,2
gacs_emotional_shorts_02_R2KyQF34_s0000,gacs_emotional_shorts_02_R2KyQF34,emotional_shorts,transformative,4.5564466,-5.3203998,-12.601552,-2.2314875,-8.05286,-0.8484664,6.000189,-1.6019021,2.6112165,-4.0657754,4.7266855,-0.3680202,-0.09316663,3.220955,2
gacs_emotional_shorts_02_R2KyQF34_s0001,gacs_emotional_shorts_02_R2KyQF34,emotional_shorts,energetic,-19.576256,0.17891999,9.270273,3.1504085,2.7843342,3.8111784,-0.72285897,0.16896796,1.7155252,-0.3536728,-0.040628523,2.1905456,-0.424844,-1.2580293,2
gacs_emotional_shorts_02_R2KyQF34_s0002,gacs_emotional_shorts_02_R2KyQF34,emotional_shorts,bored,5.5543365,0.45891887,-7.088562,-0.54098964,-3.8158572,-0.62651634,-5.5235147,-1.0529256,-4.513839,-2.800051,-7.858055,4.2987566,-6.146352,2.3519435,1
gacs_emotional_shorts_02_R2KyQF34_s0003,gacs_emotional_shorts_02_R2KyQF34,emotional_shorts,worried,5.9658155,28.238054,-6.964398,12.535676,1.4831101,1.4620031,-1.9295433,1.6134225,2.270273,0.3464762,-0.6649008,-3.0484462,-0.8375261,1.6683038,0
gacs_emotional_shorts_02_R2KyQF34_s0004,gacs_emotional_shorts_02_R2KyQF34,emotional_shorts,isolated,3.0767128,4.1850667,-19.681541,-5.855008,-0.69095284,7.015616,-1.422003,-4.1589627,-1.8925303,-0.7075073,-2.108185,2.437214,-5.6586843,6.1035295,2
gacs_emotional_shorts_03_NEpfRHly_s0000,gacs_emotional_shorts_03_NEpfRHly,emotional_shorts,solemn,11.020916,9.937205,-2.5293427,1.2129592,3.1810167,-6.385088,-3.892368,7.761097,-1.4457465,-0.99114996,-0.6357094,3.9170794,-0.1432066,3.12947,0
gacs_emotional_shorts_03_NEpfRHly_s0001,gacs_emotional_shorts_03_NEpfRHly,emotional_shorts,pensive,-0.31391197,26.91798,-3.030073,7.6123056,0.1254471,0.268911,1.0168476,2.2121825,1.9026269,0.9544927,2.3808496,-3.2145789,2.9835389,1.7542324,0
gacs_emotional_shorts_03_NEpfRHly_s0002,gacs_emotional_shorts_03_NEpfRHly,emotional_shorts,thoughtful,-1.2126591,-5.5932927,-8.452074,-2.924708,-4.657317,-5.0906534,-3.2810895,6.3630195,-1.9303658,-1.1994606,-0.831864,0.21250954,3.7043393,-0.14075719,2
gacs_emotional_shorts_03_NEpfRHly_s0003,gacs_emotional_shorts_03_NEpfRHly,emotional_shorts,somber,12.324525,27.111113,-1.7451928,7.6820593,1.9996167,-0.16379526,-1.524672,5.1147428,-0.69956416,-1.3403126,-0.47521812,-1.8915468,0.5371702,1.1602497,0
gacs_emotional_shorts_03_NEpfRHly_s0004,gacs_emotional_shorts_03_NEpfRHly,emotional_shorts,serious,-6.6658826,-3.836096,-12.940353,1.2505947,-7.277627,-2.0981033,-3.684257,4.7898993,2.917326,3.5378356,-0.7187325,-0.8953957,3.2629125,1.0578332,2
gacs_emotional_shorts_03_NEpfRHly_s0005,gacs_emotional_shorts_03_NEpfRHly,emotional_shorts,hopeful,-2.7730317,0.01689477,-6.882573,0.44129914,-7.5737967,0.13233383,-2.6348622,6.299369,-1.8288604,0.3588719,-1.6472217,0.93592596,-2.3131678,1.5558906,2
gacs_emotional_shorts_04_C2RsYF1B_s0000,gacs_emotional_shorts_04_C2RsYF1B,emotional_shorts,informative,-6.8187137,-2.3384378,-7.5232267,-12.508251,-0.21108063,0.33102134,-6.0460033,3.7305698,2.3481374,-0.25494063,1.9333154,-0.34118944,3.17277,2.8406043,2
gacs_emotional_shorts_04_C2RsYF1B_s0001,gacs_emotional_shorts_04_C2RsYF1B,emotional_shorts,happy,-15.433861,-5.1925607,2.5325809,15.3775625,2.352157,3.6929126,-2.3817635,1.5481107,-0.3091141,4.326179,2.7064977,2.6890223,-0.20231202,-0.0501064,2
gacs_emotional_shorts_04_C2RsYF1B_s0002,gacs_emotional_shorts_04_C2RsYF1B,emotional_shorts,heartwarming,-17.773687,-3.205453,7.263183,9.175413,1.5381262,1.930447,-2.0910246,2.7050784,-1.285073,1.3359408,0.3263962,1.9335042,0.24940747,0.7948614,2
gacs_emotional_shorts_04_C2RsYF1B_s0003,gacs_emotional_shorts_04_C2RsYF1B,emotional_shorts,focused,-6.9056563,-3.223956,-10.0083,-6.0058146,-5.284236,-1.2897038,-3.0627904,4.806903,-0.11102531,0.58144706,-0.7490482,-1.4590744,3.1896098,2.7360876,2
gacs_emotional_shorts_04_C2RsYF1B_s0004,gacs_emotional_shorts_04_C2RsYF1B,emotional_shorts,concerned,-2.0852516,-1.9935613,-5.211732,-12.623036,3.3178291,-1.9465903,-4.3085704,1.3659247,2.287738,2.9716637,0.79668945,-1.569023,1.1591742,4.4521503,2
gacs_emotional_shorts_04_C2RsYF1B_s0005,gacs_emotional_shorts_04_C2RsYF1B,emotional_shorts,concerned,11.610043,-3.3600662,-14.452422,-3.1084862,8.111132,4.723601,-2.3891373,-1.6362511,-0.6742658,-3.1257844,0.27370572,4.2349405,-2.4023023,2.6012459,1
gacs_emotional_shorts_04_C2RsYF1B_s0006,gacs_emotional_shorts_04_C2RsYF1B,emotional_shorts,loving,-15.636181,1.6013135,-0.13496768,-9.382363,0.7068785,5.143509,-2.2190888,2.201014,-4.8750877,1.2468646,-1.0413551,-1.1769109,3.2627003,-1.4038311,2
gacs_emotional_shorts_04_C2RsYF1B_s0007,gacs_emotional_shorts_04_C2RsYF1B,emotional_shorts,festive,-18.435577,-2.803757,3.4466703,11.293869,2.67738,4.3707867,-2.0413313,0.87973124,-0.07416006,3.9764712,-0.78148866,3.125878,-0.85326827,-1.4403379,2
gacs_emotional_shorts_04_C2RsYF1B_s0008,gacs_emotional_shorts_04_C2RsYF1B,emotional_shorts,professional,-10.526485,-1.8017124,-8.78545,-2.6937144,-5.775043,0.8829323,-4.238398,3.7059867,6.346424,1.6223468,2.211786,2.3604407,5.0033355,0.91774464,2
gacs_movie_trailers_00_ew7aQG7a_s0000,gacs_movie_trailers_00_ew7aQG7a,movie_trailers,serene,-12.686698,-3.4623406,6.77637,-0.15047915,4.6491485,-3.3444154,5.8071566,-1.7879015,4.3328342,-0.42520955,4.4672976,2.0800138,0.07202084,4.603406,2
gacs_movie_trailers_00_ew7aQG7a_s0001,gacs_movie_trailers_00_ew7aQG7a,movie_trailers,serious,-7.793732,-1.3087337,-7.8986692,-5.822171,0.06032564,-1.3289934,7.4184003,2.8836982,-6.4149675,3.2288864,5.4847226,-4.586986,-1.2947258,0.024576576,2
gacs_movie_trailers_00_ew7aQG7a_s0002,gacs_movie_trailers_00_ew7aQG7a,movie_trailers,mysterious,10.267366,28.88615,-1.6510446,13.289759,-0.62612927,3.9149919,2.838709,3.8127365,2.728256,-2.5714118,-0.035163846,-3.7119234,1.66018,1.9607241,0
gacs_movie_trailers_00_ew7aQG7a_s0003,gacs_movie_trailers_00_ew7aQG7a,movie_trailers,tense,14.456776,-1.5775192,-10.250891,5.947714,7.639251,-5.3519616,-2.8714871,4.3256974,-3.8571212,0.698216,2.496507,5.8650866,-0.27407172,0.2027618,1
gacs_movie_trailers_01_JfVOs4VS_s0000,gacs_movie_trailers_01_JfVOs4VS,movie_trailers,exciting,-1.5012838,-13.682612,-3.9460766,6.7299027,-4.380174,-6.0538287,3.0223188,0.457205,2.0262384,-2.9316885,-2.2230992,-4.544104,1.193834,0.70328176,2
gacs_movie_trailers_01_JfVOs4VS_s0001,gacs_movie_trailers_01_JfVOs4VS,movie_trailers,fearful,26.148296,-7.0508237,11.991864,-3.8600097,2.248609,0.81463206,-5.7323556,3.118049,2.2755249,-1.2131387,1.1435565,-1.4733996,-1.3094273,0.27935585,1
gacs_movie_trailers_01_JfVOs4VS_s0002,gacs_movie_trailers_01_JfVOs4VS,movie_trailers,anticipatory,20.739876,-8.4241905,5.813787,-4.375241,1.4552207,-3.3714886,-4.515223,4.113295,-3.396261,-1.3364222,3.0710044,-1.573759,-2.3908627,-0.26321042,1
gacs_movie_trailers_01_JfVOs4VS_s0003,gacs_movie_trailers_01_JfVOs4VS,movie_trailers,intense,16.569155,-11.764547,-3.518041,6.5230646,9.312262,-4.286795,1.1982148,-3.1613166,2.1385741,-0.5069586,-1.2184488,1.8844209,5.027306,-2.3823366,1
gacs_movie_trailers_01_JfVOs4VS_s0004,gacs_movie_trailers_01_JfVOs4VS,movie_trailers,ominous,13.095458,-5.807888,1.3759263,-3.5805116,-0.35209107,-6.332363,7.135462,0.42007068,-2.2031038,5.240691,-1.0641235,1.0007739,-0.87184364,0.8951105,1
gacs_movie_trailers_01_JfVOs4VS_s0005,gacs_movie_trailers_01_JfVOs4VS,movie_trailers,chaotic,1.2545948,-10.795155,-4.623122,8.71243,2.4758413,-8.049821,4.3730354,1.3226994,2.0234315,-2.6612718,-4.569266,1.0983281,4.1421795,-2.2573078,2
gacs_movie_trailers_01_JfVOs4VS_s0006,gacs_movie_trailers_01_JfVOs4VS,movie_trailers,serious,18.18223,-2.3117063,-5.351394,3.9812837,2.7543173,-7.617721,-1.7328243,0.8971919,-0.2962693,1.7398525,-0.037649352,3.5786319,1.7040797,1.4974135,1
gacs_movie_trailers_01_JfVOs4VS_s0007,gacs_movie_trailers_01_JfVOs4VS,movie_trailers,thoughtful,5.5232563,14.092966,-15.166541,-5.627716,3.0947022,1.4491035,2.75472,-1.5789884,-6.3256764,2.8883646,2.2965233,4.6836185,-4.573436,2.250825,0
gacs_movie_trailers_01_JfVOs4VS_s0008,gacs_movie_trailers_01_JfVOs4VS,movie_trailers,chaotic,18.677202,-11.226852,-4.4580126,4.481272,12.687751,-3.3133245,-1.3681645,1.032228,3.6937063,-4.5999174,1.7616036,3.416341,5.236894,-3.4012043,1
gacs_movie_trailers_01_JfVOs4VS_s0009,gacs_movie_trailers_01_JfVOs4VS,movie_trailers,intense,6.412738,-10.125824,-5.5110927,3.240776,8.147357,-6.1248636,5.2702417,-0.08804806,0.7474301,-1.4649261,-6.259727,1.1897986,1.829482,-2.7170672,1
gacs_movie_trailers_01_JfVOs4VS_s0010,gacs_movie_trailers_01_JfVOs4VS,movie_trailers,intense,15.186559,-10.953912,-2.3433354,3.9533572,13.433114,-4.63629,5.7674694,-1.3249243,-0.53305495,-0.6019334,-0.62161124,2.404234,3.2938251,-3.676,1
gacs_movie_trailers_02_32RAq6Jz_s0000,gacs_movie_trailers_02_32RAq6Jz,movie_trailers,relaxed,-18.668156,-2.776668,-0.17771752,-0.19190408,-0.31078005,3.817252,-1.3317732,2.8565304,1.3451962,0.72245157,0.14920397,1.2289004,1.7839699,-3.3158674,2
gacs_movie_trailers_02_32RAq6Jz_s0001,gacs_movie_trailers_02_32RAq6Jz,movie_trailers,chaotic,11.376472,-12.267582,-7.9807706,6.3275495,11.03397,-3.581603,3.5675397,-1.9690323,2.868878,-4.059388,-2.8905766,0.012987528,5.740137,-3.5141196,1
gacs_movie_trailers_02_32RAq6Jz_s0002,gacs_movie_trailers_02_32RAq6Jz,movie_trailers,intense,20.52992,-3.4595668,-8.837344,2.835538,2.1544638,2.903335,0.93823886,-4.2174788,0.63235265,-1.9472393,2.9006321,10.585612,-1.6486963,-4.6182346,1
gacs_movie_trailers_02_32RAq6Jz_s0003,gacs_movie_trailers_02_32RAq6Jz,movie_trailers,intense,0.33431485,-3.0082161,-18.235746,-2.1949062,-6.1283984,-2.7097104,-0.1899946,2.2707508,6.0399413,1.457444,-0.8042314,-0.02002582,2.620563,0.35657242,2
gacs_movie_trailers_02_32RAq6Jz_s0004,gacs_movie_trailers_02_32RAq6Jz,movie_trailers,determined,3.2788808,-5.56153,-7.8001213,6.240627,-2.3096082,-5.2464614,0.7782406,0.70676255,1.6052325,1.414359,0.6465587,3.194251,-0.27237442,1.7650502,2
gacs_movie_trailers_02_32RAq6Jz_s0005,gacs_movie_trailers_02_32RAq6Jz,movie_trailers,tense,5.4610643,-12.883783,-7.5682807,6.0288982,9.358595,-4.9342875,4.750383,-0.35971662,-0.2945795,-2.0520256,-3.9709127,-0.583841,4.0727596,-4.9399433,1
gacs_movie_trailers_02_32RAq6Jz_s0006,gacs_movie_trailers_02_32RAq6Jz,movie_trailers,intense,12.996632,-10.497001,-13.867672,6.4943914,16.754293,0.11306228,1.5558823,-4.900807,-0.7366478,-1.8711221,-1.6527855,0.34512323,2.042385,-3.16564,1
gacs_movie_trailers_02_32RAq6Jz_s0007,gacs_movie_trailers_02_32RAq6Jz,movie_trailers,chaotic,8.2989,-5.511176,-16.069902,6.743701,12.373023,0.14206412,2.7230322,-4.814327,3.2238233,-3.099439,-0.8009405,4.007223,2.0772018,-0.16686325,1
gacs_movie_trailers_02_32RAq6Jz_s0008,gacs_movie_trailers_02_32RAq6Jz,movie_trailers,intense,13.966804,-14.359177,-0.9387718,3.664585,13.318494,-5.0599637,3.3242707,0.6145499,1.2194964,-3.5877903,-1.8675674,0.9441856,5.4370337,-3.8511076,1
gacs_movie_trailers_03__Z3QKkl1_s0000,gacs_movie_trailers_03__Z3QKkl1,movie_trailers,solemn,9.022132,28.572962,-4.1236353,11.43628,-1.4226122,4.479545,4.0112033,3.6603956,3.1173284,-3.2385578,0.87584436,-3.8803291,3.9928508,3.4173474,0
gacs_movie_trailers_03__Z3QKkl1_s0001,gacs_movie_trailers_03__Z3QKkl1,movie_trailers,solemn,-9.53856,-1.0370561,-0.10218018,-16.247286,2.3179395,5.1890016,8.214019,2.2684855,-4.9298983,-3.5104685,6.7649307,-0.661491,-0.6171303,4.7597923,2
gacs_movie_trailers_03__Z3QKkl1_s0002,gacs_movie_trailers_03__Z3QKkl1,movie_trailers,commemorative,-7.9258475,-2.9068763,-2.4668067,-2.9573019,0.72668034,-0.50653315,8.519284,0.3832078,-0.17455827,-1.3938953,3.3795085,3.2705417,-1.0956812,3.2864797,2
gacs_movie_trailers_03__Z3QKkl1_s0003,gacs_movie_trailers_03__Z3QKkl1,movie_trailers,dark,0.46179038,1.6938199,-5.6418524,1.8990319,-4.1677413,-6.2988696,7.7070227,6.5375805,-2.8310192,7.629758,2.1558948,2.3027804,3.2716367,-0.99938136,2
gacs_movie_trailers_03__Z3QKkl1_s0004,gacs_movie_trailers_03__Z3QKkl1,movie_trailers,serious,6.6747627,25.488014,-1.6513234,14.750808,0.47668016,-1.070278,3.009032,4.473847,-0.2919754,-1.4541831,2.4736865,-2.484273,5.927921,1.5786811,0
gacs_movie_trailers_03__Z3QKkl1_s0005,gacs_movie_trailers_03__Z3QKkl1,movie_trailers,intense,9.933715,-12.101088,-6.2106853,5.0572906,12.977678,-3.9224212,4.8130035,-3.5242398,-0.19105507,-4.4195385,-3.5672877,1.8787972,0.5042505,-6.0927005,1
gacs_movie_trailers_04_qSqVVswa_s0000,gacs_movie_trailers_04_qSqVVswa,movie_trailers,tense,17.371113,-6.1881104,-11.661191,-2.5676904,15.085516,-2.0340374,3.394621,-0.861126,0.5958816,3.1892457,-0.9580296,2.4065897,1.7223463,-4.1766057,1
gacs_movie_trailers_04_qSqVVswa_s0001,gacs_movie_trailers_04_qSqVVswa,movie_trailers,desolate,3.957251,1.1192029,-5.6333327,-4.2484503,-1.7757695,-7.7785873,0.23648776,-8.576508,6.5837893,0.4769404,0.50307745,1.6088268,0.37971768,0.012359792,2
gacs_movie_trailers_04_qSqVVswa_s0002,gacs_movie_trailers_04_qSqVVswa,movie_trailers,exciting,0.34772655,-10.291008,-3.1871681,1.7087858,8.761258,-4.936242,2.5892777,0.6624897,1.0774661,1.2672281,-2.0214143,-2.9949243,0.91821957,1.3198687,2
gacs_movie_trailers_04_qSqVVswa_s0003,gacs_movie_trailers_04_qSqVVswa,movie_trailers,intense,6.9395976,-9.345993,-12.468622,6.3738613,7.665668,-5.103669,7.5854073,-4.945666,3.1151948,-2.3830175,0.78322273,1.4907343,3.5260804,-2.840998,1
gacs_movie_trailers_04_qSqVVswa_s0004,gacs_movie_trailers_04_qSqVVswa,movie_trailers,tense,26.516438,-5.4504037,10.781043,-5.9904556,3.2272692,5.3855743,5.0203943,1.3012899,-0.016158875,4.0769444,2.6474776,2.1799736,1.33194,-1.578924,1
gacs_movie_trailers_04_qSqVVswa_s0005,gacs_movie_trailers_04_qSqVVswa,movie_trailers,exciting,-7.030424,-10.290198,6.575563,4.1491346,3.2837331,-6.7580876,2.4650977,3.679617,3.7958713,-4.1426597,-2.736088,-1.7079217,2.0464835,1.8710945,2
gacs_movie_trailers_04_qSqVVswa_s0006,gacs_movie_trailers_04_qSqVVswa,movie_trailers,dark,8.150508,19.560545,-1.7714877,7.6530385,-5.281873,-6.453242,0.94321084,0.28997737,-3.7780569,2.1303785,-1.3164896,3.9041002,1.9874545,-2.9216506,0
gacs_movie_trailers_04_qSqVVswa_s0007,gacs_movie_trailers_04_qSqVVswa,movie_trailers,tense,-13.389659,-7.1771636,7.038665,-2.6567824,6.7670026,-3.8518205,3.8842654,4.593934,-0.11309744,-5.1189103,-2.8985524,-2.1218688,2.5161338,-3.6598432,2
gacs_movie_trailers_04_qSqVVswa_s0008,gacs_movie_trailers_04_qSqVVswa,movie_trailers,intense,-7.198604,-11.222575,9.126906,2.4258335,3.112177,-7.7940373,2.59193,4.6035967,2.0124881,-5.5876884,-2.373703,-2.3396592,2.4981654,0.4982701,2
gacs_movie_trailers_04_qSqVVswa_s0009,gacs_movie_trailers_04_qSqVVswa,movie_trailers,contemplative,11.629008,28.768068,-3.4293568,9.943347,1.4444674,1.4523234,3.3251696,2.9107525,1.8230685,-1.8539569,0.7724883,-2.2544892,1.7364763,0.8269748,0
gacs_movie_trailers_04_qSqVVswa_s0010,gacs_movie_trailers_04_qSqVVswa,movie_trailers,intense,19.56439,23.925701,-0.40943208,7.6375604,1.7009771,1.7608172,-1.41063,5.586556,3.2663531,-1.009069,-0.2611019,-4.061574,1.0229537,0.34303653,0
gacs_advertisements_00_fo4LLux-_s0000,gacs_advertisements_00_fo4LLux-,advertisements,relaxed,-16.089167,-3.8692334,2.7661161,5.3665924,-1.258659,-2.4941697,-0.70730734,-0.77189016,0.7734015,1.1116031,0.79927105,-0.10991074,-2.1141853,0.75826097,2
gacs_advertisements_00_fo4LLux-_s0001,gacs_advertisements_00_fo4LLux-,advertisements,happy,-19.87811,1.9212068,5.82809,-2.2884643,3.782689,2.6518779,-1.7696657,-1.1515753,3.1769834,1.9109676,2.255634,0.48169893,2.1450818,-0.6258182,2
gacs_advertisements_00_fo4LLux-_s0002,gacs_advertisements_00_fo4LLux-,advertisements,preparatory,16.86833,-9.843254,1.2229127,-5.6119905,-3.01946,-2.1888704,-5.376537,2.1971838,3.210393,-1.8968726,2.7852457,1.2530259,0.13119923,1.1687856,1
gacs_advertisements_00_fo4LLux-_s0003,gacs_advertisements_00_fo4LLux-,advertisements,calm,8.906286,2.1860783,-19.410435,-1.0227604,10.921445,4.4444733,3.827791,-1.8548434,-10.9011965,1.8353817,0.06587301,-0.31616476,-5.497351,2.945532,1
gacs_advertisements_00_fo4LLux-_s0004,gacs_advertisements_00_fo4LLux-,advertisements,calm,-13.914353,9.411831,2.8649874,-14.774114,3.3604367,2.4731164,1.9875141,-4.8570094,-2.9329107,-0.9443198,2.6117306,-1.2061518,3.1977735,1.5990728,2
gacs_advertisements_00_fo4LLux-_s0005,gacs_advertisements_00_fo4LLux-,advertisements,tranquil,-11.99394,9.996399,1.9964623,-14.620455,5.1085954,0.06898262,3.6773674,-5.062943,-5.494149,-0.64987206,2.0736256,-1.3146635,0.8171046,2.0202944,2
gacs_advertisements_00_fo4LLux-_s0006,gacs_advertisements_00_fo4LLux-,advertisements,elegant,-8.450521,-0.8527624,-3.8634107,-2.4819984,-4.2215285,-1.652027,7.3829975,1.5636592,-0.4618014,4.7958064,9.979172,-7.300953,-3.3916287,0.25783476,2
gacs_advertisements_00_fo4LLux-_s0007,gacs_advertisements_00_fo4LLux-,advertisements,peaceful,-15.622692,1.2149768,9.232925,-6.1803913,4.889942,-1.0942976,2.4106932,-2.1180935,4.5944247,-2.169051,1.6429628,2.153997,1.6461775,2.0662403,2
gacs_advertisements_00_fo4LLux-_s0008,gacs_advertisements_00_fo4LLux-,advertisements,serene,-14.7363205,0.746653,6.960614,-3.1234255,4.6183257,-1.8485013,2.4234552,-2.1467812,4.654132,0.21048447,2.8283367,2.4309025,1.8684005,2.3813639,2
gacs_advertisements_00_fo4LLux-_s0009,gacs_advertisements_00_fo4LLux-,advertisements,expansive,8.302029,-1.097842,1.3488001,-5.2749767,6.1144238,-6.7388377,-4.527681,-6.527563,2.68929,-1.3791859,-1.8169101,2.4727914,0.09720415,1.3903334,1
gacs_advertisements_00_fo4LLux-_s0010,gacs_advertisements_00_fo4LLux-,advertisements,energetic,-8.355433,-3.848443,-9.191886,2.2890213,-1.9214637,-4.740548,2.7023835,0.3657174,5.2031007,1.4431006,-0.06546732,2.6865797,0.46507975,1.4032203,2
gacs_advertisements_00_fo4LLux-_s0011,gacs_advertisements_00_fo4LLux-,advertisements,focused,-7.0701523,4.799061,-6.366323,-12.345932,-1.8354803,-5.167014,-5.4546204,-3.06422,1.9620624,2.635254,-0.0037465212,-0.7811596,2.6369493,2.894894,2
gacs_advertisements_00_fo4LLux-_s0012,gacs_advertisements_00_fo4LLux-,advertisements,serene,-15.573524,4.485434,-0.42413822,-8.345533,0.35158187,1.0369176,0.6583371,-2.7158067,1.2197286,2.2471483,2.9032176,-1.4958842,3.2907958,4.262511,2
gacs_advertisements_00_fo4LLux-_s0013,gacs_advertisements_00_fo4LLux-,advertisements,serene,-5.5681953,-0.83422846,7.1882963,-7.507958,-6.1164594,-5.675398,6.6257863,-5.4350753,-1.2845787,-5.4612317,-0.0050994027,-1.0675039,0.71591127,4.780026,2
gacs_advertisements_00_fo4LLux-_s0014,gacs_advertisements_00_fo4LLux-,advertisements,surprised,-12.269172,-10.13247,9.160663,10.219247,-2.4491863,-2.177515,1.1349139,-1.2910417,-0.19802852,-5.149032,0.7300242,-1.8978794,-0.33136195,-0.01767221,2
gacs_advertisements_02_YG8kLlRw_s0000,gacs_advertisements_02_YG8kLlRw,advertisements,busy,-1.5158421,-8.510597,-11.850771,-8.142961,-3.092605,-3.2232213,0.9578288,4.3137064,0.30867946,-0.16485,0.22640838,-1.4613904,0.5520375,1.1559265,2
gacs_advertisements_02_YG8kLlRw_s0001,gacs_advertisements_02_YG8kLlRw,advertisements,opulent,-7.993133,-3.747736,0.03966199,1.8003497,-5.568198,-2.4799247,7.4990163,-1.573973,-2.5685997,-0.5733536,5.7101636,-3.669325,-2.9758244,0.1686615,2
gacs_advertisements_02_YG8kLlRw_s0002,gacs_advertisements_02_YG8kLlRw,advertisements,surprised,-11.152225,-5.7442346,-5.3299985,4.8935738,-7.378343,0.1888679,3.788928,0.9743831,-2.1251788,3.3369966,7.0057755,-5.182749,-0.44702795,2.3536444,2
gacs_advertisements_02_YG8kLlRw_s0003,gacs_advertisements_02_YG8kLlRw,advertisements,ceremonial,-8.770814,-8.185318,1.9358624,5.8278155,-4.465149,-0.17659187,4.8255987,1.1672084,-2.9988325,2.3315938,6.8422313,-3.310636,-1.7659372,5.511948,2
gacs_advertisements_02_YG8kLlRw_s0004,gacs_advertisements_02_YG8kLlRw,advertisements,joyful,-13.372162,-6.5408936,-0.2719779,13.31909,-0.23976506,0.8417005,-1.6334784,0.581998,-1.7328748,4.693444,0.45257103,-1.8981365,-4.58192,0.21683232,2
gacs_advertisements_02_YG8kLlRw_s0005,gacs_advertisements_02_YG8kLlRw,advertisements,festive,-17.216568,-2.2941773,2.997711,3.2138565,3.029061,0.808248,2.4938211,2.9701722,-1.4312252,1.381847,-1.0751839,-0.34955812,-2.7302618,-2.5768833,2
gacs_advertisements_02_YG8kLlRw_s0006,gacs_advertisements_02_YG8kLlRw,advertisements,joyful,-16.394136,-7.291763,3.6667402,8.058223,-1.1685905,0.5941586,-2.6832385,2.14336,-1.2907555,3.2484,1.3924594,-0.15700358,-0.61773616,0.3039785,2
gacs_advertisements_02_YG8kLlRw_s0007,gacs_advertisements_02_YG8kLlRw,advertisements,joyful,-17.302176,-4.6907444,5.8958735,13.582365,2.509334,4.3499303,-2.6294496,0.98031723,-0.7126119,3.3233159,0.7795752,2.2488656,-0.9659749,-1.4435713,2
gacs_advertisements_02_YG8kLlRw_s0008,gacs_advertisements_02_YG8kLlRw,advertisements,intense,-2.635081,-8.142799,-5.382544,5.254268,2.0349689,-6.407967,5.7804565,-0.28624544,-2.7059186,1.0295302,4.1432533,-2.9092395,-3.4317033,-1.3457466,2
gacs_advertisements_02_YG8kLlRw_s0009,gacs_advertisements_02_YG8kLlRw,advertisements,luxurious,-14.6451235,-5.6868386,-2.482549,2.6343315,-1.2350314,0.8126909,2.0505087,2.080066,-0.32277226,2.5778635,1.44337,-5.2580113,-5.3608465,-1.629608,2
gacs_advertisements_02_YG8kLlRw_s0010,gacs_advertisements_02_YG8kLlRw,advertisements,joyful,-15.177897,-7.9508924,1.0283684,10.967262,-1.0180119,1.7076378,1.0991403,-0.4642414,-2.7497432,2.3006828,0.469169,-1.6780344,-3.868893,1.8338021,2
gacs_advertisements_02_YG8kLlRw_s0011,gacs_advertisements_02_YG8kLlRw,advertisements,celebratory,-17.444944,-5.0116653,-0.6000612,6.186501,1.175872,2.074737,0.31525883,3.026627,-1.7914882,4.5442195,0.8649059,-1.8886054,-1.1225785,-2.3004751,2
gacs_advertisements_02_YG8kLlRw_s0012,gacs_advertisements_02_YG8kLlRw,advertisements,joyful,-15.545778,-5.8315315,6.36926,11.340644,2.7880497,2.5854037,-0.49452218,1.8033644,-0.2625793,1.7158366,0.2528258,1.8038259,-2.7586071,-0.6828214,2
gacs_advertisements_02_YG8kLlRw_s0013,gacs_advertisements_02_YG8kLlRw,advertisements,engaging,-9.578766,-6.140862,-5.35302,1.9837155,-5.4298053,1.0143933,4.209236,0.98105204,-8.341325,-0.90962666,-2.8793528,-3.5401263,-2.754754,0.4524229,2
gacs_advertisements_02_YG8kLlRw_s0014,gacs_advertisements_02_YG8kLlRw,advertisements,intense,-0.48011526,-8.679671,-3.521743,5.494405,-5.045585,-5.342398,5.858063,-2.512903,-3.639222,-0.3291496,3.0855365,-1.3081663,-1.9868355,-2.671475,2
gacs_advertisements_03_mC-NysO3_s0000,gacs_advertisements_03_mC-NysO3,advertisements,intense,10.799115,-9.407803,-18.424154,-4.623472,13.191996,1.4438,3.0946405,-2.7174392,0.84022886,-2.7804914,-4.5383425,-1.0074375,0.34960908,1.1106855,1
gacs_advertisements_03_mC-NysO3_s0001,gacs_advertisements_03_mC-NysO3,advertisements,gritty,7.9212604,3.4481194,-2.912133,-2.7580473,11.883333,-2.484705,3.697957,9.461617,-4.7289267,-3.1477292,-6.0177107,8.181857,1.9126943,-1.4919925,1
gacs_advertisements_03_mC-NysO3_s0002,gacs_advertisements_03_mC-NysO3,advertisements,mysterious,-11.346809,1.4310765,12.184695,4.1172233,-4.6831436,-4.0184717,2.6895864,-2.316215,-4.4753046,-3.6507561,0.025608769,1.7214606,-0.38499305,3.5108652,2
gacs_advertisements_04_YU7TcxwF_s0000,gacs_advertisements_04_YU7TcxwF,advertisements,dark,25.99134,-4.593662,5.367186,-5.042505,-7.9596434,6.1229205,3.3123012,-4.3443933,-1.8670744,2.406795,-2.3257399,1.640812,0.69993585,-1.38286,1
gacs_advertisements_04_YU7TcxwF_s0001,gacs_advertisements_04_YU7TcxwF,advertisements,dark,17.462053,-5.01858,-5.8137302,-1.2634562,-0.6828036,-5.805839,4.2830434,-0.8880992,-3.720049,4.2979307,-3.9298139,2.0096977,4.4204335,-0.2706066,1
gacs_advertisements_04_YU7TcxwF_s0002,gacs_advertisements_04_YU7TcxwF,advertisements,expressive,-1.274497,-10.880538,-4.9944367,7.510957,1.0832634,-7.9529605,6.9366965,0.43298241,-1.0440212,-2.9822946,0.037366636,-2.299554,1.6577858,-0.9305496,2
gacs_advertisements_04_YU7TcxwF_s0003,gacs_advertisements_04_YU7TcxwF,advertisements,calm,-15.262795,9.1434765,-1.5788181,-10.490109,4.7441616,0.9171671,-0.09730968,-3.9259062,1.0438825,3.584634,2.924266,-0.9163656,1.8074979,3.4718556,2
gacs_advertisements_04_YU7TcxwF_s0004,gacs_advertisements_04_YU7TcxwF,advertisements,wild,0.21997432,-9.508401,3.7667809,8.530923,-1.5707413,-12.203388,1.9931908,1.9080741,2.6686478,-6.04275,-2.1786404,-0.5563686,5.0943165,-1.1087507,2
gacs_advertisements_04_YU7TcxwF_s0005,gacs_advertisements_04_YU7TcxwF,advertisements,relaxed,-15.977969,7.6272087,7.910667,-9.351186,4.090252,0.09481591,-1.6921489,-5.22021,2.878066,-2.110139,2.0817533,-1.6239442,1.8711424,-1.1266048,2
gacs_advertisements_04_YU7TcxwF_s0006,gacs_advertisements_04_YU7TcxwF,advertisements,mysterious,-4.6767225,-3.7141297,12.50656,5.3631115,-5.0431795,-5.3969927,6.720971,2.5263593,-3.5608013,-1.3333988,-1.5159838,4.3851295,1.7190899,2.685978,2
gacs_advertisements_04_YU7TcxwF_s0007,gacs_advertisements_04_YU7TcxwF,advertisements,futuristic,-3.6812594,6.080215,11.1286745,-6.9872565,-1.309062,-8.962416,-1.6444246,-8.01536,0.23531348,1.356796,0.5416904,-1.1036408,-0.40586448,1.9241205,2
gacs_advertisements_04_YU7TcxwF_s0008,gacs_advertisements_04_YU7TcxwF,advertisements,luxurious,-1.0371805,-2.7286675,-16.242254,-0.120696716,-9.903304,1.0542233,2.6271033,0.0020132258,6.7958345,3.0317576,4.004329,-3.683621,-2.631089,-0.6823809,2
gacs_advertisements_04_YU7TcxwF_s0009,gacs_advertisements_04_YU7TcxwF,advertisements,tense,6.421658,-10.269217,-17.082823,1.9967071,1.3475387,-4.5194545,1.7285069,-0.53903955,1.8135544,-1.9614053,-1.4127737,1.8467218,2.3835297,-4.6769924,1
gacs_advertisements_04_YU7TcxwF_s0010,gacs_advertisements_04_YU7TcxwF,advertisements,powerful,-3.471712,-3.6552265,-10.925336,-3.4412456,-7.910335,-2.363184,7.91998,1.0423216,5.324078,1.8164461,5.44289,-2.1020575,-2.1404305,-3.0181618,2
gacs_advertisements_04_YU7TcxwF_s0011,gacs_advertisements_04_YU7TcxwF,advertisements,intense,12.505694,-10.854111,0.8669845,5.39282,-8.696425,-4.4885244,7.679252,-6.9175253,-4.9880476,-1.1089185,0.56437796,-1.7745064,2.7008026,1.1653097,1
gacs_advertisements_04_YU7TcxwF_s0012,gacs_advertisements_04_YU7TcxwF,advertisements,dark,18.95914,24.563393,0.44090107,5.8209853,-4.7922773,4.968095,5.3718233,2.4079516,2.9179914,-0.54422337,-4.2503138,-1.8465407,1.1295922,0.15017284,0
gacs_animations_00_ysqiEC6b_s0000,gacs_animations_00_ysqiEC6b,animations,serious,14.760301,27.69664,-3.0204792,8.044288,-1.9462705,5.8744082,4.5516863,3.050519,3.7320979,-2.4197156,-1.6856762,-3.4203644,-0.26061454,2.7315645,0
gacs_animations_00_ysqiEC6b_s0001,gacs_animations_00_ysqiEC6b,animations,pensive,10.255913,28.749935,-6.0303516,12.340931,0.7363381,5.41405,3.814687,2.7510576,4.31308,-2.841556,0.7117827,-4.195669,1.188714,2.3565443,0
gacs_animations_00_ysqiEC6b_s0002,gacs_animations_00_ysqiEC6b,animations,intense,-3.7053432,-6.825253,-7.5266204,1.3472294,1.9031444,-8.883241,2.2432585,2.8295972,0.09757728,0.97769856,-4.4805946,0.35820568,2.4359841,0.54934657,2
gacs_animations_00_ysqiEC6b_s0003,gacs_animations_00_ysqiEC6b,animations,dark,22.059671,-7.1155596,3.328131,-5.4703774,0.119683966,2.0281415,8.032878,-2.0373566,-0.9207281,5.1927896,-2.26344,3.9195595,4.298771,0.1806616,1
gacs_animations_00_ysqiEC6b_s0004,gacs_animations_00_ysqiEC6b,animations,intense,13.186779,-14.061244,1.6480553,-1.8210925,6.9210196,-5.697464,6.45882,0.6165283,0.38573185,0.7216536,-3.1592,1.1387479,4.397417,1.1330768,1
gacs_animations_00_ysqiEC6b_s0005,gacs_animations_00_ysqiEC6b,animations,intense,15.512208,-11.181247,8.403327,-2.7453957,-0.41312057,-6.713256,2.590094,2.4960096,-2.2611258,1.1011504,-2.467366,-3.4491093,6.0175304,-0.72721785,1
gacs_animations_00_ysqiEC6b_s0006,gacs_animations_00_ysqiEC6b,animations,intense,-6.392198,-5.9141517,-2.8729548,0.13805331,2.5454457,-5.059363,9.7856865,-4.478282,4.389502,0.4791806,4.9157863,0.4725214,0.51229864,3.1411958,2
gacs_animations_01_taE3Pwur_s0000,gacs_animations_01_taE3Pwur,animations,mischievous,-10.944002,-0.8525057,2.328232,1.2309422,1.2635996,-1.5462552,-0.122310765,0.51515347,1.9020954,-0.4865487,-10.420624,0.8326825,-3.6061656,3.2831733,2
gacs_animations_01_taE3Pwur_s0001,gacs_animations_01_taE3Pwur,animations,dark,4.1184254,12.349745,0.0740087,-4.7632875,-8.985907,-4.214169,3.8481245,-2.7528307,-3.4045677,6.4761515,-1.5049194,0.64679,3.1550105,4.326191,0
gacs_animations_01_taE3Pwur_s0002,gacs_animations_01_taE3Pwur,animations,festive,-18.61406,-3.455801,7.7696233,6.1032596,2.0007918,1.690722,-0.56421536,0.70545423,1.1984609,0.55381656,-1.9537561,0.75843924,-3.3425515,0.6461437,2
gacs_animations_01_taE3Pwur_s0003,gacs_animations_01_taE3Pwur,animations,uncomfortable,24.04908,10.955535,8.576341,-1.2539457,2.0973907,2.027249,-3.35345,6.692608,1.3159683,-1.9663202,-0.053596437,0.7092809,-4.2929697,-1.1310204,1
gacs_animations_01_taE3Pwur_s0004,gacs_animations_01_taE3Pwur,animations,shocked,23.131311,-5.649737,1.2270496,10.556885,-2.316432,1.8340195,-4.9018664,-2.3908741,0.3898095,-5.8089075,3.225881,1.0649288,-0.42106068,-2.8941646,1
gacs_animations_01_taE3Pwur_s0005,gacs_animations_01_taE3Pwur,animations,struggling,22.616518,-2.7200933,7.01061,1.0834699,0.6245171,-1.3607914,-7.424318,2.8938174,1.4017094,-2.7750483,-0.74675846,-0.8780237,-3.032387,0.33317986,1
gacs_animations_01_taE3Pwur_s0006,gacs_animations_01_taE3Pwur,animations,whimsical,-8.504013,-5.921057,7.0833697,4.662324,-8.797417,-3.3193564,2.767861,0.6506554,-4.3408,-3.889108,-6.142536,-0.72501874,-2.5914226,4.0655627,2
gacs_animations_01_taE3Pwur_s0007,gacs_animations_01_taE3Pwur,animations,humorous,-13.6388,-3.7766683,0.43246788,0.67906183,-0.9827154,-2.10955,-3.1757536,1.6975117,0.5735328,1.4878945,-8.115586,-0.116900116,-4.788323,1.8734652,2
gacs_animations_01_taE3Pwur_s0009,gacs_animations_01_taE3Pwur,animations,energetic,5.9508934,-7.830399,-13.370152,3.5092154,11.608717,-1.1132497,2.4420469,-3.817126,0.010045199,-0.9711051,-6.36338,-1.0806191,0.6081777,-1.1884499,1
gacs_animations_02_shW9i6k8_s0000,gacs_animations_02_shW9i6k8,animations,energetic,-8.078151,-8.160207,-2.3946993,5.042694,0.49395534,-5.4431887,6.469739,0.6632567,2.4445357,-1.1429573,-4.064229,1.480716,0.60045546,-0.57107085,2
gacs_animations_02_shW9i6k8_s0001,gacs_animations_02_shW9i6k8,animations,chaotic,-2.4536996,-8.175167,-11.878349,9.124399,-1.2536128,-3.5334594,2.127394,-0.5524494,1.3479903,-1.4668992,-4.144131,-0.48839143,1.4035906,-3.2283993,2
gacs_animations_02_shW9i6k8_s0002,gacs_animations_02_shW9i6k8,animations,pensive,5.9100175,-6.3890314,7.4443903,-2.5921698,1.3943051,-6.242142,-2.6434352,3.1718795,-5.69242,1.8499976,-1.8851115,-0.50045943,-1.4019725,0.6358513,1
gacs_animations_02_shW9i6k8_s0003,gacs_animations_02_shW9i6k8,animations,unsettling,22.304794,-7.0223823,2.845734,3.9763901,-12.283409,4.7300534,2.5520504,-8.340499,-3.4126024,-3.1012285,-2.6463742,0.525229,1.1132349,-1.2781839,1
gacs_animations_02_shW9i6k8_s0004,gacs_animations_02_shW9i6k8,animations,overwhelmed,12.724026,-3.1987245,-8.464321,12.939074,0.23383243,1.1543822,-6.038728,-5.7751384,-4.816348,-3.6526182,0.4714602,2.88141,-1.2249029,-2.1628628,1
gacs_animations_02_shW9i6k8_s0005,gacs_animations_02_shW9i6k8,animations,neutral,9.7574415,7.1412253,-17.199633,-4.1826534,-8.91112,3.7061768,2.6677802,-7.3828483,1.6607847,0.5742012,0.7590757,7.8298907,0.4465114,-2.030614,0
gacs_animations_02_shW9i6k8_s0006,gacs_animations_02_shW9i6k8,animations,overwhelmed,18.863344,-3.4397573,3.869753,4.0857234,1.815147,-4.7650285,-7.2072625,3.6104982,0.3189024,-0.34607074,2.7869098,1.3884239,-2.9431224,0.622925,1
gacs_animations_02_shW9i6k8_s0007,gacs_animations_02_shW9i6k8,animations,energetic,0.039770614,-6.695135,-9.209727,7.5424933,8.605903,-3.2441833,1.6769395,-0.9940967,-0.9853516,0.2349484,-3.4226446,0.91682,-2.1813323,-1.5417815,2
gacs_animations_02_shW9i6k8_s0008,gacs_animations_02_shW9i6k8,animations,energetic,-5.0056763,-7.6756444,-3.8192444,6.2272553,-3.679246,-4.725196,5.388341,-0.27662635,1.7950075,-1.4672889,-5.3603697,2.0754445,-2.2391794,0.17757316,2
gacs_animations_02_shW9i6k8_s0009,gacs_animations_02_shW9i6k8,animations,exciting,-8.676545,-9.215237,0.43678814,7.6248393,-0.99087065,-2.2735996,3.3150117,1.2944077,1.2232435,-2.9493544,-5.0758085,-2.5134318,0.10396539,-2.2697635,2
gacs_animations_02_shW9i6k8_s0010,gacs_animations_02_shW9i6k8,animations,serious,-2.1337473,-2.7848265,-17.889982,1.3310071,-2.758326,-0.38657582,2.2984498,1.2193309,2.1094985,3.256279,-2.4818861,0.11476633,-5.5005765,-1.0454899,2
gacs_animations_03_xOsLIiBS_s0000,gacs_animations_03_xOsLIiBS,animations,lively,-13.157636,-7.95598,-3.492274,6.5479836,-1.3178779,0.92627347,-1.4304435,2.7865832,0.2515556,1.6306518,-4.860549,1.0587509,-3.8958023,0.37448478,2
gacs_animations_03_xOsLIiBS_s0001,gacs_animations_03_xOsLIiBS,animations,stressed,20.476116,-12.135831,-2.6370628,5.423728,9.114113,0.6565275,-6.447774,-1.5816776,4.2474375,-3.022074,1.7374841,-3.7214494,-1.2869763,-1.7402079,1
gacs_animations_03_xOsLIiBS_s0002,gacs_animations_03_xOsLIiBS,animations,anxious,14.91132,-12.212705,-0.6788957,19.221775,-13.027511,7.1406484,-2.2777915,-12.739281,-3.8065755,-2.7074466,2.7977307,-1.7421802,3.240357,-0.83715135,1
gacs_animations_03_xOsLIiBS_s0003,gacs_animations_03_xOsLIiBS,animations,mysterious,-17.415283,3.5905306,13.018631,-3.2382298,2.000924,0.5522267,2.6364639,-2.738178,2.1081445,-3.3981264,1.4722666,1.8689406,-1.585154,1.3736397,2
gacs_animations_03_xOsLIiBS_s0004,gacs_animations_03_xOsLIiBS,animations,vast,14.71109,-6.136926,-5.2126403,9.9504795,-4.6713953,4.87374,4.500204,-9.495401,0.5529562,-2.9304354,0.95604783,2.474704,4.673308,0.30894187,1
gacs_animations_03_xOsLIiBS_s0005,gacs_animations_03_xOsLIiBS,animations,ethereal,-12.841681,2.0194461,10.532157,-1.4887683,0.8991144,-3.8966553,1.6864457,-4.3998733,5.7732563,-2.3867998,0.23379703,2.1216264,-0.77481323,5.067373,2
gacs_animations_03_xOsLIiBS_s0006,gacs_animations_03_xOsLIiBS,animations,ethereal,-19.052101,-2.573575,4.704677,0.8947672,3.0395396,2.6444721,0.26984245,1.2665794,-1.5124327,0.40829763,-1.6635473,0.016923824,-1.4959604,0.008539833,2
gacs_animations_03_xOsLIiBS_s0007,gacs_animations_03_xOsLIiBS,animations,ethereal,8.714967,12.625078,-2.4991663,7.298729,-6.0750303,-6.97736,-5.790936,-5.8583493,-2.1042843,5.348107,-2.8607695,2.7400248,-2.9580207,-0.6924207,0
gacs_animations_03_xOsLIiBS_s0008,gacs_animations_03_xOsLIiBS,animations,ethereal,1.8711729,-0.2769005,2.8921993,-1.0659907,-8.422142,-8.33924,-2.9184115,-4.939613,0.9076158,3.7941651,-2.5586445,1.9247698,0.18673877,3.885686,2
gacs_animations_03_xOsLIiBS_s0009,gacs_animations_03_xOsLIiBS,animations,ethereal,-12.8636055,3.7825258,7.6057143,-3.4458964,-3.2331696,-3.0235095,-1.1556888,-7.2063146,-0.16880906,0.24150333,-1.503211,-0.5610475,0.9401043,4.286027,2
gacs_animations_04_h9h-2ENa_s0000,gacs_animations_04_h9h-2ENa,animations,whimsical,-10.968236,-5.9615517,7.346287,5.274785,-7.881382,-1.3220459,1.8417087,-0.24637774,-4.902313,-5.2135887,-5.2928305,-1.8626429,-3.7901495,0.4821843,2
gacs_animations_04_h9h-2ENa_s0001,gacs_animations_04_h9h-2ENa,animations,bright,-17.181297,-2.7640686,0.5709087,-1.1450373,-2.1094337,2.2786875,-0.080823325,0.27821177,1.2927852,-1.7168784,-6.873126,-1.1945373,-4.0070806,-0.4802935,2
gacs_animations_04_h9h-2ENa_s0002,gacs_animations_04_h9h-2ENa,animations,happy,-17.721355,-5.6900344,1.8476248,3.6616917,-1.3889841,1.7741424,-0.64712054,0.912653,1.3342408,-0.19397958,-4.964167,-1.2092552,-3.3900354,-1.6178186,2
gacs_animations_04_h9h-2ENa_s0003,gacs_animations_04_h9h-2ENa,animations,playful,-17.74298,-0.38585386,6.61776,-3.0874605,2.2277622,0.9005108,0.54404354,-1.5599793,3.3995354,-0.90565354,-2.7490335,-0.11430714,-0.94767535,2.4770932,2
gacs_emotional_shorts_00_78hzXX60_s0000,gacs_emotional_shorts_00_78hzXX60,emotional_shorts,attentive,-10.180961,-5.1002793,-5.987208,-9.558578,0.119341016,0.38834992,1.8859972,2.1039445,0.64246863,0.010866806,1.9940059,-1.1303474,-0.30616125,2.6380634,2
gacs_emotional_shorts_00_78hzXX60_s0001,gacs_emotional_shorts_00_78hzXX60,emotional_shorts,intense,18.219194,-14.553926,5.581653,9.035654,0.28443128,-1.7365669,1.0355595,0.23594247,-4.4026165,-3.676987,2.8947139,0.22167926,9.206581,-1.5581557,1
gacs_emotional_shorts_00_78hzXX60_s0002,gacs_emotional_shorts_00_78hzXX60,emotional_shorts,sad,22.775112,6.8586082,6.6696696,2.5749257,0.04800693,-3.3793414,-6.2681017,8.464588,-2.8472924,-2.8755267,3.6104686,1.272552,-1.7532948,0.8159939,1
gacs_emotional_shorts_00_78hzXX60_s0003,gacs_emotional_shorts_00_78hzXX60,emotional_shorts,happy,-19.648537,-3.423256,5.1091523,2.100795,2.8310769,5.0590672,-0.75170165,2.7390747,-2.0589423,0.62673104,0.8982382,0.53484267,-0.45541155,-3.1489422,2
gacs_emotional_shorts_00_78hzXX60_s0004,gacs_emotional_shorts_00_78hzXX60,emotional_shorts,happy,-18.962114,-3.1916752,3.0896363,7.5437803,4.0129905,5.257816,-0.94797933,2.4690194,-1.9657229,3.9729342,0.8178681,2.342905,0.52760005,-0.81239146,2
gacs_emotional_shorts_00_78hzXX60_s0005,gacs_emotional_shorts_00_78hzXX60,emotional_shorts,somber,7.955738,28.268757,-1.3098361,13.7045355,-0.44289336,0.8547021,0.9352959,3.0529854,-0.3235588,-2.1882555,0.8744298,-1.3994663,-0.09103943,-0.41791815,0
gacs_emotional_shorts_00_78hzXX60_s0006,gacs_emotional_shorts_00_78hzXX60,emotional_shorts,proud,-14.790694,-8.5094595,3.0772166,4.1532307,0.30008528,1.7886971,0.36738282,1.7790982,0.48800507,3.0241582,4.307303,-1.5098534,-3.9232903,4.4827003,2
gacs_emotional_shorts_00_78hzXX60_s0007,gacs_emotional_shorts_00_78hzXX60,emotional_shorts,neutral,-6.659319,-3.0056174,-9.158025,-8.983274,-3.7838593,-0.4492337,-3.287945,6.7509937,0.037021346,-0.62252384,0.84651846,0.6886989,4.3367033,1.0931678,2
gacs_emotional_shorts_00_78hzXX60_s0008,gacs_emotional_shorts_00_78hzXX60,emotional_shorts,serious,-11.579949,-0.24001604,-9.9230795,-4.813253,-3.347114,0.35962448,-3.0540946,4.3947,1.9494764,5.420236,1.1422901,-0.16921152,2.2035043,-0.22447976,2
gacs_emotional_shorts_00_78hzXX60_s0009,gacs_emotional_shorts_00_78hzXX60,emotional_shorts,loving,-15.646417,-0.30596837,-7.9312572,-3.7544985,-6.600312,3.0346584,-2.8560393,3.2878945,-0.7650248,3.1686418,-0.4842647,-3.4043283,0.71358395,-0.4605297,2
gacs_emotional_shorts_00_78hzXX60_s0010,gacs_emotional_shorts_00_78hzXX60,emotional_shorts,celebratory,-11.15096,-5.7767277,0.17838511,12.6202135,0.94955796,-1.2275105,-0.15429176,2.4526505,-3.3725476,4.072096,5.534193,0.120502755,-3.4916205,1.1128777,2
gacs_emotional_shorts_00_78hzXX60_s0011,gacs_emotional_shorts_00_78hzXX60,emotional_shorts,romantic,-9.453988,-3.0029454,-1.8515476,7.7580276,-1.5760369,-1.160059,0.6130254,0.45555225,-7.504681,2.9720542,1.1375358,2.0538118,-1.7810264,1.8454273,2
gacs_emotional_shorts_00_78hzXX60_s0012,gacs_emotional_shorts_00_78hzXX60,emotional_shorts,expectant,16.839481,-7.948374,5.0255733,-0.2363646,-2.3274899,-2.4811244,-7.891355,3.957089,-2.8324392,-0.12475497,3.6524453,-1.9114969,-3.5493906,1.7728027,1
gacs_emotional_shorts_01_n5U8Z7VY_s0000,gacs_emotional_shorts_01_n5U8Z7VY,emotional_shorts,joyful,-18.165537,-2.438038,7.392847,10.920041,-0.21943238,4.887306,-2.9250095,1.7242992,-0.92918265,1.8995382,0.91902494,3.0822725,0.19950227,-1.2006899,2
gacs_emotional_shorts_01_n5U8Z7VY_s0001,gacs_emotional_shorts_01_n5U8Z7VY,emotional_shorts,joyful,-19.237196,-1.6040558,5.867227,5.07142,3.1860492,5.0986314,-1.2925732,1.614639,-2.1226053,2.5119267,-0.29762834,1.5189228,0.7986885,-0.8768949,2
gacs_emotional_shorts_01_n5U8Z7VY_s0002,gacs_emotional_shorts_01_n5U8Z7VY,emotional_shorts,happy,-14.558702,1.6855537,1.0268152,12.452632,-6.2265058,1.4212604,-2.181171,0.9137558,0.12544098,3.9074588,-0.21023814,2.0000288,0.21085995,-2.4333026,2
gacs_emotional_shorts_01_n5U8Z7VY_s0003,gacs_emotional_shorts_01_n5U8Z7VY,emotional_shorts,sweet,-19.034967,-1.6268693,5.682782,8.982269,2.8715143,5.403072,-1.3600118,2.2200801,-1.4929161,3.2153254,0.327765,3.6433525,0.6804802,-0.82141966,2
gacs_emotional_shorts_01_n5U8Z7VY_s0004,gacs_emotional_shorts_01_n5U8Z7VY,emotional_shorts,nostalgic,-10.514687,8.903057,7.305581,3.8883018,-4.8995447,-2.4828074,3.5549977,0.50821644,-3.0376039,-2.474139,1.7222941,2.4531376,-1.0527463,-0.49329224,2
gacs_emotional_shorts_01_n5U8Z7VY_s0005,gacs_emotional_shorts_01_n5U8Z7VY,emotional_shorts,nostalgic,-14.782296,3.657257,11.327113,7.2819653,-2.31298,1.1011018,2.4077933,2.3599713,-3.9993236,-3.0945973,2.4881039,2.3824754,-0.3688147,-0.13686141,2
gacs_emotional_shorts_01_n5U8Z7VY_s0006,gacs_emotional_shorts_01_n5U8Z7VY,emotional_shorts,joyful,-17.460909,-3.752819,7.1130176,14.481366,1.7403727,4.297952,-1.9533952,0.19871795,-0.6203112,2.702587,2.645693,2.987261,-0.569942,-0.7486574,2
gacs_emotional_shorts_01_n5U8Z7VY_s0007,gacs_emotional_shorts_01_n5U8Z7VY,emotional_shorts,joyful,-17.708809,-3.7252426,6.906482,14.294624,1.916218,4.280928,-2.0528944,0.6396148,-0.7559931,3.0539472,2.672308,2.574397,-0.12187926,-1.3989702,2
gacs_emotional_shorts_01_n5U8Z7VY_s0008,gacs_emotional_shorts_01_n5U8Z7VY,emotional_shorts,happy,-13.487536,-6.109622,1.2927903,20.009237,-3.0886672,4.5030355,-3.3064098,-0.84506935,-2.450227,3.5275693,1.684114,1.132935,2.1356933,0.5850476,2
gacs_emotional_shorts_01_n5U8Z7VY_s0009,gacs_emotional_shorts_01_n5U8Z7VY,emotional_shorts,heartwarming,-20.490492,-2.8036532,6.3823047,1.7792077,2.8530014,6.060502,0.11719029,1.940281,-1.7239616,-0.5368476,-0.88787997,0.52497184,0.2994474,-1.8322333,2
gacs_emotional_shorts_01_n5U8Z7VY_s0010,gacs_emotional_shorts_01_n5U8Z7VY,emotional_shorts,anticipatory,-13.681092,-5.25121,7.7337904,5.133497,-1.3314452,0.36573803,-1.3967955,4.187131,-4.349477,1.5858107,2.723774,-0.9109551,2.3446536,2.522232,2
gacs_emotional_shorts_01_n5U8Z7VY_s0011,gacs_emotional_shorts_01_n5U8Z7VY,emotional_shorts,joyful,-18.418114,-3.5758379,5.439139,6.8678713,0.915168,4.3791275,-1.207244,2.6895156,-1.7515899,3.2068799,1.3847073,1.5254883,1.9005307,0.831308,2
gacs_emotional_shorts_01_n5U8Z7VY_s0012,gacs_emotional_shorts_01_n5U8Z7VY,emotional_shorts,joyful,-17.981407,-3.4503615,5.1851854,8.2088175,0.22829361,4.061635,-1.3420562,2.9348,-2.1862414,3.8984694,0.9285157,1.722882,1.6357402,0.6987953,2
gacs_emotional_shorts_03_lEDHRh8g_s0000,gacs_emotional_shorts_03_lEDHRh8g,emotional_shorts,dark,23.002573,0.93928456,1.7761183,-8.060471,-5.4435387,10.090478,9.572374,-1.3344026,-5.549799,0.4478089,-2.620673,5.9708853,-1.299903,-2.1948605,1
gacs_emotional_shorts_03_lEDHRh8g_s0001,gacs_emotional_shorts_03_lEDHRh8g,emotional_shorts,concerned,25.454481,-3.5327334,11.043492,-6.574122,5.944376,2.0086734,-5.486636,5.4975333,0.80885375,-3.9100978,2.5277002,-0.3832432,-3.251057,-0.16152014,1
gacs_emotional_shorts_03_lEDHRh8g_s0002,gacs_emotional_shorts_03_lEDHRh8g,emotional_shorts,somber,26.382275,-1.1054337,11.18742,-4.931258,0.8653837,5.402718,5.7977233,4.7529783,-4.225487,-1.9841082,0.46950063,2.137972,1.7594019,-1.4076505,1
gacs_emotional_shorts_03_lEDHRh8g_s0003,gacs_emotional_shorts_03_lEDHRh8g,emotional_shorts,curious,6.8686376,2.5873928,-21.452059,0.105138466,15.199346,13.381837,5.8919935,-5.0058885,-2.3601537,-1.7771962,-3.3174381,4.3941784,-5.708652,4.7188587,1
gacs_emotional_shorts_03_lEDHRh8g_s0004,gacs_emotional_shorts_03_lEDHRh8g,emotional_shorts,tense,11.120561,-1.8127515,-10.194175,-8.817333,0.97724706,4.4647193,11.435475,-1.6642619,-7.947851,-1.0587091,0.08112733,3.7833836,-2.554321,-3.8269112,1
gacs_emotional_shorts_03_lEDHRh8g_s0005,gacs_emotional_shorts_03_lEDHRh8g,emotional_shorts,laborious,4.533744,2.1305006,-15.483494,-7.754375,11.36237,14.349333,12.738885,1.0441531,-5.530105,-5.332683,0.1631572,11.45547,-6.6959496,1.7946798,1
gacs_emotional_shorts_03_lEDHRh8g_s0006,gacs_emotional_shorts_03_lEDHRh8g,emotional_shorts,anxious,10.800881,20.032444,0.2933874,-0.22169356,10.453771,0.6479738,-0.16256255,6.012359,-0.45547998,3.862194,-0.73940694,4.236549,-4.5971346,-0.22419073,0
gacs_emotional_shorts_03_lEDHRh8g_s0007,gacs_emotional_shorts_03_lEDHRh8g,emotional_shorts,somber,22.166296,16.413673,6.816501,0.62630165,-5.1716194,4.411585,4.254091,1.08833,-1.7209309,1.6125445,-2.1655667,1.3471593,-0.8232673,-1.9295307,0
gacs_emotional_shorts_03_lEDHRh8g_s0008,gacs_emotional_shorts_03_lEDHRh8g,emotional_shorts,mysterious,15.083824,3.0033405,8.961643,-4.37159,6.340709,-1.5967695,2.1723797,8.067713,-4.9111447,1.2465575,-2.9332569,5.4654517,-4.666633,0.7108671,1
gacs_emotional_shorts_03_lEDHRh8g_s0009,gacs_emotional_shorts_03_lEDHRh8g,emotional_shorts,gritty,25.03239,-6.2009735,8.196926,-6.3585725,-0.9108084,4.4590364,3.3641615,2.2567227,-4.683292,-1.59659,1.7574432,2.3365607,1.532318,-1.4761295,1
gacs_emotional_shorts_03_lEDHRh8g_s0010,gacs_emotional_shorts_03_lEDHRh8g,emotional_shorts,tense,16.794668,-10.271013,4.3568344,-5.744525,1.2508177,-4.8333073,-10.037064,3.314178,3.5179725,-0.6762553,3.1893642,-3.6924448,-2.3110034,1.7887259,1
gacs_emotional_shorts_03_lEDHRh8g_s0011,gacs_emotional_shorts_03_lEDHRh8g,emotional_shorts,tense,4.3267593,-6.6505604,-17.557634,-5.9842443,1.3230847,2.9454389,4.571574,-3.3604898,-5.0579686,-3.8206277,-0.16333695,1.7505741,-0.88109136,2.4202871,1
gacs_emotional_shorts_03_lEDHRh8g_s0012,gacs_emotional_shorts_03_lEDHRh8g,emotional_shorts,distressing,19.50169,-6.811795,-8.497826,-5.635976,7.470573,-0.9987366,-0.44512382,3.4023962,-1.3119758,-7.342664,2.6255481,4.627537,3.068056,1.0707959,1
gacs_movie_trailers_01_9ix7TUGV_s0000,gacs_movie_trailers_01_9ix7TUGV,movie_trailers,dark,18.166166,6.4554186,-3.2595613,-0.19273368,-10.024308,2.0852697,2.2649176,-3.9470735,-1.3813646,4.25648,-4.053121,5.5569863,0.9899265,-0.9163436,1
gacs_movie_trailers_01_9ix7TUGV_s0001,gacs_movie_trailers_01_9ix7TUGV,movie_trailers,digital,20.750834,-10.988084,7.288567,3.9478724,-8.892542,2.772315,4.211585,-6.422916,-3.3058345,-0.7215819,0.9529332,1.8634279,1.7819159,-2.2539637,1
gacs_movie_trailers_01_9ix7TUGV_s0002,gacs_movie_trailers_01_9ix7TUGV,movie_trailers,reflective,-15.164321,6.5054646,5.441089,-9.814826,2.6256697,-1.2571838,-0.086275846,-4.7544084,3.6095536,-0.7587144,1.791393,-1.6715261,1.7715465,2.365685,2
gacs_movie_trailers_01_9ix7TUGV_s0003,gacs_movie_trailers_01_9ix7TUGV,movie_trailers,intense,28.836475,-7.4263797,10.689618,-6.5864487,-1.5041398,6.6034093,-1.6544908,1.189222,-1.2085105,-1.4638839,3.3904629,-1.435618,-0.43206787,-2.7740474,1
gacs_movie_trailers_01_9ix7TUGV_s0004,gacs_movie_trailers_01_9ix7TUGV,movie_trailers,absorbed,7.3464236,26.316874,-9.193871,9.176201,-4.945317,2.6855216,0.24251156,0.31378275,1.7514278,-0.7929889,-0.6795641,-0.22657254,0.98599505,0.4036929,0
gacs_movie_trailers_01_9ix7TUGV_s0005,gacs_movie_trailers_01_9ix7TUGV,movie_trailers,mysterious,-15.063169,5.177741,14.52813,-5.13506,1.0304099,-0.28624865,2.954798,-4.089085,-1.3998749,-5.8178263,1.40514,0.41883278,-0.5878353,1.6801207,2
gacs_movie_trailers_01_9ix7TUGV_s0006,gacs_movie_trailers_01_9ix7TUGV,movie_trailers,tense,24.057095,-8.101385,0.07423068,0.08646678,4.48681,-2.4695835,0.8039068,-0.16580337,-1.4653864,4.407708,2.1331904,2.0238466,2.9916697,-0.97360146,1
gacs_movie_trailers_01_9ix7TUGV_s0007,gacs_movie_trailers_01_9ix7TUGV,movie_trailers,intense,12.639279,-13.524433,-3.6669483,10.2963295,-0.8370133,-5.028443,4.531344,-5.7318935,0.7751395,-0.6126425,1.5082536,0.2782664,6.7813854,-0.5363084,1
gacs_movie_trailers_01_9ix7TUGV_s0008,gacs_movie_trailers_01_9ix7TUGV,movie_trailers,dramatic,11.262415,22.153055,-1.692159,15.757966,7.4852614,-1.0884787,3.581113,4.17605,3.108755,-1.1232909,1.8277718,-3.869435,4.5112705,1.9619159,0
gacs_movie_trailers_01_9ix7TUGV_s0009,gacs_movie_trailers_01_9ix7TUGV,movie_trailers,distressed,18.0768,24.01357,2.8803668,6.972165,3.64477,0.7370976,-0.28660694,5.656134,3.4156444,-0.37286636,-0.3668588,-3.4243402,0.18953823,-0.89254254,0
gacs_movie_trailers_01_9ix7TUGV_s0010,gacs_movie_trailers_01_9ix7TUGV,movie_trailers,intense,21.971777,-14.142015,1.6415944,3.5391583,7.9256663,0.23540825,0.34775472,-1.9016943,1.3596069,-4.2324653,4.5553083,0.9552761,4.2044845,-2.5714996,1
gacs_movie_trailers_02_aWzlQ2N6_s0000,gacs_movie_trailers_02_aWzlQ2N6,movie_trailers,dark,17.993898,-5.5066023,6.7155967,-2.9877744,-2.1811852,-1.3024265,5.067339,0.0028793083,2.3033097,5.115537,-2.6474028,3.9669218,1.8543025,4.6878343,1
gacs_movie_trailers_02_aWzlQ2N6_s0001,gacs_movie_trailers_02_aWzlQ2N6,movie_trailers,chaotic,-2.7808542,-9.093477,-6.600107,8.18253,0.52316195,-4.6672964,4.475721,0.2615275,0.5251964,-0.64553154,-1.5073807,-0.3836299,2.1209257,-3.402652,2
gacs_movie_trailers_02_aWzlQ2N6_s0002,gacs_movie_trailers_02_aWzlQ2N6,movie_trailers,tense,18.419214,-8.951728,0.9622766,3.6315804,14.493972,-2.8467634,2.5142853,-0.029642915,-0.9510469,0.78823155,1.1087508,3.8122647,3.1448894,-2.9813092,1
gacs_movie_trailers_02_aWzlQ2N6_s0003,gacs_movie_trailers_02_aWzlQ2N6,movie_trailers,chaotic,26.160387,-6.0006065,10.001549,-6.3274074,-2.2743547,4.791346,3.6052341,1.0459766,1.1217622,2.4816012,-0.49352267,1.2199695,0.67940027,-1.1309566,1
gacs_movie_trailers_02_aWzlQ2N6_s0004,gacs_movie_trailers_02_aWzlQ2N6,movie_trailers,tense,22.013092,-9.923698,5.403469,-4.428196,2.8546143,-4.164988,2.479369,2.6729057,-0.29739258,-1.8249741,-3.9008853,1.6119889,2.85705,-0.8045035,1
gacs_movie_trailers_02_aWzlQ2N6_s0005,gacs_movie_trailers_02_aWzlQ2N6,movie_trailers,dark,26.922192,-10.052806,8.700242,-4.0185823,2.1000946,6.1282415,2.8127909,-2.3225899,1.9557785,1.2551235,1.7779108,2.2273571,2.071378,-1.7966627,1
gacs_movie_trailers_02_aWzlQ2N6_s0006,gacs_movie_trailers_02_aWzlQ2N6,movie_trailers,dark,6.5253334,0.9893232,-4.62605,1.9949656,-2.3708057,-5.909229,9.65028,3.3086913,-4.125314,3.1956093,-2.2621841,6.075664,5.296657,-5.9165354,1
gacs_movie_trailers_03_Go8nTmfr_s0000,gacs_movie_trailers_03_Go8nTmfr,movie_trailers,mysterious,-4.828915,-4.1108804,14.117335,0.55889577,0.17681952,-5.3306165,6.339997,2.7098646,-4.525949,-4.9636164,-1.3760328,0.20361105,0.21463197,5.008508,2
gacs_movie_trailers_03_Go8nTmfr_s0001,gacs_movie_trailers_03_Go8nTmfr,movie_trailers,tense,6.6225214,-14.221069,-1.2808815,1.3434207,-4.605542,-7.243503,6.3733816,1.2001483,0.16935995,-1.1703807,-3.7345586,-3.6739814,3.6343684,-0.83770007,1
gacs_movie_trailers_03_Go8nTmfr_s0002,gacs_movie_trailers_03_Go8nTmfr,movie_trailers,intense,7.099851,0.1701738,-5.2368994,-3.9931645,8.528718,-6.5133724,11.187347,6.294562,-6.816933,1.3906128,-5.444744,5.573113,4.993099,-6.959019,1
gacs_movie_trailers_03_Go8nTmfr_s0003,gacs_movie_trailers_03_Go8nTmfr,movie_trailers,tense,15.104418,-10.574227,-7.9339156,5.6810355,21.782743,-3.5882463,-1.9411348,-1.4600024,1.3943384,-1.6813586,-0.6276999,0.9005005,1.1282508,-2.646806,1
gacs_movie_trailers_03_Go8nTmfr_s0004,gacs_movie_trailers_03_Go8nTmfr,movie_trailers,majestic,6.458453,-14.496894,11.154482,11.409418,-2.6898124,-6.3566303,0.13127038,-3.2520263,0.645403,-5.7891736,1.5985078,-3.6089504,0.90523416,2.8538291,1
gacs_movie_trailers_03_Go8nTmfr_s0005,gacs_movie_trailers_03_Go8nTmfr,movie_trailers,cold,7.3696394,11.315293,-9.59057,-6.671208,15.051991,0.295583,1.6588465,3.6086977,-1.2392974,3.5183322,-0.6704586,2.777071,1.8756517,4.432528,0
gacs_movie_trailers_03_Go8nTmfr_s0006,gacs_movie_trailers_03_Go8nTmfr,movie_trailers,dramatic,8.249527,-5.8321953,-10.843851,1.6127591,3.4401314,-5.263447,5.02503,-0.13710566,-0.7552272,-2.9737208,0.9852929,4.3503504,-1.0016192,-3.6538856,1
gacs_movie_trailers_03_Go8nTmfr_s0007,gacs_movie_trailers_03_Go8nTmfr,movie_trailers,tense,2.3548238,-12.610937,-3.4692762,1.4837825,5.915463,-7.790056,7.9025187,-0.002228868,-0.7568021,-3.2362924,-3.564109,-2.6344686,2.6733832,-3.8100317,1
gacs_movie_trailers_03_Go8nTmfr_s0008,gacs_movie_trailers_03_Go8nTmfr,movie_trailers,powerful,5.707224,-6.3309135,-8.812103,6.8024044,3.9408586,-6.187012,6.419674,-3.3262427,2.5033412,2.500676,-3.830827,2.7660847,2.6831455,0.850315,1
gacs_movie_trailers_03_Go8nTmfr_s0009,gacs_movie_trailers_03_Go8nTmfr,movie_trailers,powerful,7.25316,-12.232719,0.97883165,8.222007,-6.88812,-4.9947395,5.46544,-6.342972,1.5039672,-2.6459844,0.29243806,-1.7760173,2.1945426,4.861262,1
gacs_movie_trailers_03_Go8nTmfr_s0010,gacs_movie_trailers_03_Go8nTmfr,movie_trailers,enraged,7.788741,-8.6968,-20.257467,7.5134244,17.599707,2.6568184,0.7666428,-7.244946,2.0549939,0.16355278,-1.4842391,-2.3659964,-0.2583392,5.703154,1
gacs_movie_trailers_04_x_me3xsv_s0000,gacs_movie_trailers_04_x_me3xsv,movie_trailers,isolated,20.732498,19.53096,0.070697434,3.3814087,-1.5012041,5.351311,3.5712302,-0.17448628,5.036608,1.1017457,-5.0847344,1.2179791,-3.397841,-1.5923814,0
gacs_movie_trailers_04_x_me3xsv_s0001,gacs_movie_trailers_04_x_me3xsv,movie_trailers,concerned,9.642364,30.370728,-3.5226946,8.643777,3.2456753,2.6086538,0.27381122,2.3779247,2.1666887,-1.5699865,1.1333258,-3.3631396,1.5801357,1.0066732,0
gacs_movie_trailers_04_x_me3xsv_s0002,gacs_movie_trailers_04_x_me3xsv,movie_trailers,wary,22.506199,18.204693,8.27809,2.4393642,-0.6895913,3.9989276,-1.300502,5.024926,4.4065514,-0.75118476,-3.5419235,-2.008989,-3.1095574,0.027449526,0
gacs_movie_trailers_04_x_me3xsv_s0003,gacs_movie_trailers_04_x_me3xsv,movie_trailers,mysterious,-6.462357,-5.263331,9.582508,6.4726143,0.360655,-5.579823,5.8265867,0.9665528,-5.453193,-0.75579375,1.2610922,2.8275385,0.36170948,5.103375,2
gacs_movie_trailers_04_x_me3xsv_s0004,gacs_movie_trailers_04_x_me3xsv,movie_trailers,somber,11.187557,29.13863,-5.563326,10.772532,0.7773322,2.2423973,-0.35072055,1.4904474,0.15376748,-2.804408,-0.7659952,-1.030649,-2.0497503,-0.016493395,0
gacs_movie_trailers_04_x_me3xsv_s0005,gacs_movie_trailers_04_x_me3xsv,movie_trailers,destructive,25.394325,7.0807033,9.056201,0.32640272,2.4684114,4.4523635,3.043019,3.3994765,5.6592765,-0.3981552,1.1768094,-2.0156617,-0.9274878,0.48814356,1
gacs_movie_trailers_04_x_me3xsv_s0006,gacs_movie_trailers_04_x_me3xsv,movie_trailers,tranquil,7.9914093,-3.5657275,6.1202145,-1.7014761,-10.544806,-8.206584,6.5939746,-5.5962224,-0.32756194,-1.9412535,-3.1120806,-0.5489184,2.7568028,2.1452856,1
gacs_movie_trailers_04_x_me3xsv_s0007,gacs_movie_trailers_04_x_me3xsv,movie_trailers,ominous,19.90037,-9.098337,1.5178485,-3.2221208,4.8288236,0.47703385,4.4365635,0.3746166,1.9424957,-0.42088827,3.8101,3.108836,0.011219706,1.4459099,1
gacs_movie_trailers_04_x_me3xsv_s0008,gacs_movie_trailers_04_x_me3xsv,movie_trailers,determined,10.3176985,-6.387143,-0.28366646,-5.3918834,-2.2013426,-9.682312,-5.6092315,5.219572,5.8517184,0.77088875,-1.6038394,2.4153788,2.3558965,3.8032303,1
gacs_movie_trailers_04_x_me3xsv_s0009,gacs_movie_trailers_04_x_me3xsv,movie_trailers,thoughtful,11.50851,-9.003699,-0.07988279,5.8621345,-9.987617,-4.914453,2.9501226,-5.9452877,-1.940252,-2.1247666,-3.2390847,1.1465025,2.0113182,6.3327374,1
gacs_advertisements_03_9Bo2OIxp_s0000,gacs_advertisements_03_9Bo2OIxp,advertisements,calm,-16.887297,-0.93257546,-2.6058502,-9.196876,-2.2701848,3.5318463,-0.04328563,1.9897197,-2.006278,-0.29738516,-1.5682127,-3.9351954,-0.17985417,-3.5176756,2
gacs_advertisements_03_9Bo2OIxp_s0001,gacs_advertisements_03_9Bo2OIxp,advertisements,informative,-14.178101,-0.9994303,-4.747203,-11.012636,0.7695962,2.77018,-3.1154866,2.9576447,0.98393804,0.72339565,-0.625578,-2.7737186,1.4382557,-0.9148906,2
gacs_advertisements_03_9Bo2OIxp_s0002,gacs_advertisements_03_9Bo2OIxp,advertisements,solemn,-5.123642,-3.018477,-12.7405615,-2.4626238,-8.45632,-1.6959006,-4.485411,5.6158586,1.8573964,0.6770848,-0.09268951,1.6757821,3.7885416,2.2219663,2
gacs_advertisements_03_9Bo2OIxp_s0003,gacs_advertisements_03_9Bo2OIxp,advertisements,distressed,17.02619,17.684708,-4.213645,7.7106056,3.65239,-2.5096297,-2.7648594,7.1206594,-3.175068,-1.890005,2.063806,4.0736165,1.7753384,-1.3739588,0
gacs_advertisements_03_9Bo2OIxp_s0004,gacs_advertisements_03_9Bo2OIxp,advertisements,calm,-15.476017,-1.1922475,-4.3700666,-8.07836,1.6768876,2.2486072,-1.4543239,3.4441855,0.41935876,2.3390663,-1.5115451,-2.9157808,0.9008082,-2.2859414,2
gacs_advertisements_03_9Bo2OIxp_s0005,gacs_advertisements_03_9Bo2OIxp,advertisements,neutral,-14.896822,0.9873403,-5.339728,-11.076006,0.23019876,3.3056934,-1.9678944,1.6440358,1.2102883,1.84245,-1.191539,-3.5015807,2.1595166,-1.7532909,2
gacs_advertisements_03_9Bo2OIxp_s0006,gacs_advertisements_03_9Bo2OIxp,advertisements,informative,-13.606765,-2.0623922,-6.25177,-9.642439,2.5572104,4.010019,-0.9321933,3.9094815,-4.836232,0.14812286,-1.6788353,-5.575525,-0.25509396,-2.5867536,2
gacs_advertisements_03_9Bo2OIxp_s0007,gacs_advertisements_03_9Bo2OIxp,advertisements,tense,11.417985,-8.356165,-15.565886,-3.3337784,29.361996,6.6430225,1.379833,-3.3470073,-5.806239,-0.5920111,-2.5075788,-3.2133899,-1.8141365,4.4911547,1
gacs_advertisements_03_9Bo2OIxp_s0008,gacs_advertisements_03_9Bo2OIxp,advertisements,focused,-14.347589,1.2068243,-6.749394,-12.322594,-2.6562943,3.7787,-1.900983,2.0891643,1.1209362,0.87892383,-2.057595,-3.84725,2.411604,-2.3902073,2
gacs_advertisements_03_9Bo2OIxp_s0009,gacs_advertisements_03_9Bo2OIxp,advertisements,triumphant,-7.0279546,-8.86412,-5.9196444,6.6671386,2.9935613,-4.8819246,0.24064995,4.3444715,-0.15351479,4.786224,-1.7461367,-3.5666196,-2.2128277,1.7963953,2
gacs_advertisements_03_9Bo2OIxp_s0010,gacs_advertisements_03_9Bo2OIxp,advertisements,defiant,-7.701266,-3.9170253,-16.045712,-5.0996695,-2.713684,-0.16123378,-2.031754,5.724325,1.6970023,5.7339354,0.8003501,-2.7848308,-0.5744479,1.3337493,2
gacs_advertisements_03_9Bo2OIxp_s0011,gacs_advertisements_03_9Bo2OIxp,advertisements,neutral,-15.1133175,1.637419,-3.9490507,-13.710258,0.9091999,5.569057,-0.35603237,1.62359,-1.236017,-0.68334365,-1.121862,-3.3145347,2.0061903,-2.368936,2
gacs_advertisements_03_9Bo2OIxp_s0012,gacs_advertisements_03_9Bo2OIxp,advertisements,neutral,-16.45738,2.256414,-1.6379468,-11.873947,-0.33281603,3.4061499,-0.14349444,0.8605498,-0.4720955,-0.1176432,-2.2292757,-4.12546,0.048143037,-4.934737,2
gacs_emotional_shorts_03_KnEBs_-j_s0000,gacs_emotional_shorts_03_KnEBs_-j,emotional_shorts,free,-11.859813,9.415562,1.971886,6.989416,2.494286,-1.6800141,-3.797325,-0.6169864,2.6820796,6.8468313,-2.640358,5.984393,-1.4297783,1.0137955,2
gacs_emotional_shorts_03_KnEBs_-j_s0001,gacs_emotional_shorts_03_KnEBs_-j,emotional_shorts,energetic,-5.564458,-6.895776,-7.2641397,-1.9753609,-2.50581,-1.9771903,-2.1429105,-1.7469616,-2.4494944,-3.3240137,-1.285394,-0.9979537,1.2988379,0.169818,2
gacs_emotional_shorts_03_KnEBs_-j_s0002,gacs_emotional_shorts_03_KnEBs_-j,emotional_shorts,playful,-17.226715,-2.2152648,-0.2434264,-5.867867,1.5627897,3.5861506,-2.1588452,3.5094903,-2.6005096,-1.5997763,-5.288608,-3.745677,3.2230504,-3.2301707,2
gacs_emotional_shorts_03_KnEBs_-j_s0003,gacs_emotional_shorts_03_KnEBs_-j,emotional_shorts,happy,-17.07811,0.076578185,-2.5161324,0.9525666,1.5603133,3.6924057,-5.570458,1.106652,-1.6510702,5.875666,-2.626715,0.5774048,3.6262858,0.2940418,2
gacs_emotional_shorts_03_KnEBs_-j_s0004,gacs_emotional_shorts_03_KnEBs_-j,emotional_shorts,catastrophic,22.759493,15.877098,6.2225904,5.6925063,-1.4264573,5.4127374,3.6145165,6.2055955,1.7348536,-4.4693527,2.1383672,-0.7111161,0.9664831,0.90827817,0
gacs_emotional_shorts_03_KnEBs_-j_s0005,gacs_emotional_shorts_03_KnEBs_-j,emotional_shorts,tense,8.867114,-8.708293,-8.3439665,-4.699199,6.6008987,-5.7979784,-5.4736586,5.159861,0.6402115,-1.4673238,0.3697477,0.49619704,2.528605,4.71716,1
gacs_emotional_shorts_03_KnEBs_-j_s0006,gacs_emotional_shorts_03_KnEBs_-j,emotional_shorts,relieved,-14.907986,-0.76570684,-3.8880014,-8.327226,5.713913,7.7592874,1.1120431,3.3706245,-5.6241546,0.08741214,-0.5287822,-1.9173037,2.8990412,2.9306767,2
gacs_emotional_shorts_04_fz6ylIim_s0000,gacs_emotional_shorts_04_fz6ylIim,emotional_shorts,emotional,-7.657524,16.326084,1.9160066,6.72092,2.2610493,-1.7295629,4.378665,4.432449,-5.5027785,1.7233281,5.546856,-2.6272595,6.7321773,5.120058,0
gacs_emotional_shorts_04_fz6ylIim_s0001,gacs_emotional_shorts_04_fz6ylIim,emotional_shorts,caring,11.211385,25.44947,-3.1466262,12.376794,-0.19143227,0.8838167,3.6309938,5.3043985,-2.88677,-2.5135741,2.25919,-2.985084,6.665987,1.3731781,0
gacs_emotional_shorts_04_fz6ylIim_s0002,gacs_emotional_shorts_04_fz6ylIim,emotional_shorts,heartwarming,-18.413286,-1.0052383,6.1394696,6.798562,0.93976307,3.5838878,-1.8984908,2.3385935,-0.55605376,2.132959,0.50064915,3.6947074,2.249632,0.5357969,2
gacs_emotional_shorts_04_fz6ylIim_s0003,gacs_emotional_shorts_04_fz6ylIim,emotional_shorts,emotional,-9.196525,4.5753045,-4.4691625,0.99364704,-0.9674775,-4.369758,1.7078272,6.297301,-5.7855372,5.9006767,4.232436,-1.0676738,4.8398623,2.8287418,2
gacs_emotional_shorts_04_fz6ylIim_s0004,gacs_emotional_shorts_04_fz6ylIim,emotional_shorts,emotional,-18.257172,0.15848947,3.35127,-0.8333494,3.584068,4.0496235,0.6775125,4.5623994,-4.3242965,2.290035,1.0227948,1.2714396,4.1682024,0.4254398,2
gacs_emotional_shorts_04_fz6ylIim_s0005,gacs_emotional_shorts_04_fz6ylIim,emotional_shorts,emotional,-12.177789,5.8568683,-2.3922126,-3.5627153,1.0142584,-2.7944515,2.6838295,5.2321196,-5.8000026,2.892831,3.8425386,-0.46010408,4.6985855,3.1800656,2
gacs_emotional_shorts_04_fz6ylIim_s0006,gacs_emotional_shorts_04_fz6ylIim,emotional_shorts,supportive,-13.0378,-1.069972,-4.3999844,-12.195475,-2.794026,4.3456182,-3.625006,5.191843,-1.0459292,-0.872778,-0.82353014,0.64079636,4.9268985,2.6994348,2
gacs_emotional_shorts_04_fz6ylIim_s0007,gacs_emotional_shorts_04_fz6ylIim,emotional_shorts,emotional,6.617885,27.67702,-5.490618,12.014249,-0.2222532,3.425712,1.8167964,5.068237,-0.92084503,-1.9545753,2.3907895,-0.66062814,4.4496903,2.5482383,0
gacs_emotional_shorts_04_fz6ylIim_s0008,gacs_emotional_shorts_04_fz6ylIim,emotional_shorts,emotional,-12.103758,10.667927,2.5703802,-10.988748,3.5761538,3.3835957,4.699752,0.094846174,-7.950175,0.27092487,3.5952053,-0.4397912,3.5662794,4.8852477,2
gacs_emotional_shorts_04_fz6ylIim_s0009,gacs_emotional_shorts_04_fz6ylIim,emotional_shorts,emotional,-17.998703,-1.8472112,4.8471346,6.3442454,2.737328,2.618798,0.6801998,4.020146,-4.6147985,2.9440565,2.0878866,0.40775615,3.6055653,0.8576978,2
gacs_emotional_shorts_04_fz6ylIim_s0010,gacs_emotional_shorts_04_fz6ylIim,emotional_shorts,emotional,-14.64157,1.5402492,2.0302362,1.5651684,2.8373866,1.6800631,2.6163256,5.1676006,-6.318942,2.653204,1.0761484,1.0621331,6.4654264,1.4138317,2
gacs_emotional_shorts_04_fz6ylIim_s0011,gacs_emotional_shorts_04_fz6ylIim,emotional_shorts,emotional,-15.010457,1.2357287,-3.1264262,-2.9593043,1.2533839,3.6214986,0.8203042,4.6042037,-5.9592853,3.6307209,1.8399258,0.09962631,6.8755736,2.8544211,2
gacs_emotional_shorts_04_fz6ylIim_s0012,gacs_emotional_shorts_04_fz6ylIim,emotional_shorts,emotional,-12.853835,2.2536304,-1.7076463,5.9059815,-2.780701,0.16629487,-0.8157206,5.73338,-6.285912,3.7776024,3.4498522,0.40610716,6.5741587,2.809079,2
gacs_emotional_shorts_04_fz6ylIim_s0013,gacs_emotional_shorts_04_fz6ylIim,emotional_shorts,caring,-2.8094754,-1.6460675,-6.8556995,-7.13006,-0.24738322,2.1448178,5.815092,6.192941,-12.331586,-3.307106,2.38878,-0.37514454,8.099723,2.4231627,2
gacs_emotional_shorts_04_fz6ylIim_s0014,gacs_emotional_shorts_04_fz6ylIim,emotional_shorts,emotional,-15.626026,-0.5653323,-3.7256136,-4.8259954,-1.2809566,3.4993343,0.09744387,3.220412,-4.0841727,2.0873628,2.2027562,1.3055172,3.7394593,1.4688737,2
gacs_movie_trailers_00_Way9Dexn_s0000,gacs_movie_trailers_00_Way9Dexn,movie_trailers,reflective,-12.265763,10.850514,7.641142,-12.311716,2.2407396,-2.5932493,0.8209537,-8.400661,2.4954236,-4.8113875,1.3533223,-1.1991429,0.61184067,0.6335111,2
gacs_movie_trailers_00_Way9Dexn_s0001,gacs_movie_trailers_00_Way9Dexn,movie_trailers,hopeful,3.7021523,-7.1875396,-5.0754366,-0.9722746,-10.919662,-2.4487045,1.4884474,-2.8073673,-0.25457075,-5.8918214,-4.1387615,-0.53931415,-2.4661908,3.591204,2
gacs_movie_trailers_00_Way9Dexn_s0002,gacs_movie_trailers_00_Way9Dexn,movie_trailers,somber,8.947226,10.106565,-0.46152893,-5.902151,-1.8989093,-6.181515,7.6793213,1.5470598,-5.619477,4.9437923,1.2100111,0.046409912,2.0320115,0.4787847,0
gacs_movie_trailers_00_Way9Dexn_s0003,gacs_movie_trailers_00_Way9Dexn,movie_trailers,intense,13.258429,-10.299599,-14.009102,4.1548705,28.32799,4.8649726,1.4630704,-7.8858204,3.1922429,-0.6199204,-1.104316,-3.4925988,0.44588614,2.5726414,1
gacs_movie_trailers_00_Way9Dexn_s0004,gacs_movie_trailers_00_Way9Dexn,movie_trailers,dark,17.670984,25.999428,-0.02490902,6.2230725,-1.3714001,4.459634,5.1351824,3.454416,3.572444,-1.6033038,-3.7639084,-2.6669836,0.7935958,0.8786559,0
gacs_movie_trailers_00_Way9Dexn_s0005,gacs_movie_trailers_00_Way9Dexn,movie_trailers,intense,6.113621,-9.031176,-6.6573663,-0.9560191,10.347508,-8.1975355,9.089033,3.7376747,-1.148405,0.38060343,-3.6911623,2.6461842,2.7187214,-5.332898,1
gacs_movie_trailers_00_Way9Dexn_s0006,gacs_movie_trailers_00_Way9Dexn,movie_trailers,distressed,28.045465,-1.9540719,8.335251,-3.3664103,0.41236237,2.980049,0.8001954,3.0266342,-0.3177602,-0.51316005,-0.7485656,2.9684474,-0.52974164,-1.9751569,1
gacs_movie_trailers_00_Way9Dexn_s0007,gacs_movie_trailers_00_Way9Dexn,movie_trailers,intense,22.479559,-7.823639,0.31025872,-3.1927311,-2.1318934,-3.7301471,-5.6631103,0.85043293,3.300904,-1.9979908,0.8782979,1.6089832,-0.10453142,-2.5683665,1
gacs_movie_trailers_00_Way9Dexn_s0008,gacs_movie_trailers_00_Way9Dexn,movie_trailers,tense,22.844387,-10.846668,-6.1902323,-8.451917,9.808292,1.353595,3.6944044,-3.6139684,0.5925049,0.087183036,-0.5228807,-1.1490617,-0.48101223,-2.5332854,1
gacs_movie_trailers_00_Way9Dexn_s0009,gacs_movie_trailers_00_Way9Dexn,movie_trailers,isolated,9.075973,11.275333,1.6713175,-2.0659912,-10.47046,-2.7826,3.9863527,-6.0806894,-0.0884019,1.9259772,-0.21907616,-0.034628265,1.9263885,4.6217213,0
gacs_movie_trailers_00_Way9Dexn_s0010,gacs_movie_trailers_00_Way9Dexn,movie_trailers,dark,19.938421,22.404564,2.0118716,4.039698,-0.17281486,4.3566866,5.973503,4.1612453,2.7615697,-0.76942235,-3.8057945,-1.6555363,0.37756494,1.9455056,0
gacs_movie_trailers_00_Way9Dexn_s0011,gacs_movie_trailers_00_Way9Dexn,movie_trailers,serious,-2.1239405,8.284642,-5.0653996,-8.1261,-0.77988756,-8.419246,-7.946616,-3.2934084,0.99935055,0.4519036,-2.2303333,1.0955266,-2.3043263,-3.2604585,2
gacs_movie_trailers_00_Way9Dexn_s0012,gacs_movie_trailers_00_Way9Dexn,movie_trailers,strenuous,8.798259,29.401905,-2.651103,3.6933136,2.5580027,3.061956,3.9678702,1.9688284,2.1727712,-0.54165995,-1.5429411,0.3947461,-1.2487826,0.92816883,0
gacs_movie_trailers_00_Way9Dexn_s0013,gacs_movie_trailers_00_Way9Dexn,movie_trailers,concerned,14.134442,25.072807,-1.1346637,3.5344827,-1.1651988,-0.17768821,-0.19716279,1.3812518,-0.08633723,0.680593,0.9014195,-2.394562,1.0882431,-0.4536309,0
gacs_movie_trailers_00_Way9Dexn_s0014,gacs_movie_trailers_00_Way9Dexn,movie_trailers,ominous,9.448372,-3.9332485,-5.5735297,2.7343814,-4.6247115,-2.4346576,8.457967,-1.1630725,-3.0928469,-1.5713176,2.2447543,2.6539795,1.7621546,0.63737315,1
gacs_movie_trailers_02_wxN1T1ux_s0000,gacs_movie_trailers_02_wxN1T1ux,movie_trailers,contemplative,1.9919575,3.3413785,-8.633009,-8.501723,-7.342252,-1.4538039,-1.6207358,-2.442655,-1.9466836,-1.9424846,-0.015826037,1.366617,-1.9644084,2.395444,2
gacs_movie_trailers_02_wxN1T1ux_s0001,gacs_movie_trailers_02_wxN1T1ux,movie_trailers,quirky,13.795628,-8.073524,9.173459,-6.823607,-6.5493417,-2.6761057,0.05051572,-0.7144512,-3.6528182,1.0588362,-1.2974703,-1.9642146,-0.8797138,0.82407683,1
gacs_movie_trailers_02_wxN1T1ux_s0002,gacs_movie_trailers_02_wxN1T1ux,movie_trailers,somber,12.9076605,15.471728,-10.924727,9.016698,-5.9437904,4.117721,1.6487758,-2.230342,-1.5116795,-0.6570794,-0.39298394,3.3862748,-0.29692012,-1.7866008,0
gacs_movie_trailers_02_wxN1T1ux_s0003,gacs_movie_trailers_02_wxN1T1ux,movie_trailers,stressful,14.806008,-0.6725763,-6.753263,9.841461,-3.0892017,-0.705503,-3.050893,-5.866921,-2.1492698,-2.9247577,0.2789237,3.071746,-2.0002325,-3.0411985,1
gacs_movie_trailers_02_wxN1T1ux_s0004,gacs_movie_trailers_02_wxN1T1ux,movie_trailers,confused,13.60164,-2.7186375,-15.48416,1.1441927,-2.8883276,3.2796075,1.2209454,-6.753905,-2.4402013,-4.7684617,3.0031986,8.311983,-4.77849,-2.0007777,1
gacs_movie_trailers_02_wxN1T1ux_s0005,gacs_movie_trailers_02_wxN1T1ux,movie_trailers,pensive,1.3383071,-2.5926037,-11.06229,-2.652345,-1.6878871,-5.0888104,-3.5531936,6.961253,-0.023902303,1.4149865,0.86554605,1.8148015,-2.29911,3.2112525,2
gacs_movie_trailers_02_wxN1T1ux_s0006,gacs_movie_trailers_02_wxN1T1ux,movie_trailers,mysterious,11.261001,26.948576,-1.3043553,13.442754,-1.695868,3.8312137,3.697975,3.646763,2.4217057,-1.1514189,-0.08662604,-2.8085656,2.554904,1.3820349,0
gacs_movie_trailers_02_wxN1T1ux_s0007,gacs_movie_trailers_02_wxN1T1ux,movie_trailers,energetic,-16.274181,-4.938345,-1.3253186,-3.8187342,1.7728629,3.9711494,1.3789943,2.2960382,-0.59175336,-0.49175042,-2.192537,-1.2179734,3.0910113,-3.789615,2
gacs_movie_trailers_02_wxN1T1ux_s0008,gacs_movie_trailers_02_wxN1T1ux,movie_trailers,terrified,26.605982,-10.668887,6.3099246,-3.0665495,7.521185,1.548111,-2.1324883,2.1000574,0.39786866,-3.1230807,1.7526333,0.15436967,-1.413347,-0.975381,1
gacs_movie_trailers_02_wxN1T1ux_s0009,gacs_movie_trailers_02_wxN1T1ux,movie_trailers,pensive,1.2980458,1.1004415,-13.664382,-8.3060665,3.6397095,-3.7557883,-2.288783,1.9010149,-7.2181754,2.3206763,1.7841569,-0.866167,-1.1674951,4.391529,2
gacs_movie_trailers_02_wxN1T1ux_s0010,gacs_movie_trailers_02_wxN1T1ux,movie_trailers,mundane,-1.1114596,4.498925,-11.719709,-9.74674,3.2568607,-1.7464782,1.3637216,-0.95467544,-11.856475,0.45946673,0.011873555,1.4066882,0.15407206,3.355231,2
gacs_movie_trailers_02_wxN1T1ux_s0011,gacs_movie_trailers_02_wxN1T1ux,movie_trailers,stressed,19.376532,-9.529845,-5.1078315,12.201767,-8.813327,5.3277416,-0.56924295,-11.233568,-6.1559553,-8.77147,3.1820185,0.26751423,1.7180092,-1.1490412,1
gacs_movie_trailers_03_GY4BgdUS_s0000,gacs_movie_trailers_03_GY4BgdUS,movie_trailers,adventurous,-15.145053,-7.2774806,5.755938,5.1577682,2.4449294,-1.9689437,1.5873069,1.728039,0.2936535,-1.6237401,-2.032382,-0.36861336,-2.4441903,-0.8901107,2
gacs_movie_trailers_03_GY4BgdUS_s0001,gacs_movie_trailers_03_GY4BgdUS,movie_trailers,serious,0.95028675,2.7349126,-10.214151,1.3701458,-7.5181766,-4.6895556,-2.637403,-0.0868046,-2.6302438,2.9120357,-0.40564787,1.8134322,2.4557524,-0.38601187,2
gacs_movie_trailers_03_GY4BgdUS_s0002,gacs_movie_trailers_03_GY4BgdUS,movie_trailers,urgent,13.388184,-8.629378,-7.6024814,5.795894,-4.1430564,-3.7964423,3.380792,-4.636037,0.1223642,0.31923607,-1.1559724,0.33188218,5.3767633,0.8470621,1
gacs_movie_trailers_03_GY4BgdUS_s0003,gacs_movie_trailers_03_GY4BgdUS,movie_trailers,intense,16.255133,-7.9160357,-13.823531,-0.72556823,24.536673,8.532556,6.2021675,-6.425715,0.45852488,-2.6367447,-2.422246,-2.8727036,1.3748491,3.171508,1
gacs_movie_trailers_03_GY4BgdUS_s0004,gacs_movie_trailers_03_GY4BgdUS,movie_trailers,tense,16.817795,-13.404886,-4.801132,3.2533367,20.471298,1.3497045,-0.36512733,-3.761844,-3.020449,-3.184113,2.146516,-0.30608648,1.2072421,-1.7849551,1
gacs_movie_trailers_03_GY4BgdUS_s0005,gacs_movie_trailers_03_GY4BgdUS,movie_trailers,tense,18.35049,-11.543885,-8.814466,0.24974352,18.545444,0.1613582,2.692462,-2.9754765,-0.08193245,-0.8579751,1.7516489,2.1979778,1.1695898,-2.750035,1
gacs_movie_trailers_03_GY4BgdUS_s0006,gacs_movie_trailers_03_GY4BgdUS,movie_trailers,tense,19.607368,-12.482111,-3.2031944,0.78680146,19.94926,0.3015946,3.1783211,-2.0856538,-0.2855023,-2.795757,1.6428486,0.97288483,2.3533344,-2.543344,1
gacs_movie_trailers_03_GY4BgdUS_s0007,gacs_movie_trailers_03_GY4BgdUS,movie_trailers,energetic,-18.92437,-5.6791368,9.145199,5.533401,5.481461,5.088581,0.35917425,1.6743565,-1.8530865,-1.0408583,1.5237758,0.6884546,-1.9312433,-1.8702706,2
gacs_movie_trailers_03_GY4BgdUS_s0008,gacs_movie_trailers_03_GY4BgdUS,movie_trailers,lively,-9.863654,-7.241052,-1.3673636,-1.4355497,1.7075076,-4.600759,3.7542865,3.8720338,2.9132092,-0.0039403937,-0.2676434,-0.887308,-1.0376912,1.3005799,2
gacs_movie_trailers_03_GY4BgdUS_s0009,gacs_movie_trailers_03_GY4BgdUS,movie_trailers,serious,-7.96523,4.283173,-6.6276674,-4.572071,-1.431493,-7.9816704,-1.7715183,-1.5037639,-0.09774692,2.3688471,2.4535718,0.48436582,-0.67136884,0.30607647,2
gacs_movie_trailers_03_GY4BgdUS_s0010,gacs_movie_trailers_03_GY4BgdUS,movie_trailers,sad,20.70471,21.43939,5.5964255,7.14616,-0.3398754,2.7875257,-1.6049201,7.477518,2.853205,-2.7833688,-1.0764784,-2.6395588,-0.20145641,0.14901288,0
gacs_movie_trailers_03_GY4BgdUS_s0011,gacs_movie_trailers_03_GY4BgdUS,movie_trailers,intense,1.7180644,-4.7715335,-5.224774,-4.201021,3.5864153,-10.155151,2.9072146,5.414737,-0.97343874,-1.005833,-5.59172,2.0730014,2.9166117,-3.2481816,2
gacs_movie_trailers_03_GY4BgdUS_s0012,gacs_movie_trailers_03_GY4BgdUS,movie_trailers,tense,16.047312,-13.452348,-6.6836667,3.3749294,19.769848,0.2353313,-1.1433581,-3.913631,-0.7293388,-5.182916,-0.2861564,-1.6677898,1.3600216,-3.633721,1
gacs_movie_trailers_03_GY4BgdUS_s0013,gacs_movie_trailers_03_GY4BgdUS,movie_trailers,tense,25.841387,-3.7191446,6.143029,-7.0735703,6.8060102,-1.1374913,-4.71383,5.7965436,0.915023,1.9723467,2.0480075,2.5545266,0.7327967,-1.6249526,1
gacs_advertisements_00_-P6q0A9K_s0000,gacs_advertisements_00_-P6q0A9K,advertisements,futuristic,-5.2603335,-10.003008,-5.4150195,5.833487,-2.9247165,-1.1721245,4.226718,3.9147038,3.317274,0.15929462,1.9125606,-2.860087,-1.6695396,0.13628492,2
gacs_advertisements_00_-P6q0A9K_s0001,gacs_advertisements_00_-P6q0A9K,advertisements,happy,-13.14742,-7.0437264,-1.0146192,18.094421,-6.1079817,2.5026445,-3.0688415,-0.69240046,2.86623,3.4343016,1.404269,2.5827222,1.3895775,0.6564476,2
gacs_advertisements_00_-P6q0A9K_s0002,gacs_advertisements_00_-P6q0A9K,advertisements,happy,-14.892708,-4.5215554,-5.3251243,11.53988,-5.999095,4.054882,-2.340482,0.057435554,5.148559,3.6047704,1.7682204,3.4661977,1.2921968,0.017082155,2
gacs_advertisements_00_-P6q0A9K_s0003,gacs_advertisements_00_-P6q0A9K,advertisements,informative,2.207548,-8.245726,-12.13109,1.9446626,-4.916026,-0.46834207,2.320585,1.4651413,3.4991987,-3.964054,1.7390854,-1.162631,0.13867827,2.4453864,2
gacs_advertisements_00_-P6q0A9K_s0004,gacs_advertisements_00_-P6q0A9K,advertisements,enthusiastic,-7.7634225,-9.643759,-2.236519,2.9461467,-6.638162,-0.9473343,1.4189527,4.4481077,-0.11405985,-2.0110865,0.8147181,-2.729029,1.435213,4.7383804,2
gacs_advertisements_00_-P6q0A9K_s0005,gacs_advertisements_00_-P6q0A9K,advertisements,modern,-6.59901,-7.0770283,-11.087694,1.8540844,-6.794621,0.117775135,3.3447816,3.8926415,4.7686405,1.6341745,1.7309382,-0.2924027,0.2968264,3.0081546,2
gacs_advertisements_00_-P6q0A9K_s0006,gacs_advertisements_00_-P6q0A9K,advertisements,energetic,-12.247348,-7.6171565,-5.0283384,3.6411579,-2.569525,-1.2677574,4.3271947,4.206784,2.9004297,0.8305597,2.0593746,0.71908206,1.9355291,1.7050613,2
gacs_advertisements_00_-P6q0A9K_s0007,gacs_advertisements_00_-P6q0A9K,advertisements,happy,-10.88085,-6.764007,-2.842343,18.00361,-5.649821,4.01709,-2.5794692,1.0189276,1.8227184,3.1471272,3.1465807,2.132206,1.5849835,1.1821084,2
gacs_advertisements_00_-P6q0A9K_s0008,gacs_advertisements_00_-P6q0A9K,advertisements,informative,-10.600877,-10.546998,-6.6758356,3.6361797,-0.4005658,0.98791116,2.5464997,3.996594,-1.8298705,-0.45927292,0.45291483,-1.37164,-1.8966565,3.2603414,2
gacs_advertisements_00_-P6q0A9K_s0009,gacs_advertisements_00_-P6q0A9K,advertisements,informative,-10.217443,-10.461487,1.8790802,3.2363968,-0.9289175,-0.61794496,0.30856064,3.972618,-1.7307172,0.77856815,1.2012534,-2.4967237,-3.708143,4.3491607,2
gacs_advertisements_00_-P6q0A9K_s0010,gacs_advertisements_00_-P6q0A9K,advertisements,informative,-4.757602,-9.333853,-12.44221,1.2785403,-5.7657795,0.07689438,-0.9428339,5.5619016,4.273928,0.48018292,0.9257487,-2.5095618,-0.66191125,3.783142,2
gacs_advertisements_00_-P6q0A9K_s0011,gacs_advertisements_00_-P6q0A9K,advertisements,futuristic,-7.2846437,-9.96581,-4.7878294,6.07574,-1.4289162,-0.8069708,4.187545,2.7310884,2.4804585,-0.126813,0.08334248,-0.3621953,-0.78770316,3.5209646,2
gacs_advertisements_00_-P6q0A9K_s0012,gacs_advertisements_00_-P6q0A9K,advertisements,informative,7.321652,-11.86716,-5.6628594,3.9298081,-0.657889,-4.541452,-3.7745256,2.0952265,-0.1131245,-2.8166676,-0.2723161,-3.074379,-1.0403657,3.709766,1
gacs_advertisements_01_aDoT6K3B_s0000,gacs_advertisements_01_aDoT6K3B,advertisements,joyful,-20.327288,-0.5160749,7.213864,5.4080153,3.2447362,4.756738,-1.6126893,-0.7601263,1.2493316,2.4662216,0.5532454,2.8984866,-0.9050526,0.9619648,2
gacs_advertisements_01_aDoT6K3B_s0001,gacs_advertisements_01_aDoT6K3B,advertisements,joyful,-16.906565,-5.0181975,5.8507757,12.764838,0.34978575,2.4682243,-3.1733909,1.6963453,-0.31066304,4.1274743,-0.10104295,1.7082477,-0.6311606,-0.5754978,2
gacs_advertisements_01_aDoT6K3B_s0002,gacs_advertisements_01_aDoT6K3B,advertisements,confused,0.72978437,-2.6584287,-23.143616,8.146879,15.078558,4.4059925,-5.766931,-6.499997,-2.4382617,3.993012,-4.427721,-0.18501312,-2.2009184,5.89293,2
gacs_advertisements_01_aDoT6K3B_s0003,gacs_advertisements_01_aDoT6K3B,advertisements,ironic,-14.340729,-5.2563376,-1.8094003,4.670506,0.622734,0.06822705,0.25027478,2.6596441,-0.67177445,1.1660334,-3.7473445,0.98395073,-1.18018,-1.2186111,2
gacs_advertisements_01_aDoT6K3B_s0004,gacs_advertisements_01_aDoT6K3B,advertisements,happy,-18.73971,-1.8778951,2.5283158,9.12726,1.7819335,2.50218,-2.9347386,0.39646566,0.21694244,4.877846,-1.144112,1.1127329,-1.5512294,-2.5864403,2
gacs_advertisements_01_aDoT6K3B_s0005,gacs_advertisements_01_aDoT6K3B,advertisements,happy,-17.63556,-4.562794,5.231907,13.791699,1.2373602,4.1385894,-3.1378124,1.5002699,-0.9459383,3.7418969,1.0036954,2.4355843,-1.0089498,-3.575447,2
gacs_advertisements_01_aDoT6K3B_s0006,gacs_advertisements_01_aDoT6K3B,advertisements,happy,-16.422646,-3.2635696,-2.1863453,10.191717,-0.6591968,2.6761732,-3.133154,0.8276807,-0.26174542,5.9256496,-1.8868853,1.7357776,-1.2217833,-1.1752307,2
gacs_animations_01_xo4rkcC7_s0000,gacs_animations_01_xo4rkcC7,animations,playful,-19.613785,-3.5437427,4.074479,6.2551565,0.14421192,5.0772223,-2.70262,1.7933359,1.422316,1.0432979,-5.199048,0.5089021,-2.0064263,-1.8297677,2
gacs_animations_01_xo4rkcC7_s0001,gacs_animations_01_xo4rkcC7,animations,tense,21.207527,-14.708861,6.148023,-1.2206231,5.10345,0.9947748,-7.7562513,-1.4372919,-0.9200747,-3.019658,1.759705,-4.853515,-2.3250225,-0.13055867,1
gacs_animations_01_xo4rkcC7_s0002,gacs_animations_01_xo4rkcC7,animations,mysterious,22.191292,-8.370495,8.754485,3.0357044,-9.483137,4.8904676,2.506874,-5.796786,-3.8828654,-3.1216443,-0.8673972,1.6518261,-1.1013719,-0.33129382,1
gacs_animations_01_xo4rkcC7_s0003,gacs_animations_01_xo4rkcC7,animations,cold,21.99712,5.165171,1.0407829,-0.30164543,-5.436617,6.1982,3.7675421,-4.057599,3.4109044,3.6587043,-7.300502,2.488384,-1.7402569,-0.8294131,1
gacs_animations_01_xo4rkcC7_s0004,gacs_animations_01_xo4rkcC7,animations,adventurous,-13.504613,-8.366616,8.094255,4.4048634,3.9496887,-2.7208133,2.6037235,1.398638,0.71423525,-4.1475954,-3.4025495,-2.4308522,-2.8628945,1.0407978,2
gacs_animations_01_xo4rkcC7_s0005,gacs_animations_01_xo4rkcC7,animations,energetic,-14.077938,-4.5945168,1.2668853,9.458303,4.2369184,1.7097309,0.348306,0.9155896,-0.20877391,2.6544945,-2.4113905,2.4046643,-2.5645494,-0.9864313,2
gacs_animations_01_xo4rkcC7_s0006,gacs_animations_01_xo4rkcC7,animations,tense,25.478199,-10.044033,11.888553,-6.439202,-0.09281882,1.9262403,-2.7929132,2.1198473,1.7740555,1.1696279,1.4492956,-3.055565,0.9726826,0.41338444,1
gacs_animations_01_xo4rkcC7_s0007,gacs_animations_01_xo4rkcC7,animations,confident,-16.24055,-4.428854,-2.2051313,-1.1522046,-0.09443149,1.7797527,-0.30883372,1.8493605,-0.6030422,2.8239887,-4.0391173,-4.0858417,-4.4368834,-0.005551774,2
gacs_animations_01_xo4rkcC7_s0008,gacs_animations_01_xo4rkcC7,animations,energetic,-18.645056,-4.130827,3.4795682,5.2661066,1.2206854,4.249003,-1.2933123,2.373864,0.7683997,1.2243745,-5.327399,1.2167379,-1.9868512,-1.5529053,2
gacs_animations_01_xo4rkcC7.temp_s0000,gacs_animations_01_xo4rkcC7.temp,animations,confident,-15.435222,-4.9822693,-0.65528685,6.651387,-1.7474605,0.54649734,-3.4009595,0.7540361,1.245717,2.91977,-7.304134,-2.1563017,-3.429438,-1.6678907,2
gacs_animations_01_xo4rkcC7.temp_s0001,gacs_animations_01_xo4rkcC7.temp,animations,scared,18.824322,-12.268167,6.8558187,-4.0346475,6.24923,-2.2945404,-6.2120223,3.4090493,2.3266985,0.25908327,0.19559792,-4.62328,-2.174281,1.800017,1
gacs_animations_01_xo4rkcC7.temp_s0002,gacs_animations_01_xo4rkcC7.temp,animations,mysterious,23.98001,-7.0867944,11.270557,-1.0721248,-8.597515,4.8503294,1.1353674,-4.552652,-3.1712625,1.308462,-1.2861993,-0.042779762,-0.9407972,-0.051851172,1
gacs_animations_01_xo4rkcC7.temp_s0003,gacs_animations_01_xo4rkcC7.temp,animations,cold,17.288519,12.785136,-6.3615847,-0.2720991,0.93522304,5.13152,2.6804154,-4.149206,6.113799,3.2410922,-8.160788,2.959336,-2.3956847,-0.27894711,0
gacs_animations_01_xo4rkcC7.temp_s0004,gacs_animations_01_xo4rkcC7.temp,animations,adventurous,-11.36012,-8.745393,3.1414742,9.57677,1.27889,-2.995419,0.6260981,1.1645324,-0.9314877,-1.7336837,-6.4435635,-3.2456188,-3.5628495,2.1655114,2
gacs_animations_01_xo4rkcC7.temp_s0005,gacs_animations_01_xo4rkcC7.temp,animations,energetic,-8.007973,-8.7684765,1.3025962,8.161472,0.85341704,-2.70562,3.6111295,-0.2464867,-1.0505241,-0.81579715,-3.5812047,-0.33849984,-1.449524,-1.3626198,2
gacs_animations_01_xo4rkcC7.temp_s0006,gacs_animations_01_xo4rkcC7.temp,animations,tense,23.641808,-11.451219,10.514295,-5.254503,-1.2368966,-0.79992646,-3.068724,2.1393325,1.4010171,0.4057217,0.50150484,-4.0633564,1.5119452,0.56447536,1
gacs_animations_01_xo4rkcC7.temp_s0007,gacs_animations_01_xo4rkcC7.temp,animations,confident,-15.658506,-5.615429,1.5469966,0.21512425,2.3949754,2.4969294,0.7711354,3.1679063,-6.483576,-0.7970863,-4.8251405,-4.6968317,-5.3437433,-1.2169505,2
gacs_animations_01_xo4rkcC7.temp_s0008,gacs_animations_01_xo4rkcC7.temp,animations,energetic,-16.092453,-4.505229,-0.7026134,6.858378,-1.6054136,3.1321871,-0.7044512,1.9894837,0.42378035,0.9452905,-6.019685,-0.06282854,-2.6947944,-1.2382635,2
gacs_animations_03_f_fuHRyQ_s0000,gacs_animations_03_f_fuHRyQ,animations,tense,13.051992,-7.946086,-6.4900317,-3.2761962,17.758896,-3.0792966,1.64655,0.32308462,-0.20503606,0.33578432,-4.343403,0.57140213,-2.2413852,0.71957326,1
gacs_animations_03_f_fuHRyQ_s0001,gacs_animations_03_f_fuHRyQ,animations,tense,12.572056,-13.662189,-7.9167743,0.70528674,14.31095,-0.769385,3.898911,-3.5062096,-3.0859268,-2.6403205,-2.2943306,-0.12940507,-0.40836486,-0.6930684,1
gacs_animations_03_f_fuHRyQ_s0002,gacs_animations_03_f_fuHRyQ,animations,calm,-9.592401,-7.0302453,-8.858928,-2.0630984,-6.063873,0.75339425,-5.398442,-0.39995804,4.9672,-1.1574332,-1.7065146,1.7351092,-1.5620612,1.2797692,2
gacs_animations_03_f_fuHRyQ_s0003,gacs_animations_03_f_fuHRyQ,animations,triumphant,-6.8134704,-7.5962152,-3.9423158,4.1468463,-2.0042355,-4.832163,3.1840146,1.3945365,1.3936231,1.0253559,-3.8142567,0.14728133,-2.0642142,3.3484719,2
gacs_animations_03_f_fuHRyQ_s0004,gacs_animations_03_f_fuHRyQ,animations,concerned,17.134796,-2.9056926,8.921838,-9.826004,-0.18815652,-4.249417,-1.5382941,4.2261186,-3.898902,-2.7556808,0.78272194,-1.1157997,-4.023166,2.679684,1
gacs_animations_03_f_fuHRyQ_s0005,gacs_animations_03_f_fuHRyQ,animations,sad,15.811205,22.926838,-1.4070402,12.023905,-4.7200174,2.6992166,0.37196487,3.1565263,2.5779288,-2.2870672,-0.49309504,-2.1201024,0.5067322,1.6521033,0
gacs_animations_03_f_fuHRyQ_s0006,gacs_animations_03_f_fuHRyQ,animations,worried,8.425304,-14.152581,-9.604294,19.293608,-8.294634,3.322217,-5.326196,-10.267846,-4.4278154,-2.2520485,0.18524718,-6.027893,2.3749118,1.45941,1
gacs_animations_03_f_fuHRyQ_s0007,gacs_animations_03_f_fuHRyQ,animations,chaotic,-2.1043897,-9.468174,-2.8011034,6.387673,-3.1429024,-5.9620824,6.517064,0.34641206,1.5702208,-1.4625386,-5.597403,-0.2240127,2.1599011,0.40591344,2
gacs_animations_03_f_fuHRyQ_s0008,gacs_animations_03_f_fuHRyQ,animations,sad,-1.0425045,25.83298,-0.98422897,8.664066,3.0566382,0.27084163,3.1267285,3.038475,0.28144747,-0.72560966,2.7506227,-1.8204353,3.851264,3.5843997,0
gacs_animations_03_f_fuHRyQ_s0009,gacs_animations_03_f_fuHRyQ,animations,mysterious,-13.829825,-7.2200894,4.412784,7.4072447,-3.287194,1.2510139,3.3794765,1.4885788,-1.267267,-0.28429317,-4.5572505,1.8892441,-3.06485,1.8989233,2
gacs_animations_03_f_fuHRyQ_s0010,gacs_animations_03_f_fuHRyQ,animations,serious,-0.7343729,-6.2546525,-6.3687763,-3.9430532,-1.9874265,-7.4202833,-0.45654252,3.9928095,0.847834,1.0324969,-3.19979,0.23783317,-0.64765394,3.067171,2
gacs_emotional_shorts_01_ShIa60uL_s0000,gacs_emotional_shorts_01_ShIa60uL,emotional_shorts,dark,16.326218,27.619354,-1.3555686,7.929927,-1.7396529,5.1159244,3.1926913,3.658655,2.4768438,-2.2701082,-2.9564526,-2.6919625,0.044648316,-0.0018014325,0
gacs_emotional_shorts_01_ShIa60uL_s0001,gacs_emotional_shorts_01_ShIa60uL,emotional_shorts,dark,14.97675,24.127478,-2.0825477,6.027942,2.410218,2.3810186,2.9798663,4.725047,1.819754,-1.2486044,-0.50036764,-0.10006767,1.0838646,1.6829896,0
gacs_emotional_shorts_01_ShIa60uL_s0002,gacs_emotional_shorts_01_ShIa60uL,emotional_shorts,dark,21.136448,-6.8186707,-1.914185,-1.8048972,-4.615865,1.6182917,4.4536405,-3.1827147,-2.44729,2.9142427,-1.1933295,6.210866,2.6407921,-2.4824317,1
gacs_emotional_shorts_01_ShIa60uL_s0003,gacs_emotional_shorts_01_ShIa60uL,emotional_shorts,informative,2.5158138,-7.7600408,-10.357157,-0.112826325,-0.7414812,-0.08643057,-6.0997186,5.0477066,-1.0016787,-4.602088,2.155073,3.113855,1.7784956,2.4559922,2
gacs_emotional_shorts_01_ShIa60uL_s0004,gacs_emotional_shorts_01_ShIa60uL,emotional_shorts,concerning,13.183404,-3.521356,-6.734105,-2.0555832,2.3966625,-0.44897196,-3.3513577,6.9054837,0.69296026,-5.2657843,4.043606,6.0896745,0.1457459,3.4213061,1
gacs_emotional_shorts_01_ShIa60uL_s0005,gacs_emotional_shorts_01_ShIa60uL,emotional_shorts,tense,26.598946,-10.085077,10.624613,-5.660417,0.71889496,2.2163908,-7.0772443,3.8986998,-1.2482252,-4.5899324,4.384715,-1.087748,-0.23340467,-1.6949486,1
gacs_emotional_shorts_01_ShIa60uL_s0006,gacs_emotional_shorts_01_ShIa60uL,emotional_shorts,happy,-18.171162,-1.931512,-1.4237931,0.19284408,-2.0725303,4.9210286,-3.480923,1.9553683,-2.4605746,2.2397249,-0.5629747,-0.82578015,0.7079709,-3.915444,2
gacs_emotional_shorts_01_ShIa60uL_s0007,gacs_emotional_shorts_01_ShIa60uL,emotional_shorts,neutral,-5.6479425,5.229271,-11.43265,-15.694218,-4.765038,4.590571,3.3237193,-0.17815398,-6.4036164,-1.0649434,1.2353163,-2.682102,-1.7875681,-0.26105174,2
gacs_emotional_shorts_01_ShIa60uL_s0008,gacs_emotional_shorts_01_ShIa60uL,emotional_shorts,serious,-4.7965317,-6.318533,-8.671641,-4.43504,-3.3489995,-1.2877282,-2.8871064,8.180039,3.855402,-1.9798048,0.4654641,3.835176,2.1401296,3.9702213,2
gacs_emotional_shorts_01_ShIa60uL_s0009,gacs_emotional_shorts_01_ShIa60uL,emotional_shorts,vulnerable,18.577257,22.982239,0.059924852,2.9904747,1.6036242,4.8547897,4.490728,4.728924,0.7428401,-3.6136053,-2.4412584,0.9217424,-1.5875111,-0.47909945,0
gacs_emotional_shorts_01_ShIa60uL_s0010,gacs_emotional_shorts_01_ShIa60uL,emotional_shorts,heartwarming,-12.981246,-4.8319087,2.8349416,3.197548,-4.704524,-0.58193564,-0.5468378,6.2384696,-5.41116,-0.29928747,2.3426702,-0.2767708,6.183784,2.186932,2
gacs_emotional_shorts_01_ShIa60uL_s0011,gacs_emotional_shorts_01_ShIa60uL,emotional_shorts,serious,5.357149,30.049004,-7.9406786,9.210802,3.1013484,5.156029,1.2080263,2.6578004,2.3374374,-1.1428428,0.5915582,-4.8048224,1.2413371,3.2287657,0
gacs_emotional_shorts_01_ShIa60uL_s0012,gacs_emotional_shorts_01_ShIa60uL,emotional_shorts,serious,8.627207,30.558348,-5.049875,7.0623937,4.238788,3.5121427,1.4829658,3.3095744,0.7139031,-2.1176958,-0.44229585,-4.2401714,1.1268651,1.9428517,0
gacs_emotional_shorts_02_VSj0URO1_s0000,gacs_emotional_shorts_02_VSj0URO1,emotional_shorts,professional,-2.5348577,-5.115252,-7.1238675,-4.332811,-2.597888,-0.40719402,-0.63307977,7.342879,0.78475845,-1.9273429,2.5281153,4.6370015,3.8792214,3.1023173,2
gacs_emotional_shorts_02_VSj0URO1_s0001,gacs_emotional_shorts_02_VSj0URO1,emotional_shorts,informative,-0.5936365,-8.550783,-8.794058,-3.1375623,-3.484315,-2.3815384,-1.1056925,6.5270967,-1.606772,-2.6517446,1.9894775,-1.1098661,1.8597704,2.2014012,2
gacs_emotional_shorts_02_VSj0URO1_s0002,gacs_emotional_shorts_02_VSj0URO1,emotional_shorts,vulnerable,0.00051309646,-7.249545,-10.626802,-12.877049,-4.48405,-1.0267539,-2.7191012,7.378206,-0.8053226,-1.2986748,-1.2285092,-3.0934815,-1.7965366,6.200919,2
gacs_emotional_shorts_02_VSj0URO1_s0003,gacs_emotional_shorts_02_VSj0URO1,emotional_shorts,curious,15.2347975,-9.730382,-10.320493,-6.0734205,7.6170635,1.9486173,-5.402821,-2.3853788,-1.695694,1.4631448,-2.071922,-3.4718635,-3.7425752,6.9175153,1
gacs_emotional_shorts_02_VSj0URO1_s0004,gacs_emotional_shorts_02_VSj0URO1,emotional_shorts,joyful,-14.397378,-7.2154055,6.6614943,16.19536,1.4189523,3.3679953,-2.4587078,1.562545,-0.010293384,1.9339952,4.76315,2.6000764,-0.9599001,2.286155,2
gacs_emotional_shorts_02_VSj0URO1_s0005,gacs_emotional_shorts_02_VSj0URO1,emotional_shorts,hopeful,-13.207919,-9.260805,4.1834855,6.0638576,-1.6251317,-0.4128843,-2.559753,2.6945744,1.8783349,3.8448908,2.7095249,0.7136873,-0.44581634,4.844856,2
gacs_emotional_shorts_02_VSj0URO1_s0006,gacs_emotional_shorts_02_VSj0URO1,emotional_shorts,happy,-15.968994,-4.547423,0.5360647,16.39312,-1.822909,2.7258224,-4.1842155,0.27377746,0.59195215,6.2008734,1.148684,2.7898178,-1.0468616,0.6515126,2
gacs_emotional_shorts_02_VSj0URO1_s0007,gacs_emotional_shorts_02_VSj0URO1,emotional_shorts,happy,-16.09921,-6.9387646,4.7024775,17.078882,2.3529263,4.157545,-2.9952276,1.4575884,-1.2842829,3.7296906,2.3261328,1.9397516,-0.44878027,0.31897262,2
gacs_emotional_shorts_02_VSj0URO1_s0008,gacs_emotional_shorts_02_VSj0URO1,emotional_shorts,joyful,-17.265505,-5.6353803,8.35633,12.035286,2.1154141,3.3966098,-1.6085345,1.9999583,-1.8528454,1.9449403,1.4883628,2.0184653,-1.2037383,0.20303452,2
gacs_emotional_shorts_02_VSj0URO1_s0009,gacs_emotional_shorts_02_VSj0URO1,emotional_shorts,joyful,-14.364982,-7.98889,6.903427,11.039663,-2.2336605,0.51817125,-2.6372213,2.1218612,-1.3540653,1.662207,2.7393503,1.3938323,-0.78773457,3.3105495,2
gacs_emotional_shorts_02_VSj0URO1_s0010,gacs_emotional_shorts_02_VSj0URO1,emotional_shorts,hopeful,-10.839779,-2.6527097,7.107925,6.5510254,-6.616424,0.75281,-1.785523,4.7105975,-1.1062423,-0.40198547,0.49111712,3.0290306,2.5482702,3.7840664,2
gacs_emotional_shorts_02_VSj0URO1_s0011,gacs_emotional_shorts_02_VSj0URO1,emotional_shorts,triumphant,-17.157646,-7.621405,5.506359,11.621573,3.7510364,3.6264207,-1.6148331,1.6951002,-0.99219924,3.085171,1.7050613,1.4041303,-2.2086442,1.623037,2
gacs_emotional_shorts_02_VSj0URO1_s0012,gacs_emotional_shorts_02_VSj0URO1,emotional_shorts,joyful,-10.610183,-8.275946,2.4963896,7.0762186,-4.2587028,0.16065061,-3.9819312,3.6206129,-2.2670927,3.9651303,0.54681003,-0.82197756,0.66446006,3.7665114,2
gacs_emotional_shorts_04_2SP-7Nm1_s0000,gacs_emotional_shorts_04_2SP-7Nm1,emotional_shorts,pensive,-6.579226,-2.8192384,-9.181608,-8.48344,-5.268062,-3.1994195,-2.6902807,4.5270815,-1.1486717,2.5114162,0.3783201,-1.2639518,6.2721386,1.3735628,2
gacs_emotional_shorts_04_2SP-7Nm1_s0001,gacs_emotional_shorts_04_2SP-7Nm1,emotional_shorts,calm,-5.86798,-2.8332262,-10.725992,-7.697285,-8.39344,-0.66723615,-4.1217937,3.4520524,0.25353053,-0.25984398,-1.9251505,-3.5147262,2.1730556,2.144943,2
gacs_emotional_shorts_04_2SP-7Nm1_s0002,gacs_emotional_shorts_04_2SP-7Nm1,emotional_shorts,happy,-16.467623,-3.3594882,1.7951177,14.40288,-0.4862195,3.7708852,-4.005231,0.7992939,-0.6182123,5.879798,1.5188465,3.3980763,0.21265963,-0.42368117,2
gacs_emotional_shorts_04_2SP-7Nm1_s0003,gacs_emotional_shorts_04_2SP-7Nm1,emotional_shorts,emotional,-14.162117,-4.3938575,3.5558474,6.590743,-0.8262053,0.5305019,-0.057311404,2.9146562,-6.258415,2.565237,5.0938025,1.085537,2.1207986,4.4798293,2
gacs_emotional_shorts_04_2SP-7Nm1_s0004,gacs_emotional_shorts_04_2SP-7Nm1,emotional_shorts,emotional,-17.599085,-3.8467762,8.999651,8.454776,2.8431227,3.1246827,0.3974424,1.865519,-3.870226,1.2241272,3.9394917,1.0406617,-1.3560754,1.3660829,2
gacs_movie_trailers_00_vt98AlBD_s0000,gacs_movie_trailers_00_vt98AlBD,movie_trailers,thoughtful,4.8996754,-4.071081,-3.6465433,2.082345,-10.833786,-3.8973336,7.6026254,-3.8496485,-3.647913,4.656553,6.003502,-3.2110622,0.1214204,0.9524618,1
gacs_movie_trailers_00_vt98AlBD_s0001,gacs_movie_trailers_00_vt98AlBD,movie_trailers,dark,7.9107122,-3.7005484,1.1426594,1.0087391,-7.9246926,-4.6697288,9.343038,-2.2748125,-2.8324733,1.5277132,-6.685344,3.5209322,3.489444,4.0905285,1
gacs_movie_trailers_00_vt98AlBD_s0002,gacs_movie_trailers_00_vt98AlBD,movie_trailers,dark,26.373295,0.95158535,6.29486,-3.936214,-3.1208477,7.1861815,3.530111,-1.569162,3.3887637,6.632439,-3.424991,3.994429,-0.89054924,-0.85960215,1
gacs_movie_trailers_00_vt98AlBD_s0003,gacs_movie_trailers_00_vt98AlBD,movie_trailers,mysterious,24.793531,-8.223844,13.782166,-3.0618434,-7.1396904,3.0344152,-0.3521663,0.6851764,-0.6702995,2.294452,-2.3591702,-2.1026874,1.9005495,2.0154343,1
gacs_movie_trailers_00_vt98AlBD_s0004,gacs_movie_trailers_00_vt98AlBD,movie_trailers,serious,-10.586177,3.5482485,6.361698,-5.5865016,0.7174269,-1.4388832,8.954949,1.1720128,-4.874357,-0.3617118,5.809717,-1.8496413,2.263572,5.762515,2
gacs_movie_trailers_00_vt98AlBD_s0005,gacs_movie_trailers_00_vt98AlBD,movie_trailers,whimsical,-15.321171,-5.054629,10.89161,8.266139,-1.0558225,-1.5575756,0.7465439,1.3230146,1.4905854,-0.90757173,-1.7424297,1.6909674,-3.0222542,1.6435764,2
gacs_movie_trailers_00_vt98AlBD_s0006,gacs_movie_trailers_00_vt98AlBD,movie_trailers,intense,8.65151,-10.451119,-2.8265078,1.1097873,2.4133155,-9.533459,4.623184,1.316648,2.5297608,-2.7937074,-5.009112,0.7585328,2.5053315,1.8037883,1
gacs_movie_trailers_00_vt98AlBD_s0007,gacs_movie_trailers_00_vt98AlBD,movie_trailers,chaotic,-10.883217,-8.716826,-1.8207651,8.443766,0.1846743,-5.1804633,3.9404993,0.50887734,1.5708987,0.24095924,-1.7654849,-0.83659893,0.8857158,1.3322334,2
gacs_movie_trailers_03_xg88QIaj_s0000,gacs_movie_trailers_03_xg88QIaj,movie_trailers,peaceful,-14.847564,2.0349896,8.943936,-6.7788625,4.4304433,-0.40941244,2.5429828,-3.3750522,6.5467467,-0.5193218,2.8284576,1.7831496,0.38542604,3.7409704,2
gacs_movie_trailers_03_xg88QIaj_s0001,gacs_movie_trailers_03_xg88QIaj,movie_trailers,energetic,-9.009068,-9.266559,0.5805999,5.8389683,0.23345166,-4.2904973,2.3961236,1.4139099,1.1491157,-1.6703385,-0.81158626,1.0818405,1.1652241,-1.5846509,2
gacs_movie_trailers_03_xg88QIaj_s0002,gacs_movie_trailers_03_xg88QIaj,movie_trailers,solemn,-9.389276,-3.1026523,1.8746444,-1.2443273,1.8817368,-3.0396295,1.571405,-0.85252595,2.864085,1.696207,3.072426,1.8922443,0.27722773,7.386193,2
gacs_movie_trailers_03_xg88QIaj_s0003,gacs_movie_trailers_03_xg88QIaj,movie_trailers,cold,17.903625,18.592327,-5.002589,2.0536008,3.8839955,4.2097077,4.043553,-2.2832217,5.5067368,0.5644855,-6.4816494,1.5431424,-1.962449,-0.7295486,0
gacs_movie_trailers_03_xg88QIaj_s0004,gacs_movie_trailers_03_xg88QIaj,movie_trailers,somber,-7.764869,13.620395,12.0156145,5.9473805,1.5956258,-5.707489,1.6109293,2.9446123,-2.3044858,-0.91562724,3.7520435,0.9757654,0.43285337,2.378501,2
gacs_movie_trailers_03_xg88QIaj_s0005,gacs_movie_trailers_03_xg88QIaj,movie_trailers,focused,10.302703,11.862407,-15.297194,5.499613,-0.43211094,0.15904574,-4.1540146,3.301494,-1.5279616,1.241889,-0.26851445,6.9789906,-2.4189036,0.27640224,0
gacs_movie_trailers_03_xg88QIaj_s0006,gacs_movie_trailers_03_xg88QIaj,movie_trailers,tense,9.7083025,0.16254511,-14.303018,-0.97114486,11.90902,-4.318829,4.518915,5.455297,-2.133251,7.369551,0.13356175,4.720305,2.0044641,-2.5828469,1
gacs_movie_trailers_03_xg88QIaj_s0007,gacs_movie_trailers_03_xg88QIaj,movie_trailers,tense,24.599333,-7.9213142,10.022059,-3.529452,5.7966795,2.902783,2.2011902,0.50566596,2.7917955,3.0574965,3.1175866,1.7232536,1.9513198,0.37232813,1
gacs_movie_trailers_03_xg88QIaj_s0008,gacs_movie_trailers_03_xg88QIaj,movie_trailers,tense,13.687682,-6.3438926,-7.8071637,5.760281,3.680855,-6.9921727,-0.07826588,4.803519,-3.554326,-1.4702879,4.7779675,4.7866096,6.742726,1.0948485,1
gacs_movie_trailers_03_xg88QIaj_s0009,gacs_movie_trailers_03_xg88QIaj,movie_trailers,hopeful,-12.285091,-7.939534,3.7234864,9.787565,-3.5309439,-2.3012562,1.9139138,0.6506748,2.9932487,2.6123219,1.3350571,1.7443477,-1.9510698,3.0373428,2
gacs_movie_trailers_03_xg88QIaj_s0010,gacs_movie_trailers_03_xg88QIaj,movie_trailers,heroic,1.2813354,-5.5538025,-1.9010581,5.7335405,-2.4325316,-9.050843,4.637181,0.7071465,3.6496308,0.08727615,-0.082930505,3.2234745,-0.6984054,2.529995,2
gacs_movie_trailers_03_xg88QIaj_s0011,gacs_movie_trailers_03_xg88QIaj,movie_trailers,joyful,-15.558835,-7.852126,5.95839,11.926888,1.0033493,2.8149195,-2.2347515,1.7439125,-1.0738693,1.8473754,0.80178154,0.8430123,-2.0263362,0.019703198,2
gacs_movie_trailers_03_xg88QIaj_s0012,gacs_movie_trailers_03_xg88QIaj,movie_trailers,serious,0.52146626,5.2681584,-2.8948529,-6.042289,2.8558033,-6.455137,7.184463,4.5493426,-4.079981,4.5437236,1.8590331,2.4230165,3.5147889,2.1444445,2
gacs_advertisements_01_gl2tglNL_s0000,gacs_advertisements_01_gl2tglNL,advertisements,positive,-13.141435,-3.78092,-11.93219,-0.0805659,-4.1388884,2.1987445,1.3800629,-1.7533783,6.683266,3.9084873,1.056808,2.4499507,-3.3086755,0.69965035,2
gacs_advertisements_01_gl2tglNL_s0001,gacs_advertisements_01_gl2tglNL,advertisements,calm,-1.2258228,-2.0031157,-18.035265,-3.790829,-5.9942803,1.0941911,-1.660536,2.1916392,7.798357,0.9194872,1.1502345,4.0572104,0.63129765,2.681593,2
gacs_advertisements_01_gl2tglNL_s0002,gacs_advertisements_01_gl2tglNL,advertisements,informational,-7.7244167,0.39964512,-6.437832,-12.754314,-1.4934417,0.65879506,-5.677345,0.7463666,0.6758504,-0.074941434,0.765423,1.2559786,0.91392815,2.3130212,2
gacs_advertisements_01_gl2tglNL_s0003,gacs_advertisements_01_gl2tglNL,advertisements,innovative,-5.95529,-1.9146302,-11.717168,-4.532297,-4.97423,-2.0648959,2.813055,0.44040668,6.3248005,3.0735393,4.356122,-1.9523907,-1.6279192,-1.0401477,2
gacs_advertisements_01_gl2tglNL_s0004,gacs_advertisements_01_gl2tglNL,advertisements,dynamic,-1.3234184,-1.6215942,-11.794956,-9.884756,-1.7162014,-3.4249084,2.503778,-2.8561463,5.960834,0.5487698,2.8313258,-3.093323,-1.5189142,1.3248954,2
gacs_advertisements_01_gl2tglNL_s0005,gacs_advertisements_01_gl2tglNL,advertisements,clean,-2.6792393,-1.9324194,-16.09584,-5.6728516,-9.254635,1.5565567,-0.5726784,-1.922899,6.9990554,1.4299426,3.5709212,1.4331671,-1.783665,0.5495399,2
gacs_advertisements_03_Uoj6rlUk_s0000,gacs_advertisements_03_Uoj6rlUk,advertisements,informative,-4.5979304,-0.029814472,-9.405867,-13.068804,-3.380579,-0.19111781,-2.5548615,1.5654484,3.873939,0.7846985,2.8269992,0.12130562,0.6402354,3.0100589,2
gacs_advertisements_03_Uoj6rlUk_s0001,gacs_advertisements_03_Uoj6rlUk,advertisements,elegant,-7.7767835,-1.4600104,-10.307885,-9.58174,-6.663074,2.2227,8.375874,2.1991787,0.006667384,0.39740738,6.673965,-6.610254,-4.6660547,-0.34982717,2
gacs_advertisements_03_Uoj6rlUk_s0002,gacs_advertisements_03_Uoj6rlUk,advertisements,calm,-6.2473946,-0.93896663,-14.363221,-3.2555256,-8.809823,-0.115478136,1.6441882,-0.29333243,6.4103975,3.78588,4.0742435,-2.7951372,-2.4951942,1.1355613,2
gacs_advertisements_03_Uoj6rlUk_s0003,gacs_advertisements_03_Uoj6rlUk,advertisements,elegant,-10.605424,-1.0689622,-8.490715,-5.9017777,-6.241606,1.5535538,8.624431,2.3488264,0.7160998,1.8572346,8.400238,-5.926354,-3.923418,-0.7219335,2
gacs_advertisements_03_Uoj6rlUk_s0004,gacs_advertisements_03_Uoj6rlUk,advertisements,elegant,-8.315925,-1.5382077,-5.7196217,-6.68121,-5.205986,1.0142676,11.5061865,2.2691703,-3.6834064,1.1238278,9.331561,-8.10081,-4.775167,-1.4861046,2
gacs_advertisements_03_Uoj6rlUk_s0005,gacs_advertisements_03_Uoj6rlUk,advertisements,elegant,-4.378582,-1.5295284,-12.721753,-9.05323,-8.0090885,0.3334333,4.482063,2.5514395,0.6133336,0.69202274,5.32651,-5.9252963,-3.4759972,0.05984601,2
gacs_advertisements_03_Uoj6rlUk_s0006,gacs_advertisements_03_Uoj6rlUk,advertisements,luxurious,-11.321865,2.256977,-7.940574,-10.064562,-5.344131,1.131388,4.0479093,-1.5029895,5.881396,2.7113514,4.3504133,-4.28263,-0.70681596,1.4324983,2
gacs_advertisements_03_Uoj6rlUk_s0007,gacs_advertisements_03_Uoj6rlUk,advertisements,luxurious,-5.807642,-1.7826388,-14.067475,-1.0453849,-7.7765117,0.6739453,3.9490213,0.91150975,4.682141,6.090351,4.922335,-5.9804163,-4.406295,0.8902046,2
gacs_advertisements_03_Uoj6rlUk_s0008,gacs_advertisements_03_Uoj6rlUk,advertisements,calm,-5.408623,-0.5423096,-12.899795,-4.064966,-9.246646,-1.7296557,0.88258344,-0.7435495,5.579744,3.4936624,5.6636505,-5.2080216,-2.2097633,-0.59956884,2
gacs_advertisements_03_Uoj6rlUk_s0009,gacs_advertisements_03_Uoj6rlUk,advertisements,elegant,-9.350888,-0.27756023,-10.924781,-7.9733996,-5.980984,2.2699084,7.424348,1.7639056,-2.4266107,2.4270425,7.137844,-6.5786242,-3.9033382,-0.8095308,2
gacs_advertisements_03_Uoj6rlUk_s0010,gacs_advertisements_03_Uoj6rlUk,advertisements,elegant,-9.667512,0.42870295,-8.777409,-10.921995,-5.3317804,0.8879779,2.4229312,0.8737042,0.8152802,3.051973,5.5228357,-4.820579,-1.9960968,-0.12110578,2
gacs_advertisements_03_Uoj6rlUk_s0011,gacs_advertisements_03_Uoj6rlUk,advertisements,sophisticated,-11.230248,-1.8517811,-7.3486276,-5.363306,-4.600645,1.9094602,3.617366,2.799367,4.838923,2.6826015,4.353893,-1.8541425,-0.045314137,0.8737526,2
gacs_advertisements_04_dGFPi5sZ_s0000,gacs_advertisements_04_dGFPi5sZ,advertisements,majestic,5.745942,-11.824681,17.166523,4.5019274,2.4979744,-8.414985,1.3508141,-2.2033987,1.3051537,-5.949723,3.2651613,-3.031164,1.2896311,1.8327026,1
gacs_advertisements_04_dGFPi5sZ_s0001,gacs_advertisements_04_dGFPi5sZ,advertisements,powerful,24.757183,-11.706152,10.796839,-0.7219894,0.42427,3.7650867,2.5613263,-1.7163382,2.1772218,-1.3994032,2.8688776,0.44234687,2.7872941,0.5720341,1
gacs_advertisements_04_dGFPi5sZ_s0002,gacs_advertisements_04_dGFPi5sZ,advertisements,adventurous,-3.5065558,-11.220876,1.5208907,8.360544,-1.6210655,-8.226397,1.9059422,2.7731857,2.849227,-2.8817036,-4.3622193,-2.8101223,0.377973,1.2685825,2
gacs_advertisements_04_dGFPi5sZ_s0003,gacs_advertisements_04_dGFPi5sZ,advertisements,adventurous,-11.994998,-7.2847147,4.107012,6.3373814,1.4700682,-4.8884387,-0.8626481,2.264444,2.6405175,-2.2110157,-3.7986867,-1.2659494,-0.8520981,-0.59028095,2
gacs_advertisements_04_dGFPi5sZ_s0004,gacs_advertisements_04_dGFPi5sZ,advertisements,dangerous,27.844242,0.65235716,8.2551775,-4.2827005,2.1057642,7.490053,2.4405077,1.5450537,4.601781,3.4250958,-1.4678713,2.5805738,-1.7607509,-0.59753907,1
gacs_advertisements_04_dGFPi5sZ_s0005,gacs_advertisements_04_dGFPi5sZ,advertisements,anticipatory,-7.9827175,-10.812975,8.6084,1.8196217,3.0176518,-6.6332073,-1.3211155,5.6186724,0.7289861,-3.1657987,-0.5665436,-3.2298143,-0.36880496,1.6629477,2
gacs_advertisements_04_dGFPi5sZ_s0006,gacs_advertisements_04_dGFPi5sZ,advertisements,adventurous,-7.5042515,-10.719979,6.2732215,4.8614316,3.392821,-7.352785,2.1034107,3.1995692,3.183027,-4.8753557,-2.9090514,-2.3637962,-0.35431743,1.8244387,2
gacs_advertisements_04_dGFPi5sZ_s0007,gacs_advertisements_04_dGFPi5sZ,advertisements,thrilling,-12.738327,-7.481402,12.557741,2.5083814,3.926398,-3.4144077,3.0378027,3.5042684,1.1516769,-5.323693,-1.6525222,-1.6165872,1.3804404,-0.34940147,2
gacs_advertisements_04_dGFPi5sZ_s0008,gacs_advertisements_04_dGFPi5sZ,advertisements,thrilling,-6.908026,-9.915473,13.469321,2.6413736,2.3888307,-6.8415008,2.4774117,2.2294166,3.326112,-7.55986,-1.1668767,-3.0364013,0.958647,-0.4432256,2
gacs_advertisements_04_dGFPi5sZ_s0009,gacs_advertisements_04_dGFPi5sZ,advertisements,majestic,-17.061762,4.8160157,8.422464,-5.313907,7.932574,-0.04296009,1.2844344,-4.433097,4.252978,0.32708177,2.413469,1.55717,1.042936,2.0081174,2
gacs_advertisements_04_dGFPi5sZ_s0010,gacs_advertisements_04_dGFPi5sZ,advertisements,exhilarating,-10.562531,-7.7215996,6.5426626,5.1356883,-0.051493585,-4.9899206,2.8266704,2.4030387,0.6368352,-4.0378537,-1.8291429,-2.7543242,0.05328512,-0.14716977,2
gacs_advertisements_04_dGFPi5sZ_s0011,gacs_advertisements_04_dGFPi5sZ,advertisements,exciting,-5.8846393,-11.339548,7.3640494,4.3155503,2.5443056,-7.501358,0.82923204,4.2563505,4.058802,-5.2975388,-3.4182138,-2.879385,2.8333137,-1.1138345,2
gacs_advertisements_04_dGFPi5sZ_s0012,gacs_advertisements_04_dGFPi5sZ,advertisements,exhilarating,-15.328448,-5.6165934,6.4595103,3.4839299,2.5736096,-1.1390347,4.1855073,2.7008111,-1.3774569,-2.5052848,-0.72620285,-2.0206127,-0.42688537,-0.78590643,2
gacs_animations_02_wuGj4Xgb_s0000,gacs_animations_02_wuGj4Xgb,animations,tranquil,-12.546496,8.69486,10.163524,-8.66671,3.024497,-4.1832404,2.98301,-4.603038,-1.6329383,-2.0748255,0.28324455,-0.6811511,-0.56547636,2.9471776,2
gacs_animations_02_wuGj4Xgb_s0001,gacs_animations_02_wuGj4Xgb,animations,serious,-5.1764216,8.983339,6.2758107,-5.8677883,-5.0313396,-7.7787285,-5.634145,-1.4404511,0.66204286,2.227939,-2.986721,-0.16905445,-0.15528555,2.3696656,2
gacs_animations_02_wuGj4Xgb_s0002,gacs_animations_02_wuGj4Xgb,animations,serious,6.664436,-1.2840195,-6.214571,3.6059282,1.8519164,-7.2451124,-0.3119952,2.5076673,2.653016,4.2213845,-6.937308,2.1230316,3.8709068,-0.73920137,1
gacs_animations_02_wuGj4Xgb_s0004,gacs_animations_02_wuGj4Xgb,animations,calm,-17.905859,3.9778612,1.2524008,-6.8320203,0.6783305,1.9026663,-1.3861525,-1.7963716,3.863565,2.7597501,3.4473438,-0.8039041,2.335449,0.90649766,2
gacs_animations_02_wuGj4Xgb_s0005,gacs_animations_02_wuGj4Xgb,animations,desperate,22.15327,-6.714532,5.979455,-2.48782,3.300271,-3.1681504,-4.5892224,4.4981146,2.9778676,-0.8457405,-1.2596419,-0.464944,-1.049834,0.7439945,1
gacs_animations_02_wuGj4Xgb_s0006,gacs_animations_02_wuGj4Xgb,animations,engaging,-16.688791,-1.6227561,1.5247145,-9.097572,-1.021998,4.799661,-0.049086586,3.2446587,-1.8765233,-2.7816582,-0.88093215,-4.019414,0.6652772,-4.942778,2
gacs_animations_02_wuGj4Xgb_s0007,gacs_animations_02_wuGj4Xgb,animations,thoughtful,-3.3396726,-0.6303009,-10.03241,-4.0559163,-5.759157,-4.7143188,-4.8058567,-0.23125274,2.7180033,3.6284895,4.2554765,0.9886334,-0.22972438,2.2157955,2
gacs_animations_02_wuGj4Xgb_s0008,gacs_animations_02_wuGj4Xgb,animations,observant,-7.649393,-1.5024812,-15.664629,-8.541905,0.5726108,1.0745314,-2.8388374,2.5862439,-4.2097354,4.608008,-0.8322548,-2.0333455,2.4389095,5.385971,2
gacs_animations_02_wuGj4Xgb_s0009,gacs_animations_02_wuGj4Xgb,animations,tense,5.694954,-11.221006,-9.324155,1.000704,7.611274,-10.065599,0.53326637,1.5704082,2.5941648,-1.9364585,-4.3643985,-1.4670634,3.3156228,1.8794425,1
gacs_animations_02_wuGj4Xgb_s0010,gacs_animations_02_wuGj4Xgb,animations,calm,-9.030703,3.3426545,-13.360109,-2.58375,6.759205,-2.85135,-0.5221957,1.3739128,-4.2655606,7.098294,2.5388412,-0.20053147,-4.0104027,2.7891629,2
gacs_animations_02_wuGj4Xgb_s0011,gacs_animations_02_wuGj4Xgb,animations,calm,-4.6801395,-0.9988757,-7.268954,-5.31819,3.1061363,-2.321422,4.23038,2.1852207,-14.258547,2.415981,-0.98561925,-3.618508,0.71723187,-0.19288479,2
gacs_animations_02_wuGj4Xgb_s0012,gacs_animations_02_wuGj4Xgb,animations,intense,27.898653,-4.9487405,11.744403,-6.112854,8.607245,4.4883695,1.017411,4.5764875,1.0193254,1.5321459,2.5568097,0.41130373,-0.83572644,-0.84190446,1
gacs_animations_03_NWQH8cMp_s0000,gacs_animations_03_NWQH8cMp,animations,somber,18.815725,-8.205853,1.9081509,2.652411,-5.322786,-0.52763504,4.9458723,-3.1720245,-1.2949158,2.9556775,-0.45048028,-0.17733315,2.654993,-1.5834131,1
gacs_animations_03_NWQH8cMp_s0001,gacs_animations_03_NWQH8cMp,animations,isolated,17.695091,15.095239,-5.05218,-0.48897332,-0.89207035,-1.3397942,2.2777581,-8.077872,-0.27274525,-1.4536813,-2.0733242,2.2751055,-1.3937517,-1.9127737,0
gacs_animations_03_NWQH8cMp_s0002,gacs_animations_03_NWQH8cMp,animations,mysterious,-14.4675255,7.3380523,9.307854,-5.1129827,-2.267345,-1.6428887,-0.9211781,-4.405724,-1.1592408,-2.5801446,-1.8782531,1.1052262,0.7182149,1.1410844,2
gacs_animations_03_NWQH8cMp_s0003,gacs_animations_03_NWQH8cMp,animations,dark,24.584484,-2.144417,6.4466686,-6.746124,-2.256764,4.9428816,3.2560692,1.560713,1.8240981,8.218334,-3.505274,2.672687,-0.44034314,0.3336593,1
gacs_animations_03_NWQH8cMp_s0004,gacs_animations_03_NWQH8cMp,animations,desolate,20.239914,5.3193884,6.132424,-5.646176,-9.420184,-1.4662892,1.6454624,-6.997032,-1.3866053,2.0432906,-3.6327553,1.2140003,-1.2075626,0.025128085,1
gacs_animations_03_NWQH8cMp_s0005,gacs_animations_03_NWQH8cMp,animations,calm,-11.342491,2.5313404,-5.139622,-8.127712,-3.4405384,1.3913729,-2.6941535,-2.4489439,-1.4178208,1.3093065,-2.1985977,-1.5029297,-1.4167026,-1.1623801,2
gacs_animations_03_NWQH8cMp_s0006,gacs_animations_03_NWQH8cMp,animations,alien,-10.876027,-0.45656344,8.7917595,-3.7701838,-2.2957737,-3.2331383,2.8047569,-6.0376854,3.8210728,-3.5914283,-0.71605957,1.130391,-0.6113336,6.7008214,2
gacs_animations_03_NWQH8cMp_s0007,gacs_animations_03_NWQH8cMp,animations,intense,25.745338,-5.4012384,-1.1602461,0.18060079,20.668585,2.531513,-6.9997306,0.22610284,2.0780602,-1.4226905,2.769554,-2.8926108,-4.25929,0.4861857,1
gacs_animations_03_NWQH8cMp_s0008,gacs_animations_03_NWQH8cMp,animations,distressed,11.132351,27.42195,-4.7188916,13.291991,-0.5225629,3.688468,2.5709798,2.7934592,1.2818773,-2.1479318,-0.58235824,-0.78755075,-0.67871696,2.0529814,0
gacs_animations_03_NWQH8cMp_s0009,gacs_animations_03_NWQH8cMp,animations,surprised,5.823715,-14.087568,3.3952339,8.8026285,-7.4267344,-3.6540647,-2.3408706,-3.1919672,-3.6963632,-2.506112,-1.4241115,-2.5756242,2.2594554,4.338738,1
gacs_animations_03_NWQH8cMp_s0010,gacs_animations_03_NWQH8cMp,animations,dynamic,16.608776,-5.0988326,2.1051323,-4.0979624,6.2109375,-4.7437606,0.1714123,5.427684,2.0780797,-2.870206,-2.6577961,1.9090492,-0.4050274,0.029280657,1
gacs_emotional_shorts_01_eSNLnjeu_s0000,gacs_emotional_shorts_01_eSNLnjeu,emotional_shorts,happy,-17.928793,-2.5936823,2.9923847,10.909875,-0.075649604,4.212222,-3.3129108,1.4088961,-0.64367825,5.0121355,0.6312851,2.4407666,2.1480412,-0.7729389,2
gacs_emotional_shorts_01_eSNLnjeu_s0001,gacs_emotional_shorts_01_eSNLnjeu,emotional_shorts,calm,-6.57507,-2.5920367,-4.51203,-10.785916,1.1371573,-0.6718408,-2.4898112,-0.24340628,-3.0409462,-4.5165963,-2.3825574,-0.3566906,2.2359657,-3.4260433,2
gacs_emotional_shorts_01_eSNLnjeu_s0002,gacs_emotional_shorts_01_eSNLnjeu,emotional_shorts,joyful,-14.16357,-3.2875748,1.7797984,12.449127,-0.30390078,2.7001991,-5.1075296,1.8485181,-1.0441248,4.0144777,-0.84425986,0.6967787,-0.5236773,-0.15036099,2
gacs_emotional_shorts_01_eSNLnjeu_s0003,gacs_emotional_shorts_01_eSNLnjeu,emotional_shorts,expectant,-16.306295,-3.8167913,-2.5652833,-4.0375967,2.7553182,3.242578,0.23620087,4.505254,-4.52664,3.8464816,-0.2501535,-1.7878014,2.0917678,3.164055,2
gacs_emotional_shorts_01_eSNLnjeu_s0004,gacs_emotional_shorts_01_eSNLnjeu,emotional_shorts,heartwarming,-17.228003,-1.5910536,3.2366555,3.8247461,0.06253632,1.7337513,-1.4689062,3.5082579,-2.4886773,1.215489,-1.9327921,0.4594888,3.1570947,0.5253922,2
gacs_emotional_shorts_01_eSNLnjeu_s0005,gacs_emotional_shorts_01_eSNLnjeu,emotional_shorts,heartwarming,-17.886496,-3.6753469,3.7663515,6.1125603,1.5876752,3.790767,-2.2538617,3.2356756,-2.3467357,2.2535844,-0.7833672,0.8383333,1.5238937,-0.6333001,2
gacs_emotional_shorts_01_eSNLnjeu_s0006,gacs_emotional_shorts_01_eSNLnjeu,emotional_shorts,caring,-17.352732,-1.2718958,1.8008116,-3.6856463,7.201201,3.6174471,-2.9743948,2.0711954,-1.7023392,2.4212406,-1.9088763,-1.9492785,4.5901575,0.4339758,2
gacs_emotional_shorts_02_HkidP4Ad_s0000,gacs_emotional_shorts_02_HkidP4Ad,emotional_shorts,friendly,-14.796793,-2.0279036,-0.30859676,-8.45485,-1.2912792,5.240467,-2.0475261,0.15589543,-2.180388,-1.1637807,0.20649414,-3.1534634,3.8127787,-2.8679569,2
gacs_emotional_shorts_02_HkidP4Ad_s0001,gacs_emotional_shorts_02_HkidP4Ad,emotional_shorts,happy,-15.923703,0.7695324,1.924067,7.648936,-1.1498768,3.2654462,-2.5817165,0.63793254,-2.9463677,3.6893609,3.8370712,0.6368839,0.53859156,-1.1968951,2
gacs_emotional_shorts_02_HkidP4Ad_s0002,gacs_emotional_shorts_02_HkidP4Ad,emotional_shorts,happy,-17.281605,-3.29296,2.95941,13.23192,3.0290103,4.888893,-2.9907384,0.093222655,-0.18995306,5.0112987,1.8898635,2.7883828,0.14682037,-1.4079548,2
gacs_emotional_shorts_02_HkidP4Ad_s0003,gacs_emotional_shorts_02_HkidP4Ad,emotional_shorts,joyful,-18.721777,-4.109746,6.0543647,6.0851445,1.4569813,4.9521255,-1.439463,1.228803,-2.022783,1.6195011,0.9511318,-0.39780945,0.49623856,-1.3609014,2
gacs_emotional_shorts_02_HkidP4Ad_s0004,gacs_emotional_shorts_02_HkidP4Ad,emotional_shorts,celebratory,-17.598593,-5.6036725,1.8469535,2.9113858,2.0208454,4.6627955,0.43789634,3.5303311,-3.528173,1.5499508,-0.106366575,-1.4671049,-0.9198932,-1.644136,2
gacs_emotional_shorts_03_k8-2leAo_s0000,gacs_emotional_shorts_03_k8-2leAo,emotional_shorts,informative,-11.424802,-4.808025,-4.050829,-4.0382433,-0.7615693,-1.0349741,-4.9740157,4.9400516,2.97758,1.9364319,0.8904089,-0.96560866,3.1557045,1.5807767,2
gacs_emotional_shorts_03_k8-2leAo_s0001,gacs_emotional_shorts_03_k8-2leAo,emotional_shorts,happy,-16.485207,-4.6314316,2.0285134,12.832243,0.21493787,2.8639607,-3.640764,1.5127696,-0.32929668,5.5569816,-0.14707515,2.3208063,-0.1805643,-1.6384401,2
gacs_emotional_shorts_03_k8-2leAo_s0002,gacs_emotional_shorts_03_k8-2leAo,emotional_shorts,energetic,-3.6205184,-5.3535256,-9.032348,19.171246,-10.886864,4.8917837,-2.5425882,-5.823466,-5.4764953,0.38721994,2.0959117,-0.61207134,0.85727745,-0.1723072,2
gacs_emotional_shorts_03_k8-2leAo_s0003,gacs_emotional_shorts_03_k8-2leAo,emotional_shorts,energetic,-19.313847,-3.3857896,2.7928483,3.7060134,1.2891551,3.0362985,-1.6944038,1.6637552,-1.560141,1.31663,-2.1156166,-1.057403,-1.1340914,-2.8484583,2
gacs_emotional_shorts_03_k8-2leAo_s0004,gacs_emotional_shorts_03_k8-2leAo,emotional_shorts,serious,-10.47561,-4.5608497,-9.1802025,-7.7330036,-6.8175507,0.23972958,-4.8706164,4.5619707,3.360446,1.1774304,-1.4844812,-1.3449777,2.5729687,3.8253703,2
gacs_emotional_shorts_03_k8-2leAo_s0005,gacs_emotional_shorts_03_k8-2leAo,emotional_shorts,cold,10.422869,29.093548,-5.818912,9.105668,1.8416824,6.0456944,3.2138972,1.8812574,5.8597736,-0.72017515,-3.9066172,-1.4490354,0.5073237,1.5474025,0
gacs_emotional_shorts_03_k8-2leAo_s0006,gacs_emotional_shorts_03_k8-2leAo,emotional_shorts,focused,-7.2133393,-1.0594542,-8.891024,-5.2622223,-5.060442,-2.6584802,-8.614932,-0.12664495,3.2000833,2.4231305,-1.9546523,1.26248,3.9730017,2.7601671,2
gacs_emotional_shorts_03_k8-2leAo_s0007,gacs_emotional_shorts_03_k8-2leAo,emotional_shorts,happy,-15.9928055,-4.0562654,-2.125258,12.103337,-5.835817,3.2128785,-4.912258,2.6948485,0.72959614,4.79788,-0.4733507,1.6821524,2.6478355,0.3331135,2
gacs_emotional_shorts_03_k8-2leAo_s0008,gacs_emotional_shorts_03_k8-2leAo,emotional_shorts,focused,-8.770373,-0.23555051,-12.98793,-5.701198,-7.1117554,-2.3643498,-6.638925,1.2637784,4.9637384,2.5492535,-0.49929008,0.26546624,5.1215005,-0.037084248,2
gacs_emotional_shorts_03_k8-2leAo_s0009,gacs_emotional_shorts_03_k8-2leAo,emotional_shorts,serious,-2.7510242,5.761538,-3.3864837,-13.503218,-3.6307793,-5.8941565,-9.303395,-1.1460706,3.1306708,0.28205892,1.0900849,0.42574504,3.246139,2.9611714,2
gacs_emotional_shorts_03_k8-2leAo_s0010,gacs_emotional_shorts_03_k8-2leAo,emotional_shorts,calm,-16.101484,-3.7331755,-5.892395,-2.866013,-1.8266312,2.1067772,-3.4012089,0.47163293,2.8297815,3.137143,0.25041872,0.5918384,3.128929,2.3229723,2
gacs_emotional_shorts_03_k8-2leAo_s0011,gacs_emotional_shorts_03_k8-2leAo,emotional_shorts,dedicated,-7.604726,-1.085444,-10.584787,-1.1348116,-5.128906,-2.8552377,-6.3083887,2.9815285,4.920781,5.733594,-0.6338672,1.5364971,4.5826845,2.7202077,2
gacs_emotional_shorts_03_k8-2leAo_s0012,gacs_emotional_shorts_03_k8-2leAo,emotional_shorts,happy,-10.076725,-8.058614,-4.115422,16.091852,-7.6337028,0.4170291,-5.5117307,1.619013,2.658728,3.6044323,1.8020781,1.638611,0.38451862,2.7617943,2
gacs_movie_trailers_01_OzY2r2JX_s0000,gacs_movie_trailers_01_OzY2r2JX,movie_trailers,calm,-4.939447,2.0040166,-3.7080722,-4.743697,-4.369558,-4.67984,9.186426,-4.5147023,1.7450432,3.5557907,4.2241035,0.8082597,-2.295078,1.1679244,2
gacs_movie_trailers_01_OzY2r2JX_s0001,gacs_movie_trailers_01_OzY2r2JX,movie_trailers,dark,19.116879,-0.1864313,1.9560798,-2.4562974,-4.2869396,-0.15592355,8.473555,-1.1359046,-1.3190094,6.6618557,-5.463655,5.2322283,3.9530714,-3.1433907,1
gacs_movie_trailers_02_EOwTdTZA_s0000,gacs_movie_trailers_02_EOwTdTZA,movie_trailers,dark,25.180199,13.011401,3.2639263,-0.9790761,-1.2947848,9.680969,6.3274984,0.3137055,5.6563926,2.3561437,-5.1330223,1.778786,-2.4802244,-1.3934801,0
gacs_movie_trailers_02_EOwTdTZA_s0001,gacs_movie_trailers_02_EOwTdTZA,movie_trailers,relaxed,-19.680292,-1.75148,2.872441,-4.0510964,0.075015426,3.1057453,-1.6708561,2.5568058,0.96150964,0.3894166,-0.26245546,-0.7506261,1.501931,-1.3091489,2
gacs_movie_trailers_02_EOwTdTZA_s0002,gacs_movie_trailers_02_EOwTdTZA,movie_trailers,uplifting,-3.8324866,-6.493963,3.5433283,11.29078,-1.5354601,-9.217982,3.2283401,0.2510052,2.7655559,2.1606908,3.806468,2.3827713,1.333339,7.003276,2
gacs_movie_trailers_02_EOwTdTZA_s0003,gacs_movie_trailers_02_EOwTdTZA,movie_trailers,intense,0.29438886,-4.968245,-12.391148,-3.250707,1.6701673,-7.5209765,6.5661535,5.174718,-1.6153175,0.66550416,-3.0672731,4.490664,4.8917465,-3.306761,2
gacs_movie_trailers_02_EOwTdTZA_s0004,gacs_movie_trailers_02_EOwTdTZA,movie_trailers,calm,-13.433393,10.03526,5.161431,-6.505348,2.882884,-1.6690644,1.8654759,-7.3260274,3.3746634,1.6547925,3.7188878,1.3958441,1.1276201,0.33221617,2
gacs_movie_trailers_02_EOwTdTZA_s0005,gacs_movie_trailers_02_EOwTdTZA,movie_trailers,joyful,-18.83741,-4.8418355,6.0287137,3.1532383,-0.63632685,3.5192623,-1.0832448,2.5491784,0.21656594,0.5845319,0.60101956,0.42304656,1.1176894,-1.9717478,2
gacs_movie_trailers_02_EOwTdTZA_s0006,gacs_movie_trailers_02_EOwTdTZA,movie_trailers,desolate,15.370855,25.651918,-3.2981756,4.730627,0.81342477,6.275442,4.228237,2.26043,5.2570963,-2.0823848,-4.2166953,-0.3561309,-2.688281,0.6842855,0
gacs_movie_trailers_02_EOwTdTZA_s0007,gacs_movie_trailers_02_EOwTdTZA,movie_trailers,urgent,18.30196,-6.575231,-2.9832032,0.60081005,1.2299585,-3.910755,-4.8544493,0.1822426,2.5081446,-2.662349,1.1280789,-0.27407113,0.19266784,0.18414366,1
gacs_movie_trailers_02_EOwTdTZA_s0008,gacs_movie_trailers_02_EOwTdTZA,movie_trailers,tense,26.731396,-6.5092416,8.127533,-1.0890763,5.8977695,-0.5122949,-5.627878,4.0410824,0.9647112,-3.1309276,3.9952524,0.73909885,-1.1029534,-2.2615342,1
gacs_movie_trailers_02_EOwTdTZA_s0009,gacs_movie_trailers_02_EOwTdTZA,movie_trailers,horrific,27.574644,-7.895346,12.728613,-7.0114484,0.29084992,5.8654804,1.998568,3.0795655,0.53283,-3.5666966,1.1370472,0.92950064,1.8176403,0.16462554,1
gacs_advertisements_00_KJ2Mbmrx_s0000,gacs_advertisements_00_KJ2Mbmrx,advertisements,contemplative,3.9886496,-5.1566668,-4.1652293,-0.88628715,1.4677784,-10.789652,3.5129275,3.9866061,-0.33848342,0.71146685,0.9442212,3.1945708,3.524079,-1.7218934,1
gacs_advertisements_00_KJ2Mbmrx_s0001,gacs_advertisements_00_KJ2Mbmrx,advertisements,industrial,1.4381686,-2.9172432,-18.777498,-5.978867,-5.4312396,0.85004336,1.4052905,-2.2437148,3.1193316,-3.4197686,0.9889591,2.6681132,-1.0197203,-2.2069352,2
gacs_advertisements_00_KJ2Mbmrx_s0002,gacs_advertisements_00_KJ2Mbmrx,advertisements,dramatic,4.955749,3.3239105,4.417386,-2.8831618,-4.0640173,-12.765456,2.0260525,-5.810377,-3.4929945,1.5117233,0.25721085,0.029817386,3.067159,0.8211011,1
gacs_advertisements_00_KJ2Mbmrx_s0003,gacs_advertisements_00_KJ2Mbmrx,advertisements,mysterious,-9.466018,12.944174,9.117136,-6.023211,-3.600892,-4.2600794,-1.8171866,-4.6531043,-3.8467536,-1.1473756,-1.150643,2.0993235,0.8558962,-1.6762289,2
gacs_advertisements_00_KJ2Mbmrx_s0004,gacs_advertisements_00_KJ2Mbmrx,advertisements,dramatic,22.102133,-9.93967,10.977208,-1.962903,-2.743473,-1.7220637,1.3675953,1.3043544,0.8254603,2.3395212,-0.77299166,-0.80971754,4.843669,0.31623346,1
gacs_advertisements_00_KJ2Mbmrx_s0005,gacs_advertisements_00_KJ2Mbmrx,advertisements,elegant,-10.755257,1.0626683,-8.974626,-9.835701,-4.629865,1.3582634,8.603145,-0.950521,-2.3367863,0.11192195,6.1491632,-2.7918456,-5.348264,-3.5721738,2
gacs_advertisements_00_KJ2Mbmrx_s0006,gacs_advertisements_00_KJ2Mbmrx,advertisements,mysterious,-3.6453218,13.115977,9.094479,0.38635322,-4.8924956,-6.9494357,-2.2247555,-3.831484,-5.9878836,-0.8154437,-0.7439674,2.477122,0.32215032,-0.39493346,2
gacs_advertisements_00_KJ2Mbmrx_s0007,gacs_advertisements_00_KJ2Mbmrx,advertisements,intense,0.48358437,-6.08919,-12.353179,-5.994301,-4.1825027,-6.7728815,6.7531056,2.484676,3.6666746,2.8824706,5.7660074,0.43418956,-2.8642802,-0.70668215,2
gacs_advertisements_00_KJ2Mbmrx_s0008,gacs_advertisements_00_KJ2Mbmrx,advertisements,intense,8.825076,-13.368763,-6.204963,3.714807,11.351912,-5.8813868,4.5921464,1.2849272,0.96455646,-0.3334793,0.32138732,0.36584908,3.2310662,0.0044553704,1
gacs_advertisements_00_KJ2Mbmrx_s0009,gacs_advertisements_00_KJ2Mbmrx,advertisements,intense,18.147818,-14.791636,-7.3833866,-5.5755677,16.355185,2.2547953,2.511339,-1.8398033,0.72665906,1.9746991,0.13369273,-3.2481027,0.37851736,0.9301635,1
gacs_advertisements_00_KJ2Mbmrx_s0010,gacs_advertisements_00_KJ2Mbmrx,advertisements,melancholic,-0.501491,9.791173,7.262828,-0.60907334,-2.2250776,-11.41333,0.93511724,-3.006517,-4.933507,-0.0045278333,2.5328078,1.33518,-0.0047470145,-2.515256,2
gacs_advertisements_00_KJ2Mbmrx_s0011,gacs_advertisements_00_KJ2Mbmrx,advertisements,tense,25.656092,-9.437633,7.570344,-5.9613395,4.1242566,3.9816208,2.789688,0.1565152,1.5806851,2.6163285,2.331449,1.1221222,1.5289168,0.3513249,1
gacs_advertisements_00_KJ2Mbmrx_s0012,gacs_advertisements_00_KJ2Mbmrx,advertisements,intense,6.1979904,12.074221,-8.134058,-11.332497,-1.5702453,-7.648232,-5.990739,-8.246335,-2.302346,0.6539609,0.860516,2.79793,-2.1270885,-3.257221,0
gacs_advertisements_00_KJ2Mbmrx_s0013,gacs_advertisements_00_KJ2Mbmrx,advertisements,intense,6.8569975,-3.4675841,-11.457569,2.5119662,-4.9105153,-3.4293716,7.0442724,-0.5267123,-1.8406179,3.8260746,-0.56362486,4.061865,3.6510942,-6.1154966,1
gacs_advertisements_00_KJ2Mbmrx_s0014,gacs_advertisements_00_KJ2Mbmrx,advertisements,intense,9.923342,-5.543349,-18.421413,-3.5562365,10.420253,-0.7478718,1.4788393,-1.9034625,2.2172036,1.6578069,1.3847373,5.985372,-4.025846,-0.42588645,1
gacs_advertisements_00_KJ2Mbmrx_s0015,gacs_advertisements_00_KJ2Mbmrx,advertisements,intense,-2.406814,-11.89916,-4.7434626,4.9346576,0.21088997,-4.61185,6.0767617,-1.4580115,2.7966092,-2.4310644,3.6328478,-0.27260524,1.5736468,-0.44775555,2
gacs_advertisements_00_KJ2Mbmrx_s0016,gacs_advertisements_00_KJ2Mbmrx,advertisements,intense,15.123809,-12.997616,-6.251774,-3.8220885,13.183508,-4.3255177,2.4567108,1.2986033,1.1130283,0.01788096,0.038389668,1.4920782,-0.28272238,0.7630852,1
gacs_advertisements_00_KJ2Mbmrx_s0017,gacs_advertisements_00_KJ2Mbmrx,advertisements,intense,11.237754,-15.10408,-1.961953,-0.3766063,11.308435,-5.0264454,3.1912768,2.4060369,0.5627094,-2.12665,0.18014382,0.6325235,3.2111278,-2.1785,1
gacs_advertisements_00_KJ2Mbmrx_s0018,gacs_advertisements_00_KJ2Mbmrx,advertisements,futuristic,-2.819166,-7.0376706,-6.585754,-2.8205833,-4.3328195,-4.4985957,9.577551,1.0494473,4.1170716,-0.022838322,0.9539883,-1.3413969,-2.2711694,-0.24394397,2
gacs_advertisements_00_KJ2Mbmrx_s0019,gacs_advertisements_00_KJ2Mbmrx,advertisements,intense,-1.3444861,-8.563458,1.5299009,2.6309729,-5.448738,-6.0234065,8.929721,-4.143782,1.2065178,-1.7640585,3.138619,1.178738,-0.22203575,5.0969334,2
gacs_advertisements_00_KJ2Mbmrx_s0020,gacs_advertisements_00_KJ2Mbmrx,advertisements,mysterious,-3.8372948,8.161558,8.292095,-3.1595101,-7.6230397,-9.474056,0.023050772,-3.4865448,-5.2771006,-0.5365358,-0.59742355,1.0590122,-1.0416499,0.052941196,2
gacs_advertisements_00_KJ2Mbmrx_s0021,gacs_advertisements_00_KJ2Mbmrx,advertisements,futuristic,24.415758,-3.8351824,9.56198,-7.4649224,0.619373,5.0076237,5.4950786,0.81828874,1.6781197,5.619865,0.58053344,1.7726685,-3.2885747,1.0257983,1
gacs_advertisements_00_KJ2Mbmrx_s0022,gacs_advertisements_00_KJ2Mbmrx,advertisements,tense,5.529605,5.7936273,-5.2472086,-5.7459984,3.9795382,-9.859735,-1.1332146,-4.8033466,-5.361535,1.8364276,1.9798857,2.4963036,-3.0414767,-4.151109,1
gacs_advertisements_00_KJ2Mbmrx_s0023,gacs_advertisements_00_KJ2Mbmrx,advertisements,intense,13.178255,-9.508872,-15.8854885,2.8744628,27.638119,7.627833,1.9291593,-8.635322,1.5686972,-0.2719768,-0.25068024,-1.315827,-1.3397552,2.6488643,1
gacs_advertisements_00_KJ2Mbmrx_s0024,gacs_advertisements_00_KJ2Mbmrx,advertisements,chaotic,12.413707,-6.3492904,-16.82192,-0.5772243,24.950706,9.543003,4.6697655,-9.37644,3.9304712,0.77070606,-1.7974489,-0.7108878,-3.9009383,3.1239462,1
gacs_advertisements_00_KJ2Mbmrx_s0025,gacs_advertisements_00_KJ2Mbmrx,advertisements,serious,-3.04861,12.627927,-1.7803246,-2.1434596,-3.3349292,-8.3805,-3.2409163,-3.4997492,-3.8077204,3.9236662,1.122754,1.7754104,0.64895046,-6.4048867,2
gacs_advertisements_00_KJ2Mbmrx_s0026,gacs_advertisements_00_KJ2Mbmrx,advertisements,dramatic,21.010832,14.958076,11.766891,1.2989259,1.5088729,0.43451115,4.0953746,4.8366203,2.2429981,2.4340851,-0.7103915,1.3463681,-2.6198473,0.7832248,0
gacs_advertisements_00_KJ2Mbmrx_s0027,gacs_advertisements_00_KJ2Mbmrx,advertisements,dreamy,-15.772082,7.82513,12.210361,-3.7683365,2.063809,-1.7041562,0.19360335,-5.2762246,2.4654298,-2.2833984,1.2217305,1.1574402,-0.3650545,0.62800074,2
gacs_advertisements_00_KJ2Mbmrx_s0028,gacs_advertisements_00_KJ2Mbmrx,advertisements,calm,-15.20733,11.023892,9.672537,-7.6843424,4.065665,-1.3649423,-1.1310949,-6.835545,3.227855,-1.6340289,1.8583405,0.17795138,1.74718,0.6366188,2
gacs_advertisements_00_KJ2Mbmrx_s0029,gacs_advertisements_00_KJ2Mbmrx,advertisements,nostalgic,-17.498898,7.2641478,11.775929,-5.177993,4.54226,1.9535155,0.8725409,-3.3170986,1.6837562,-4.0071435,1.4401737,1.6196243,1.448494,-1.9999992,2
gacs_advertisements_00_KJ2Mbmrx_s0030,gacs_advertisements_00_KJ2Mbmrx,advertisements,cool,-12.287605,1.4737883,-3.0160356,-8.234734,-3.8023136,-2.4696505,-5.8428893,-0.67164963,3.4396176,2.5373652,0.675527,-3.4225087,-1.9833866,-5.301871,2
gacs_advertisements_00_KJ2Mbmrx_s0031,gacs_advertisements_00_KJ2Mbmrx,advertisements,cool,-13.386516,0.9829963,-2.8457654,-9.3092165,-1.9741154,-2.1313136,-2.1687374,-0.21181056,3.0731776,2.783209,3.5879576,-5.1330104,-4.410802,-4.37554,2
gacs_advertisements_00_KJ2Mbmrx_s0032,gacs_advertisements_00_KJ2Mbmrx,advertisements,nostalgic,-8.512083,-0.3481009,8.380722,7.119423,-5.9851375,-6.2402806,3.0728772,0.15579267,-1.0856475,-5.3370233,-2.218087,-0.03538221,-2.8903887,-1.6195537,2
gacs_advertisements_00_KJ2Mbmrx_s0033,gacs_advertisements_00_KJ2Mbmrx,advertisements,energetic,-8.89409,-9.108618,2.8245826,6.2628026,0.26368722,-5.649547,5.527231,1.9861144,1.2190858,-2.9272716,-1.970947,1.574536,1.8341349,-0.5181578,2
gacs_advertisements_00_KJ2Mbmrx_s0034,gacs_advertisements_00_KJ2Mbmrx,advertisements,nostalgic,-18.434484,2.6824222,10.288243,2.7380438,1.6210923,0.31742048,-0.78082025,-0.68589175,1.7581885,-1.5811667,0.34705925,1.857488,-1.1141102,-2.8803403,2
gacs_advertisements_00_KJ2Mbmrx_s0035,gacs_advertisements_00_KJ2Mbmrx,advertisements,nostalgic,-6.073854,3.8613226,16.552109,-5.062213,1.5436949,-7.27628,-1.2866801,-1.0649184,0.597109,-0.4536346,-0.33238924,-1.4161397,-6.6075034,0.7077351,2
gacs_advertisements_00_KJ2Mbmrx_s0036,gacs_advertisements_00_KJ2Mbmrx,advertisements,nostalgic,-17.648657,1.8349267,7.8419414,-2.4644873,1.3712814,1.1043228,1.6009065,-1.8419809,1.8314464,-3.1958015,0.8821546,1.0016649,-2.415152,-4.5606785,2
gacs_advertisements_00_KJ2Mbmrx_s0037,gacs_advertisements_00_KJ2Mbmrx,advertisements,nostalgic,-12.7595005,-2.696539,10.144773,2.2871988,-3.4679718,-5.0496044,-0.4261116,1.0404958,1.7398372,-4.0006213,-1.5952879,-1.0061772,-3.4365273,-1.666459,2
gacs_advertisements_00_KJ2Mbmrx_s0038,gacs_advertisements_00_KJ2Mbmrx,advertisements,nostalgic,-18.578102,0.5825069,12.275129,0.60764533,4.574756,2.5148897,0.8695875,0.4854704,1.5303676,-3.7788582,1.0751182,1.034875,-0.8014072,-4.785304,2
gacs_advertisements_00_KJ2Mbmrx_s0039,gacs_advertisements_00_KJ2Mbmrx,advertisements,nostalgic,-17.696175,0.583479,10.319545,2.120141,1.7496736,-0.12887636,0.400014,1.0852047,1.2581718,-2.4971797,0.21438763,1.5484158,-0.95646393,-3.4922042,2
gacs_advertisements_00_KJ2Mbmrx_s0040,gacs_advertisements_00_KJ2Mbmrx,advertisements,nostalgic,-2.7394629,2.8463097,3.4643855,11.074934,-1.7397722,-5.262776,3.9763432,-0.121679395,-4.602633,-6.3392687,1.5716819,4.105475,-0.5345072,-0.3579697,2
gacs_advertisements_00_KJ2Mbmrx_s0041,gacs_advertisements_00_KJ2Mbmrx,advertisements,nostalgic,-19.075052,1.3965265,9.708211,0.8130105,3.3209412,2.5101376,0.31204686,-0.039245773,2.060607,-1.6650298,1.3084269,1.8580928,-0.26940796,-2.796397,2
gacs_advertisements_00_KJ2Mbmrx_s0042,gacs_advertisements_00_KJ2Mbmrx,advertisements,nostalgic,-16.843157,0.78947103,10.387885,3.8998868,-1.5092949,-1.1178721,1.8590145,-0.8224778,0.82868135,-2.8277063,0.19471572,2.2419405,-1.0580316,-2.0468025,2
gacs_advertisements_00_KJ2Mbmrx_s0043,gacs_advertisements_00_KJ2Mbmrx,advertisements,nostalgic,-15.1707325,-0.034300014,12.078487,5.6419334,-1.7071333,-2.5365205,2.965121,-0.87665683,-0.037237115,-3.7729757,0.30181172,2.7813382,-1.1994203,-1.4047495,2
gacs_advertisements_00_KJ2Mbmrx_s0044,gacs_advertisements_00_KJ2Mbmrx,advertisements,luxurious,-13.81335,-4.159316,-1.9022382,0.50466967,-3.5267181,-1.9026449,3.1559415,1.1383578,2.7505994,1.6550572,1.1148623,-4.5339675,-3.6185546,-2.384415,2
gacs_advertisements_00_KJ2Mbmrx_s0045,gacs_advertisements_00_KJ2Mbmrx,advertisements,intense,-1.5522084,-13.169239,-1.5184151,2.9752536,1.9077883,-9.722072,5.7537518,3.4752414,1.7620829,-2.8157732,-3.5325751,-3.3738792,4.219587,-1.0952821,2
gacs_advertisements_00_KJ2Mbmrx_s0046,gacs_advertisements_00_KJ2Mbmrx,advertisements,cool,-12.641661,1.7207518,-2.8998704,-8.689819,-3.4199924,-2.1192312,-5.569172,-0.8627067,3.2867768,2.2996867,0.3985898,-3.5723922,-1.6959409,-4.9995685,2
gacs_advertisements_00_KJ2Mbmrx_s0047,gacs_advertisements_00_KJ2Mbmrx,advertisements,cool,-14.342244,2.7749527,-0.8962982,-6.542338,-3.98815,-1.4786185,-3.7898674,0.34336114,3.1606295,2.1362345,0.1374953,-4.5779223,-1.094164,-5.1835246,2
gacs_advertisements_00_KJ2Mbmrx_s0048,gacs_advertisements_00_KJ2Mbmrx,advertisements,nostalgic,-18.133293,3.4190629,10.047105,1.6441115,0.08944306,0.68324226,0.9244103,-1.5155249,0.86922115,-3.1441464,1.2183231,1.2541513,-1.1776861,-3.5621405,2
gacs_advertisements_00_KJ2Mbmrx_s0049,gacs_advertisements_00_KJ2Mbmrx,advertisements,nostalgic,-14.205236,0.48672307,12.047628,8.976364,-0.55978066,-3.5351152,2.364356,-1.4630257,0.12749058,-2.7063966,1.0659081,3.1993763,-1.7292665,-0.1948362,2
gacs_advertisements_00_KJ2Mbmrx_s0050,gacs_advertisements_00_KJ2Mbmrx,advertisements,dynamic,-11.442356,-9.339685,2.6758032,-0.48052746,0.53623927,-6.5651646,0.6942425,1.8464164,4.0637746,-5.35712,-5.3670197,-3.9487584,0.8082379,-2.6088443,2
gacs_advertisements_00_KJ2Mbmrx_s0051,gacs_advertisements_00_KJ2Mbmrx,advertisements,cool,-13.444426,3.264509,-0.49928275,-8.377984,-3.2569897,-1.6591518,-4.8124294,-0.6795815,3.0079088,1.5328865,1.0884379,-4.056951,-2.5625334,-5.4311175,2
gacs_advertisements_00_KJ2Mbmrx_s0052,gacs_advertisements_00_KJ2Mbmrx,advertisements,cheerful,-18.915731,-2.082641,5.5273743,-3.0173757,3.2343564,4.9048724,1.0884513,2.0537562,-1.2059121,-1.321085,0.47022158,-0.43280327,-0.8482315,-5.0610824,2
gacs_advertisements_00_KJ2Mbmrx_s0053,gacs_advertisements_00_KJ2Mbmrx,advertisements,relaxed,-19.788134,1.6154728,5.594923,-5.20565,3.2266033,3.9919543,-2.5565228,-1.2113007,4.120527,-1.7638259,-1.760975,-1.5797727,-1.0147154,-4.3944826,2
gacs_advertisements_00_KJ2Mbmrx_s0054,gacs_advertisements_00_KJ2Mbmrx,advertisements,warm,-20.772837,-0.787539,6.9528747,-2.57334,3.663963,4.81251,-0.33626226,-0.553384,1.5592883,-0.65632373,-0.2124224,1.1130396,-0.27960595,-1.9264029,2
gacs_advertisements_00_KJ2Mbmrx_s0055,gacs_advertisements_00_KJ2Mbmrx,advertisements,cool,-15.480981,2.2398782,1.3919977,-8.841843,-1.0741208,-0.30918598,-4.067317,0.21590796,4.3497653,1.3679143,0.6044937,-3.8455887,-0.76910114,-3.551288,2
gacs_advertisements_00_KJ2Mbmrx_s0056,gacs_advertisements_00_KJ2Mbmrx,advertisements,playful,-19.636162,-1.9608387,5.059731,-0.33346635,3.526557,2.8337312,-1.8739552,1.4336776,2.5978882,2.6097476,1.216361,0.18495892,-0.7053309,-1.8551892,2
gacs_advertisements_00_KJ2Mbmrx_s0057,gacs_advertisements_00_KJ2Mbmrx,advertisements,intimate,-2.7922492,8.122577,-4.2837224,-6.609387,-5.4309707,-4.8302994,-6.8410864,-3.9713583,-6.19637,0.8095939,1.8261756,-0.16367702,1.5666882,-4.9609113,2
gacs_advertisements_00_KJ2Mbmrx_s0058,gacs_advertisements_00_KJ2Mbmrx,advertisements,glamorous,-10.149481,-3.292937,-5.9346976,-7.1897516,-3.5205965,0.56334174,4.781553,4.1860113,-3.8437018,1.8232164,4.766362,-5.245365,-3.4757192,-3.2382061,2
gacs_advertisements_00_KJ2Mbmrx_s0059,gacs_advertisements_00_KJ2Mbmrx,advertisements,joyful,-14.656761,-5.9369755,4.9772525,12.729419,1.0692333,0.99011385,0.026164506,1.2746904,-0.58275825,3.529968,4.7105255,0.041413452,-2.9875638,-1.1070918,2
gacs_advertisements_00_KJ2Mbmrx_s0060,gacs_advertisements_00_KJ2Mbmrx,advertisements,confident,-3.1251912,-4.5327225,-6.43187,4.3244586,2.2125723,-2.995547,6.1768823,2.620741,-0.2779203,5.4998136,7.9169765,-5.4947386,-8.344628,-3.3443568,2
gacs_advertisements_00_KJ2Mbmrx_s0061,gacs_advertisements_00_KJ2Mbmrx,advertisements,confident,-5.4910464,-5.876274,-5.6599827,0.92303574,-2.8858356,-6.0219193,7.1832714,2.304344,-0.5599654,3.8378122,6.2491074,-5.7626905,-4.6681657,-0.607026,2
gacs_advertisements_00_KJ2Mbmrx_s0062,gacs_advertisements_00_KJ2Mbmrx,advertisements,glamorous,-12.37027,-3.2544131,-1.8149575,-1.4068372,1.3309703,-0.96357644,7.753262,3.1332605,-0.5329472,3.689408,6.7046924,-6.2870817,-5.8413467,-4.0633383,2
gacs_advertisements_00_KJ2Mbmrx_s0063,gacs_advertisements_00_KJ2Mbmrx,advertisements,glamorous,-11.368977,-3.228167,-2.6422296,0.13366777,-0.31692076,-0.6533428,6.402997,3.4761968,-1.4941293,3.0911095,7.94573,-5.3734384,-4.8509254,-1.8808066,2
gacs_advertisements_00_KJ2Mbmrx_s0064,gacs_advertisements_00_KJ2Mbmrx,advertisements,glamorous,-11.412973,-3.3903852,-1.9258552,-4.5119176,-2.5182004,0.2461076,4.973721,5.564151,-3.2287164,1.0459929,4.9453425,-4.5791087,-4.103193,-4.4177237,2
gacs_advertisements_00_KJ2Mbmrx_s0065,gacs_advertisements_00_KJ2Mbmrx,advertisements,vibrant,-14.137039,-6.756092,4.850122,8.239466,3.119348,-3.082987,3.252161,2.322485,0.36059994,1.9266049,3.9780135,-2.2613802,-2.0653617,1.9772446,2
gacs_advertisements_00_KJ2Mbmrx_s0066,gacs_advertisements_00_KJ2Mbmrx,advertisements,casual,-15.953858,-2.3552992,1.1808393,-4.2506995,-4.7621036,0.5010658,-0.24558686,1.9871994,-1.6155794,-0.32597244,-1.064558,-1.8669039,0.10286194,-4.9086947,2
gacs_advertisements_00_KJ2Mbmrx_s0067,gacs_advertisements_00_KJ2Mbmrx,advertisements,vibrant,-12.00566,-8.427975,4.7511706,8.028722,1.2699186,-2.895992,5.361888,0.71882737,1.3821902,1.1390784,1.8178918,0.4080255,-1.944827,-0.02558662,2
gacs_advertisements_00_KJ2Mbmrx_s0068,gacs_advertisements_00_KJ2Mbmrx,advertisements,professional,-4.1657043,-5.8836036,-7.970635,1.9033016,-3.6230483,-2.4747822,3.1112025,4.873685,2.272724,3.0377595,7.543165,-2.1375983,-4.2444367,-1.3151995,2
gacs_advertisements_00_KJ2Mbmrx_s0069,gacs_advertisements_00_KJ2Mbmrx,advertisements,futuristic,-15.329736,7.178417,7.6525016,-8.745399,4.284888,-0.7950651,1.2033746,-5.0995274,2.9186394,-1.043705,2.9961038,-0.14173923,0.91626376,-0.8209063,2
gacs_advertisements_00_KJ2Mbmrx_s0070,gacs_advertisements_00_KJ2Mbmrx,advertisements,confident,-4.063387,-4.7532663,-9.072066,2.3906758,4.446958,-2.8833513,6.94119,1.9801062,1.0136254,7.1203737,7.4031453,-6.837489,-7.729645,-0.897178,2
gacs_advertisements_00_KJ2Mbmrx_s0071,gacs_advertisements_00_KJ2Mbmrx,advertisements,dreamy,11.788683,-1.2439141,4.908949,3.590093,-5.771347,-9.634473,-0.9141683,-9.653735,-4.104327,-3.4453135,-0.025809439,0.88619274,-2.8377566,1.2598691,1
gacs_advertisements_00_KJ2Mbmrx_s0072,gacs_advertisements_00_KJ2Mbmrx,advertisements,luxurious,-7.1138754,-1.4888618,-7.162177,0.1155875,-1.8778995,-1.832835,6.20711,0.7226621,1.25688,6.1760025,8.211155,-6.934106,-5.507362,-0.45831004,2
gacs_advertisements_00_KJ2Mbmrx_s0073,gacs_advertisements_00_KJ2Mbmrx,advertisements,confident,-6.454918,-2.0339031,-6.8979707,2.859805,0.2640551,-1.3565645,6.3511715,1.8500421,0.8107768,6.766658,9.023111,-5.5377326,-6.988634,-1.8534318,2
gacs_advertisements_00_KJ2Mbmrx_s0074,gacs_advertisements_00_KJ2Mbmrx,advertisements,playful,-17.25502,-5.8917723,5.5604024,3.1802635,0.65822643,1.7958379,1.0116396,1.8338224,-0.79541224,-2.7610161,-6.2148185,-0.04189405,-2.6916459,-3.35094,2
gacs_advertisements_00_KJ2Mbmrx_s0075,gacs_advertisements_00_KJ2Mbmrx,advertisements,confident,-4.5795794,-5.4635577,-6.999549,3.2711747,5.0621614,-3.1893208,6.4111977,2.2516258,0.6899177,6.1881385,7.5943513,-6.291701,-7.0401335,-0.16552803,2
gacs_advertisements_00_KJ2Mbmrx_s0076,gacs_advertisements_00_KJ2Mbmrx,advertisements,glamorous,-11.485093,-3.0204268,-2.432969,-0.40079919,-1.9989724,-0.12847544,7.517964,4.363438,-1.6594528,1.6202577,7.8498216,-3.875502,-4.6108003,-3.1466892,2
gacs_advertisements_00_KJ2Mbmrx_s0077,gacs_advertisements_00_KJ2Mbmrx,advertisements,glamorous,-14.883314,-2.828991,0.262953,-1.7071872,-0.46500126,-0.40443328,5.724684,1.2813685,-0.8844227,1.0989512,4.8887844,-4.0766134,-4.178832,-2.8022695,2
gacs_advertisements_00_KJ2Mbmrx_s0078,gacs_advertisements_00_KJ2Mbmrx,advertisements,sleek,10.77318,-3.7015023,-3.7711298,1.2560846,-4.6200924,-4.858324,9.716174,0.8846257,-0.9522104,2.6825829,-2.5337336,3.7614014,4.480219,-7.8738136,1
gacs_advertisements_00_KJ2Mbmrx_s0079,gacs_advertisements_00_KJ2Mbmrx,advertisements,luxurious,-11.512575,-7.3052735,3.4223318,0.4989893,-1.5242109,-5.7107363,2.6806462,2.0520191,3.4367604,-5.579015,-3.8902228,-5.7377377,0.5983431,-3.201036,2
gacs_advertisements_00_KJ2Mbmrx_s0080,gacs_advertisements_00_KJ2Mbmrx,advertisements,moody,3.266034,21.271015,5.393379,-4.5458,0.7577243,-8.00025,-5.408893,-6.319403,-1.2426926,1.0696048,-0.18550597,3.1828659,-0.7113169,-3.0221982,0
gacs_advertisements_00_KJ2Mbmrx_s0081,gacs_advertisements_00_KJ2Mbmrx,advertisements,mysterious,-5.1480975,5.1196113,10.670132,7.3443723,-1.9056271,-4.2905927,6.6007023,3.4951675,-5.448501,2.0680358,-1.3973236,6.95234,1.6452014,-0.5162622,2
gacs_advertisements_00_KJ2Mbmrx_s0082,gacs_advertisements_00_KJ2Mbmrx,advertisements,intimate,6.9504833,27.140808,3.0295942,4.359009,0.29569396,-5.2148976,-2.6513014,-0.36932498,-1.1635863,-0.9355834,-1.2941729,0.44029272,-1.9268827,-1.5898632,0
gacs_advertisements_00_KJ2Mbmrx_s0083,gacs_advertisements_00_KJ2Mbmrx,advertisements,contemplative,11.393513,29.620235,0.9823497,8.073564,3.1190908,0.24270017,0.31347144,2.8553588,1.9171108,-1.9232295,-0.1902571,-3.3859305,-0.6624521,-0.28964594,0
gacs_advertisements_00_KJ2Mbmrx_s0084,gacs_advertisements_00_KJ2Mbmrx,advertisements,mysterious,4.8940873,16.66245,7.859446,0.31150103,-4.322563,-8.1227045,-3.4056554,-3.5052671,-6.7069926,0.20883574,-1.9898574,2.1574202,-1.2614944,-0.7718484,0
gacs_advertisements_00_KJ2Mbmrx_s0085,gacs_advertisements_00_KJ2Mbmrx,advertisements,contemplative,5.3558793,4.7197022,0.55199486,3.7866704,2.7703085,-13.069565,-3.2415702,1.5494184,-6.152619,1.9343172,1.9964695,4.0871077,1.162448,-2.69208,1
gacs_advertisements_00_KJ2Mbmrx_s0086,gacs_advertisements_00_KJ2Mbmrx,advertisements,focused,0.30441165,6.7072835,-5.297069,-8.530886,-1.2425916,-8.658839,-8.708316,-1.5165175,-2.1498232,2.31581,-1.179966,2.9332337,-1.6395105,-2.3940947,2
gacs_advertisements_00_KJ2Mbmrx_s0087,gacs_advertisements_00_KJ2Mbmrx,advertisements,somber,9.650929,26.608751,4.603157,7.8545847,1.0414065,-4.642694,-2.555635,1.3652486,-0.20019275,-2.9150662,-1.1033291,-0.07844027,-2.1715817,-2.393268,0
gacs_advertisements_00_KJ2Mbmrx_s0088,gacs_advertisements_00_KJ2Mbmrx,advertisements,contemplative,10.294641,29.815506,1.139922,8.149607,3.2126021,-0.39354205,0.7198604,2.6756427,1.3185965,-1.5284691,0.3168567,-2.9783943,-0.5983092,-0.34644923,0
gacs_advertisements_00_KJ2Mbmrx_s0089,gacs_advertisements_00_KJ2Mbmrx,advertisements,intimate,9.483382,28.475378,-2.3565347,7.2618213,2.2626767,-2.901421,-2.5582912,0.5850067,-2.9361134,0.24823934,0.37155572,1.2317433,-2.4149969,-2.83871,0
gacs_advertisements_00_KJ2Mbmrx_s0090,gacs_advertisements_00_KJ2Mbmrx,advertisements,serious,7.839597,30.803658,-5.338402,6.0216737,0.2096493,2.9633737,0.1907135,-0.21509308,3.7483816,-1.2233242,-1.4838246,-3.3779802,0.95683295,0.17976797,0
gacs_advertisements_00_KJ2Mbmrx_s0091,gacs_advertisements_00_KJ2Mbmrx,advertisements,focused,2.503743,12.745488,-2.184313,-7.5825806,0.80639154,-8.553173,-5.618988,-2.7577276,-5.2786007,2.8614879,0.3810048,1.8062887,-0.5464577,-1.4147623,0
gacs_advertisements_00_KJ2Mbmrx_s0092,gacs_advertisements_00_KJ2Mbmrx,advertisements,contemplative,4.978187,2.8337622,-2.3982847,-8.5113325,-4.395821,-7.8852506,-4.439545,3.0980196,-5.460486,1.6948314,1.4188408,0.17482114,0.22971466,-1.2641774,2
gacs_advertisements_00_KJ2Mbmrx_s0093,gacs_advertisements_00_KJ2Mbmrx,advertisements,intimate,20.205917,1.761376,10.031582,-4.6587143,-0.6210561,-3.931107,-4.3124175,0.061897404,-1.2833079,-0.026573647,-3.9645169,1.4849051,-8.00176,0.62895805,1
gacs_advertisements_00_KJ2Mbmrx_s0094,gacs_advertisements_00_KJ2Mbmrx,advertisements,contemplative,10.390059,29.618979,0.79078907,9.410985,5.00429,0.2983496,0.74514395,3.626246,1.2410669,-2.2436817,0.51862067,-3.0247035,-0.72994816,0.06458289,0
gacs_advertisements_00_KJ2Mbmrx_s0095,gacs_advertisements_00_KJ2Mbmrx,advertisements,contemplative,12.083682,28.565016,1.1836517,10.689537,1.1724161,-0.34772903,0.63942975,3.5519164,-0.2633256,-4.014819,1.1487734,-3.007417,0.11564726,-0.6104262,0
gacs_advertisements_00_KJ2Mbmrx_s0096,gacs_advertisements_00_KJ2Mbmrx,advertisements,chaotic,27.6776,-5.978178,8.230411,2.992649,1.0033097,2.778741,-5.6055036,1.9243624,1.7545754,-5.0638294,3.088618,0.3044913,-0.6432107,-3.205441,1
gacs_advertisements_00_KJ2Mbmrx_s0097,gacs_advertisements_00_KJ2Mbmrx,advertisements,peaceful,-13.715907,3.9222498,6.232375,-10.923762,4.417671,0.56460685,0.067243986,-4.0008326,5.6040287,-2.4556198,0.9578812,0.70336455,1.5335002,1.4880315,2
gacs_advertisements_00_KJ2Mbmrx_s0098,gacs_advertisements_00_KJ2Mbmrx,advertisements,melancholic,11.455514,6.2840815,12.208909,-0.9547981,-3.4009492,-11.289852,-5.942749,-3.5491977,0.20276485,-0.20042697,-3.7195485,-0.2808101,-7.0702643,0.92500496,1
gacs_advertisements_00_KJ2Mbmrx_s0099,gacs_advertisements_00_KJ2Mbmrx,advertisements,serene,-15.888755,8.948778,11.531662,-2.8861604,5.138081,-0.6392161,-0.07472089,-2.9710028,1.6914768,-1.6692132,2.8652909,2.434025,1.1694851,-1.8839712,2
gacs_advertisements_00_KJ2Mbmrx_s0100,gacs_advertisements_00_KJ2Mbmrx,advertisements,contemplative,1.1849736,24.746809,2.8490996,2.770611,4.4545627,-6.1850286,-1.1560247,-0.929946,-1.5868835,0.029013071,1.0861944,3.767745,-1.5167296,-0.86967343,0
gacs_advertisements_00_KJ2Mbmrx_s0101,gacs_advertisements_00_KJ2Mbmrx,advertisements,lighting,-3.0716767,-7.270973,-15.702244,-1.5568994,-7.565882,0.9025949,-0.39652842,3.0186284,7.2717533,-0.057597842,2.3696709,2.401095,2.0901694,6.017159,2
gacs_advertisements_00_KJ2Mbmrx_s0102,gacs_advertisements_00_KJ2Mbmrx,advertisements,serene,-9.965693,8.206214,10.295293,-10.683858,1.2984498,-4.844497,0.6312553,-6.0816,1.6126262,-2.588353,2.3146765,1.9147985,0.37160316,0.86782724,2
gacs_advertisements_00_KJ2Mbmrx_s0103,gacs_advertisements_00_KJ2Mbmrx,advertisements,mysterious,8.674935,6.389332,11.461432,4.9413867,-2.054496,-5.214429,5.0653324,7.0004272,-7.0461698,1.651932,-3.4614422,6.7762623,1.8211638,-1.7495255,1
gacs_advertisements_00_KJ2Mbmrx_s0104,gacs_advertisements_00_KJ2Mbmrx,advertisements,dramatic,18.57947,-9.88175,-1.6210046,6.8869543,12.792899,-0.085585795,-1.4084376,-1.5906852,3.249562,-1.8531889,3.0359523,3.3852565,2.2411318,-3.6085958,1
gacs_advertisements_00_KJ2Mbmrx_s0105,gacs_advertisements_00_KJ2Mbmrx,advertisements,bright,-4.866369,-10.464989,-0.41280594,11.385875,5.228524,-5.211871,3.3412142,-3.9777544,0.809096,3.117481,1.8954688,-0.82525575,-2.815641,3.0894773,2
gacs_advertisements_00_KJ2Mbmrx_s0106,gacs_advertisements_00_KJ2Mbmrx,advertisements,mysterious,-2.0079353,11.527411,14.991254,7.8585434,-3.5530791,-8.612818,2.5571249,-1.8272065,-4.9166107,-3.9191303,0.9856819,3.6168745,-1.298626,1.5238117,2
gacs_advertisements_00_KJ2Mbmrx_s0107,gacs_advertisements_00_KJ2Mbmrx,advertisements,magical,-14.483331,-1.124346,10.793277,2.7823744,0.3221182,-3.8014195,4.0489607,-1.756897,1.704881,-2.3426268,0.043872222,2.9958687,-1.794445,2.4264781,2
gacs_advertisements_00_KJ2Mbmrx_s0108,gacs_advertisements_00_KJ2Mbmrx,advertisements,mysterious,-10.66389,-3.294438,6.645313,4.1106114,-4.6421394,-3.1888165,6.9117904,0.7637904,-5.0184684,1.2373186,3.5607805,0.5836027,-3.1807237,2.2221513,2
gacs_advertisements_00_KJ2Mbmrx_s0109,gacs_advertisements_00_KJ2Mbmrx,advertisements,dreamy,-3.347017,-5.340565,8.735729,7.014387,-7.4703913,-8.665174,2.644782,-3.5716765,0.26313767,-2.2341335,0.6826077,1.6389915,-2.1519299,1.2336949,2
gacs_advertisements_00_KJ2Mbmrx_s0110,gacs_advertisements_00_KJ2Mbmrx,advertisements,intense,12.617439,29.284037,-0.19626774,4.9891453,1.5533011,-1.0082985,1.380155,1.5067921,-0.35283417,-1.0553603,-2.1844525,-0.03034932,-1.0789733,-0.6280047,0
gacs_advertisements_00_KJ2Mbmrx_s0111,gacs_advertisements_00_KJ2Mbmrx,advertisements,chaotic,17.639738,-10.009157,-4.2941055,4.3726444,8.153504,0.8822384,5.3929033,-3.6367936,3.4820883,-3.9065168,4.0808525,3.3455532,3.6172514,-0.9166284,1
gacs_advertisements_00_KJ2Mbmrx_s0112,gacs_advertisements_00_KJ2Mbmrx,advertisements,dramatic,12.679382,-9.5724535,-4.3310685,10.706872,10.912066,-1.878601,2.9657972,-5.714959,0.97047305,-2.697181,3.8252466,0.87470245,1.6959697,-3.0894148,1
gacs_advertisements_00_KJ2Mbmrx_s0113,gacs_advertisements_00_KJ2Mbmrx,advertisements,mysterious,23.050901,-1.7312799,14.233607,-1.4196948,-2.86615,1.6634519,1.6828573,4.1857443,0.14437573,4.629676,-0.22740486,2.9987266,0.3629261,1.9601545,1
gacs_advertisements_00_KJ2Mbmrx_s0114,gacs_advertisements_00_KJ2Mbmrx,advertisements,intense,10.735781,-0.03946632,-3.972865,-0.7671675,-3.675128,-5.2537746,12.188011,0.9945478,-3.208034,5.1571174,-1.7354255,4.9621553,5.5410256,-8.592,1
gacs_advertisements_00_KJ2Mbmrx_s0115,gacs_advertisements_00_KJ2Mbmrx,advertisements,glamorous,-13.503943,-1.7164797,-0.71347815,-0.4933897,0.42100072,-0.49715894,6.348329,4.770006,-0.9314838,3.9033995,5.86731,-5.4934945,-5.4484653,-3.5124512,2
gacs_advertisements_00_KJ2Mbmrx_s0116,gacs_advertisements_00_KJ2Mbmrx,advertisements,mysterious,-6.737197,-3.8339086,8.799922,8.151864,-5.834583,-5.3389173,2.48334,2.1114225,-1.535299,0.98013437,-2.166134,3.2043211,0.6085005,2.1724477,2
gacs_advertisements_00_KJ2Mbmrx_s0117,gacs_advertisements_00_KJ2Mbmrx,advertisements,mysterious,1.3460552,7.9980597,10.34546,9.255607,-4.3783236,-4.1945553,3.409182,4.851292,-6.361527,2.3725386,-3.4238498,7.125385,2.2222936,-0.5260495,2
gacs_advertisements_00_KJ2Mbmrx_s0118,gacs_advertisements_00_KJ2Mbmrx,advertisements,dark,19.120338,9.991233,0.9303917,-0.56791,-10.074482,-2.3117332,0.5816296,-6.1683664,-1.7425807,4.55674,-5.941734,2.7681985,0.22725925,-1.5297911,1
gacs_advertisements_00_KJ2Mbmrx_s0119,gacs_advertisements_00_KJ2Mbmrx,advertisements,mysterious,0.0933784,10.951961,11.09935,0.57416964,-6.143549,-9.144003,0.074931405,-1.4051557,-5.8255954,-0.07916764,-2.3130786,3.8239024,0.5812031,-1.4069223,2
gacs_advertisements_00_KJ2Mbmrx_s0120,gacs_advertisements_00_KJ2Mbmrx,advertisements,confident,-2.7378876,-4.296481,-4.336853,-1.0330374,-5.068545,-4.8567553,10.096301,2.17808,-3.07013,2.0422208,2.2465105,-2.001683,-3.5066273,-4.12043,2
gacs_advertisements_00_KJ2Mbmrx_s0121,gacs_advertisements_00_KJ2Mbmrx,advertisements,confident,-3.9019866,-5.645422,-5.5570006,2.6107388,-3.8961172,-5.9295144,6.167575,0.52001566,1.1733501,4.5107017,7.2111015,-2.9173732,-5.834485,-0.25919315,2
gacs_advertisements_00_KJ2Mbmrx_s0122,gacs_advertisements_00_KJ2Mbmrx,advertisements,serious,13.401869,28.046064,-4.506119,11.168766,2.2653098,2.2918916,0.32711133,3.336965,5.406313,-1.6603744,-1.2632196,-4.5482616,1.7345855,0.7679196,0
gacs_advertisements_00_KJ2Mbmrx_s0123,gacs_advertisements_00_KJ2Mbmrx,advertisements,confident,2.2829669,-3.3246,-3.1528418,5.2317777,-5.7875347,-6.3396053,3.489204,1.1183003,-1.0256271,10.020711,3.3791647,-2.6597931,-4.604406,-2.0344386,2
gacs_advertisements_00_KJ2Mbmrx_s0124,gacs_advertisements_00_KJ2Mbmrx,advertisements,mysterious,10.795444,30.560162,-0.6882272,10.116656,1.2661152,3.0477872,2.4245508,2.3496861,2.674531,-2.9536328,-0.84205467,-3.5997355,1.1527658,0.55641985,0
gacs_advertisements_00_KJ2Mbmrx_s0125,gacs_advertisements_00_KJ2Mbmrx,advertisements,anticipatory,-5.517255,-11.166286,6.981118,12.827822,2.8104,-2.5444868,0.87992084,1.5831813,0.2679212,0.35718992,3.592486,-0.4017507,0.018607788,2.498958,2
gacs_advertisements_00_KJ2Mbmrx_s0126,gacs_advertisements_00_KJ2Mbmrx,advertisements,exciting,-10.068835,-10.702393,5.3605194,9.797296,3.0509114,-1.0926824,0.060315173,2.0220652,0.652734,2.1616037,4.257181,-1.9933476,-3.0012856,1.4318966,2
gacs_advertisements_00_KJ2Mbmrx_s0127,gacs_advertisements_00_KJ2Mbmrx,advertisements,exciting,-9.63671,-10.554281,5.800381,11.064376,3.2654107,-0.9206847,-0.8164129,1.8651274,0.16411997,1.8127056,3.6129913,-1.8964982,-2.7212176,0.9833213,2
gacs_advertisements_00_KJ2Mbmrx_s0128,gacs_advertisements_00_KJ2Mbmrx,advertisements,exciting,-8.947089,-9.828094,-4.547369,5.172201,-3.819133,-1.475669,0.521902,3.1035903,4.697617,1.0227808,1.9011089,-3.6991765,-1.387661,1.1503098,2
gacs_advertisements_00__JhBOf0O_s0000,gacs_advertisements_00__JhBOf0O,advertisements,serene,-15.259383,2.9571729,5.892847,-8.021788,3.1957686,-0.43633762,2.6403034,-3.4865782,4.415917,-1.7313488,2.7479734,-0.19372016,0.8714279,1.031275,2
gacs_advertisements_00__JhBOf0O_s0001,gacs_advertisements_00__JhBOf0O,advertisements,melancholic,19.26917,2.4261832,-1.913697,-3.3835993,2.9766083,3.1637416,0.51875204,2.4118817,1.335182,-2.675852,3.5085733,4.526832,-1.673443,0.89241713,1
gacs_advertisements_00__JhBOf0O_s0002,gacs_advertisements_00__JhBOf0O,advertisements,serene,-12.514224,2.171326,-1.3620982,-8.965236,-3.8743412,-1.1760676,6.317756,-0.49192253,4.5160856,1.7060524,6.8486824,-4.9507933,-1.5564833,-1.2927439,2
gacs_advertisements_00__JhBOf0O_s0003,gacs_advertisements_00__JhBOf0O,advertisements,serene,-14.477115,2.042537,7.6102695,-10.255073,2.0829706,-0.32850084,2.508376,-2.596965,1.6914567,-3.9656818,1.6029358,0.8383176,-0.37117824,2.4585443,2
gacs_advertisements_00__JhBOf0O_s0004,gacs_advertisements_00__JhBOf0O,advertisements,calm,-16.56981,5.2020373,5.4686823,-7.55671,3.4669518,0.3084264,1.0401034,-3.8521767,5.996261,0.0014070773,2.7059956,0.30652148,1.1842797,0.769703,2
gacs_advertisements_00__JhBOf0O_s0005,gacs_advertisements_00__JhBOf0O,advertisements,luxurious,-11.462039,-0.06314433,2.197938,-9.502648,-1.2200179,-1.2216936,6.3126116,-3.0832474,2.7343154,-0.3492526,4.8574195,-3.132409,-1.9485185,2.3589456,2
gacs_advertisements_00__JhBOf0O_s0006,gacs_advertisements_00__JhBOf0O,advertisements,serene,-16.417294,1.0325792,7.479033,-4.818319,1.4340225,-0.5925313,2.0655653,-3.2414446,2.7925925,-1.4495922,2.6784835,1.8679547,-0.9944526,-0.47692853,2
gacs_advertisements_00__JhBOf0O_s0007,gacs_advertisements_00__JhBOf0O,advertisements,curious,-0.5738152,-2.6922066,-6.475525,2.1340945,-4.7708535,-7.1707587,-5.4288244,-5.622965,-3.3633652,1.6011606,-3.376017,-2.9189014,-3.2683883,-0.47431266,2
gacs_advertisements_00__JhBOf0O_s0008,gacs_advertisements_00__JhBOf0O,advertisements,vibrant,-9.401252,-8.277239,-3.1184974,1.3427919,-1.6813128,-3.25607,4.9676886,1.683815,2.992041,-0.14100544,3.50436,-3.2275279,-1.9255537,1.8514755,2
gacs_advertisements_00__JhBOf0O_s0009,gacs_advertisements_00__JhBOf0O,advertisements,luxurious,-5.2910585,-7.511187,-5.4331913,1.1663202,0.17311597,-2.2041245,5.9110093,0.32113543,2.843343,0.7628641,2.7824228,-2.905613,-2.5284553,1.0269904,2
gacs_advertisements_00__JhBOf0O_s0010,gacs_advertisements_00__JhBOf0O,advertisements,serene,-14.956947,0.3621674,8.124963,-4.867625,5.5970554,0.44554645,3.2272675,-2.9610834,4.000558,-3.3427227,2.7859616,0.016052477,-0.12062757,0.3943525,2
gacs_advertisements_00__JhBOf0O_s0011,gacs_advertisements_00__JhBOf0O,advertisements,serene,-16.521662,3.0150676,7.549682,-4.465518,3.0289974,0.38687387,0.45769182,-2.7656355,3.6793919,0.10381821,1.6494462,1.0814661,0.7903846,2.158796,2
gacs_advertisements_00_a1ROkzHN_s0000,gacs_advertisements_00_a1ROkzHN,advertisements,dark,9.821561,1.4089203,-6.3326745,3.499366,-10.419525,-0.31443244,5.917283,-2.5437791,0.84190583,9.481146,-1.6011792,1.4848586,1.6750398,-4.2930675,1
gacs_advertisements_00_a1ROkzHN_s0001,gacs_advertisements_00_a1ROkzHN,advertisements,sleek,-2.689283,-0.83215773,-10.128039,-4.8961463,-11.334894,-2.9209158,0.61275226,0.15993081,6.06403,1.5921327,3.1742098,-3.309613,0.54318285,-2.1288486,2
gacs_advertisements_00_a1ROkzHN_s0002,gacs_advertisements_00_a1ROkzHN,advertisements,sleek,-2.7568247,0.083424285,-9.644332,-3.6645017,-5.0787206,-3.4271595,7.5241623,-5.6500945,3.9315002,-0.41566563,2.9395857,-0.3330453,-1.6154438,2.4068153,2
gacs_advertisements_00_a1ROkzHN_s0003,gacs_advertisements_00_a1ROkzHN,advertisements,sleek,10.039791,-1.7764275,-5.85551,2.0182502,-9.029818,-4.17368,8.553737,-3.7052517,1.5910034,5.3431196,-0.8437223,2.9496162,1.1787454,-2.3441877,1
gacs_advertisements_00_a1ROkzHN_s0004,gacs_advertisements_00_a1ROkzHN,advertisements,minimalist,3.835121,2.0479722,-18.816425,-9.357983,-1.1262447,6.016388,6.6920915,-4.1262035,3.8442924,-0.91135705,5.812168,3.6572886,-5.808995,0.7478356,2
gacs_advertisements_00_a1ROkzHN_s0005,gacs_advertisements_00_a1ROkzHN,advertisements,mysterious,-14.8645,4.9190607,11.557736,-5.2733927,0.47803035,-1.2651008,2.264497,-3.7262712,1.0125176,-3.196169,1.5521868,0.41560283,-0.13799168,0.37374204,2
gacs_advertisements_00_a1ROkzHN_s0006,gacs_advertisements_00_a1ROkzHN,advertisements,futuristic,-8.1854925,-6.3793144,-5.9417286,1.6479106,-2.4664218,0.33495238,6.2639437,1.8619877,2.9933772,1.8153129,3.640211,-2.6433606,-5.4018135,-3.6889253,2
gacs_advertisements_00_a1ROkzHN_s0007,gacs_advertisements_00_a1ROkzHN,advertisements,futuristic,1.0478209,-7.8497415,-4.5673714,4.538369,-3.8496597,-3.0825899,8.404057,-3.563466,2.6460164,2.8689816,1.7035748,-1.4857851,-3.5887892,-0.09921224,2
gacs_advertisements_00_a1ROkzHN_s0008,gacs_advertisements_00_a1ROkzHN,advertisements,futuristic,-3.6344697,-7.7049856,-6.298689,0.5361804,-2.8002398,-1.4257323,7.784997,0.7119851,3.6036105,-0.38294905,5.3034263,-2.3072186,-4.3004613,0.19797346,2
gacs_advertisements_00_a1ROkzHN_s0009,gacs_advertisements_00_a1ROkzHN,advertisements,sleek,1.0401022,-1.3011963,-12.897752,3.283096,-8.665218,-3.074532,4.3976064,-0.50670016,3.8336463,6.5647626,2.5585685,-0.029075066,0.14802556,-4.1184173,2
gacs_advertisements_00_a1ROkzHN_s0010,gacs_advertisements_00_a1ROkzHN,advertisements,sleek,-8.841196,1.6382807,-6.6547017,1.6535474,-6.894115,-0.5621971,-1.1139538,-2.136515,5.314453,2.6861715,2.290013,0.91626525,2.8204823,-2.9816062,2
gacs_advertisements_00_a1ROkzHN_s0011,gacs_advertisements_00_a1ROkzHN,advertisements,minimal,-3.1341953,-1.9130863,-10.862903,-2.9496665,-7.667812,-3.1087775,4.9556212,1.4500566,7.8561277,3.9026856,5.0348086,-4.580875,-4.5556307,-2.0904536,2
gacs_advertisements_00_a1ROkzHN_s0012,gacs_advertisements_00_a1ROkzHN,advertisements,festive,-18.486403,-1.4246045,6.71694,9.266765,5.6265187,3.770748,-0.45696813,0.5702986,0.613162,3.464625,0.19803378,3.996417,-2.5903113,-2.1736026,2
gacs_advertisements_00_a1ROkzHN_s0013,gacs_advertisements_00_a1ROkzHN,advertisements,vibrant,-17.120913,-3.4744806,4.728569,2.3723855,3.0837789,0.8882114,4.7747803,-0.2562041,1.4687076,1.8439071,0.8177724,0.8123917,-3.620808,0.14175354,2
gacs_advertisements_00_a1ROkzHN_s0014,gacs_advertisements_00_a1ROkzHN,advertisements,dreamy,-4.849305,-9.602431,2.0134704,9.713114,-5.3231406,-6.686394,1.7604978,-2.30362,0.6555441,-1.6192652,-0.14849591,-0.3678871,-3.2322416,3.290301,2
gacs_advertisements_00_a1ROkzHN_s0015,gacs_advertisements_00_a1ROkzHN,advertisements,futuristic,-5.1708145,-6.180567,-6.1369796,-1.0066966,0.054350987,0.068619624,11.186777,0.43873778,2.8489404,-0.21256663,3.2732234,-1.8242807,-6.83951,-2.217458,2
gacs_advertisements_00_a1ROkzHN_s0016,gacs_advertisements_00_a1ROkzHN,advertisements,vibrant,-5.7148943,-3.958102,-6.851145,3.2668295,-5.8032875,-4.3729057,3.4494715,1.146518,3.135283,1.821324,1.5545326,-1.0542567,0.6048802,-0.88814694,2
gacs_advertisements_00_a1ROkzHN_s0017,gacs_advertisements_00_a1ROkzHN,advertisements,intense,-0.06692535,-4.3882337,-12.907644,-1.2680249,-2.6545284,-5.5566964,7.1686525,-1.4936472,5.272871,0.57493037,6.2505207,-1.2519059,-1.3963362,-1.9549558,2
gacs_advertisements_00_a1ROkzHN_s0018,gacs_advertisements_00_a1ROkzHN,advertisements,dark,25.495665,-5.1799536,7.411833,-5.585699,2.963574,5.465666,3.965112,1.5049429,4.2005153,5.757748,0.7762396,3.06862,1.9346645,-0.2691907,1
gacs_advertisements_00_a1ROkzHN_s0019,gacs_advertisements_00_a1ROkzHN,advertisements,mysterious,6.2979393,-7.4497576,3.8798466,2.3002625,-5.6158195,-1.8578441,9.861163,-0.6566188,-3.9136221,3.6468375,-0.28997585,2.5195272,-0.76803166,3.0645173,1
gacs_advertisements_00_a1ROkzHN_s0020,gacs_advertisements_00_a1ROkzHN,advertisements,sleek,-2.1179602,-3.4962823,-11.107898,-1.9122565,-7.5725985,-1.9026872,7.5337715,1.8973635,6.100098,3.4157758,5.0055647,-4.2593203,-2.9406023,-2.2800004,2
gacs_advertisements_00_a1ROkzHN_s0021,gacs_advertisements_00_a1ROkzHN,advertisements,atmospheric,-15.2902775,9.768005,10.1588955,-6.664323,5.853048,-0.48934135,0.2573426,-4.683857,2.3202455,-1.8988656,2.429661,1.3700732,1.8460886,-0.8717445,2
gacs_advertisements_00_a1ROkzHN_s0022,gacs_advertisements_00_a1ROkzHN,advertisements,dark,25.820023,-0.06885911,5.700002,-2.6530142,-5.94684,8.55572,4.476681,-3.3373258,4.697557,5.67418,-2.9197538,3.0312796,-0.3592214,-1.5495998,1
gacs_advertisements_00_a1ROkzHN_s0023,gacs_advertisements_00_a1ROkzHN,advertisements,sleek,-4.0724587,-0.16477785,-13.072354,-1.5674795,-10.269104,0.54585713,0.31387886,0.9927709,8.407253,1.8878194,3.471675,-2.3798792,0.5973213,-4.092388,2
gacs_advertisements_01_-BNuA8XD_s0000,gacs_advertisements_01_-BNuA8XD,advertisements,confident,-6.015743,-2.742411,-10.139229,-0.734889,-2.6576154,-3.63449,2.5233774,2.3333309,5.3945684,6.231342,6.6508436,-3.8394768,-4.378996,-0.0061707697,2
gacs_advertisements_01_-BNuA8XD_s0001,gacs_advertisements_01_-BNuA8XD,advertisements,sophisticated,-9.109378,-2.658813,-6.5579166,-4.6056933,-6.7133737,0.1676972,6.8039503,3.200869,3.7117536,2.778068,6.8304152,-5.6171966,-4.9222083,-1.5647107,2
gacs_advertisements_01_-BNuA8XD_s0002,gacs_advertisements_01_-BNuA8XD,advertisements,confident,1.003166,4.158721,-2.9450018,-6.67781,-1.420278,-11.459962,-6.896371,-1.9879185,3.4657762,2.740448,0.99374336,0.60742056,-4.4042163,-3.3263154,2
gacs_advertisements_01_-BNuA8XD_s0003,gacs_advertisements_01_-BNuA8XD,advertisements,professional,0.13343528,4.8479924,-17.154972,-4.769936,-7.0634785,-2.1379778,-3.0303466,-0.13479821,3.8022995,3.0806339,2.2021627,0.8343877,-3.4514647,-3.940777,2
gacs_advertisements_01_-BNuA8XD_s0004,gacs_advertisements_01_-BNuA8XD,advertisements,confident,-5.643647,3.5009174,5.96985,-9.902704,4.1463904,-8.363953,-5.3890615,0.40557417,1.3718908,1.6544843,1.9123638,-1.9704903,-1.8311605,-0.23257186,2
gacs_advertisements_01_-BNuA8XD_s0005,gacs_advertisements_01_-BNuA8XD,advertisements,mysterious,4.480234,21.517702,6.272048,-6.5414815,-1.4521184,-5.8259063,-1.1361352,-3.7022583,-7.5910416,2.6559796,-0.14540617,3.487835,-0.50583273,-4.3874617,0
gacs_advertisements_01_-BNuA8XD_s0006,gacs_advertisements_01_-BNuA8XD,advertisements,sophisticated,5.3930626,-8.815378,-2.4206626,2.7773252,-4.8197656,-5.6676435,5.812725,0.51942915,-2.7956264,3.200245,2.086661,-6.7349715,-2.225106,2.2866206,1
gacs_advertisements_01_-BNuA8XD_s0007,gacs_advertisements_01_-BNuA8XD,advertisements,dark,5.017619,12.298389,0.33543906,2.5387626,-5.8196607,-5.5077705,6.9959235,-1.168739,-1.2543112,12.738234,-1.0345047,3.9814909,-0.6700956,-3.2251725,0
gacs_advertisements_01_-BNuA8XD_s0008,gacs_advertisements_01_-BNuA8XD,advertisements,confident,-4.6605954,-4.6364107,-11.630387,1.2292844,1.1252881,-5.1345396,-2.391116,2.6704445,4.13484,5.86249,-3.3366177,-0.5602247,-3.1427662,-3.6219475,2
gacs_advertisements_01_-BNuA8XD_s0009,gacs_advertisements_01_-BNuA8XD,advertisements,sleek,-4.758236,-2.123519,-12.6502285,-2.9936435,-10.7365,-2.5566459,1.6122248,0.56031454,4.437573,0.589474,3.6020725,-2.139426,-2.4993067,-2.6936073,2
gacs_advertisements_01_-BNuA8XD_s0010,gacs_advertisements_01_-BNuA8XD,advertisements,confident,-7.6731424,7.3930826,-4.566763,-3.097631,-1.6917967,-7.3256974,-8.475204,-2.4935439,0.5938562,6.891852,-0.9156385,1.0506196,-1.9376953,-4.861076,2
gacs_advertisements_01_-BNuA8XD_s0011,gacs_advertisements_01_-BNuA8XD,advertisements,stoic,9.569991,30.494366,-1.8124225,9.310308,0.089190505,1.7835671,0.22664256,1.7044991,3.503956,-2.604914,-0.4531423,-4.26027,1.5326384,0.0016431817,0
gacs_advertisements_01_-BNuA8XD_s0012,gacs_advertisements_01_-BNuA8XD,advertisements,calm,-16.776901,8.546681,7.292213,-10.082525,5.21979,1.3560307,-1.8125702,-5.3057413,3.7208052,-1.3931853,1.1304932,-0.2502978,2.5855577,-1.1817867,2
gacs_advertisements_01_-BNuA8XD_s0013,gacs_advertisements_01_-BNuA8XD,advertisements,focused,-0.65541995,11.482552,-4.9967375,-13.498748,-3.2486494,-4.845299,-5.492552,-6.782277,-1.3724924,2.7077506,2.1884305,-1.3673406,-0.46323076,-2.4597647,2
gacs_advertisements_01_-BNuA8XD_s0014,gacs_advertisements_01_-BNuA8XD,advertisements,confident,-9.812048,1.8191117,5.6008387,-7.5685177,4.557565,-7.660174,-4.8806233,-0.16325995,2.889551,2.9852104,1.3178687,-1.7910867,-0.46401256,-0.22073522,2
gacs_advertisements_01_DO5pERKQ_s0000,gacs_advertisements_01_DO5pERKQ,advertisements,sophisticated,-9.879274,-0.691253,-7.6455026,-6.0113215,-5.6039095,0.27869454,5.138861,2.0435233,0.13225217,2.3613226,6.568053,-4.2194705,-3.6915529,-1.9416587,2
gacs_advertisements_01_DO5pERKQ_s0001,gacs_advertisements_01_DO5pERKQ,advertisements,elegant,-8.445275,-0.19716835,-9.153711,-7.3313446,-5.946916,0.8874306,9.236444,1.9861996,-1.8233484,1.0588746,9.333493,-5.9561296,-5.382481,-2.9253323,2
gacs_advertisements_01_DO5pERKQ_s0002,gacs_advertisements_01_DO5pERKQ,advertisements,mysterious,-1.0790055,18.791563,12.473457,4.953012,-1.6608337,-7.537676,-0.9518122,-0.7066193,-3.4121797,-2.3021677,0.27500188,1.9191196,-2.3164961,-0.7826223,0
gacs_advertisements_01_DO5pERKQ_s0003,gacs_advertisements_01_DO5pERKQ,advertisements,elegant,-5.869708,0.81358343,-9.586692,-7.354013,-6.319454,-0.39248294,8.72385,1.4483331,-0.35121652,2.3308542,9.822414,-6.567978,-6.5726705,-2.9603868,2
gacs_advertisements_01_DO5pERKQ_s0004,gacs_advertisements_01_DO5pERKQ,advertisements,elegant,-11.306831,2.3126957,-0.9086706,-7.940475,-2.8651562,-1.982902,8.548308,-0.39780265,1.8706839,1.2847177,8.460149,-4.9942274,-3.484385,-2.2148583,2
gacs_advertisements_01_DO5pERKQ_s0005,gacs_advertisements_01_DO5pERKQ,advertisements,elegant,-7.2167873,1.0989343,-7.3988314,-5.9958096,-5.292789,-0.1331986,9.144308,2.3835437,1.4020826,3.3974636,9.80674,-7.1495824,-5.571267,-3.1032348,2
gacs_advertisements_01_DO5pERKQ_s0006,gacs_advertisements_01_DO5pERKQ,advertisements,elegant,-8.634259,0.6450288,-6.7198663,-4.981566,-6.5690165,-0.14156418,8.373655,1.8434117,0.25592387,2.5330222,9.92114,-6.650093,-5.6456885,-4.1962667,2
gacs_advertisements_01_DO5pERKQ_s0007,gacs_advertisements_01_DO5pERKQ,advertisements,elegant,-5.3772974,0.73543173,-8.991404,-4.544386,-6.2453547,-1.5384855,8.984081,0.78327525,1.6431962,3.9360397,10.037173,-5.6834626,-5.1326885,-3.653764,2
gacs_advertisements_01_DO5pERKQ_s0008,gacs_advertisements_01_DO5pERKQ,advertisements,elegant,-13.094635,4.0156302,-2.0730405,-10.898504,-2.0923514,0.32886115,5.11071,0.46876067,1.9038444,0.99763143,6.2846293,-4.4478383,-2.9982667,-1.8756008,2
gacs_advertisements_01_DO5pERKQ_s0009,gacs_advertisements_01_DO5pERKQ,advertisements,elegant,-6.2497244,0.4802647,-7.888074,-4.671678,-6.2136607,-1.7429684,8.705306,0.8919332,0.91409695,3.4490972,10.133576,-6.76714,-5.9441037,-3.6228354,2
gacs_advertisements_01_DO5pERKQ_s0010,gacs_advertisements_01_DO5pERKQ,advertisements,elegant,-5.8419843,1.5425246,-10.456156,-6.518674,-8.200632,-0.7661406,8.532329,0.37233713,0.4900098,2.0578978,9.133962,-5.6954846,-3.792101,-3.5617027,2
gacs_advertisements_01_DO5pERKQ_s0011,gacs_advertisements_01_DO5pERKQ,advertisements,elegant,-14.762324,3.0276065,2.9144528,-7.2742667,-0.32019866,-0.9967459,6.8421297,-1.2922336,0.079469256,1.1610107,6.497456,-2.173683,-2.0212288,-0.5699406,2
gacs_advertisements_02_2RS07NJ6_s0000,gacs_advertisements_02_2RS07NJ6,advertisements,mysterious,25.436306,13.204507,10.167659,-0.27676007,-4.4605474,6.6953263,3.5326235,2.7740026,2.7932,1.5751103,-3.4846678,-0.67310107,-2.6513147,-0.3616494,0
gacs_advertisements_02_2RS07NJ6_s0001,gacs_advertisements_02_2RS07NJ6,advertisements,melancholic,10.642306,30.912455,-2.6659217,10.5640745,0.07764145,1.903096,0.63236123,0.28479004,2.9395351,-2.971219,-1.6030937,-3.8474617,0.64967877,-0.55401725,0
gacs_advertisements_02_2RS07NJ6_s0002,gacs_advertisements_02_2RS07NJ6,advertisements,mysterious,-2.8823657,4.412928,11.869369,7.4004784,-4.3006973,-5.048312,5.483425,3.887357,-5.084393,2.1192153,-1.9322715,6.136069,2.2326937,-0.027176483,2
gacs_advertisements_02_2RS07NJ6_s0003,gacs_advertisements_02_2RS07NJ6,advertisements,mysterious,-10.662216,6.4939985,14.100673,0.51335037,-2.1459663,-5.6331434,0.35569963,-2.8652256,-2.92951,-0.8543132,1.3260168,3.502059,-0.8935746,-0.15405916,2
gacs_advertisements_02_2RS07NJ6_s0004,gacs_advertisements_02_2RS07NJ6,advertisements,mysterious,23.709084,-5.7818737,14.981182,-4.378397,-3.8847737,2.5117452,0.90886927,2.9843528,0.89229614,4.0248904,-2.3226228,0.28565654,1.2726457,1.3445079,1
gacs_advertisements_02_2RS07NJ6_s0005,gacs_advertisements_02_2RS07NJ6,advertisements,dramatic,7.721094,-6.602698,-5.710374,4.0978646,-4.8757215,-6.9041767,8.516884,-2.2701392,1.6138152,3.0882878,-0.14356603,0.5681786,1.6436089,-3.839983,1
gacs_advertisements_02_2RS07NJ6_s0006,gacs_advertisements_02_2RS07NJ6,advertisements,dark,20.574553,4.0714936,5.5941467,1.1696254,-7.900738,-0.31892833,5.783921,-1.4911109,0.13415991,8.187418,-4.1768103,5.2189155,2.573874,-2.2027361,1
gacs_advertisements_02_2RS07NJ6_s0007,gacs_advertisements_02_2RS07NJ6,advertisements,mysterious,-5.4190135,-4.9227824,10.157039,6.7832904,-4.338362,-5.41825,2.212751,4.310661,-3.131282,1.8382761,-1.6684756,2.811652,0.75967604,2.335026,2
gacs_advertisements_02_2RS07NJ6_s0008,gacs_advertisements_02_2RS07NJ6,advertisements,sterile,9.553662,-5.1275415,-12.158045,-3.5104156,-3.3901618,2.1092346,2.6312385,-4.129642,2.3832521,-1.2573165,2.4864538,6.8571596,-1.1653996,-1.3077118,1
gacs_advertisements_02_2RS07NJ6_s0009,gacs_advertisements_02_2RS07NJ6,advertisements,sleek,-4.084321,0.14218932,-11.126563,-4.1317215,-10.84445,-3.827197,3.8978288,0.8189867,7.1568127,3.8463628,5.9927053,-4.7809105,-1.1064786,-2.9496891,2
gacs_advertisements_02_2RS07NJ6_s0010,gacs_advertisements_02_2RS07NJ6,advertisements,dark,26.699095,-4.9214354,10.763545,-7.064241,-5.1643705,6.07336,3.4832158,-0.026639258,-0.28685904,0.675599,0.8084915,0.2594184,-0.675546,-1.4595611,1
gacs_advertisements_02_2RS07NJ6_s0011,gacs_advertisements_02_2RS07NJ6,advertisements,mysterious,19.449194,-4.240932,9.344772,-0.73689556,-5.338057,0.7740563,7.055538,-0.99357826,-4.341345,3.2335393,-1.6292652,3.6865215,0.10452552,-1.8103405,1
gacs_advertisements_02_2RS07NJ6_s0012,gacs_advertisements_02_2RS07NJ6,advertisements,mysterious,26.14572,-5.9831796,14.786748,-5.5078006,-5.154856,5.32219,0.5876142,1.3161215,0.68971705,3.9223497,-1.6786382,-0.74311393,0.42155606,1.1187636,1
gacs_advertisements_02_2RS07NJ6_s0013,gacs_advertisements_02_2RS07NJ6,advertisements,moody,9.587852,25.41456,5.5947294,6.21782,0.8254281,-6.189467,-3.3076146,0.22603224,-1.5286762,-2.5145712,-0.7076813,1.2654287,-3.2553115,-3.0951827,0
gacs_advertisements_02_2RS07NJ6_s0014,gacs_advertisements_02_2RS07NJ6,advertisements,fast,-8.83361,-9.432531,0.70731413,10.441814,1.8332088,-6.45925,2.7133021,1.2538556,2.6505468,-2.719613,-5.366867,-3.155376,2.7410932,-4.5130315,2
gacs_advertisements_02_2RS07NJ6_s0015,gacs_advertisements_02_2RS07NJ6,advertisements,dynamic,4.4490213,-10.557632,-9.012246,3.1904387,2.8956711,-7.7807837,4.825963,0.10367142,2.7867563,-3.700745,-2.9763813,-2.1937215,2.918671,-3.4311354,1
gacs_advertisements_02_2RS07NJ6_s0016,gacs_advertisements_02_2RS07NJ6,advertisements,focused,12.34776,-0.58535516,-15.846034,3.4487305,1.1537373,-0.10995619,-2.4159439,-4.486863,-0.0072562657,-0.72383994,0.7301027,8.584936,-1.7374475,-5.32567,1
gacs_advertisements_02_2RS07NJ6_s0017,gacs_advertisements_02_2RS07NJ6,advertisements,bright,-3.9131007,-5.4333086,0.054809883,11.296874,-7.333483,-7.935966,-0.33852276,-3.128065,0.09882736,1.0929844,0.39852446,0.96650165,-4.687907,0.4594949,2
gacs_advertisements_02_2RS07NJ6_s0018,gacs_advertisements_02_2RS07NJ6,advertisements,dynamic,-8.889628,-10.067433,6.189325,3.5178297,2.4869375,-7.365237,3.0313745,2.0967808,3.897837,-6.4208455,-4.3352737,-3.2591732,1.9262909,-2.043025,2
gacs_advertisements_02_2RS07NJ6_s0019,gacs_advertisements_02_2RS07NJ6,advertisements,dynamic,2.3085878,-5.9915648,-9.106207,6.6781926,0.43237948,-5.0790744,1.7286712,-1.2241045,3.1508615,-3.6210165,-1.6055864,-0.50490314,-0.88322365,-2.9091303,2
gacs_advertisements_02_2RS07NJ6_s0020,gacs_advertisements_02_2RS07NJ6,advertisements,intense,-8.999924,-11.874747,6.0364156,4.8162365,4.755355,-6.71854,2.1190805,2.058272,3.3273642,-4.786228,-3.5204234,-3.100233,2.2106283,-2.9763703,2
gacs_advertisements_02_2RS07NJ6_s0021,gacs_advertisements_02_2RS07NJ6,advertisements,mysterious,26.24237,0.28212276,9.314228,-2.677248,-1.5009936,4.735491,3.0218935,1.7689233,1.0167109,6.1801987,-1.3484672,3.4292836,-0.9136496,-1.2268757,1
gacs_advertisements_02_2RS07NJ6_s0022,gacs_advertisements_02_2RS07NJ6,advertisements,dynamic,6.944419,-8.274117,-14.483612,1.4615808,1.1968755,-3.6057906,5.198074,-0.76375127,4.670247,-1.0173867,-1.3576272,-2.2141755,1.3645931,-4.048338,1
gacs_advertisements_02_2RS07NJ6_s0023,gacs_advertisements_02_2RS07NJ6,advertisements,contemplative,11.525907,29.447128,1.2039442,8.620688,3.3391883,0.23376271,0.5752198,3.0538218,1.7811222,-2.3466036,0.2180361,-3.1024265,-0.44929406,-0.24687439,0
gacs_advertisements_02_2RS07NJ6_s0024,gacs_advertisements_02_2RS07NJ6,advertisements,somber,12.501151,28.689676,0.49758068,8.076765,3.3275254,-0.6325764,0.22159782,2.677055,0.6945156,-1.8714613,-0.63946754,-1.6574237,-2.2509768,-1.4401914,0
gacs_advertisements_02_2RS07NJ6_s0025,gacs_advertisements_02_2RS07NJ6,advertisements,contemplative,11.309452,29.612192,0.64700663,9.466482,2.5934458,-0.30030924,0.31746438,2.6119747,0.51000875,-2.3144667,0.52998036,-2.4184706,-0.8407844,-1.0650523,0
gacs_advertisements_02_2RS07NJ6_s0026,gacs_advertisements_02_2RS07NJ6,advertisements,clinical,19.0507,-6.0287347,-3.9104552,-12.277367,-3.4072804,5.945025,2.4505973,-1.4189327,-2.6857257,-2.867403,4.5427866,6.0463457,-2.0102754,0.55872273,1
gacs_advertisements_02_2RS07NJ6_s0027,gacs_advertisements_02_2RS07NJ6,advertisements,blurred,3.2381995,-5.715121,-16.350037,1.4902294,-2.509758,-3.5397081,1.1969167,-3.860546,3.0760605,-2.929223,-3.2385054,1.2065527,-1.6612049,-5.394005,2
gacs_advertisements_02_2RS07NJ6_s0028,gacs_advertisements_02_2RS07NJ6,advertisements,mysterious,12.814412,13.654322,7.4460287,-0.12071834,-3.6248639,-4.777841,3.358318,-0.11184563,-10.882519,0.030430268,-1.4607203,5.946041,-0.8140353,-2.3442118,0
gacs_advertisements_02_2RS07NJ6_s0029,gacs_advertisements_02_2RS07NJ6,advertisements,intense,5.434481,-7.259398,-20.958044,0.3300188,1.4140596,-3.6104732,3.9499054,-0.5798763,4.843677,-1.3546185,-1.3019425,-1.1196179,1.4872215,-4.099712,1
gacs_advertisements_02_2RS07NJ6_s0030,gacs_advertisements_02_2RS07NJ6,advertisements,open,-15.037417,8.3116865,9.692386,-7.382056,5.3109384,-2.4998252,-0.8942356,-6.849369,2.9410174,-1.8523366,1.3863417,-0.15688528,1.6569252,0.5340768,2
gacs_advertisements_02_2RS07NJ6_s0031,gacs_advertisements_02_2RS07NJ6,advertisements,dynamic,-11.934122,-8.217195,6.4743695,5.515833,4.1854205,-6.038751,2.852104,1.694339,1.9618657,-5.9717574,-3.4999635,-3.397433,1.2574507,-3.9465222,2
gacs_advertisements_02_2RS07NJ6_s0032,gacs_advertisements_02_2RS07NJ6,advertisements,dynamic,4.693197,-5.351259,-17.630016,2.8650668,1.5319405,-0.762278,1.5390096,-3.780025,4.358729,-2.1806839,-1.9959756,-1.6019938,-0.043943685,-3.6478062,1
gacs_advertisements_02_2RS07NJ6_s0033,gacs_advertisements_02_2RS07NJ6,advertisements,intense,-6.479401,-11.978092,-1.0681543,6.687878,5.6227703,-8.496348,3.8841832,1.3012904,3.1898348,-2.0160797,-4.8256364,-4.5168195,2.7884152,-2.130272,2
gacs_advertisements_02_2RS07NJ6_s0034,gacs_advertisements_02_2RS07NJ6,advertisements,intense,3.103866,-12.721336,-1.9575301,5.990092,2.134024,-10.070499,4.900219,1.2558472,1.7088652,-1.3340387,-2.2287128,-2.1572073,5.0218215,-2.1149118,1
gacs_advertisements_02_2RS07NJ6_s0035,gacs_advertisements_02_2RS07NJ6,advertisements,dynamic,-2.6555207,-10.561333,-2.6682546,7.9040527,1.259321,-9.362136,3.715426,-0.013012955,3.5588534,-3.6788652,-3.3707528,-3.0753117,3.2461457,-1.239516,2
gacs_advertisements_02_2RS07NJ6_s0036,gacs_advertisements_02_2RS07NJ6,advertisements,dynamic,-0.44653475,-13.325157,-0.22271033,0.77107817,10.77726,-4.2329597,4.5896063,-1.131892,1.5166996,-4.809115,-3.8438132,-3.4387023,0.11737627,-3.5083964,2
gacs_advertisements_02_2RS07NJ6_s0037,gacs_advertisements_02_2RS07NJ6,advertisements,mysterious,23.878475,-7.0088434,14.874409,-5.156378,-2.4550374,1.4100813,-0.471248,3.1795506,0.15765445,4.3279905,-0.73993057,-1.1181073,0.4763609,1.299788,1
gacs_advertisements_02_2RS07NJ6_s0038,gacs_advertisements_02_2RS07NJ6,advertisements,dynamic,-4.890838,-13.001871,0.490672,3.4268725,5.5649776,-6.0570183,4.372311,0.97339827,3.12005,-4.877382,-5.157954,-2.5424824,2.4431422,-4.0218024,2
gacs_advertisements_02_2RS07NJ6_s0039,gacs_advertisements_02_2RS07NJ6,advertisements,focused,4.3682637,-4.6740656,-15.362069,-4.413576,-2.2771428,-6.1604466,-2.7003388,0.4266292,5.5587134,-0.75176567,-0.0970757,-0.32976034,-2.4881015,-2.6253843,2
gacs_advertisements_02_2RS07NJ6_s0040,gacs_advertisements_02_2RS07NJ6,advertisements,dark,11.566544,19.173336,-14.323803,-0.113043085,1.0594045,2.6390007,9.382711,-4.116021,5.512223,4.917729,-0.85362685,5.3075566,-0.7886168,-5.558125,0
gacs_advertisements_02_2RS07NJ6_s0041,gacs_advertisements_02_2RS07NJ6,advertisements,motivational,5.1325455,8.9597435,-9.59676,-9.69197,-2.5586445,-7.0690064,-3.1619706,-5.702249,1.8173662,-1.6786486,2.0600371,2.0790837,-2.422643,-1.9443552,0
gacs_advertisements_02_2RS07NJ6_s0042,gacs_advertisements_02_2RS07NJ6,advertisements,distressed,17.57003,4.2390733,-1.9558324,9.027526,4.1851006,-4.619638,-5.9514136,1.128592,-2.369221,-0.08158668,-0.058065422,1.2824562,-3.8144586,-2.5911267,1
gacs_advertisements_02_2RS07NJ6_s0043,gacs_advertisements_02_2RS07NJ6,advertisements,tense,24.191067,-12.184203,-1.6837765,1.0446507,13.540571,0.4607639,-5.4356093,-2.7687275,2.2548141,-5.4954486,1.7745836,-1.3601375,-1.0056155,-2.5311654,1
gacs_advertisements_02_2RS07NJ6_s0044,gacs_advertisements_02_2RS07NJ6,advertisements,intense,24.63949,-7.182665,8.250883,-6.9780145,5.5591702,4.795043,3.8169913,0.6779341,1.5008267,6.200642,2.199838,0.2461268,0.45250297,-0.37670404,1
gacs_advertisements_02_2RS07NJ6_s0045,gacs_advertisements_02_2RS07NJ6,advertisements,mysterious,-5.835701,-7.475948,6.402766,6.4876494,-6.2779026,-5.2938714,2.9284263,2.1104684,-0.5903102,1.2456508,-0.18009642,0.58736086,-1.2791117,2.5017548,2
gacs_advertisements_02_2RS07NJ6_s0046,gacs_advertisements_02_2RS07NJ6,advertisements,focused,3.212746,10.653082,-9.18359,-9.88071,-1.9448007,-5.720928,-1.5076503,-6.127623,3.3778088,1.4420964,1.762803,1.3445716,-1.4641006,-3.1992562,0
gacs_advertisements_02_2RS07NJ6_s0047,gacs_advertisements_02_2RS07NJ6,advertisements,mysterious,26.912308,-4.2412305,12.511933,-3.9166863,-4.264339,5.3356214,1.3644687,0.28102875,-0.6601017,2.5729184,-0.38674545,1.2224891,-0.44958463,-1.1502615,1
gacs_advertisements_02_2RS07NJ6_s0048,gacs_advertisements_02_2RS07NJ6,advertisements,intense,-11.46582,-10.385163,6.5591083,5.739936,6.372974,-5.4823055,2.930718,1.9902538,2.1562924,-4.232026,-3.4307418,-3.1057901,1.6302722,-3.4726124,2
gacs_advertisements_02_2RS07NJ6_s0049,gacs_advertisements_02_2RS07NJ6,advertisements,dynamic,4.182351,-10.444617,-8.574294,4.750568,0.37896085,-6.9873114,4.3179035,0.7418811,3.5743754,-1.5663359,-4.6150274,-3.5128639,3.1418624,-3.3592958,1
gacs_advertisements_02_2RS07NJ6_s0050,gacs_advertisements_02_2RS07NJ6,advertisements,sleek,8.368093,-9.69317,-14.667031,4.006649,3.9833856,-6.0020933,4.075525,0.8302019,2.368345,-1.8657227,-1.652799,-0.5447596,4.402418,-4.878463,1
gacs_advertisements_02_2RS07NJ6_s0051,gacs_advertisements_02_2RS07NJ6,advertisements,dynamic,-10.239909,-10.563735,6.273424,5.9972105,2.601294,-5.5598555,3.2287967,2.2763844,3.4149616,-6.233482,-5.1020007,-3.315599,1.8405719,-4.3169527,2
gacs_advertisements_02_2RS07NJ6_s0052,gacs_advertisements_02_2RS07NJ6,advertisements,dynamic,-7.5600557,-10.750599,1.3399272,5.767267,0.117148526,-6.3155503,2.9790144,2.2160053,3.3119717,-5.777977,-6.850901,-4.6884446,2.9376738,-5.672517,2
gacs_advertisements_02_2RS07NJ6_s0053,gacs_advertisements_02_2RS07NJ6,advertisements,intense,-9.421022,-11.11493,3.7342556,3.8871074,5.9947057,-6.2102914,1.8867943,2.4101405,2.673418,-5.522444,-4.9771366,-4.1513643,2.0380147,-4.697532,2
gacs_advertisements_02_2RS07NJ6_s0054,gacs_advertisements_02_2RS07NJ6,advertisements,exhilarating,-12.396015,-7.1234303,0.26870015,4.809762,-0.73497176,-3.240125,3.5124,1.7965584,0.55867034,-2.0245295,-3.1013045,-3.4735541,0.452321,-3.5493915,2
gacs_advertisements_02_2RS07NJ6_s0055,gacs_advertisements_02_2RS07NJ6,advertisements,desolate,25.673962,-3.1630735,5.537422,-10.9164715,-1.0726085,7.410364,7.1952405,-0.7091478,-0.73904884,1.3999711,2.161144,2.87075,-3.634893,-0.56796175,1
gacs_advertisements_02_2RS07NJ6_s0056,gacs_advertisements_02_2RS07NJ6,advertisements,dynamic,2.1628506,-10.313813,-8.249767,7.7353077,2.2027125,-8.318851,3.4146996,-0.7390296,3.575644,-2.6446674,-4.586789,-2.9974306,3.5760221,-1.942741,2
gacs_advertisements_02_2RS07NJ6_s0057,gacs_advertisements_02_2RS07NJ6,advertisements,sleek,8.092688,8.133393,-5.5408316,4.4626265,-5.0283747,-5.4730124,6.6052246,1.096131,-1.5534378,9.515258,-1.0426865,3.3176131,3.3574007,-7.3518004,0
gacs_advertisements_02_2RS07NJ6_s0058,gacs_advertisements_02_2RS07NJ6,advertisements,mysterious,-3.08543,-3.561613,2.76926,7.132471,-7.8648086,-4.7831798,7.729702,0.6581018,-2.7082942,1.8326192,-2.0028276,2.446858,-0.039622694,0.5487003,2
gacs_advertisements_02_2RS07NJ6_s0059,gacs_advertisements_02_2RS07NJ6,advertisements,dark,22.593311,-3.8184223,-3.904905,1.3862051,-6.0005503,4.326283,1.9107864,-5.818872,0.15694535,2.2315996,-0.97823906,5.50086,-0.4135894,-3.1834955,1
gacs_advertisements_02_2RS07NJ6_s0060,gacs_advertisements_02_2RS07NJ6,advertisements,dynamic,-10.77662,-9.210428,8.436444,6.620927,3.9778705,-5.5504146,3.708774,2.795064,1.6615943,-4.3713264,-1.9074816,-0.78731054,1.1425114,-1.449307,2
gacs_advertisements_02_2RS07NJ6_s0061,gacs_advertisements_02_2RS07NJ6,advertisements,serene,-18.089294,3.8382347,8.781414,-4.3456783,6.118664,0.6984945,-0.33635047,-2.6845655,2.335414,0.5432651,1.5724328,2.5880773,1.4505029,-0.41361022,2
gacs_advertisements_02_2RS07NJ6_s0062,gacs_advertisements_02_2RS07NJ6,advertisements,sleek,7.0988803,-7.0818353,-16.270359,3.667102,4.6381173,-4.245429,1.5053514,-0.85451615,2.7199478,-1.5150348,-5.3733525,-2.1381266,3.265936,-4.936296,1
gacs_advertisements_02_2RS07NJ6_s0063,gacs_advertisements_02_2RS07NJ6,advertisements,sleek,-1.5559571,-4.6163545,-14.056872,-2.2272606,-11.779252,-2.5197577,4.5896997,0.7095971,6.471908,-1.4091502,1.6244172,-0.823712,-0.29022047,-6.9072776,2
gacs_advertisements_02_2RS07NJ6_s0064,gacs_advertisements_02_2RS07NJ6,advertisements,sleek,10.879512,1.5333806,-15.546222,1.1857831,-4.8712287,-1.6053634,1.4189788,-1.8816783,0.42806864,1.6531444,5.498151,8.805482,-1.2314583,-5.646299,1
gacs_advertisements_02_2RS07NJ6_s0065,gacs_advertisements_02_2RS07NJ6,advertisements,sleek,1.1985301,-3.3954046,-14.732038,0.771838,-8.491814,-0.9301814,3.2305598,1.0531172,6.6747036,2.3007247,4.2247562,-3.3189862,-2.060747,-2.111022,2
gacs_advertisements_02_2RS07NJ6_s0066,gacs_advertisements_02_2RS07NJ6,advertisements,focused,4.2669797,0.36595616,-18.835915,-8.412357,-6.4595194,-0.13203013,2.4083946,-0.6799545,1.9929838,-1.1880436,-1.0251646,4.5388417,-0.22632167,1.2860641,2
gacs_advertisements_02_2RS07NJ6_s0067,gacs_advertisements_02_2RS07NJ6,advertisements,focused,10.316486,-6.311374,-12.025052,-3.657204,-2.2374933,-5.9124207,-3.0791633,3.3279047,5.6773944,-5.465468,-0.97761273,0.06279388,2.1362805,-1.147693,1
gacs_advertisements_02_2RS07NJ6_s0068,gacs_advertisements_02_2RS07NJ6,advertisements,intense,-8.200703,-10.282653,3.9809284,6.5426106,3.6097474,-8.916977,2.4412913,3.979463,1.091065,0.3790378,-2.613164,-0.7729344,2.4258552,-2.7431793,2
gacs_advertisements_02_2RS07NJ6_s0069,gacs_advertisements_02_2RS07NJ6,advertisements,sleek,-4.652107,11.774771,3.1419497,-5.1534405,-3.951346,-9.652662,-1.9245468,-5.9875765,-2.740328,1.0443065,2.247792,-0.11030726,1.4119366,-3.7624876,2
gacs_advertisements_02_2RS07NJ6_s0070,gacs_advertisements_02_2RS07NJ6,advertisements,sleek,-3.974958,-0.49079618,-5.6166687,-0.5222903,-8.118097,-6.7664776,4.7963395,1.1970516,3.3830433,4.230261,5.2706466,-2.5254896,-1.7414767,-5.12924,2
gacs_advertisements_02_2RS07NJ6_s0071,gacs_advertisements_02_2RS07NJ6,advertisements,sleek,-9.033932,-3.9870868,-9.33902,-0.7737945,-8.969061,-0.68423736,1.491538,3.7034636,5.9606338,2.2106469,2.8147428,-2.4633796,-1.2380751,-2.9894714,2
gacs_advertisements_02_2RS07NJ6_s0072,gacs_advertisements_02_2RS07NJ6,advertisements,sleek,5.7630725,5.7185574,-1.2726808,3.0280206,-6.959871,-8.21512,4.421408,2.4770813,-2.4227064,7.429179,-1.0305882,3.9786503,5.4336567,-6.4141016,0
gacs_advertisements_02_2RS07NJ6_s0073,gacs_advertisements_02_2RS07NJ6,advertisements,contemplative,1.1241709,1.7182779,-8.114246,-9.186541,5.5189233,-7.684451,0.6336656,6.7448397,-0.64655215,2.4205928,3.2631347,4.443579,-1.4426409,0.4777416,2
gacs_advertisements_02_2RS07NJ6_s0074,gacs_advertisements_02_2RS07NJ6,advertisements,focused,2.2304246,-0.74639904,-18.847193,-3.2353268,-3.7968397,-3.010381,-0.46687192,-0.3748413,3.1817892,-0.7742511,-3.1547246,2.3881311,-1.4020463,-4.343163,2
gacs_advertisements_02_2RS07NJ6_s0075,gacs_advertisements_02_2RS07NJ6,advertisements,focused,0.88822067,-9.608767,-9.723514,3.070035,-1.5842724,-7.355658,1.3450533,1.8362744,2.068177,-2.8382235,-4.4710927,-0.6934863,3.681988,-5.4131513,2
gacs_advertisements_02_2RS07NJ6_s0076,gacs_advertisements_02_2RS07NJ6,advertisements,intense,-8.856815,-10.946628,5.5287614,3.2804873,2.610922,-8.10537,3.617942,3.2449996,1.5169221,-3.1177943,-3.10749,-2.915825,2.509746,-2.552833,2
gacs_advertisements_02_2RS07NJ6_s0077,gacs_advertisements_02_2RS07NJ6,advertisements,dynamic,-12.075828,-8.4222145,1.0432806,0.51998377,1.7562174,-5.633153,5.4074044,1.6714329,2.7444007,-3.7979574,-2.2266471,-3.891129,0.83109623,-4.2422233,2
gacs_advertisements_02_2RS07NJ6_s0078,gacs_advertisements_02_2RS07NJ6,advertisements,sleek,0.16571875,-4.174135,-12.582353,-1.4670037,-9.674681,-2.4629622,4.341347,1.4124694,7.1511903,-0.010784345,3.191003,-4.4604297,-0.94372,-2.8934288,2
gacs_advertisements_02_2RS07NJ6_s0079,gacs_advertisements_02_2RS07NJ6,advertisements,dynamic,-5.140375,-8.402523,-2.3937397,3.466087,-3.1030722,-7.6643987,5.1676936,1.9031008,4.242164,-5.2084785,-3.2987761,-5.9521146,1.799781,-4.140779,2
gacs_advertisements_02_2RS07NJ6_s0080,gacs_advertisements_02_2RS07NJ6,advertisements,dynamic,7.4442945,-5.3084292,-15.203008,4.6975546,3.9625132,-3.7041514,1.2869713,-2.3920145,4.6958594,-1.066203,-4.586356,0.3252506,1.098925,-6.2277102,1
gacs_advertisements_02_2RS07NJ6_s0081,gacs_advertisements_02_2RS07NJ6,advertisements,surveillance,13.652596,-4.8097115,0.72542655,-7.7762117,-2.7244844,-5.5697985,-5.4286833,3.4347079,2.4106934,0.97866476,1.7040322,3.9292977,-1.2788686,-1.9495234,1
gacs_advertisements_02_2RS07NJ6_s0082,gacs_advertisements_02_2RS07NJ6,advertisements,dynamic,-11.612508,-10.011977,7.2295504,4.8202095,3.847759,-5.271962,4.1190248,1.5677596,2.2116897,-5.470626,-3.365322,-2.1474211,0.85475916,-2.3517964,2
gacs_advertisements_02_2RS07NJ6_s0083,gacs_advertisements_02_2RS07NJ6,advertisements,exhilarating,-10.27092,-5.045154,-3.0976737,5.53482,-0.80185324,-4.316474,5.0739164,0.4612245,0.59481204,-0.87367386,-0.54579866,-3.911207,-0.39721516,-3.9266891,2
gacs_advertisements_02_2RS07NJ6_s0084,gacs_advertisements_02_2RS07NJ6,advertisements,blurry,26.55936,-9.64883,4.9924874,-0.606436,-3.679542,4.714531,-0.33917397,-3.6461713,-2.6137035,-4.0699453,1.6196716,-0.7094469,1.08023,-3.8144004,1
gacs_advertisements_02_2RS07NJ6_s0085,gacs_advertisements_02_2RS07NJ6,advertisements,dynamic,-9.257579,-10.254248,2.5676196,5.4345894,1.4676284,-5.3255777,3.1758487,2.185667,3.4936702,-5.543507,-5.755707,-2.8757858,1.5826104,-4.475593,2
gacs_advertisements_02_2RS07NJ6_s0086,gacs_advertisements_02_2RS07NJ6,advertisements,intense,4.112485,-5.4691052,-11.996514,4.6483297,12.367244,-6.524884,-1.6831112,-1.9367391,0.5669096,4.0337977,-2.8138225,-2.3442929,-2.0977256,-2.1315684,1
gacs_advertisements_02_2RS07NJ6_s0087,gacs_advertisements_02_2RS07NJ6,advertisements,dynamic,-12.520124,-9.3711195,4.90035,4.2615013,4.1281676,-3.626293,2.7643256,2.956117,1.6284972,-7.0217876,-4.5908575,-2.331681,0.9837586,-6.0793195,2
gacs_advertisements_02_2RS07NJ6_s0088,gacs_advertisements_02_2RS07NJ6,advertisements,dynamic,-10.719136,-8.447252,5.2825413,3.8178616,2.6571662,-6.3822274,5.091243,2.7847216,3.5057776,-5.748238,-4.371658,-3.8218076,1.896762,-4.7942505,2
gacs_advertisements_02_2RS07NJ6_s0089,gacs_advertisements_02_2RS07NJ6,advertisements,sleek,-3.9514961,-2.2677267,-5.7779703,0.3741589,-10.560215,-6.9580646,2.1060905,1.7227873,2.6214907,1.8059595,0.4404618,2.0307257,1.4130546,-5.034928,2
gacs_advertisements_02_2RS07NJ6_s0090,gacs_advertisements_02_2RS07NJ6,advertisements,dynamic,-10.407921,-9.649711,7.423208,4.133141,4.5765953,-6.647747,3.2709427,3.6864955,1.6958138,-4.3228946,-3.4234598,-1.6599259,1.8304648,-1.7375431,2
gacs_advertisements_02_2RS07NJ6_s0091,gacs_advertisements_02_2RS07NJ6,advertisements,ethereal,-12.772532,6.122123,11.083061,-3.4632478,1.8443263,-5.4172993,0.5227392,-7.138936,4.3885756,-1.2833065,0.6400329,2.0849955,-1.983433,2.670267,2
gacs_advertisements_02_2RS07NJ6_s0092,gacs_advertisements_02_2RS07NJ6,advertisements,exhilarating,-11.4695,-7.9583945,2.8256588,5.2431984,0.47509426,-4.1808043,4.113045,3.184955,0.31417263,-2.5794208,-2.8145437,-2.7487183,1.7476071,-1.9586282,2
gacs_advertisements_02_2RS07NJ6_s0093,gacs_advertisements_02_2RS07NJ6,advertisements,dynamic,-10.89695,-8.687878,6.555791,3.8274827,2.751647,-6.2189674,3.236795,2.7199004,3.0135226,-5.6169333,-3.7075229,-4.0283475,1.5750228,-4.0773516,2
gacs_advertisements_02_2RS07NJ6_s0094,gacs_advertisements_02_2RS07NJ6,advertisements,dynamic,-9.14985,-10.162832,6.658417,5.610599,2.7555585,-6.384871,3.7276254,2.9386125,3.1303594,-5.9432855,-4.782889,-3.3077433,2.1236625,-3.3327906,2
gacs_advertisements_02_2RS07NJ6_s0095,gacs_advertisements_02_2RS07NJ6,advertisements,dynamic,10.826911,-12.231641,-8.513609,1.4887279,10.295114,-2.4653223,5.828009,-4.2484903,2.658969,-1.8329474,-0.44136557,1.1534894,0.8857468,-1.2616491,1
gacs_advertisements_02_2RS07NJ6_s0096,gacs_advertisements_02_2RS07NJ6,advertisements,intense,22.149717,-1.3633289,-7.8372626,3.2192104,6.7968745,1.2609845,-2.6601436,-0.5174369,-1.6769638,-3.7490666,3.9623678,8.871599,-3.4092515,-4.450141,1
gacs_advertisements_02_2RS07NJ6_s0097,gacs_advertisements_02_2RS07NJ6,advertisements,serene,-18.22621,3.5316997,11.063576,0.89270955,4.705569,0.94495153,0.27809927,-2.025486,1.5852393,0.99799633,1.9134438,3.2046943,0.031853404,1.7600522,2
gacs_advertisements_02_2RS07NJ6_s0098,gacs_advertisements_02_2RS07NJ6,advertisements,dynamic,-15.345308,-7.7829123,8.702345,1.4939734,4.210763,-2.361157,2.1557646,1.9390525,2.7521937,-6.2721715,-3.2837331,-2.57474,-0.24387984,-4.539107,2
gacs_advertisements_02_2RS07NJ6_s0099,gacs_advertisements_02_2RS07NJ6,advertisements,contemplative,-15.207099,9.638927,8.596939,-9.862925,4.5245633,0.18756957,-0.6974202,-4.16748,0.45905653,-1.419104,1.7733582,1.252558,2.3056402,-0.49731678,2
gacs_advertisements_02_2RS07NJ6_s0100,gacs_advertisements_02_2RS07NJ6,advertisements,dynamic,-9.23317,-11.052477,7.2152886,4.6023917,2.5382018,-6.70205,4.0479236,2.388894,3.0485184,-5.793209,-3.4494724,-2.8200407,1.7748206,-2.2825296,2
gacs_advertisements_02_2RS07NJ6_s0101,gacs_advertisements_02_2RS07NJ6,advertisements,dynamic,-11.464582,-10.154272,5.6072087,4.9336925,1.4257174,-5.829755,2.058244,1.8276818,3.5591865,-6.1968217,-3.777016,-2.9855242,0.45679086,-3.4962907,2
gacs_advertisements_02_2RS07NJ6_s0102,gacs_advertisements_02_2RS07NJ6,advertisements,intimate,-19.772545,3.5701227,6.9564385,-1.9280846,3.8253958,3.0001104,0.57705086,-0.6504169,-2.2569215,0.57851225,1.1709584,3.1451514,-0.39030606,-2.3003626,2
gacs_advertisements_02_2RS07NJ6_s0103,gacs_advertisements_02_2RS07NJ6,advertisements,intense,-14.759142,-7.8856864,12.676722,3.5833182,5.125999,-2.350908,3.8621688,2.0550807,-0.042492867,-6.183159,0.69560474,-1.3969668,-0.75211155,-3.2039638,2
gacs_advertisements_02_2RS07NJ6_s0104,gacs_advertisements_02_2RS07NJ6,advertisements,sleek,-4.476817,-1.7251041,-9.663113,-4.4123354,-9.418926,-5.0835524,1.9975911,2.0590725,6.8573675,5.357338,5.941182,-4.693843,-2.8412848,-2.140819,2
gacs_advertisements_02_2RS07NJ6_s0105,gacs_advertisements_02_2RS07NJ6,advertisements,dynamic,-9.572924,-10.174762,9.79169,0.009170908,5.1101184,-5.2320766,6.7748613,2.281283,2.3277707,-7.213487,-1.6608062,-1.0223415,0.87521523,-1.7838807,2
gacs_advertisements_02_2RS07NJ6_s0106,gacs_advertisements_02_2RS07NJ6,advertisements,minimalist,-4.0855317,0.57508636,-11.588173,-5.0858693,-5.614497,-1.6323293,5.2432137,0.600263,7.9372106,2.9769351,5.915224,-2.7840095,-3.8862212,-4.1434274,2
gacs_advertisements_02_2RS07NJ6_s0107,gacs_advertisements_02_2RS07NJ6,advertisements,moody,8.290756,-7.2721553,-9.675181,6.8823185,2.971338,-5.6499867,3.049602,-3.554755,3.0281153,-0.34672362,2.4363003,4.120677,1.7231903,-4.303632,1
gacs_advertisements_02_2RS07NJ6_s0108,gacs_advertisements_02_2RS07NJ6,advertisements,elegant,-8.869399,-2.7448053,-6.8173227,-0.12660192,-3.1682572,-3.8593297,6.0896125,1.2813185,2.7052493,5.526195,8.235932,-5.4807725,-4.658478,-1.0612603,2
gacs_advertisements_02_Qfj4urMF_s0000,gacs_advertisements_02_Qfj4urMF,advertisements,moody,-13.177808,13.100667,9.503937,-8.102028,3.1317775,-1.9797521,-1.6092722,-5.545644,-0.33303723,0.6995863,1.9423162,0.6646066,2.7015812,-0.41197705,2
gacs_advertisements_02_Qfj4urMF_s0001,gacs_advertisements_02_Qfj4urMF,advertisements,warm,-1.636208,7.0541863,0.19058077,-10.387818,-9.871451,-5.779096,0.060252856,-9.682201,-0.55937654,3.2662487,-2.612771,-0.68629587,0.5021531,2.4576612,2
gacs_advertisements_02_Qfj4urMF_s0002,gacs_advertisements_02_Qfj4urMF,advertisements,mysterious,-8.797039,8.007893,11.770996,0.37759492,-1.0735508,-6.998243,1.5655894,-3.006207,-7.2547107,0.7245161,2.0038822,2.6372795,0.16398194,0.37639767,2
gacs_advertisements_02_Qfj4urMF_s0003,gacs_advertisements_02_Qfj4urMF,advertisements,mysterious,-15.956406,7.794346,13.23389,-5.155374,4.121877,-0.4860277,3.1255827,-4.145553,0.45823768,-3.6440275,2.7146027,1.0702524,0.18737666,0.5679078,2
gacs_advertisements_02_Qfj4urMF_s0004,gacs_advertisements_02_Qfj4urMF,advertisements,mysterious,-13.345486,-3.0216622,7.6015563,3.3980377,-2.7206552,-2.7374907,4.5855794,2.4911237,-1.4793149,0.066547096,0.08786556,4.951785,-1.5450127,-1.2185763,2
gacs_advertisements_02_Qfj4urMF_s0005,gacs_advertisements_02_Qfj4urMF,advertisements,mysterious,-8.283701,-2.4829774,8.616435,3.0274065,-5.5721707,-5.44383,7.7046704,1.2062238,-1.4514759,0.6160884,0.20015796,4.100705,0.045338035,-0.51182103,2
gacs_advertisements_02_Qfj4urMF_s0006,gacs_advertisements_02_Qfj4urMF,advertisements,intimate,-10.753293,15.062907,3.4338121,-6.7286673,0.035717253,-3.2986636,-6.999311,-6.0021133,-3.064365,2.8070366,-0.34075922,-0.23868641,3.2152598,-4.0713882,2
gacs_advertisements_02_Qfj4urMF_s0007,gacs_advertisements_02_Qfj4urMF,advertisements,dynamic,3.5051622,-13.099938,-4.4744987,4.5836554,3.0514216,-7.3397417,4.3589664,-1.6430541,3.0884256,-3.622104,-4.0310206,-1.7381173,2.973827,-5.4439836,1
gacs_advertisements_02_Qfj4urMF_s0008,gacs_advertisements_02_Qfj4urMF,advertisements,luxurious,-8.602456,-4.822259,-9.355543,-2.4332771,-8.113314,-2.3564625,4.4270887,1.1352088,4.9958243,0.5998776,1.6503248,-2.9548047,-2.1683404,-2.0884469,2
gacs_advertisements_02_Qfj4urMF_s0009,gacs_advertisements_02_Qfj4urMF,advertisements,serene,-17.570744,3.8413365,7.1465397,-7.704332,4.6670284,1.9907558,0.014278675,-3.3837652,2.0556374,-1.3344859,2.8123639,0.1444352,1.4413297,-2.5179555,2
gacs_advertisements_02_Qfj4urMF_s0010,gacs_advertisements_02_Qfj4urMF,advertisements,serene,-17.228554,2.4621193,9.032864,-5.792145,5.2530427,2.2830038,2.0756009,-2.796155,3.4902067,-1.8864148,2.9022598,0.9656921,0.81240964,-0.8446927,2
gacs_advertisements_02_Qfj4urMF_s0011,gacs_advertisements_02_Qfj4urMF,advertisements,peaceful,-17.492298,4.902434,9.614415,-8.656672,5.1758933,3.9479647,0.6075908,-3.4445748,4.6807523,-2.570324,0.38063675,1.7409464,1.6575897,-0.4668997,2
gacs_advertisements_02_Qfj4urMF_s0012,gacs_advertisements_02_Qfj4urMF,advertisements,sleek,-12.16006,-1.745858,-2.7117326,-3.1496997,-4.7992573,-2.3782022,4.8346095,0.8719649,4.550097,2.2995012,3.4984365,-2.370366,-0.13735405,-1.7765573,2
gacs_advertisements_02_Qfj4urMF_s0013,gacs_advertisements_02_Qfj4urMF,advertisements,futuristic,-7.9454775,-5.6638756,-4.4839087,-3.2523167,-3.2524862,-2.9342372,6.9749084,3.7200572,6.0539236,1.6042757,2.9623697,-4.8076396,-3.3337283,-4.194408,2
gacs_advertisements_02_Qfj4urMF_s0014,gacs_advertisements_02_Qfj4urMF,advertisements,focused,-9.898164,0.43091747,-7.9727063,-7.2550197,-4.864981,-1.7433982,-5.6227155,1.9889973,-1.073409,1.1674781,-0.45654848,-2.6662397,-1.7832179,-2.4064276,2
gacs_advertisements_02_Qfj4urMF_s0015,gacs_advertisements_02_Qfj4urMF,advertisements,casual,-11.123102,-4.0693088,-3.3832853,-2.7279685,-2.7544305,-1.7379519,3.2670307,1.8215317,2.017674,0.2981425,2.4747276,-3.887483,-0.12608832,-3.550211,2
gacs_advertisements_02_Qfj4urMF_s0016,gacs_advertisements_02_Qfj4urMF,advertisements,intense,-5.143465,-8.818937,-2.042341,8.536423,2.1909606,-8.516665,3.5364115,1.6602863,1.0627254,1.5105724,-1.4360251,-0.10641075,3.7638533,-3.5021126,2
gacs_advertisements_02_Qfj4urMF_s0017,gacs_advertisements_02_Qfj4urMF,advertisements,focused,-6.4729404,11.038641,-1.0272652,-8.167282,-2.9132292,-8.337724,-7.310357,-5.252786,0.7873889,3.379464,2.3519626,1.5260882,1.3760252,-4.395267,2
gacs_advertisements_02_Qfj4urMF_s0018,gacs_advertisements_02_Qfj4urMF,advertisements,focused,-0.019594561,-3.8830628,-15.462504,-4.1641636,-6.920431,-4.595467,-0.5379172,0.5305316,4.551665,-0.44857088,-0.2711143,5.364772,1.2043386,-3.4278314,2
gacs_advertisements_02_Qfj4urMF_s0019,gacs_advertisements_02_Qfj4urMF,advertisements,dark,11.918669,30.349241,-1.282125,7.518877,0.19263287,2.394345,0.45057163,1.6567512,3.2908933,-2.606725,-1.3260098,-3.2411034,1.1611006,-0.18906254,0
gacs_advertisements_02_Qfj4urMF_s0020,gacs_advertisements_02_Qfj4urMF,advertisements,dark,25.340921,0.44329488,6.4908805,-1.9269652,-5.8331914,8.029852,4.6388106,-2.8032804,3.0543633,5.143409,-3.5014615,4.0967827,-1.3363802,-2.1472385,1
gacs_advertisements_02_Qfj4urMF_s0021,gacs_advertisements_02_Qfj4urMF,advertisements,relaxed,-17.14823,-1.0154425,2.7596757,-3.8536425,-1.2958044,1.7242117,0.93900365,1.7704647,-0.20951729,-0.9291945,-1.0452445,-1.6977198,1.1798509,-3.6020517,2
gacs_advertisements_02_Qfj4urMF_s0022,gacs_advertisements_02_Qfj4urMF,advertisements,dark,24.249994,-0.74083394,5.598093,-3.2002716,-3.1870987,6.29341,4.499719,-2.0232854,2.4597142,8.179612,-1.9661129,4.0424385,-0.54413325,-1.3783879,1
gacs_advertisements_02_Qfj4urMF_s0023,gacs_advertisements_02_Qfj4urMF,advertisements,welcoming,-7.8898363,-4.1055403,-6.7425194,2.82232,-12.146846,-0.7005503,-1.7475528,1.5970675,4.0671988,1.743963,2.8672333,-1.441308,2.2188444,-2.32793,2
gacs_advertisements_02_Qfj4urMF_s0024,gacs_advertisements_02_Qfj4urMF,advertisements,mysterious,-3.8836646,-1.972305,14.349544,7.07432,-2.991966,-5.0368867,4.3322587,4.3430266,-5.701307,-1.201262,-1.1349108,5.1119757,0.1901838,0.7413835,2
gacs_advertisements_02_Qfj4urMF_s0025,gacs_advertisements_02_Qfj4urMF,advertisements,playful,-15.4106045,-5.4399505,2.766934,-0.26704735,-2.4974074,1.6000087,2.6971064,1.2175795,-0.6169975,-1.8808682,-5.8243794,-0.42362842,-2.4525242,0.6334293,2
gacs_advertisements_02_Qfj4urMF_s0026,gacs_advertisements_02_Qfj4urMF,advertisements,sleek,-3.0998662,8.159584,4.5550795,-8.432902,-5.482608,-9.776854,-1.5789183,-5.0914526,-0.492677,0.8629228,0.5098836,0.029901098,0.22574207,-2.5303926,2
gacs_advertisements_02_Qfj4urMF_s0027,gacs_advertisements_02_Qfj4urMF,advertisements,dark,15.574869,1.748361,-6.250789,1.4360851,-10.262806,2.7515104,7.597292,-5.493677,-1.903674,7.023144,-3.4623253,6.5952077,1.7524991,-5.377472,1
gacs_advertisements_02_Qfj4urMF_s0028,gacs_advertisements_02_Qfj4urMF,advertisements,cozy,-16.992298,5.525811,5.5586987,-10.477034,0.08772965,1.6880983,0.52679956,-3.2657964,0.7039954,-0.50088626,2.3782144,-0.9974448,1.4551362,-0.32980052,2
gacs_advertisements_02_Qfj4urMF_s0029,gacs_advertisements_02_Qfj4urMF,advertisements,serene,-15.688334,8.336242,7.204799,-10.654568,3.9335651,0.5411541,-1.9016382,-4.581414,2.4163065,-1.4310236,1.139432,0.8305856,3.3066003,-1.18053,2
gacs_advertisements_02_Qfj4urMF_s0030,gacs_advertisements_02_Qfj4urMF,advertisements,calm,-15.836868,9.803632,5.5809975,-10.265479,3.6550899,0.268204,-1.8575563,-5.4121294,2.3846545,-0.47631827,1.34941,-0.061012045,2.6671574,0.10000148,2
gacs_advertisements_02_Qfj4urMF_s0031,gacs_advertisements_02_Qfj4urMF,advertisements,calm,-19.323112,1.9011874,5.32582,-2.4088924,2.8572607,1.2974876,-2.1188514,-1.7523056,3.8831887,-0.09329132,-0.77762896,0.64446133,-0.53662294,-2.5833125,2
gacs_advertisements_02_Qfj4urMF_s0032,gacs_advertisements_02_Qfj4urMF,advertisements,playful,-18.171291,-3.4219632,6.912921,0.9750425,4.058231,1.501014,-1.2860285,1.9006382,1.4639707,0.42738265,-0.31143525,1.1457505,-1.2217613,-1.39282,2
gacs_advertisements_02_Qfj4urMF_s0033,gacs_advertisements_02_Qfj4urMF,advertisements,mundane,8.840614,20.584736,-11.105222,0.7484118,5.0263734,6.192779,8.290335,-0.9792657,1.5013167,-2.2030861,-0.62649786,5.946627,-3.5831878,-1.7135284,0
gacs_advertisements_02_Qfj4urMF_s0034,gacs_advertisements_02_Qfj4urMF,advertisements,playful,-19.831451,1.6261429,6.962885,-1.702025,4.5271516,3.661888,-2.2782452,0.6345856,0.49778938,-0.3668345,-3.1888845,0.90648687,-0.27031955,-3.740983,2
gacs_advertisements_02_Qfj4urMF_s0035,gacs_advertisements_02_Qfj4urMF,advertisements,casual,-14.360715,4.6572723,1.4330753,-11.662066,-1.4398181,-1.0179222,-1.6299312,-2.7975495,-0.13849042,-1.8655852,-0.31060806,-4.0541472,0.5792976,-5.4187655,2
gacs_advertisements_02_Qfj4urMF_s0036,gacs_advertisements_02_Qfj4urMF,advertisements,futuristic,-3.4729753,-6.984056,-7.9437876,1.7043524,-3.151088,-2.2078507,6.5601315,1.9293046,4.3308706,-0.08184796,0.92275417,-3.513264,-3.4366517,-2.7664547,2
gacs_advertisements_02_Qfj4urMF_s0037,gacs_advertisements_02_Qfj4urMF,advertisements,sleek,-0.64426696,-0.37069654,-13.060465,-1.5480665,-9.123955,-3.4619038,5.578557,-0.17491049,6.8373313,3.393673,5.201701,-2.5411546,-3.0658078,-4.908679,2
gacs_advertisements_02_eJucRz8k_s0000,gacs_advertisements_02_eJucRz8k,advertisements,dark,16.965033,26.5802,-2.821731,5.7295995,-3.4485593,8.360796,6.142697,0.27999637,4.251741,-1.0109679,-5.784245,-2.3840427,-0.058543384,0.4102105,0
gacs_advertisements_02_eJucRz8k_s0001,gacs_advertisements_02_eJucRz8k,advertisements,melancholic,-16.5784,10.626126,8.096523,-6.2388673,3.3941226,0.4621362,-1.0196639,-4.930319,2.260616,-0.95067805,0.11671562,-0.09583635,2.261077,-0.8893803,2
gacs_advertisements_02_eJucRz8k_s0002,gacs_advertisements_02_eJucRz8k,advertisements,confined,17.678568,25.316736,0.20349132,10.195009,-3.5842059,1.9656765,1.594096,2.2723644,1.3047459,-2.4197319,-3.4503071,-3.1275766,-0.48591104,-1.5168774,0
gacs_advertisements_02_eJucRz8k_s0003,gacs_advertisements_02_eJucRz8k,advertisements,dark,26.005878,-5.0788307,8.911495,-6.1479306,-3.969407,6.7323723,2.5355067,-0.94090104,1.7332417,4.5815663,-1.0659536,0.5331092,1.049327,0.38227487,1
gacs_advertisements_02_eJucRz8k_s0004,gacs_advertisements_02_eJucRz8k,advertisements,mysterious,-14.044232,13.268973,14.320683,-0.7018204,4.025773,-0.82834667,1.4060754,-2.8072367,-1.0264573,-3.4244182,2.7928758,2.4225338,0.3434365,-0.013827632,2
gacs_advertisements_02_eJucRz8k_s0005,gacs_advertisements_02_eJucRz8k,advertisements,tender,6.128668,5.9057317,-7.5297036,-4.4183745,4.9042196,-2.589078,3.1578155,4.6485324,-9.348079,5.8333406,-2.0511863,1.5393945,5.2376976,-1.1738634,1
gacs_advertisements_02_eJucRz8k_s0006,gacs_advertisements_02_eJucRz8k,advertisements,calm,-12.779381,0.071711466,2.2457113,-3.5300665,-0.9700184,-3.3775995,-1.1666329,2.3116565,-0.77143794,2.7825882,1.5736108,0.039019383,3.5616589,2.4214654,2
gacs_advertisements_02_eJucRz8k_s0007,gacs_advertisements_02_eJucRz8k,advertisements,dark,15.011042,28.01052,-1.5850922,5.613778,-3.3389983,4.0237575,2.0511491,1.6002127,2.8973064,-2.3950377,-4.0820584,-2.3451288,-0.78755707,-0.42257485,0
gacs_advertisements_02_eJucRz8k_s0008,gacs_advertisements_02_eJucRz8k,advertisements,casual,-13.895885,0.78175914,-1.8220961,-10.920815,0.35194412,0.8192436,1.398205,-2.1331851,-0.46632865,-0.9678302,-0.4095314,0.76001394,1.9366356,-1.3887575,2
gacs_advertisements_02_eJucRz8k_s0009,gacs_advertisements_02_eJucRz8k,advertisements,active,-13.90361,-6.4292645,-3.3148215,2.331573,-1.2380285,-0.49425906,-1.5540448,2.7226598,0.2886308,-0.23744093,-4.3824406,-0.44548887,-0.98715013,-2.3588324,2
gacs_advertisements_02_eJucRz8k_s0010,gacs_advertisements_02_eJucRz8k,advertisements,eerie,24.5266,14.846936,9.469002,1.497836,-2.903175,5.4786468,2.9014273,3.297188,2.7354193,2.0259125,-3.042197,-1.4500921,-1.3347105,-0.07961032,0
gacs_advertisements_02_eJucRz8k_s0011,gacs_advertisements_02_eJucRz8k,advertisements,mysterious,26.231157,-5.554114,11.752177,-6.9384117,-2.6976466,4.7162232,2.0885003,2.3562043,-1.0006323,1.6476094,1.400854,1.0667121,0.41926107,1.5487502,1
gacs_advertisements_02_eJucRz8k_s0012,gacs_advertisements_02_eJucRz8k,advertisements,peaceful,-16.29489,6.7035904,7.2487187,-10.74475,7.4550915,3.9694319,1.6182741,-0.76206684,-1.2660649,0.39966476,0.5528025,0.69823945,3.3946173,0.45216084,2
gacs_advertisements_02_eJucRz8k_s0013,gacs_advertisements_02_eJucRz8k,advertisements,focused,-2.6284692,7.4979777,-8.626853,-9.627767,-3.6078572,-6.3913956,-5.8786917,-4.007282,1.8028762,1.1034381,-1.5447949,0.33869317,-1.4722967,-1.4085183,2
gacs_advertisements_02_eJucRz8k_s0014,gacs_advertisements_02_eJucRz8k,advertisements,peaceful,-14.694838,9.220438,10.390341,-8.972473,2.8617468,-0.82095957,-2.1123328,-5.3326488,3.9007363,-2.4134138,1.1094456,-0.36537504,1.3747039,0.78920996,2
gacs_advertisements_02_eJucRz8k_s0015,gacs_advertisements_02_eJucRz8k,advertisements,energetic,-16.498549,-6.547675,6.852944,-0.31780824,3.0324392,-0.97653157,1.208232,2.213608,1.1072695,-5.7321763,-3.5469084,-2.226469,0.8175605,-3.8625152,2
gacs_advertisements_02_eJucRz8k_s0016,gacs_advertisements_02_eJucRz8k,advertisements,contemplative,5.332723,30.131132,2.1168232,8.072468,2.7021153,0.1677744,1.425289,1.0683281,2.3633611,-3.8931549,-0.25411046,-2.4973848,1.0627544,0.4832907,0
gacs_advertisements_02_eJucRz8k_s0017,gacs_advertisements_02_eJucRz8k,advertisements,peaceful,-17.387918,7.945945,9.094639,-7.379136,3.872888,1.6992401,-0.6901071,-4.5647116,3.4333055,-1.419185,0.38682508,1.4962207,1.1606106,-0.9335986,2
gacs_advertisements_02_eJucRz8k_s0018,gacs_advertisements_02_eJucRz8k,advertisements,casual,-10.705758,-3.4053352,-5.0588326,-12.698564,-2.4615161,0.86963534,-1.6462713,0.5028295,2.0175605,-3.3130255,-2.9057193,-2.512754,1.2138163,-0.6697039,2
gacs_advertisements_02_eJucRz8k_s0019,gacs_advertisements_02_eJucRz8k,advertisements,playful,-7.485587,-9.822193,-0.21542525,3.2764854,-6.813695,-0.94799155,-1.5992904,2.6880016,-1.3038082,-3.9027371,-8.95323,-2.5106947,-3.157216,1.8770229,2
gacs_advertisements_02_eJucRz8k_s0020,gacs_advertisements_02_eJucRz8k,advertisements,dark,27.591948,-1.5980451,7.2604733,-3.0549562,-4.059587,7.5150394,3.0110588,-3.0300996,2.7403774,4.4066463,-0.6097338,4.433977,-1.4661584,-2.0346622,1
gacs_advertisements_02_eJucRz8k_s0021,gacs_advertisements_02_eJucRz8k,advertisements,contemplative,-7.3334923,10.367931,3.364541,0.23146369,-0.48462227,-7.2680926,3.1409936,-1.3308185,-1.2767237,0.24309628,2.1565294,3.5491974,-1.4666058,0.26830128,2
gacs_advertisements_02_eJucRz8k_s0022,gacs_advertisements_02_eJucRz8k,advertisements,melancholic,13.409706,25.113686,-7.704032,2.541128,5.7891374,3.6998122,0.36285496,-3.8033087,4.366994,0.44961315,-4.0404572,0.5414215,-2.873482,-0.5992175,0
gacs_advertisements_02_eJucRz8k_s0023,gacs_advertisements_02_eJucRz8k,advertisements,contemplative,10.876818,30.003918,-2.3030207,8.165273,-1.0234435,1.8071759,1.386037,1.2281867,1.148413,-3.7082918,-0.02752452,-2.0925488,-0.12306268,-1.0647919,0
gacs_advertisements_02_eJucRz8k_s0024,gacs_advertisements_02_eJucRz8k,advertisements,contemplative,5.5051937,24.172302,-1.5894551,0.7261745,-3.6036587,-3.5893724,-1.32556,-3.4253569,-3.6746566,-0.9928012,0.8601141,3.1382787,-2.237048,-2.5012498,0
gacs_advertisements_02_eJucRz8k_s0025,gacs_advertisements_02_eJucRz8k,advertisements,nostalgic,-15.190069,5.7199264,8.624589,-2.8112211,-1.9274244,-2.0445228,-0.0028838008,-2.063199,-2.3299272,-3.5110173,2.1810925,-0.61549884,0.3506429,-4.32516,2
gacs_advertisements_02_eJucRz8k_s0026,gacs_advertisements_02_eJucRz8k,advertisements,calm,-8.005568,11.929448,5.4324327,-5.9350157,0.7866675,-8.437087,-6.0163603,-7.4980145,0.96462184,1.8410188,1.8179395,0.8371107,0.5810608,-2.2239828,2
gacs_advertisements_02_eJucRz8k_s0027,gacs_advertisements_02_eJucRz8k,advertisements,festive,-17.392282,-6.2268577,7.0272937,10.993329,5.597106,3.7614903,-0.8176808,0.99652576,-0.78741974,0.6271776,0.92410994,1.8854939,-2.5513039,-1.1871241,2
gacs_advertisements_02_eJucRz8k_s0028,gacs_advertisements_02_eJucRz8k,advertisements,joyful,-16.402634,-4.2480197,5.5476503,14.31544,0.9198037,3.044547,-3.037475,0.8606235,-1.6398718,3.7929993,2.1584842,1.3264266,-0.6152121,-1.7028328,2
gacs_advertisements_02_eJucRz8k_s0029,gacs_advertisements_02_eJucRz8k,advertisements,nostalgic,-17.888918,5.300122,11.453563,-4.1060963,3.8290966,2.3067522,1.7976841,-1.9895056,1.6216568,-4.5571814,0.8306636,1.1705555,0.31021765,-3.1975925,2
gacs_advertisements_02_eJucRz8k_s0030,gacs_advertisements_02_eJucRz8k,advertisements,excited,-14.272234,-9.451916,7.590981,13.728276,5.0026827,1.783483,-2.438802,1.5038006,-1.3186864,-0.1656584,0.70419466,-0.11249247,-2.021983,-2.2516205,2
gacs_advertisements_02_eJucRz8k_s0031,gacs_advertisements_02_eJucRz8k,advertisements,festive,-18.579857,-0.97899985,5.332467,-0.7463624,0.09201588,2.229818,1.0253277,0.38029844,-0.24555793,-2.6219778,-2.0883272,0.5089247,0.14556728,-0.26785412,2
gacs_advertisements_02_eJucRz8k_s0032,gacs_advertisements_02_eJucRz8k,advertisements,focused,-2.333438,5.8408117,-7.919716,-7.033382,-4.873719,-5.0922494,-9.541425,-6.2281814,-0.43053874,0.5875583,-1.9921919,1.0963304,-2.6699762,-4.2240252,2
gacs_advertisements_02_eJucRz8k_s0033,gacs_advertisements_02_eJucRz8k,advertisements,calm,-18.26772,3.4332361,8.527232,-7.1968336,6.1397243,1.5072534,1.1470675,-2.464679,4.4751506,-0.9662735,1.5909545,1.3495756,1.347841,-0.32516947,2
gacs_advertisements_02_eJucRz8k_s0034,gacs_advertisements_02_eJucRz8k,advertisements,calm,-18.413227,5.2694454,8.053233,-8.074069,3.9433715,2.231993,-0.04390467,-1.9847946,2.9971273,-2.0481834,1.9212496,0.7868168,2.737765,-0.79509,2
gacs_advertisements_02_eJucRz8k_s0035,gacs_advertisements_02_eJucRz8k,advertisements,patient,16.150757,-1.8541803,-5.935611,-2.9165976,-1.3643147,1.4512416,-2.193312,-4.687913,-6.125403,-1.654552,3.5970368,5.575632,-1.3301295,-0.9030894,1
gacs_advertisements_02_eJucRz8k_s0036,gacs_advertisements_02_eJucRz8k,advertisements,contemplative,6.612129,26.485126,-0.2791601,3.846123,1.6025609,-5.4229484,-2.3075624,0.24563988,-3.9753048,0.18870679,0.30741578,1.3363202,-1.7347736,-2.7755518,0
gacs_advertisements_02_eJucRz8k_s0037,gacs_advertisements_02_eJucRz8k,advertisements,focused,5.4016905,7.7633967,-11.006747,-8.058109,-2.4258246,-8.669795,-7.0760217,-3.8321488,0.1619843,-1.3254793,-2.6668336,2.96328,-0.7570659,-4.124726,0
gacs_advertisements_02_eJucRz8k_s0038,gacs_advertisements_02_eJucRz8k,advertisements,empty,25.547762,3.717268,4.305503,-2.4699225,-5.2585125,7.462113,5.902744,-2.1108928,2.1046095,2.561259,-3.9496388,2.800467,-0.13763393,-1.1906004,1
gacs_advertisements_02_eJucRz8k_s0039,gacs_advertisements_02_eJucRz8k,advertisements,surreal,-3.85198,-9.648861,4.5336895,14.83367,-5.844229,-3.032721,-0.24647264,-1.9759688,-0.82299113,-2.187146,-3.8952506,-1.0370672,-0.9024498,1.4341639,2
gacs_advertisements_02_eJucRz8k_s0040,gacs_advertisements_02_eJucRz8k,advertisements,serious,17.278137,-8.222041,-7.4733505,-7.9286633,0.950752,0.16380823,-2.9839966,0.908157,2.786466,-5.232957,3.1994932,5.5742683,2.3565364,0.9014798,1
gacs_advertisements_02_eJucRz8k_s0041,gacs_advertisements_02_eJucRz8k,advertisements,dynamic,12.268008,-11.384501,-11.897874,6.2493453,5.5790524,-0.5756593,-0.067542106,-5.785933,1.9110682,-3.6859322,2.9865687,1.8109565,-1.0555118,-3.2475412,1
gacs_advertisements_02_eJucRz8k_s0042,gacs_advertisements_02_eJucRz8k,advertisements,urgent,27.968586,-8.944309,8.5492525,-0.4536107,1.5435743,4.1603284,-7.5930257,0.8534573,4.046543,-5.2300906,3.9942784,-2.2807605,-0.7216437,-2.4638948,1
gacs_advertisements_02_eJucRz8k_s0043,gacs_advertisements_02_eJucRz8k,advertisements,blurry,3.6973894,24.110579,-3.2326286,-0.8865502,-3.6295633,-5.3089604,-3.873022,-4.863006,-0.5289985,1.1401166,-1.2408658,0.8008924,-0.9599029,-2.9933581,0
gacs_advertisements_02_eJucRz8k_s0044,gacs_advertisements_02_eJucRz8k,advertisements,urban,9.379056,-2.2664208,-7.1513543,-1.2174058,6.4591484,-0.3335897,-3.5553098,-2.440551,1.1145457,0.41814208,2.079107,3.641427,0.60401064,2.0743043,1
gacs_advertisements_02_eJucRz8k_s0045,gacs_advertisements_02_eJucRz8k,advertisements,playful,-8.470357,-8.179463,-2.950352,2.1230814,-3.5200117,-0.2122925,-0.14841071,0.70723206,-4.727402,1.2670171,-7.921135,-2.4550157,-6.041933,0.90874237,2
gacs_advertisements_02_eJucRz8k_s0046,gacs_advertisements_02_eJucRz8k,advertisements,tense,20.679878,20.549688,2.9097612,2.107927,2.225011,4.856438,4.206632,3.2512796,2.8529627,1.4001288,-1.5314586,-3.0530457,-1.0381788,0.105786785,0
gacs_advertisements_02_eJucRz8k_s0047,gacs_advertisements_02_eJucRz8k,advertisements,playful,-12.552392,-6.71175,-0.7834221,6.911513,-2.0897582,-0.95324916,2.5612633,2.459827,2.2708747,1.5397215,1.8314601,0.27284727,-2.7839053,0.901654,2
gacs_advertisements_02_eJucRz8k_s0048,gacs_advertisements_02_eJucRz8k,advertisements,dark,10.927635,12.01438,-13.989028,1.3160349,-2.8364975,4.589079,6.270667,-6.753759,4.605279,4.511026,-4.3303127,8.197408,-1.581151,-0.98900515,0
gacs_advertisements_03_uWXyAgP1_s0000,gacs_advertisements_03_uWXyAgP1,advertisements,sleek,-13.256108,4.3559976,5.4051538,-9.95018,0.23108058,-3.2028682,3.2342796,-3.1821115,3.9595053,0.09984689,3.5415874,-1.6343386,1.1592323,0.44750246,2
gacs_advertisements_03_uWXyAgP1_s0001,gacs_advertisements_03_uWXyAgP1,advertisements,contemplative,8.247171,28.419931,-0.78835255,2.7466805,1.226767,-3.5962644,-1.0737752,-0.8121275,-2.9657416,-1.171583,-0.4757912,0.96506065,-2.1494062,-2.456139,0
gacs_advertisements_03_uWXyAgP1_s0002,gacs_advertisements_03_uWXyAgP1,advertisements,ethereal,-11.788011,9.661277,11.028823,-5.128129,2.3802369,-5.6477838,-0.71265465,-6.8170652,2.0715306,-1.7045845,2.3837557,1.4257128,-0.84322447,0.5324308,2
gacs_advertisements_03_uWXyAgP1_s0003,gacs_advertisements_03_uWXyAgP1,advertisements,mysterious,-6.116542,-5.9817204,13.277236,3.6514366,-5.127326,-5.679383,5.8085246,0.42289078,-1.5124459,-1.9001131,0.24014504,1.3414121,-1.5918865,3.8717043,2
gacs_advertisements_03_uWXyAgP1_s0004,gacs_advertisements_03_uWXyAgP1,advertisements,mysterious,-6.576263,2.755623,9.117552,-0.32326117,-2.6183233,-8.147877,2.6363873,-1.9233991,-5.7529182,-0.3881142,1.595537,2.725375,0.63193685,0.6237281,2
gacs_advertisements_03_uWXyAgP1_s0005,gacs_advertisements_03_uWXyAgP1,advertisements,sleek,-0.7270681,-4.579533,-12.690244,0.8584373,-11.254301,-2.4005659,5.260137,1.9959882,7.1678476,1.4371486,4.6663365,-2.4458876,-1.2489966,-4.560259,2
gacs_advertisements_03_uWXyAgP1_s0006,gacs_advertisements_03_uWXyAgP1,advertisements,sleek,-2.5170736,-4.358083,-11.940574,-0.534696,-9.252317,-4.010949,4.277208,1.9921778,3.872453,0.6112139,-0.026381038,-2.5452983,-1.9918005,-5.6644745,2
gacs_advertisements_03_uWXyAgP1_s0007,gacs_advertisements_03_uWXyAgP1,advertisements,sleek,5.7486763,-6.544981,-9.604956,1.7644347,-9.408223,-2.7344398,3.804763,-2.7357597,0.98655653,1.6797055,-3.39488,0.37856546,1.5231003,-4.320688,1
gacs_advertisements_03_uWXyAgP1_s0008,gacs_advertisements_03_uWXyAgP1,advertisements,sleek,-0.25652245,-4.987924,-12.037361,0.050428733,-10.271396,-2.5922253,2.9235306,1.230451,6.3367743,1.975656,3.9076395,-4.9688663,-3.2458918,-2.5377486,2
gacs_advertisements_03_uWXyAgP1_s0009,gacs_advertisements_03_uWXyAgP1,advertisements,contemplative,-15.481485,6.2668395,9.4852295,-7.6536446,4.9428782,-1.6365236,1.8084884,-3.1889007,1.7600294,-0.758892,3.0776758,0.70688635,-0.25545314,2.3774261,2
gacs_advertisements_03_uWXyAgP1_s0010,gacs_advertisements_03_uWXyAgP1,advertisements,sleek,-0.39106613,-7.044685,-10.752216,-0.17136353,-8.5640955,-2.7779741,4.9540257,1.7361033,6.250416,2.6075091,3.8760436,-4.408842,-2.8221579,-1.6221948,2
gacs_advertisements_03_uWXyAgP1_s0011,gacs_advertisements_03_uWXyAgP1,advertisements,sleek,2.620088,-8.20417,-5.957457,1.513918,-7.506299,-5.6797733,5.802606,3.4850888,5.1882725,1.4377604,2.8799388,-4.890843,-0.93177235,-0.77687335,2
gacs_advertisements_03_uWXyAgP1_s0012,gacs_advertisements_03_uWXyAgP1,advertisements,contemplative,12.5865345,30.122038,-1.0994893,8.476369,1.4386837,1.1591328,0.78827655,2.1388476,0.49654394,-3.0799994,-0.40723833,-1.8126493,-2.0455644,-0.8621211,0
gacs_advertisements_03_uWXyAgP1_s0013,gacs_advertisements_03_uWXyAgP1,advertisements,sleek,2.5355406,-4.907608,-8.574292,-2.3444715,-9.726708,-5.005583,4.4653807,0.7448448,6.8781877,-0.99208635,2.2186794,-2.6865652,-0.25345713,0.12362862,2
gacs_advertisements_03_uWXyAgP1_s0014,gacs_advertisements_03_uWXyAgP1,advertisements,dynamic,4.748215,-6.0709434,-14.551324,3.3347185,3.0232701,-4.319576,3.8574944,-3.0355346,4.1577015,-0.48631454,0.3185434,-0.20321867,-1.621138,-4.188653,1
gacs_advertisements_03_uWXyAgP1_s0015,gacs_advertisements_03_uWXyAgP1,advertisements,modern,-2.272141,-2.4567723,-14.142551,-3.2759447,-7.498705,-1.4281508,4.6729617,3.0459843,8.1389,3.4519908,6.0725226,-2.5685766,-3.5460124,-4.102629,2
gacs_advertisements_03_uWXyAgP1_s0016,gacs_advertisements_03_uWXyAgP1,advertisements,sleek,-6.0780373,0.34325355,-6.720114,-3.3673234,-9.135622,-2.6701322,3.8700037,0.6671465,6.7076945,3.9308913,5.5952435,-5.191313,-0.6489009,-3.4809854,2
gacs_advertisements_03_uWXyAgP1_s0017,gacs_advertisements_03_uWXyAgP1,advertisements,sleek,2.3394814,-6.652642,-9.385241,0.15701213,-6.4262753,-7.1783586,5.491678,1.2400552,5.7616296,-0.20545636,-0.48821852,-3.011013,-0.07587263,-2.472676,2
gacs_advertisements_03_uWXyAgP1_s0018,gacs_advertisements_03_uWXyAgP1,advertisements,futuristic,-6.3766775,-5.631278,-5.692305,-2.430386,-0.73129696,-2.5689137,9.193257,1.0379736,4.760008,1.2501322,4.3420706,-2.449171,-4.22971,-1.6234691,2
gacs_advertisements_03_uWXyAgP1_s0019,gacs_advertisements_03_uWXyAgP1,advertisements,sleek,0.44913992,-7.1250405,-14.022167,-2.9111395,-7.5859785,-1.7911159,7.7570786,1.5633967,6.1711054,1.1068099,3.6870644,-5.0232244,-3.6787326,-2.1388128,2
gacs_advertisements_03_uWXyAgP1_s0020,gacs_advertisements_03_uWXyAgP1,advertisements,mysterious,16.613531,3.0339537,9.707016,-4.685313,-4.637857,-5.235757,3.800217,-3.63455,-5.6326823,4.8415027,-1.4434562,3.3828545,-0.9902878,-2.0471058,1
gacs_advertisements_03_uWXyAgP1_s0021,gacs_advertisements_03_uWXyAgP1,advertisements,futuristic,-1.8761808,-5.8739758,-5.316414,-0.6074571,-1.8401986,-3.2612278,9.214228,1.2100861,5.1077824,0.47191948,3.481014,-3.1564846,-4.1445723,-0.70212287,2
gacs_advertisements_03_uWXyAgP1_s0022,gacs_advertisements_03_uWXyAgP1,advertisements,sleek,-0.590053,-6.7515507,-4.861443,2.0094984,-5.712414,-6.7932878,8.560432,2.4404001,5.6816125,0.797894,1.316064,-2.4431386,0.40006322,-1.5362185,2
gacs_advertisements_03_uWXyAgP1_s0023,gacs_advertisements_03_uWXyAgP1,advertisements,serene,-10.585441,-0.5508227,1.476171,-4.353038,0.18931393,-5.5991607,5.5604396,-1.8888118,5.5645113,1.4123044,6.3127418,-1.0179569,-0.7203977,1.2055019,2
gacs_advertisements_03_uWXyAgP1_s0024,gacs_advertisements_03_uWXyAgP1,advertisements,minimalist,-0.69239855,0.67692184,-15.386369,-4.4517236,-5.380239,-1.3501923,4.9022255,-2.4604414,7.4464097,2.6892736,4.840282,-1.5038534,-4.037975,-0.84760946,2
gacs_advertisements_04_S4xr-ZZC_s0000,gacs_advertisements_04_S4xr-ZZC,advertisements,sleek,-3.1165457,-1.9878708,-12.708149,-4.3452735,-7.4641833,-1.0243751,4.9117737,2.9803922,6.8840704,2.7924697,6.6186633,-3.0852785,-2.9849102,-2.1986701,2
gacs_advertisements_04_S4xr-ZZC_s0001,gacs_advertisements_04_S4xr-ZZC,advertisements,confident,-3.4406521,-4.441757,-7.993269,1.4836771,-3.8727174,-2.5562963,5.6214705,1.7458797,1.0811069,5.013991,8.821112,-6.187652,-5.4533663,-2.2761507,2
gacs_advertisements_04_S4xr-ZZC_s0002,gacs_advertisements_04_S4xr-ZZC,advertisements,relaxed,-19.283974,-1.7553879,3.4474096,-5.0040717,1.3388202,3.46733,-1.0648773,1.5277363,1.2244272,0.83339065,-0.32210153,-3.9638133,-1.969839,-4.0284567,2
gacs_advertisements_04_S4xr-ZZC_s0003,gacs_advertisements_04_S4xr-ZZC,advertisements,joyful,-15.24243,-7.4226503,7.3495984,12.778789,3.3400156,1.8362623,-1.3078092,0.6650266,-0.7982611,0.51870894,2.1584935,1.2113996,-3.084678,-0.28984627,2
gacs_advertisements_04_S4xr-ZZC_s0004,gacs_advertisements_04_S4xr-ZZC,advertisements,elegant,-4.384944,-4.4186773,-6.3833804,-2.8413393,-3.5778577,-3.181045,7.622844,3.536852,0.24510592,2.5466707,8.307628,-7.2366204,-7.3423877,-4.0952163,2
gacs_advertisements_04_S4xr-ZZC_s0005,gacs_advertisements_04_S4xr-ZZC,advertisements,energetic,-13.268956,-7.6306343,9.293619,10.325839,4.0807524,-0.48014802,2.977882,1.5579399,-0.2671595,-1.606546,3.2519107,1.1883143,-1.9650028,-0.523235,2
gacs_advertisements_04_S4xr-ZZC_s0006,gacs_advertisements_04_S4xr-ZZC,advertisements,energetic,-17.69213,-5.088765,6.057995,6.658404,3.8830667,1.341637,2.4048545,0.9884494,-1.1535293,1.4857764,2.5097055,1.2477943,-2.637551,-0.29821718,2
gacs_advertisements_04_S4xr-ZZC_s0007,gacs_advertisements_04_S4xr-ZZC,advertisements,elegant,-5.700106,-1.6580135,-4.559864,-2.278181,-3.3416169,-3.3845527,10.545145,0.9094027,0.6828054,2.1789954,8.431129,-5.465455,-5.0331244,-3.0792434,2
gacs_advertisements_04_S4xr-ZZC_s0008,gacs_advertisements_04_S4xr-ZZC,advertisements,serene,-10.351108,10.079814,4.776693,-8.885438,-0.3297824,-4.265342,3.868076,-5.80016,1.116417,-1.3847774,3.054806,-2.3893275,2.7761748,2.260812,2
gacs_advertisements_04_S4xr-ZZC_s0009,gacs_advertisements_04_S4xr-ZZC,advertisements,contemplative,10.672977,30.531233,-1.5060357,9.544596,1.7504991,2.1591485,3.2852602,3.1919503,0.7481772,-3.175397,0.90467316,-3.8326647,0.814401,1.2001678,0
gacs_advertisements_04_S4xr-ZZC_s0010,gacs_advertisements_04_S4xr-ZZC,advertisements,energetic,-10.894107,-7.0342894,2.1274643,10.789591,0.88821805,-3.4473767,4.3574686,1.8236489,0.66952795,1.5674635,0.9183732,1.6328994,0.915986,-2.5288587,2
gacs_advertisements_04_S4xr-ZZC_s0011,gacs_advertisements_04_S4xr-ZZC,advertisements,mysterious,19.750267,-2.8281698,12.850708,1.8868965,-7.7401543,-1.91727,4.492299,1.375447,-3.2211545,3.3743632,-3.1130583,1.0813758,2.134522,1.2596271,1
gacs_advertisements_04_S4xr-ZZC_s0012,gacs_advertisements_04_S4xr-ZZC,advertisements,energetic,-15.750775,-6.3832383,3.2792866,7.7262564,4.1783824,-0.7225879,3.2042396,0.40895516,-0.07625356,2.9605424,3.8180597,2.514373,-3.5531766,-0.50330436,2
gacs_advertisements_04_S4xr-ZZC_s0013,gacs_advertisements_04_S4xr-ZZC,advertisements,casual,-11.988466,0.13231035,-9.965921,-7.945223,-4.1748643,-0.46881592,-0.4618502,0.9106469,2.267295,2.768818,1.8160355,-4.1618295,-0.84234166,-3.845785,2
gacs_advertisements_04_S4xr-ZZC_s0014,gacs_advertisements_04_S4xr-ZZC,advertisements,dramatic,1.9911573,-8.766454,-5.449841,6.687364,0.106824204,-6.416987,6.2971754,1.9337718,-0.19922553,1.5938239,5.3574367,-4.3120317,-5.8287373,-4.0820217,2
gacs_advertisements_04_S4xr-ZZC_s0015,gacs_advertisements_04_S4xr-ZZC,advertisements,dreamy,14.652403,-8.176171,-0.7107899,6.5172834,-8.624873,-2.546258,2.897768,-9.734405,0.03781194,0.66859555,-1.1330397,1.9853534,-2.0977414,-0.12448759,1
gacs_advertisements_04_S4xr-ZZC_s0016,gacs_advertisements_04_S4xr-ZZC,advertisements,dramatic,14.413524,-9.310195,0.35259828,8.346326,-4.0102315,-5.450024,4.687504,-6.729023,-2.4761574,0.5197441,1.8331372,0.91186255,1.2955481,-0.84939337,1
gacs_advertisements_04_S4xr-ZZC_s0017,gacs_advertisements_04_S4xr-ZZC,advertisements,futuristic,3.8254259,-5.9724503,-7.868563,0.89114404,-6.369184,-4.664936,6.507346,-3.285932,2.3134782,2.354129,2.6950505,-3.3218894,-4.586592,0.13762411,2
gacs_advertisements_04_S4xr-ZZC_s0018,gacs_advertisements_04_S4xr-ZZC,advertisements,vibrant,-7.717712,-6.981422,0.34788734,2.576443,0.28792727,-5.0739164,3.7167532,2.627844,3.7300088,1.767332,4.7660275,-7.56247,-5.868629,-2.0140588,2
gacs_advertisements_04_S4xr-ZZC_s0019,gacs_advertisements_04_S4xr-ZZC,advertisements,sleek,-3.1743097,-0.9428048,-11.252327,-1.4743191,-8.922315,-2.5830257,4.01689,2.057294,4.4193683,4.351717,7.5184364,-4.010284,-4.331938,-3.3242478,2
gacs_advertisements_04_S4xr-ZZC_s0020,gacs_advertisements_04_S4xr-ZZC,advertisements,futuristic,6.2733483,-5.0011244,-5.705778,-0.9139444,-3.7444627,-3.4429162,9.420393,-4.059793,-1.2808824,-1.0333818,2.925232,-0.59675276,-3.5110788,-2.1615734,1
gacs_advertisements_04_S4xr-ZZC_s0021,gacs_advertisements_04_S4xr-ZZC,advertisements,friendly,-20.103031,-2.9344935,5.223578,3.4350488,2.3922677,4.8687243,-1.5338097,2.5604918,0.027523978,2.195925,-0.23942459,1.4411436,0.5259315,-1.0001276,2
gacs_advertisements_04_S4xr-ZZC_s0022,gacs_advertisements_04_S4xr-ZZC,advertisements,curious,-13.479554,-8.204559,-2.6738667,-5.1807942,-1.7345471,1.6731863,0.18926182,3.7621255,-5.22193,-0.7017538,-4.5519967,-5.193756,-0.101498276,-0.5141092,2
gacs_advertisements_04_S4xr-ZZC_s0023,gacs_advertisements_04_S4xr-ZZC,advertisements,playful,-16.410404,-5.082085,5.3331995,3.7938619,-1.4698575,0.26529428,1.4577776,3.1524308,-1.1309253,-0.6686265,-4.4438386,-0.9296202,-2.7064595,-1.908544,2
gacs_advertisements_04_S4xr-ZZC_s0024,gacs_advertisements_04_S4xr-ZZC,advertisements,energetic,-12.444041,-8.757645,7.7880936,12.465959,2.9045768,-0.50351536,2.912894,2.0706096,-0.8806336,-0.45771694,1.5581148,1.3435457,-1.0391965,-2.179376,2
gacs_advertisements_04_S4xr-ZZC_s0025,gacs_advertisements_04_S4xr-ZZC,advertisements,minimal,-3.360173,-1.278679,-15.311486,-5.7183027,-5.6529875,0.17144291,4.8729935,0.48821792,8.464867,1.6935476,6.8039436,-1.5981947,-2.5663378,-0.57857233,2
gacs_advertisements_04_ytCB4uj0_s0000,gacs_advertisements_04_ytCB4uj0,advertisements,cheerful,-19.012934,-2.8072965,1.5996171,-2.6633573,0.9674743,5.9828577,-0.8894932,2.4484184,-0.67349845,0.275798,-2.048368,-0.82650685,-1.1938488,-3.2953422,2
gacs_advertisements_04_ytCB4uj0_s0001,gacs_advertisements_04_ytCB4uj0,advertisements,casual,-11.487736,0.4464169,-5.299541,-10.558524,-3.401065,1.1314367,-1.5742968,2.4659247,-1.3692684,2.1721447,1.3282639,-6.0344124,-2.0516164,-4.8668675,2
gacs_advertisements_04_ytCB4uj0_s0002,gacs_advertisements_04_ytCB4uj0,advertisements,cheerful,-19.384764,-0.29858822,4.28575,-5.914267,4.1543145,6.4280043,2.2649057,1.1945407,-0.5950868,-1.7958533,-1.3999305,-2.5702329,-2.3017592,-4.9809303,2
gacs_advertisements_04_ytCB4uj0_s0003,gacs_advertisements_04_ytCB4uj0,advertisements,calm,-12.939964,0.9205842,-7.8591385,-7.7427483,-3.2941024,-0.2789786,-4.2970343,-0.99987,4.6371884,4.7402577,3.5260441,-2.1025345,-1.3128864,-2.6411345,2
gacs_advertisements_04_ytCB4uj0_s0004,gacs_advertisements_04_ytCB4uj0,advertisements,neutral,-6.18365,-1.9484515,-12.989725,-9.412384,-8.233078,2.8217578,-4.620428,0.30409098,5.4295363,0.27866486,0.61604303,-0.07999614,-2.7847002,-3.2032533,2
gacs_advertisements_04_ytCB4uj0_s0005,gacs_advertisements_04_ytCB4uj0,advertisements,neutral,-1.9926894,-6.471319,-13.067213,-6.884698,-9.274212,6.1919394,0.37411314,4.2266726,2.2080975,-9.536381,-1.68557,7.1287694,0.5303912,0.87696177,2
gacs_advertisements_04_ytCB4uj0_s0006,gacs_advertisements_04_ytCB4uj0,advertisements,practical,-0.12571543,-3.548413,-16.047369,-9.702437,-9.328008,7.2723293,-2.7845662,3.327516,4.3356366,-7.484162,-1.9607531,6.619627,-0.8068044,1.0567219,2
gacs_advertisements_04_ytCB4uj0_s0007,gacs_advertisements_04_ytCB4uj0,advertisements,neutral,-0.21255557,-7.0686393,-15.988351,-7.3981547,-8.720315,6.553687,0.21688342,2.7727187,3.9985027,-7.1481085,-0.49677762,6.317665,-1.814485,0.2780217,2
gacs_advertisements_04_ytCB4uj0_s0008,gacs_advertisements_04_ytCB4uj0,advertisements,practical,-0.49343503,-4.217873,-18.830267,-7.3421893,-9.962807,9.045839,-0.8775785,3.199329,4.093976,-7.115851,-0.62978053,8.498066,1.8288128,1.5351346,2
gacs_advertisements_04_ytCB4uj0_s0009,gacs_advertisements_04_ytCB4uj0,advertisements,casual,-9.908165,-3.8090336,-4.607643,-10.085526,-6.3514895,3.0725899,-0.12642048,4.149327,-2.9901733,-3.948464,-2.642437,-4.3563867,1.725071,-4.291889,2
gacs_advertisements_04_ytCB4uj0_s0010,gacs_advertisements_04_ytCB4uj0,advertisements,casual,-8.653265,-1.0592214,-12.023757,-5.5511475,-10.209626,4.6025214,-0.7006501,0.8561938,4.234035,-1.1513166,-2.715736,-0.35648507,-2.152071,-2.1572304,2
gacs_advertisements_04_ytCB4uj0_s0011,gacs_advertisements_04_ytCB4uj0,advertisements,neutral,0.9961549,-5.3606877,-17.452492,-7.462397,-10.677479,7.6784697,-1.9340522,3.4786663,4.8893604,-8.84004,-1.3931222,6.1785884,-0.47886777,1.598649,2
gacs_advertisements_04_ytCB4uj0_s0012,gacs_advertisements_04_ytCB4uj0,advertisements,neutral,1.2884554,-6.0076942,-15.734092,-6.9335127,-9.432831,8.382148,0.5422613,3.9494553,2.0382373,-10.0004635,-0.84150815,6.703909,-1.1728956,2.8817623,2
gacs_advertisements_04_ytCB4uj0_s0013,gacs_advertisements_04_ytCB4uj0,advertisements,neutral,-0.38478917,-4.9176874,-17.302147,-6.556426,-11.444822,7.233069,-1.62906,4.1125135,4.8355465,-7.908845,-0.5511442,6.1199675,-0.5127986,0.83736056,2
gacs_advertisements_04_ytCB4uj0_s0014,gacs_advertisements_04_ytCB4uj0,advertisements,neutral,4.291566,-5.993094,-14.849982,-1.1985399,-9.045907,4.205325,-3.3327289,2.9139135,3.1857522,-7.8034425,-0.4602617,6.567214,-0.24852775,2.2034864,2
gacs_advertisements_04_ytCB4uj0_s0015,gacs_advertisements_04_ytCB4uj0,advertisements,casual,-12.13614,-4.103569,-1.5050751,-7.346369,-6.124477,2.287854,1.6934325,4.553187,-2.8894043,-3.75457,-1.8251925,-3.2005157,1.0155702,-5.251344,2
gacs_advertisements_04_ytCB4uj0_s0016,gacs_advertisements_04_ytCB4uj0,advertisements,casual,-4.971998,-1.6866478,-15.031523,-9.3042555,-9.807444,5.2082677,1.3758138,1.9144626,4.567479,-2.8476655,0.6805374,2.1955497,-3.0679467,-1.669404,2
gacs_advertisements_04_ytCB4uj0_s0017,gacs_advertisements_04_ytCB4uj0,advertisements,neutral,-8.670071,-8.94598,-8.590796,-3.5917234,-7.81564,5.4970555,1.3600603,5.722467,2.1521952,-4.7279825,2.5361016,5.9401784,-1.0452954,-0.9505839,2
gacs_advertisements_04_ytCB4uj0_s0018,gacs_advertisements_04_ytCB4uj0,advertisements,practical,-3.416713,-8.271022,-10.971167,-4.264577,-6.913445,4.5837383,-3.04482,5.250556,2.6693668,-7.2373366,-2.4063375,7.1508713,-0.44263542,0.053293243,2
gacs_advertisements_04_ytCB4uj0_s0019,gacs_advertisements_04_ytCB4uj0,advertisements,practical,0.5117453,-7.267541,-15.676107,-8.338485,-6.9637046,6.335498,1.8887602,3.6740582,1.2447085,-8.11868,-1.2082694,7.1425014,1.0448273,3.043855,2
gacs_advertisements_04_ytCB4uj0_s0020,gacs_advertisements_04_ytCB4uj0,advertisements,practical,-2.8460448,-6.4653807,-14.714693,-6.0947266,-6.4566026,4.1522827,-4.2680798,4.1208,0.6402517,-3.9910498,-1.7656974,4.4504523,-0.66185945,-1.8901625,2
gacs_advertisements_04_ytCB4uj0_s0021,gacs_advertisements_04_ytCB4uj0,advertisements,casual,-14.70554,-1.894569,1.709979,-8.342905,-3.2525704,2.8077946,0.14416048,0.5164558,-3.1938953,-2.9867556,0.00899017,-2.1490624,0.22498009,-7.474561,2
gacs_advertisements_04_ytCB4uj0_s0022,gacs_advertisements_04_ytCB4uj0,advertisements,casual,-3.413654,-3.1342475,-12.142193,-9.4647875,-10.664889,2.8732753,3.4648266,1.7627772,1.2663265,-4.255638,0.96957755,2.1390173,-1.0276406,-2.84262,2
gacs_advertisements_04_ytCB4uj0_s0023,gacs_advertisements_04_ytCB4uj0,advertisements,neutral,0.07835292,-8.266321,-13.095808,-3.721214,-6.022361,5.53102,0.5966206,4.328574,3.6720872,-7.0450797,1.5947753,6.5009246,-1.7923465,0.5070451,2
gacs_advertisements_04_ytCB4uj0_s0024,gacs_advertisements_04_ytCB4uj0,advertisements,practical,-7.786963,-6.760609,-12.79284,-5.468919,-9.052693,5.987208,-1.4830551,3.670263,3.5266485,-4.7306,-1.8641158,5.921486,-1.0309294,0.37357542,2
gacs_advertisements_04_ytCB4uj0_s0025,gacs_advertisements_04_ytCB4uj0,advertisements,neutral,-3.3817968,-9.306011,-11.87279,-6.7443085,-6.536363,6.3277225,2.456872,4.5405374,3.2940533,-8.1602125,0.87500805,7.5807123,-1.771073,0.6447431,2
gacs_advertisements_04_ytCB4uj0_s0026,gacs_advertisements_04_ytCB4uj0,advertisements,practical,1.1500574,-5.1123843,-16.492155,-5.009686,-8.281932,5.2582626,-4.920849,3.3704755,4.592186,-6.897595,-0.8957872,7.276992,0.44282743,0.24910162,2
gacs_advertisements_04_ytCB4uj0_s0027,gacs_advertisements_04_ytCB4uj0,advertisements,casual,-9.95039,-5.058338,-3.4203198,-8.281931,-5.0514083,3.0164728,0.68763214,4.3063674,-4.8198156,-3.7343009,-1.8142164,-3.9446445,0.48524797,-4.230329,2
gacs_advertisements_04_ytCB4uj0_s0028,gacs_advertisements_04_ytCB4uj0,advertisements,casual,-4.8798127,-3.0852327,-12.111244,-7.2506557,-9.897695,1.7018747,-0.059997488,0.26461804,1.987385,-1.826646,3.1181703,-0.4734705,-3.360323,-2.8706026,2
gacs_advertisements_04_ytCB4uj0_s0029,gacs_advertisements_04_ytCB4uj0,advertisements,neutral,1.3755882,-7.9127617,-12.036735,-5.500154,-7.842679,5.7316527,1.2087679,4.435787,2.130863,-9.049267,1.0969104,7.1188073,-1.3374867,0.49724206,2
gacs_advertisements_04_ytCB4uj0_s0030,gacs_advertisements_04_ytCB4uj0,advertisements,informational,-0.3243732,-4.9016366,-16.753315,-8.227137,-8.118671,6.274355,-0.6934138,2.6373396,4.0489516,-6.4823895,0.2739782,6.937133,-2.0659578,0.48211047,2
gacs_advertisements_04_ytCB4uj0_s0031,gacs_advertisements_04_ytCB4uj0,advertisements,instructional,-1.7364366,-8.924938,-9.2617,-3.9603302,-6.406985,4.1631985,-0.69059247,6.3885975,0.5717138,-8.813066,-1.0212059,8.241867,1.2169138,-0.20423189,2
gacs_advertisements_04_ytCB4uj0_s0032,gacs_advertisements_04_ytCB4uj0,advertisements,focused,-5.0519257,-3.8227224,-18.326557,-2.5984738,-10.15062,5.867689,-4.2063756,2.5764604,6.6255293,-3.2774844,-0.6404238,6.5876412,-0.009607046,-0.26939964,2
gacs_advertisements_04_ytCB4uj0_s0033,gacs_advertisements_04_ytCB4uj0,advertisements,casual,-14.28465,-5.1046557,-0.07056256,-7.412138,-2.8227596,3.71595,2.128972,3.3091593,-4.475088,-2.602957,0.28008986,-4.454673,-1.611212,-6.446739,2
gacs_advertisements_04_ytCB4uj0_s0034,gacs_advertisements_04_ytCB4uj0,advertisements,calm,-15.52958,-1.0875958,-0.70104975,-7.1348977,0.43321386,0.43374488,-4.3167715,-1.0067549,-0.7903009,1.4717542,-0.48422506,-4.700466,2.4410198,-1.5900849,2
gacs_advertisements_04_ytCB4uj0_s0035,gacs_advertisements_04_ytCB4uj0,advertisements,neutral,0.40513244,-4.268714,-19.616917,-1.5619069,-8.35087,7.132377,-3.8266888,0.32535002,5.942301,-5.8964286,-1.5106107,5.2620816,-2.34341,0.26097918,2
gacs_advertisements_04_ytCB4uj0_s0036,gacs_advertisements_04_ytCB4uj0,advertisements,practical,-2.220086,-5.529383,-16.575096,-6.048348,-8.738596,7.3265996,-1.591204,2.6602423,2.396321,-7.178809,-2.1783834,8.268917,-0.08903648,0.9443689,2
gacs_advertisements_04_ytCB4uj0_s0037,gacs_advertisements_04_ytCB4uj0,advertisements,neutral,-1.5111021,-6.4975586,-15.64433,-5.3428283,-8.690437,7.198703,0.6072279,3.6904054,3.892167,-7.316732,-0.21281968,6.58284,-2.006968,0.009676934,2
gacs_advertisements_04_ytCB4uj0_s0038,gacs_advertisements_04_ytCB4uj0,advertisements,practical,-7.1092477,-4.109031,-17.03597,-5.2413383,-9.356398,6.116285,-2.2595966,2.61399,5.443638,-2.0390968,-0.8469523,6.3736753,0.10259014,1.1160505,2
gacs_advertisements_04_ytCB4uj0_s0039,gacs_advertisements_04_ytCB4uj0,advertisements,casual,-13.06165,-1.3293078,-5.1602244,-9.248332,-4.50218,2.329631,1.5672938,1.9454433,-2.181097,-1.899016,-0.98077863,-5.9360147,-0.0026186502,-6.1049337,2
gacs_advertisements_04_ytCB4uj0_s0040,gacs_advertisements_04_ytCB4uj0,advertisements,casual,-5.129429,-2.269826,-15.95908,-11.17377,-8.938011,5.5797343,-0.3450223,0.19387828,4.9625998,-3.1082683,2.2003334,1.3566917,-2.067491,-1.2301021,2
gacs_advertisements_04_ytCB4uj0_s0041,gacs_advertisements_04_ytCB4uj0,advertisements,neutral,-10.846962,-2.0069814,-6.4181547,-12.424758,-6.0150266,7.928938,0.016959548,2.5135067,-0.751988,-6.7828984,-2.1770203,1.06865,-2.5473917,-3.421278,2
gacs_advertisements_04_ytCB4uj0_s0042,gacs_advertisements_04_ytCB4uj0,advertisements,practical,0.040894337,-7.2028813,-15.851543,-7.2844305,-7.53182,5.4691205,-1.1877605,3.853665,1.8319417,-7.71248,-0.5066095,7.2050714,0.5658188,0.34043247,2
gacs_advertisements_04_ytCB4uj0_s0043,gacs_advertisements_04_ytCB4uj0,advertisements,practical,-2.5620954,-6.1353135,-15.189835,-5.2237964,-7.480855,6.658184,-1.3359325,2.8286488,3.3995423,-5.730374,-1.6294268,7.2396216,-0.58255994,-0.5840112,2
gacs_advertisements_04_ytCB4uj0_s0044,gacs_advertisements_04_ytCB4uj0,advertisements,focused,3.159222,-3.7685623,-17.222284,-4.3425026,-8.856752,5.107729,-4.537967,3.2154527,2.0466957,-6.2688413,-0.026568064,9.377968,-0.71222574,-0.661683,2
gacs_advertisements_04_ytCB4uj0_s0045,gacs_advertisements_04_ytCB4uj0,advertisements,casual,-13.235937,0.3957019,0.2633106,-10.226718,-0.43390006,2.0729587,1.6772809,2.084509,-1.0259169,-1.0123266,2.2026434,-5.320835,-2.283674,-7.1976957,2
gacs_advertisements_04_ytCB4uj0_s0046,gacs_advertisements_04_ytCB4uj0,advertisements,casual,-4.175557,-3.7712896,-12.841421,-4.4279294,-6.5763707,4.234836,1.6660618,1.6701294,0.9650131,-1.580216,1.4664404,0.8603167,-5.0288053,-2.9567337,2
gacs_advertisements_04_ytCB4uj0_s0047,gacs_advertisements_04_ytCB4uj0,advertisements,neutral,-0.021554587,-4.3495393,-16.101131,-5.885859,-7.8323994,9.343182,0.42418912,1.4794093,1.7405097,-8.451734,-0.4174472,9.731611,-1.1250792,-0.0153418705,2
gacs_advertisements_04_ytCB4uj0_s0048,gacs_advertisements_04_ytCB4uj0,advertisements,practical,2.3458302,-2.5048277,-19.830595,-8.181182,-9.603889,7.854191,-1.1882687,1.2115488,5.0137496,-6.8749166,-0.54732496,8.30602,-1.3622911,0.47717738,2
gacs_advertisements_04_ytCB4uj0_s0049,gacs_advertisements_04_ytCB4uj0,advertisements,neutral,3.2010725,-4.918768,-17.66775,-5.872489,-9.366892,9.497257,0.5773599,1.94965,3.2028656,-7.853299,0.92956275,6.4585037,-2.4887018,2.336551,2
gacs_advertisements_04_ytCB4uj0_s0050,gacs_advertisements_04_ytCB4uj0,advertisements,practical,3.863153,-5.2598104,-16.492317,-5.7586966,-7.7444954,5.933137,-3.561207,2.331803,4.3665524,-7.766936,0.11704726,7.4124923,-1.1902978,0.56215596,2
gacs_advertisements_04_ytCB4uj0_s0051,gacs_advertisements_04_ytCB4uj0,advertisements,casual,-13.767301,-2.1670303,-0.8430762,-11.806582,-3.1220093,4.526645,1.6124504,3.0305502,-3.476599,-4.7506495,-2.201506,-4.0800505,-0.74797887,-6.183565,2
gacs_advertisements_04_ytCB4uj0_s0052,gacs_advertisements_04_ytCB4uj0,advertisements,casual,-8.48823,0.19907771,-11.405189,-13.095583,-8.2562,2.7075016,-1.2381488,-0.18308297,3.9813719,-1.8729146,-0.09246617,0.88016397,-1.2255895,-2.3757231,2
gacs_advertisements_04_ytCB4uj0_s0053,gacs_advertisements_04_ytCB4uj0,advertisements,neutral,4.684894,-7.2382445,-13.219997,-9.0835905,-9.687927,5.9854984,-1.3000604,4.808047,2.365668,-10.035263,-1.2647126,6.2821927,-1.0044297,3.6513596,1
gacs_advertisements_04_ytCB4uj0_s0054,gacs_advertisements_04_ytCB4uj0,advertisements,practical,2.006911,-8.701428,-11.793706,-4.6621833,-8.853934,5.5767536,1.1139535,3.03138,-0.848606,-9.150174,0.107063286,7.8739276,0.44610396,0.61195016,2
gacs_advertisements_04_ytCB4uj0_s0055,gacs_advertisements_04_ytCB4uj0,advertisements,informative,-3.14402,-8.564732,-9.212716,-4.7997723,-5.8018556,4.493515,-2.0756514,4.579472,-1.5867633,-7.559244,-0.2872739,6.7399483,-2.5505464,-0.13444424,2
gacs_advertisements_04_ytCB4uj0_s0056,gacs_advertisements_04_ytCB4uj0,advertisements,practical,0.84246886,-4.55135,-18.47065,-7.5429926,-8.650887,7.323284,-4.588876,1.487651,5.2288337,-6.3122764,-2.0394754,6.225526,0.34482053,1.3713138,2
gacs_advertisements_04_ytCB4uj0_s0057,gacs_advertisements_04_ytCB4uj0,advertisements,casual,-12.571364,-4.1206727,-1.7265815,-7.6439753,-4.5791974,1.636497,0.30599055,1.6571534,-2.3107805,-1.0675331,1.4523404,-3.7327166,-1.1637834,-6.689366,2
gacs_advertisements_04_ytCB4uj0_s0058,gacs_advertisements_04_ytCB4uj0,advertisements,casual,-6.037822,-1.1328479,-14.822023,-10.56272,-9.083245,3.8043194,0.71885216,0.67158335,3.8212214,-1.6683717,3.0967774,-0.53097045,-2.7484097,-3.2676313,2
gacs_advertisements_04_ytCB4uj0_s0059,gacs_advertisements_04_ytCB4uj0,advertisements,neutral,-0.33490527,-6.195778,-13.589246,-6.678644,-6.831833,8.839299,1.4893155,2.1763093,2.2933795,-9.2730665,0.49178553,8.720579,-1.2872034,-0.2879601,2
gacs_advertisements_04_ytCB4uj0_s0060,gacs_advertisements_04_ytCB4uj0,advertisements,practical,-8.481534,-7.3277087,-10.99788,-2.2378016,-8.749614,4.4778433,-2.1501796,3.277659,2.7429886,-4.300781,-1.5820214,5.4510646,-1.542114,-1.6646923,2
gacs_advertisements_04_ytCB4uj0_s0061,gacs_advertisements_04_ytCB4uj0,advertisements,neutral,-2.4069524,-6.3781557,-13.911383,-8.330345,-10.746969,7.1878724,0.5666922,4.064732,3.2127779,-10.40534,-2.6497602,6.5732527,2.377178,1.0393215,2
gacs_advertisements_04_ytCB4uj0_s0062,gacs_advertisements_04_ytCB4uj0,advertisements,practical,-0.99990743,-3.6665833,-15.649757,-5.2610717,-8.455674,5.7748575,-2.0717359,3.172384,4.6633797,-6.2272964,-1.3693771,8.04043,0.28335077,1.2735853,2
gacs_advertisements_04_ytCB4uj0_s0063,gacs_advertisements_04_ytCB4uj0,advertisements,casual,-13.76514,-3.5785909,-0.44916862,-8.618697,-3.829141,2.6354742,2.3487203,3.0672147,-2.23988,-2.8178809,0.07319162,-3.1617599,-1.6106985,-6.438761,2
gacs_advertisements_04_ytCB4uj0_s0064,gacs_advertisements_04_ytCB4uj0,advertisements,casual,-3.468848,-3.4322207,-15.685236,-9.122536,-11.737899,4.7666025,3.646863,3.7327108,2.8554595,-4.253782,1.4149287,1.1850133,-0.76309633,-1.7904058,2
gacs_advertisements_04_ytCB4uj0_s0065,gacs_advertisements_04_ytCB4uj0,advertisements,practical,-1.964514,-6.0323367,-12.167241,-7.4873967,-9.38707,7.0241528,-0.8186084,4.9024224,2.4856997,-8.490182,-0.06715377,6.497675,0.040393114,1.2355585,2
gacs_advertisements_04_ytCB4uj0_s0066,gacs_advertisements_04_ytCB4uj0,advertisements,practical,-3.122969,-5.114794,-15.466966,-7.475554,-8.47923,7.570557,-2.723314,4.6036816,3.9052763,-6.018111,-1.8571341,7.603664,0.35566428,1.7862468,2
gacs_advertisements_04_ytCB4uj0_s0067,gacs_advertisements_04_ytCB4uj0,advertisements,casual,-5.7116175,-6.7789216,-9.471281,-6.691525,-5.916304,4.952095,0.010030793,4.907104,2.0170445,-5.95653,-0.11265892,5.123186,-2.0025349,-1.4015056,2
gacs_advertisements_04_ytCB4uj0_s0068,gacs_advertisements_04_ytCB4uj0,advertisements,practical,0.47551307,-5.6270456,-18.457521,-6.9364095,-9.690266,7.6480746,-3.6609654,2.519269,4.123154,-7.2662826,-1.73624,7.737127,0.14033052,1.64188,2
gacs_advertisements_04_ytCB4uj0_s0069,gacs_advertisements_04_ytCB4uj0,advertisements,casual,-9.734492,-6.2661476,-2.251561,-9.628671,-4.9782915,3.041311,1.6803781,4.856344,-5.2549357,-5.430459,-2.9043653,-4.0396986,-0.23445477,-3.4082868,2
gacs_advertisements_04_ytCB4uj0_s0070,gacs_advertisements_04_ytCB4uj0,advertisements,clean,-10.082625,-0.32158095,-12.205569,-6.9405384,-7.3543153,3.3522742,-0.49877974,1.8775414,3.8106782,1.3241682,1.9062063,-0.4323174,-3.0691242,-5.627641,2
gacs_advertisements_04_ytCB4uj0_s0071,gacs_advertisements_04_ytCB4uj0,advertisements,neutral,-0.60585535,-3.7914443,-18.282326,-4.865553,-11.928875,7.888316,-1.418636,2.8138127,5.3397517,-6.0080714,-0.5253241,5.11521,-1.8573359,1.3003058,2
gacs_advertisements_04_ytCB4uj0_s0072,gacs_advertisements_04_ytCB4uj0,advertisements,informative,-0.44737563,-8.449693,-10.886899,-9.934804,-4.2764945,3.027405,-0.82408285,4.739613,-0.4389935,-7.8699765,-1.2917329,4.65583,-1.2769641,1.3507406,2
gacs_advertisements_04_ytCB4uj0_s0073,gacs_advertisements_04_ytCB4uj0,advertisements,neutral,-10.563133,-5.5111847,-6.6051745,-8.5479765,-6.629799,4.6005187,-1.4574995,3.0590117,-1.3056253,-5.9022317,-2.193328,2.8396769,-1.8656712,-3.5668705,2
gacs_advertisements_04_ytCB4uj0_s0074,gacs_advertisements_04_ytCB4uj0,advertisements,practical,-6.4974556,-6.648946,-13.407284,-0.770036,-8.721347,3.080848,-4.6521897,3.933149,3.341249,-2.2725205,-2.0885732,5.510905,0.099166214,-0.35043445,2
gacs_advertisements_04_ytCB4uj0_s0075,gacs_advertisements_04_ytCB4uj0,advertisements,casual,-12.714245,-2.8989627,-3.150232,-10.796039,-2.7702556,2.844363,1.8371171,3.1839995,-2.8876443,-3.91394,-1.888121,-5.285691,-1.8204229,-4.574906,2
gacs_advertisements_04_ytCB4uj0_s0076,gacs_advertisements_04_ytCB4uj0,advertisements,casual,-14.627357,-0.39844528,-3.0894835,-10.301643,-1.8124892,1.3166121,1.9610692,-0.46638137,1.2502958,-0.5708792,1.4952334,1.3783505,-3.3727279,-4.1096673,2
gacs_advertisements_04_ytCB4uj0_s0077,gacs_advertisements_04_ytCB4uj0,advertisements,neutral,-2.0205135,-5.1036506,-16.211899,-2.6406405,-9.351864,5.405706,-2.11424,4.116856,5.369829,-4.939779,1.2501626,5.204117,-2.3644872,-0.5720773,2
gacs_advertisements_04_ytCB4uj0_s0078,gacs_advertisements_04_ytCB4uj0,advertisements,practical,-7.7232094,-5.906672,-5.6298947,-10.388994,-7.5449452,5.151094,-0.16859314,3.5788734,-2.5351267,-7.978741,-1.9296876,2.5472302,-0.9783065,-4.1561856,2
gacs_advertisements_04_ytCB4uj0_s0079,gacs_advertisements_04_ytCB4uj0,advertisements,neutral,-10.964197,-7.2706146,-6.8916206,-8.5115,-6.655519,4.781292,-0.52775115,4.740571,0.09398998,-6.8418136,-2.5772495,3.7782774,-0.29985878,-2.9242897,2
gacs_advertisements_04_ytCB4uj0_s0080,gacs_advertisements_04_ytCB4uj0,advertisements,informative,2.7508836,-6.1343217,-12.108314,-7.306052,-6.0431376,5.017664,-1.8533021,4.7600393,-0.28180984,-9.338499,-0.41318467,5.3005447,-2.4421053,2.7638946,2
gacs_advertisements_04_ytCB4uj0_s0081,gacs_advertisements_04_ytCB4uj0,advertisements,casual,-10.615878,-4.1611075,-3.4622817,-6.036688,-4.0621223,2.0249906,0.84148777,3.8358214,-2.2898116,-1.7478777,-1.0694921,-3.4301252,0.39089188,-3.4434829,2
gacs_advertisements_04_ytCB4uj0_s0082,gacs_advertisements_04_ytCB4uj0,advertisements,casual,-8.739605,-4.5354443,-9.033421,-11.8082075,-8.4558935,3.00303,4.2563033,2.165935,1.0178299,-5.021621,0.8056046,3.0654733,-0.9015195,-2.2241142,2
gacs_advertisements_04_ytCB4uj0_s0083,gacs_advertisements_04_ytCB4uj0,advertisements,neutral,1.8043456,-3.847948,-14.519894,-3.5120037,-5.7763467,6.2797136,0.940577,2.6192367,1.7807239,-6.650455,2.3497663,10.281621,-3.1435187,-0.7081898,2
gacs_advertisements_04_ytCB4uj0_s0084,gacs_advertisements_04_ytCB4uj0,advertisements,practical,2.8016894,-5.878522,-16.886755,-5.4438815,-9.753539,6.1631427,-0.99556565,1.2573296,3.1229908,-7.727845,-1.5823072,6.5585737,-0.45761096,1.0629563,2
gacs_advertisements_04_ytCB4uj0_s0085,gacs_advertisements_04_ytCB4uj0,advertisements,informative,-0.31407306,-6.614186,-14.1154175,-9.96023,-7.3366647,4.743134,-1.8644744,5.2373624,3.731095,-7.4051228,-0.8432359,4.2711763,-2.0489366,2.0767038,2
gacs_advertisements_04_ytCB4uj0_s0086,gacs_advertisements_04_ytCB4uj0,advertisements,neutral,-2.8552437,-5.258069,-15.0313,-6.5122967,-10.932818,6.5210714,-0.34891874,3.2300482,3.9922032,-8.371653,-1.3458555,6.4645796,1.2412251,0.6333606,2
gacs_advertisements_04_ytCB4uj0_s0087,gacs_advertisements_04_ytCB4uj0,advertisements,casual,-11.987604,-4.2586765,-4.8626723,-6.144558,-5.487769,4.2803364,-2.282915,4.075563,-2.1404114,-1.2843721,-2.578197,-2.6920388,0.40972516,-3.5211654,2
gacs_advertisements_04_ytCB4uj0_s0088,gacs_advertisements_04_ytCB4uj0,advertisements,casual,-2.5483522,-1.0710391,-16.204338,-9.0910845,-9.858029,5.1610227,0.194506,0.6011721,4.3411584,-3.5877337,1.0911657,1.4465358,-2.9112306,-2.6119933,2
gacs_advertisements_04_ytCB4uj0_s0089,gacs_advertisements_04_ytCB4uj0,advertisements,neutral,0.18126091,-6.4952197,-15.737466,-4.978546,-9.584163,7.774888,-0.6421449,1.6396322,3.5438972,-7.582746,-0.7848493,5.463818,-0.7732387,0.43970892,2
gacs_advertisements_04_ytCB4uj0_s0090,gacs_advertisements_04_ytCB4uj0,advertisements,practical,-2.7656803,-7.200603,-11.6232815,-3.6888936,-6.5646057,3.6790042,-1.1672322,4.99721,0.20430392,-7.2682858,-1.8927954,8.720116,2.2115338,-1.46253,2
gacs_advertisements_04_ytCB4uj0_s0091,gacs_advertisements_04_ytCB4uj0,advertisements,neutral,2.7488894,-5.6955566,-16.624474,-9.388602,-10.548187,8.465247,-0.8604835,3.3581645,3.377452,-9.667187,-1.1343184,7.107743,0.063062966,2.0692124,2
gacs_advertisements_04_ytCB4uj0_s0092,gacs_advertisements_04_ytCB4uj0,advertisements,practical,-3.081319,-3.7012448,-14.659923,-8.315896,-9.243278,6.2412124,-1.1643193,4.015882,4.33276,-6.766002,-1.1889353,6.619413,-0.42542478,0.96720976,2
gacs_advertisements_04_ytCB4uj0_s0093,gacs_advertisements_04_ytCB4uj0,advertisements,casual,-11.979767,-6.533139,-0.17681262,-8.508796,-4.4155555,3.091588,1.299914,3.822933,-4.7944226,-3.4782212,-0.10925027,-4.216796,-1.4164634,-5.308372,2
gacs_advertisements_04_ytCB4uj0_s0094,gacs_advertisements_04_ytCB4uj0,advertisements,casual,-14.581881,-0.8448514,-0.88062596,-9.328516,-0.7041131,5.720773,4.9727545,3.5480967,-4.3993087,-4.441432,-2.9885063,-4.1016207,-1.037871,-5.972224,2
gacs_advertisements_04_ytCB4uj0_s0095,gacs_advertisements_04_ytCB4uj0,advertisements,casual,-11.323496,-5.70058,-1.1660933,-6.7167797,-3.0936007,1.938386,4.5458,5.815671,-3.1446505,-5.68622,-2.2272077,-2.1283922,0.9431331,-5.1088867,2
gacs_advertisements_04_ytCB4uj0_s0096,gacs_advertisements_04_ytCB4uj0,advertisements,casual,-6.5510173,-6.052831,-5.9812083,-11.106129,-3.613278,2.577324,1.0920483,1.377721,-5.39799,-7.101784,0.08479173,0.9725878,1.215484,-2.437639,2
gacs_advertisements_04_ytCB4uj0_s0097,gacs_advertisements_04_ytCB4uj0,advertisements,casual,-14.804085,-1.9874586,0.41221163,-8.918072,-1.1759571,6.189458,4.252185,4.0000076,-4.554939,-5.236407,-3.161827,-3.5809567,-0.35397482,-5.288217,2
gacs_advertisements_04_ytCB4uj0_s0098,gacs_advertisements_04_ytCB4uj0,advertisements,neutral,-5.466893,-5.639984,-11.704123,-4.5159507,-8.135121,4.784058,1.7843307,4.6571555,2.4494317,-6.303467,-0.76529413,4.41373,-0.31584382,1.9412755,2
gacs_advertisements_04_ytCB4uj0_s0099,gacs_advertisements_04_ytCB4uj0,advertisements,casual,-14.576724,1.6364235,-1.1830821,-12.044127,-2.9846294,3.4201877,-1.3351734,0.5251585,-0.19447657,-0.65593463,0.49377728,-4.043532,-2.099221,-6.3352137,2
gacs_advertisements_04_ytCB4uj0_s0100,gacs_advertisements_04_ytCB4uj0,advertisements,casual,-8.949349,-1.5989058,-5.348581,-10.012275,-2.9793155,4.861012,0.433842,1.4108678,-3.4847617,-4.4719715,-0.8488531,0.24170713,-3.3111835,-6.471594,2
gacs_advertisements_04_ytCB4uj0_s0101,gacs_advertisements_04_ytCB4uj0,advertisements,practical,4.8179197,-2.6756384,-18.051826,-2.2960846,-5.833863,6.945545,-2.7696357,-2.317155,0.9071859,-6.1189003,-0.8777799,8.042774,-2.1812165,-0.4844096,2
gacs_advertisements_04_ytCB4uj0_s0102,gacs_advertisements_04_ytCB4uj0,advertisements,casual,-14.801718,-1.9617563,-1.1601843,-8.529705,-2.6551964,2.3232794,1.8615474,4.058711,-2.516999,-2.7691314,-1.4291297,-3.385057,-0.22385423,-4.9550014,2
gacs_advertisements_04_ytCB4uj0_s0103,gacs_advertisements_04_ytCB4uj0,advertisements,casual,-6.900286,-4.554311,-7.670926,-5.8609753,-6.817685,3.403395,3.3814056,5.856686,-2.0273445,-6.8815756,-2.1825092,3.110876,2.2887666,-0.9323818,2
gacs_advertisements_04_ytCB4uj0_s0104,gacs_advertisements_04_ytCB4uj0,advertisements,casual,-6.7304373,-4.4699683,-9.624122,-13.81044,-2.4995804,2.881351,0.6442576,1.8408537,-3.544481,-5.4713826,-0.60358745,-2.6114829,-1.2943143,0.24166152,2
gacs_advertisements_04_ytCB4uj0_s0105,gacs_advertisements_04_ytCB4uj0,advertisements,casual,0.4046273,-3.7764125,-12.101365,-7.4342995,-9.404217,2.2120786,1.3316208,-1.5565183,-6.58126,-5.3232827,1.3520421,0.417793,-0.19829819,-3.3470063,2
gacs_advertisements_04_ytCB4uj0_s0106,gacs_advertisements_04_ytCB4uj0,advertisements,casual,-15.728458,0.65961534,-1.9129989,-10.12749,0.070094615,4.1039166,2.724213,2.0613236,-1.6220796,-1.1602024,-1.3626535,-5.305601,-2.2023346,-5.663448,2
gacs_advertisements_04_ytCB4uj0_s0107,gacs_advertisements_04_ytCB4uj0,advertisements,casual,-11.942887,-4.2501335,-8.85508,-7.8860755,-6.327968,3.9574137,2.8958623,3.4030848,0.62517256,-1.7745947,-0.02025469,-1.4504219,-2.4654949,-2.5009089,2
gacs_advertisements_04_ytCB4uj0_s0108,gacs_advertisements_04_ytCB4uj0,advertisements,casual,-15.700465,0.1385316,-2.5535536,-13.280082,-2.0783412,6.1826396,3.8274062,1.0377,-3.5258772,-3.6639152,-1.3144523,-4.8690815,-3.2842412,-5.300325,2
gacs_advertisements_04_ytCB4uj0_s0109,gacs_advertisements_04_ytCB4uj0,advertisements,casual,-9.131827,-0.32866353,-6.2835784,-11.902391,-3.6954641,1.637385,-3.4762383,1.8564523,1.327629,1.3298458,0.17019391,-2.105332,1.3616276,-1.7758415,2
gacs_advertisements_04_ytCB4uj0_s0110,gacs_advertisements_04_ytCB4uj0,advertisements,engaged,-13.455579,-4.970928,-4.020428,-3.4223955,-4.7225304,0.9969282,-3.5912297,3.5098844,-3.5187461,1.0818093,-1.5319153,-4.075033,-2.8813808,-1.515395,2
gacs_advertisements_04_ytCB4uj0_s0111,gacs_advertisements_04_ytCB4uj0,advertisements,happy,-18.687223,-1.0791185,4.3420906,3.182074,1.1425216,1.9273751,-3.4862607,0.5683961,1.7771345,3.976854,0.7500217,-0.117788285,-1.6394663,-4.1847486,2
gacs_animations_00_XdKzUbAi_s0000,gacs_animations_00_XdKzUbAi,animations,dreamy,-16.994837,0.0013304366,7.4699535,2.905243,-1.0133953,-2.1558652,-2.0715585,-3.111848,3.3269207,0.6266235,-2.3117602,0.8161476,-1.864367,0.7567922,2
gacs_animations_00_XdKzUbAi_s0001,gacs_animations_00_XdKzUbAi,animations,surprised,18.728289,-12.024018,1.4450854,8.02766,-3.7084005,1.1250448,-10.38701,-3.2193227,1.1575036,-1.2228223,3.8770866,-2.7616818,-1.7220137,0.042329166,1
gacs_animations_00_XdKzUbAi_s0002,gacs_animations_00_XdKzUbAi,animations,playful,-16.350481,2.715961,-0.832897,-7.234244,-2.9539645,0.74926835,-1.758809,1.0496624,3.3807595,-0.07963172,-2.095304,-4.0348506,-2.9420192,-4.6354303,2
gacs_animations_00_XdKzUbAi_s0003,gacs_animations_00_XdKzUbAi,animations,contemplative,16.918905,12.079136,11.465838,-0.6905838,-0.9650409,-7.870594,-3.4666023,0.63953024,-1.7398194,0.97083616,-1.6231796,0.39215586,-8.402888,-0.9916211,0
gacs_animations_00_XdKzUbAi_s0004,gacs_animations_00_XdKzUbAi,animations,playful,-4.4737377,-8.895932,-4.9423347,1.5514562,-3.1943552,1.0621618,-0.61697465,0.13543496,-1.3911127,-0.15381056,-10.421161,-1.0854666,-4.918746,3.575814,2
gacs_animations_00_XdKzUbAi_s0005,gacs_animations_00_XdKzUbAi,animations,joyful,-17.134403,-5.9558525,6.385658,10.065635,1.9950293,3.4095995,-1.9085859,1.3340379,0.49684152,1.4297692,-1.1707008,1.0270157,-3.0299292,-1.7535137,2
gacs_animations_00_XdKzUbAi_s0006,gacs_animations_00_XdKzUbAi,animations,peaceful,-16.90132,7.0550838,5.431188,-11.51861,2.8074992,2.1969142,-1.0031122,-4.301476,2.1594756,-1.9825823,0.1001338,-0.74861306,2.240446,-0.14025421,2
gacs_animations_00_XdKzUbAi_s0007,gacs_animations_00_XdKzUbAi,animations,casual,-18.567999,-0.7810216,2.9308474,-1.1902682,-0.9446042,0.7139832,-3.0830698,1.5311056,0.2730564,1.4428629,-3.5294676,-0.27784324,-1.8362002,-3.0415232,2
gacs_animations_00_XdKzUbAi_s0008,gacs_animations_00_XdKzUbAi,animations,cheerful,-19.490387,-3.2311256,5.421169,7.4936123,2.8864396,5.1371717,-1.7329328,1.6742688,0.5054902,1.4913609,-2.5084069,1.7384428,-2.70165,-1.0319804,2
gacs_animations_00_XdKzUbAi_s0009,gacs_animations_00_XdKzUbAi,animations,cheerful,-20.085152,-1.1426715,3.4442062,-1.0107906,1.9532717,6.1280785,0.01017443,1.634038,0.7691773,1.5007497,-0.3696132,0.9578846,-1.3713489,-1.2567637,2
gacs_animations_00_XdKzUbAi_s0010,gacs_animations_00_XdKzUbAi,animations,playful,-17.56542,-2.7549176,-0.07023395,7.427237,-1.5547324,3.381394,-2.0721443,1.0483363,1.8332946,3.2084272,-5.233415,0.44783205,-2.8173125,-1.0838122,2
gacs_animations_00_XdKzUbAi_s0011,gacs_animations_00_XdKzUbAi,animations,joyful,-16.875473,-6.4849424,4.7284746,10.152309,-0.46729463,4.5853634,-3.0523887,1.0972873,0.61893785,1.2412083,-4.3414598,1.0809557,-3.8333607,-0.30075067,2
gacs_animations_00_XdKzUbAi_s0012,gacs_animations_00_XdKzUbAi,animations,calm,-16.411436,4.2885504,6.634269,-6.0214458,3.9058163,-1.2109909,0.3232363,-3.3710337,4.3232455,2.4867282,4.396268,0.28728878,-0.31955966,0.5464617,2
gacs_animations_00_XdKzUbAi_s0013,gacs_animations_00_XdKzUbAi,animations,excited,-14.764869,-7.9942856,2.7731888,12.914652,1.3607905,1.7162844,-4.0095825,1.5848414,-0.20214245,1.6980588,-3.6634672,-0.88465536,-4.42297,-0.093005754,2
gacs_animations_00_XdKzUbAi_s0014,gacs_animations_00_XdKzUbAi,animations,cheerful,-19.840416,-2.3441656,4.505703,-0.70686734,0.4835116,5.8797193,-0.72610813,1.5268334,0.0733677,-0.13093425,-2.0112236,0.7257737,-1.0707468,-1.4779704,2
gacs_animations_00_XdKzUbAi_s0015,gacs_animations_00_XdKzUbAi,animations,energetic,-4.2711673,-9.738103,-9.643548,0.98709923,6.324531,-0.1025247,0.46522856,0.64343405,1.8798257,-0.2633958,-3.502446,0.41292936,-3.9692643,2.9543717,2
gacs_animations_00_XdKzUbAi_s0016,gacs_animations_00_XdKzUbAi,animations,romantic,-5.802225,-2.723718,-9.421554,-5.7288127,-0.12659596,3.5894084,4.2891984,3.7913232,-9.736382,-1.8504633,1.6476316,-0.7732066,1.1157987,3.6486168,2
gacs_animations_00_XdKzUbAi_s0017,gacs_animations_00_XdKzUbAi,animations,dreamy,-17.55102,0.011507722,6.6604204,-0.5930556,-1.3689097,-0.6996442,-2.4205298,-3.1795805,3.277378,-1.5255896,-1.5442407,2.058084,-0.6878214,0.8100178,2
gacs_animations_00_XdKzUbAi_s0018,gacs_animations_00_XdKzUbAi,animations,joyful,-18.69254,-5.0111957,7.5975146,7.0421324,2.0377345,5.0136557,-1.768233,1.6157358,-1.0696701,-0.038448498,-1.7482703,1.6779058,-2.5001516,-2.9570043,2
gacs_animations_00_XdKzUbAi_s0019,gacs_animations_00_XdKzUbAi,animations,peaceful,-15.672726,6.9826436,6.477192,-10.65291,2.3084016,1.7669281,-0.24636371,-4.1300454,1.2492936,-2.0925655,0.31806046,-0.14090233,3.6138446,0.7085378,2
gacs_animations_00_XdKzUbAi_s0020,gacs_animations_00_XdKzUbAi,animations,playful,-18.091965,-3.9479294,2.082985,5.230012,-1.8602406,4.176884,-2.8875923,0.9115049,2.1245496,0.6706981,-6.164007,0.2489103,-2.93418,0.5882355,2
gacs_animations_00_XdKzUbAi_s0021,gacs_animations_00_XdKzUbAi,animations,shocked,15.271354,-16.462595,-1.8057526,11.291309,-7.2514305,3.6402633,-5.3690286,-7.964168,-2.0257967,-4.97949,2.9166114,-4.806839,0.16405793,-2.2417367,1
gacs_animations_00_XdKzUbAi_s0022,gacs_animations_00_XdKzUbAi,animations,joyful,-4.176968,-9.739196,-0.80877596,25.98025,-7.7263217,3.3248093,-5.176121,-8.303139,-2.7485287,-0.45022342,0.5609097,-2.4609578,0.7165317,0.941161,2
gacs_animations_00_XdKzUbAi_s0023,gacs_animations_00_XdKzUbAi,animations,joyful,-18.858673,-4.370928,4.110325,2.9070742,0.88165605,4.80518,-2.4192157,1.0138967,1.7809343,1.3027812,-3.2939208,1.0121428,-3.608967,-1.8458543,2
gacs_animations_00_XdKzUbAi_s0024,gacs_animations_00_XdKzUbAi,animations,surprised,20.055761,-14.988837,0.62404126,13.7728815,-4.4220443,5.3616805,-7.6650066,-8.628082,-1.1776167,-4.7685738,5.137399,-2.658822,1.7731661,-1.7449758,1
gacs_animations_00_XdKzUbAi_s0025,gacs_animations_00_XdKzUbAi,animations,joyful,-18.349586,-3.4876838,5.0505886,5.8022666,2.7179987,5.1272206,-2.942628,0.81289434,1.6186955,2.4343047,-2.7294657,1.483199,-2.7367973,-1.8229657,2
gacs_animations_00_XdKzUbAi_s0026,gacs_animations_00_XdKzUbAi,animations,anticipatory,-1.5967693,3.8130596,-1.0659947,6.1934204,-0.42043275,-6.9439898,2.4645305,1.6655846,-0.76106095,7.210656,2.66469,3.8475435,-2.5103977,-1.1430337,2
gacs_animations_00_XdKzUbAi_s0027,gacs_animations_00_XdKzUbAi,animations,ethereal,15.271752,15.937342,7.7303815,9.1529455,-6.8608813,-5.362786,-1.1897756,-1.9868821,-1.574678,-1.3918948,-1.953855,2.5063074,-4.754971,-0.7942822,0
gacs_animations_00_XdKzUbAi_s0028,gacs_animations_00_XdKzUbAi,animations,peaceful,-14.164179,5.0223885,-0.5935683,-15.456902,1.0418588,2.7525525,0.19864094,-4.2956076,2.4572067,0.8279597,-0.9175765,-0.23752001,0.19203496,4.04628,2
gacs_animations_00_XdKzUbAi_s0029,gacs_animations_00_XdKzUbAi,animations,dramatic,-1.4524189,-9.256766,0.002631153,7.7742715,-1.4914573,-8.090342,3.1948788,3.8456905,2.5248284,1.1323643,3.020997,0.18672743,1.455799,3.1498516,2
gacs_animations_00_XdKzUbAi_s0030,gacs_animations_00_XdKzUbAi,animations,ominous,25.86144,-5.9016285,7.684609,-6.377369,-2.4491982,7.7508607,6.021497,-1.7123022,1.377139,5.029906,-0.31527498,1.1148773,0.28412026,0.12048951,1
gacs_animations_00_XdKzUbAi_s0031,gacs_animations_00_XdKzUbAi,animations,ominous,13.809061,-7.2745776,-10.226036,-2.985437,14.662486,6.7304187,9.102127,-5.8298655,1.8414059,4.6029296,-0.603791,3.0446768,-1.2646989,1.7732295,1
gacs_animations_00_XdKzUbAi_s0032,gacs_animations_00_XdKzUbAi,animations,ominous,18.147383,-1.7083181,-5.080537,2.3466668,6.152289,0.6099577,2.6966665,-0.86414367,5.243035,3.3576398,2.8346891,6.9355507,-2.523765,0.11722373,1
gacs_animations_00_XdKzUbAi_s0033,gacs_animations_00_XdKzUbAi,animations,dark,27.152622,-0.06941038,9.490178,-3.1157253,-5.7808957,9.486999,3.4603448,-1.4708606,3.6997511,5.4074936,-3.5104976,1.9162651,-0.5807944,-1.1926981,1
gacs_animations_00_XdKzUbAi_s0034,gacs_animations_00_XdKzUbAi,animations,dark,26.680885,-1.5416162,8.254447,-2.615781,-5.3007393,8.810098,4.225072,-2.273887,3.0532827,6.172953,-2.2128174,2.8683276,-0.6935812,-1.2408153,1
gacs_animations_00_XdKzUbAi_s0035,gacs_animations_00_XdKzUbAi,animations,intense,28.81726,-4.711124,11.745863,-3.309526,-4.548363,7.8279195,-0.8181821,-1.6436388,0.89502805,2.4540048,0.78512704,-1.4981706,-0.47001266,-2.1702595,1
gacs_animations_00_XdKzUbAi_s0036,gacs_animations_00_XdKzUbAi,animations,playful,-19.676737,-2.6301556,5.4271307,3.6291158,1.6720575,3.9050138,-3.4873328,0.81001323,0.5147521,-0.054213416,-5.7619944,1.0468701,-1.3660198,-2.7416894,2
gacs_animations_00_XdKzUbAi_s0037,gacs_animations_00_XdKzUbAi,animations,warm,-20.470505,-1.3284861,5.483574,2.276998,1.9853117,5.553924,-1.9621725,0.4133322,1.2273908,1.3197911,-0.37190378,3.1643524,0.19187589,-1.7349098,2
gacs_animations_00_XdKzUbAi_s0038,gacs_animations_00_XdKzUbAi,animations,cozy,-15.759812,4.0056,0.4813862,-3.779896,-4.0841694,1.251191,-1.5741311,-1.9365546,-0.65966225,2.6143436,-0.19832817,0.87780094,0.01696043,-3.2244308,2
gacs_animations_00_XdKzUbAi_s0039,gacs_animations_00_XdKzUbAi,animations,warm,-15.881012,5.868839,5.0652113,-12.237698,1.3970957,2.3399956,0.6484513,-4.693418,1.9836094,-0.067251876,1.0734566,-0.32181677,3.0158243,1.116952,2
gacs_animations_00_XdKzUbAi_s0040,gacs_animations_00_XdKzUbAi,animations,angry,9.723684,-7.702954,-19.711302,0.2488272,20.571978,6.9153666,1.3379456,-7.2421246,0.6156562,4.170515,-5.840529,-2.6614463,-2.2285187,4.7699037,1
gacs_animations_00_XdKzUbAi_s0041,gacs_animations_00_XdKzUbAi,animations,warm,-17.601854,0.36592048,-1.1647929,-6.466321,0.4065333,6.0864315,-1.9798394,0.70005953,-0.34553778,1.150485,-0.028540839,1.0305845,1.8886708,-1.4029846,2
gacs_animations_00_XdKzUbAi_s0042,gacs_animations_00_XdKzUbAi,animations,chaotic,27.333046,-9.434457,4.345059,-0.7389056,-4.1904755,6.5662274,-0.8857621,-5.058461,-1.819511,-4.8816977,1.8223512,-0.50408864,0.07213155,-3.9404907,1
gacs_animations_00_XdKzUbAi_s0043,gacs_animations_00_XdKzUbAi,animations,cheerful,-19.909702,-1.5430276,3.8717847,1.5317647,3.7556083,5.1270323,-1.0267276,1.6123617,-0.851718,1.3566738,-2.828913,0.18642741,-2.5026076,-2.606758,2
gacs_animations_00_XdKzUbAi_s0044,gacs_animations_00_XdKzUbAi,animations,playful,4.992643,-6.137286,-11.121006,7.458648,-0.3228361,1.4641726,-0.045540992,-3.387487,-2.4941409,-2.8797214,-1.7571585,4.6383824,-5.2380595,-3.548298,1
gacs_animations_00_XdKzUbAi_s0045,gacs_animations_00_XdKzUbAi,animations,angry,17.643549,-8.736197,-7.88677,-6.741789,15.750948,7.0609865,5.3373675,-3.3755777,1.3202968,6.220221,-2.125381,-1.4259946,-3.6120894,2.9153428,1
gacs_animations_00_XdKzUbAi_s0046,gacs_animations_00_XdKzUbAi,animations,surprised,17.489687,-16.119768,0.38372204,13.607959,-6.2111893,3.692926,-5.865132,-8.623005,-1.3312668,-4.429339,4.5793576,-4.0447907,2.542392,-3.218835,1
gacs_animations_00_XdKzUbAi_s0047,gacs_animations_00_XdKzUbAi,animations,shocked,25.094637,-12.3075695,7.4255104,1.3664471,-2.009414,4.520118,-7.4711113,-2.6380608,0.7607909,-4.798976,3.353277,-2.850844,-0.9156643,-1.7533989,1
gacs_animations_00_XdKzUbAi_s0048,gacs_animations_00_XdKzUbAi,animations,surprised,20.567835,-12.982015,2.0617204,11.586093,-2.071133,5.1334295,-8.211637,-8.481245,-2.368197,-1.0621767,4.2201886,-2.592748,0.57578117,-0.18574366,1
gacs_animations_00_XdKzUbAi_s0049,gacs_animations_00_XdKzUbAi,animations,shocked,20.483624,-15.564161,0.89007676,14.413688,-3.8841822,4.864882,-7.582704,-9.439763,-1.4288783,-3.9467328,4.9745593,-4.2324142,1.3523042,-2.9698925,1
gacs_animations_00_XdKzUbAi_s0050,gacs_animations_00_XdKzUbAi,animations,peaceful,-18.670614,0.060666677,9.162658,-1.5274962,3.8119054,3.3407753,-0.5228099,-1.7787144,2.6036716,-1.9776585,-0.34766695,1.023062,-0.6254942,-0.42766446,2
gacs_animations_00_XdKzUbAi_s0051,gacs_animations_00_XdKzUbAi,animations,peaceful,-15.97172,2.1124117,8.97639,-8.2118845,3.4826849,1.4672488,3.3270626,-4.005089,4.6882563,-3.8489552,0.92247266,1.5091369,-0.30500168,2.6086354,2
gacs_animations_00_XdKzUbAi_s0052,gacs_animations_00_XdKzUbAi,animations,mystical,-15.063775,5.3727636,10.701875,-10.642392,1.9042906,1.1679275,5.182373,-2.5003574,-2.265906,-5.6996326,2.3631308,-0.61312956,0.7723446,-0.2980287,2
gacs_animations_00_XdKzUbAi_s0053,gacs_animations_00_XdKzUbAi,animations,alarmed,25.199514,-11.2950535,7.590113,-1.957491,3.474419,3.8719537,-10.152461,-1.39126,2.4943082,-1.909546,3.5109966,-4.404295,-2.9199014,-0.932129,1
gacs_animations_00_XdKzUbAi_s0054,gacs_animations_00_XdKzUbAi,animations,mysterious,23.82351,-7.613289,15.554779,-4.1308713,-3.2346895,2.201567,-0.006674488,2.9907095,-0.44659558,3.0423467,-0.6266203,-0.15597436,1.4220392,1.337231,1
gacs_animations_00_XdKzUbAi_s0055,gacs_animations_00_XdKzUbAi,animations,warm,-15.1581745,-0.56105196,6.9770956,-0.43708235,-3.6552858,-1.6043918,0.22122745,-0.4361458,2.3480325,-1.735103,-6.7954845,-0.9518417,-3.644265,1.9050725,2
gacs_animations_00_XdKzUbAi_s0056,gacs_animations_00_XdKzUbAi,animations,angry,1.3680773,-5.200688,-18.52302,8.603263,22.025415,4.3813515,-2.394353,-6.884937,0.11530624,4.662316,-5.2158628,-0.7696667,-5.9768796,3.6226275,2
gacs_animations_00_XdKzUbAi_s0057,gacs_animations_00_XdKzUbAi,animations,dramatic,25.369793,-6.5296245,4.9926167,-4.3910117,1.1802685,5.2696047,3.0776305,-1.5985359,2.8027072,5.54191,1.9092919,1.4626144,-0.81746614,0.052189622,1
gacs_animations_00_XdKzUbAi_s0058,gacs_animations_00_XdKzUbAi,animations,joyful,-10.416029,-10.027773,5.463335,11.949145,-1.1792946,-4.1035094,-1.6927453,-2.6398816,-0.32012424,1.0844066,0.12283054,0.062195744,-4.842592,0.55425256,2
gacs_animations_00_XdKzUbAi_s0059,gacs_animations_00_XdKzUbAi,animations,ominous,14.586732,-9.200593,-6.7673707,-4.6518903,13.8423195,2.0948532,5.1247654,-3.104217,2.1532223,1.7151663,-1.2333596,0.05192955,-1.431052,1.7672775,1
gacs_animations_00_XdKzUbAi_s0060,gacs_animations_00_XdKzUbAi,animations,playful,-10.924082,-5.9381895,0.68178177,3.3048668,-3.1383326,-0.5443316,-1.9007486,-0.15808783,0.1965111,0.009256295,-9.989644,-2.5067062,-4.520919,3.5306666,2
gacs_animations_00_XdKzUbAi_s0061,gacs_animations_00_XdKzUbAi,animations,shocked,28.850641,-10.445071,9.181104,-0.65870154,0.46677724,5.6428413,-6.164316,0.67423636,1.2908365,-4.70602,5.154146,-1.0029113,-1.010513,-2.3121796,1
gacs_animations_00_XdKzUbAi_s0062,gacs_animations_00_XdKzUbAi,animations,energetic,-13.352919,-4.983325,4.5677886,3.2303486,2.2594876,-1.4897296,5.180338,1.1181933,0.109433,-1.0034877,3.736594,1.3538859,-1.7079952,-0.4208683,2
gacs_animations_00_XdKzUbAi_s0063,gacs_animations_00_XdKzUbAi,animations,wonder,11.3278055,-15.27416,3.86709,17.029,-10.485318,0.46807778,-4.5358915,-9.047105,-2.8271863,-4.2635603,1.558329,-4.8651953,1.1532372,1.300333,1
gacs_animations_00_XdKzUbAi_s0064,gacs_animations_00_XdKzUbAi,animations,warm,-18.961401,-1.9455075,2.0107777,1.946824,1.1464161,4.974562,-1.8658621,-0.05921725,-1.4675092,2.0932682,-3.0960712,2.1564906,-2.6476896,-0.39883164,2
gacs_animations_00_XdKzUbAi_s0065,gacs_animations_00_XdKzUbAi,animations,happy,-20.4641,-3.4518661,5.6152835,7.015015,2.4042919,5.5070124,-1.5164882,1.1789707,1.5141658,1.4822146,-1.4100467,3.4653506,-1.8669193,-2.6014595,2
gacs_animations_00_XdKzUbAi_s0066,gacs_animations_00_XdKzUbAi,animations,warm,-20.221407,0.49682403,5.3059707,0.5529608,3.3936696,6.1562195,-2.3454561,0.21064384,1.2994586,2.0296369,-3.3072171,2.2763565,0.3305199,-2.2297242,2
gacs_animations_00_XdKzUbAi_s0067,gacs_animations_00_XdKzUbAi,animations,surprised,13.657719,-14.579699,-2.5182753,15.196752,-7.6980824,5.913921,-5.7453237,-8.113723,-1.2589931,-2.9554687,5.5060253,-5.7763314,0.8037398,-1.5797062,1
gacs_animations_00_XdKzUbAi_s0068,gacs_animations_00_XdKzUbAi,animations,playful,-18.21678,-1.7820596,1.8321179,7.512451,0.26870275,2.8819578,-3.5808153,-0.72388375,0.36274156,4.059468,-3.303485,2.3174767,-2.8414776,-2.1327157,2
gacs_animations_00_XdKzUbAi_s0069,gacs_animations_00_XdKzUbAi,animations,playful,-18.211813,-3.1167092,0.9908148,2.9449112,-4.3190603,5.4437146,-2.884275,0.2458187,-0.13339071,-0.4324613,-7.3679686,-0.5447292,-1.4381897,-0.6672816,2
gacs_animations_00_XdKzUbAi_s0070,gacs_animations_00_XdKzUbAi,animations,anxious,23.64237,-4.177919,4.992619,-4.398399,1.6103821,1.5331284,-9.599764,4.18174,2.183654,-2.9918396,4.07489,-0.9904887,-4.8191648,0.07897468,1
gacs_animations_00_XdKzUbAi_s0071,gacs_animations_00_XdKzUbAi,animations,awkward,14.853247,-9.050003,7.0318055,-11.135529,-5.490384,0.31172097,0.32153288,4.3201246,-4.7437615,-5.6175766,0.38543427,-5.0623546,-2.871068,0.6239032,1
gacs_animations_00_XdKzUbAi_s0072,gacs_animations_00_XdKzUbAi,animations,dramatic,1.6703191,-4.234735,-9.529542,2.653258,-1.933144,-7.7471123,4.7483997,1.4182701,2.0267105,-1.0265561,5.0972238,-1.0018517,0.36696634,-3.6335127,2
gacs_animations_00_XdKzUbAi_s0073,gacs_animations_00_XdKzUbAi,animations,playful,-19.330189,-4.717962,4.294739,2.8061216,0.13814779,4.55945,-1.4376603,1.3317114,1.5628984,-0.77346075,-6.1837754,-0.23476483,-2.457993,-0.9853254,2
gacs_animations_00_XdKzUbAi_s0074,gacs_animations_00_XdKzUbAi,animations,chaotic,18.80951,-11.005898,-4.2943482,-7.658341,5.457737,3.7057545,6.547383,-1.8461255,-2.848132,1.760326,1.10183,1.0610523,0.060316086,-0.32727194,1
gacs_animations_00_XdKzUbAi_s0075,gacs_animations_00_XdKzUbAi,animations,playful,5.9919305,-12.6348095,-2.9648209,6.173669,5.4036565,-5.510994,-1.8724381,-0.14683035,2.2868402,-1.6386629,-5.581097,-4.178316,-0.45286354,-0.91698706,1
gacs_animations_00_XdKzUbAi_s0076,gacs_animations_00_XdKzUbAi,animations,mysterious,-5.888329,-10.226074,6.17755,8.027636,-1.5242198,-5.7088065,3.4430027,2.821602,-2.6397634,-1.4339453,-1.2432508,-2.0439773,-2.9978008,2.830669,2
gacs_animations_00_XdKzUbAi_s0077,gacs_animations_00_XdKzUbAi,animations,playful,-17.814554,-3.8649247,2.177173,2.541705,-1.5354952,4.2486715,-2.2265127,1.380798,-0.8152774,-0.3823971,-7.695231,0.13901727,-3.0598786,-0.051932264,2
gacs_animations_00_XdKzUbAi_s0078,gacs_animations_00_XdKzUbAi,animations,awkward,4.1587033,-6.878814,-9.116007,-7.6807303,6.801369,0.98679936,2.7804172,4.323255,-11.081825,-3.4956915,-0.8900972,-1.438659,-0.84677786,-1.7016684,1
gacs_animations_00_XdKzUbAi_s0079,gacs_animations_00_XdKzUbAi,animations,serious,16.084805,-3.5304239,2.02035,-6.3511043,0.56243825,0.45732334,-6.4244957,5.0576897,-7.373797,-3.6651907,3.9427657,1.998069,-5.400154,-0.98597425,1
gacs_animations_00_XdKzUbAi_s0080,gacs_animations_00_XdKzUbAi,animations,uncomfortable,24.906343,-8.927135,14.437933,-5.452579,-2.5254145,2.9304078,-4.2477174,4.5523524,-3.1248274,-5.1485066,2.4788237,-2.6641393,-2.3263884,-1.0972685,1
gacs_animations_00_XdKzUbAi_s0081,gacs_animations_00_XdKzUbAi,animations,joyful,-16.239265,-7.651691,6.6961503,10.7907505,5.524533,3.8927662,0.41725725,1.6868095,-1.330063,0.5444979,-0.11467088,0.16660929,-4.121866,-2.143537,2
gacs_animations_00_XdKzUbAi_s0082,gacs_animations_00_XdKzUbAi,animations,peaceful,-9.6725645,3.4733477,6.267995,-0.14728606,-4.4294834,-7.0010457,-5.371796,-4.44959,2.7402456,1.7210335,-3.022494,2.572885,-2.8735077,3.0780842,2
gacs_animations_00_XdKzUbAi_s0083,gacs_animations_00_XdKzUbAi,animations,cheerful,-20.440424,-1.641686,5.5793724,-0.13349639,3.591514,6.5972133,-0.16459487,0.8105134,-1.9361037,-1.1892973,-2.9914024,0.9270087,-2.4462895,-3.2134097,2
gacs_animations_00_XdKzUbAi_s0084,gacs_animations_00_XdKzUbAi,animations,dreamy,1.3368137,-7.208401,11.145404,3.8049304,-5.9294457,-7.978091,-1.4812211,-4.8015146,-2.4305768,-5.833558,0.035632804,-0.009129221,-3.3511698,1.9672604,2
gacs_animations_00_XdKzUbAi_s0085,gacs_animations_00_XdKzUbAi,animations,playful,-16.175184,-6.348232,2.1204967,7.769654,1.2178922,2.0581226,-1.5251677,1.8709892,-1.1350656,1.7599338,-5.843739,0.18650302,-5.370006,0.03605952,2
gacs_animations_00_XdKzUbAi_s0086,gacs_animations_00_XdKzUbAi,animations,melancholic,8.733824,0.71057343,10.5634365,-2.4077883,-3.1252735,-8.388949,-2.12465,-2.8776815,0.65585285,1.1362994,-2.2073283,-2.26391,-9.260036,2.560405,1
gacs_animations_00_XdKzUbAi_s0087,gacs_animations_00_XdKzUbAi,animations,playful,-19.770884,-2.9783123,3.94173,4.1503778,1.827481,5.1316423,-2.8322527,1.5130311,1.6517442,1.395105,-4.422953,0.8142527,-0.9346646,-1.8128678,2
gacs_animations_00_XdKzUbAi_s0088,gacs_animations_00_XdKzUbAi,animations,joyful,-20.259604,-3.542934,8.220817,4.8650613,3.1345432,5.7810006,-1.7364467,0.87462795,0.17065611,-0.34643173,-1.979916,1.8043042,-1.971628,-2.7382329,2
gacs_animations_00_XdKzUbAi_s0089,gacs_animations_00_XdKzUbAi,animations,nervous,22.75185,-11.993816,12.28836,-1.3093613,-0.5477459,0.904322,-7.7221837,1.194416,1.9344938,-3.114438,1.8481356,-5.221639,-2.5886953,-0.3468372,1
gacs_animations_00_XdKzUbAi_s0090,gacs_animations_00_XdKzUbAi,animations,surprised,17.704592,-15.240041,8.6699,3.828179,-6.6575294,1.0597556,-6.708855,-2.3144057,-1.4041681,-4.86467,2.0567055,-4.708488,-2.5414526,0.06622037,1
gacs_animations_00_XdKzUbAi_s0091,gacs_animations_00_XdKzUbAi,animations,shocked,23.520847,-12.186013,7.583267,2.6985993,-0.85311604,1.608273,-6.421676,-0.67557186,2.9354694,-5.3967557,2.7235575,-2.8506105,-0.69890994,-4.0076857,1
gacs_animations_00_XdKzUbAi_s0092,gacs_animations_00_XdKzUbAi,animations,joyful,-18.357397,-7.66973,6.0657086,7.2753987,4.3970957,4.7397428,-0.4927856,1.0381223,-0.2703765,-0.5399384,-2.2737696,-0.80658585,-4.549599,-2.924887,2
gacs_animations_00_XdKzUbAi_s0093,gacs_animations_00_XdKzUbAi,animations,playful,-19.65951,-2.5231478,5.6929564,2.21186,3.1778798,5.1371894,-3.202984,1.1441414,1.3120263,1.0267872,-3.7826965,1.4109997,-1.513856,-2.6272526,2
gacs_animations_00_XdKzUbAi_s0094,gacs_animations_00_XdKzUbAi,animations,playful,-13.887045,-3.9479716,-2.8615932,6.795835,-2.4415321,-2.4805899,1.9297241,3.1969457,1.7682672,4.0899734,0.15908517,-1.5353689,-3.0606,-0.4045551,2
gacs_animations_00_XdKzUbAi_s0095,gacs_animations_00_XdKzUbAi,animations,mysterious,22.921345,-9.111494,12.724231,-2.1743731,-4.737403,1.6748273,-0.117169425,2.0254924,1.0314684,2.5764284,-0.11966255,-1.1944529,2.2863264,1.7296327,1
gacs_animations_01_CaimKeDc_s0000,gacs_animations_01_CaimKeDc,animations,ominous,26.2521,-6.2900295,7.8981996,-2.0146906,-5.922049,8.002781,3.948589,-4.683315,0.9129232,1.1897784,-0.37714386,1.5456558,0.51116437,0.43176532,1
gacs_animations_01_CaimKeDc_s0001,gacs_animations_01_CaimKeDc,animations,festive,-16.067093,-7.5016575,7.554814,10.302389,4.026407,1.4597291,0.56354433,1.3679128,-0.060467508,-1.2085948,-0.8362125,0.57516587,-2.5954382,-0.19202429,2
gacs_animations_01_CaimKeDc_s0002,gacs_animations_01_CaimKeDc,animations,curious,-13.240523,1.4960054,-4.9818034,-8.294669,-0.8598902,1.1666828,-0.46674904,-3.1680346,-6.1061616,3.739565,-1.3609596,-4.551647,-2.5080435,1.3113402,2
gacs_animations_01_CaimKeDc_s0003,gacs_animations_01_CaimKeDc,animations,warm,-14.759633,-0.83200324,2.675286,-2.3758242,-4.108666,-0.6435523,-2.0850532,-2.8781228,2.6191952,2.3396368,-1.7203175,2.8713937,-0.23965955,4.8453054,2
gacs_animations_01_CaimKeDc_s0004,gacs_animations_01_CaimKeDc,animations,warm,-19.471447,-4.9262595,7.40557,5.1563106,4.897056,6.089361,0.09857145,0.4952292,-0.31731042,0.049899228,0.24868122,1.4383508,-2.6022227,-0.90343165,2
gacs_animations_01_CaimKeDc_s0005,gacs_animations_01_CaimKeDc,animations,mysterious,-15.431093,3.0077503,14.220657,-5.7313724,1.6167612,0.13433762,4.009187,-2.4043894,-0.47373173,-4.9186783,1.0488153,1.7892575,-0.34078395,1.662806,2
gacs_animations_01_CaimKeDc_s0006,gacs_animations_01_CaimKeDc,animations,dramatic,22.728106,-4.6978936,9.617971,-2.5144417,6.842392,0.97445947,2.8485231,2.4009626,3.7813447,5.6258016,3.1597738,2.5934596,0.98210055,1.3440006,1
gacs_animations_01_CaimKeDc_s0007,gacs_animations_01_CaimKeDc,animations,magical,-3.4730458,-7.8230023,-1.190278,-0.8021811,-2.628061,-2.356763,7.8102155,-5.730943,2.3283083,-1.7392237,-2.0918443,1.7535264,-1.4488032,6.9099016,2
gacs_animations_01_CaimKeDc_s0008,gacs_animations_01_CaimKeDc,animations,magical,-12.820448,-5.702541,4.4670396,7.2475724,-3.559895,-2.1435285,2.0101252,-2.2981505,1.8509706,-1.284484,-3.229368,-0.03458571,-3.9645233,3.7683792,2
gacs_animations_01_CaimKeDc_s0009,gacs_animations_01_CaimKeDc,animations,joyful,-17.200329,-6.529296,4.1289296,12.219723,-0.16305678,4.193924,-2.8409214,1.8885651,-0.07677123,2.7018843,-0.43646646,2.355101,-2.53192,0.014827762,2
gacs_animations_01_CaimKeDc_s0010,gacs_animations_01_CaimKeDc,animations,romantic,-12.355787,-6.614861,5.3704896,5.3125277,-1.922234,-2.2732022,3.1780808,0.15713808,-0.40286195,-0.76415074,2.6590173,-1.1680255,-0.98830503,4.1853065,2
gacs_animations_01_CaimKeDc_s0011,gacs_animations_01_CaimKeDc,animations,joyful,-16.181768,-7.19814,6.084922,11.641491,2.0515785,2.3605244,-0.7253036,0.45594612,1.0514787,1.0822182,0.39172325,1.5697365,-2.9074905,0.17756304,2
gacs_animations_01_CaimKeDc_s0012,gacs_animations_01_CaimKeDc,animations,hopeful,-17.524767,-4.1214023,6.1259193,10.102606,-0.14845824,3.7451856,-2.3192608,1.8629756,1.2174529,2.6581655,-0.8907277,3.4944704,-1.2552531,0.38096336,2
gacs_animations_01_CaimKeDc_s0013,gacs_animations_01_CaimKeDc,animations,cozy,-16.951025,4.3777018,-0.6604522,-3.7256467,-2.3979526,2.981971,-3.5274541,-2.388329,0.63743633,1.5065721,-2.112328,0.87964755,1.258357,-1.6150875,2
gacs_animations_01_CaimKeDc_s0014,gacs_animations_01_CaimKeDc,animations,joyful,-17.998356,-4.6207128,6.0076766,3.608489,2.0546014,2.8142905,-1.1092703,1.3245162,0.95797694,0.7436983,-0.13052078,0.62198216,-2.4568694,-0.34324488,2
gacs_animations_01_CaimKeDc_s0015,gacs_animations_01_CaimKeDc,animations,warm,-16.43901,2.3182697,1.3002715,-8.262836,-0.2138248,2.7094622,-0.5405256,-2.5733018,3.47318,1.073168,0.5470933,-0.9180992,1.036588,1.0549039,2
gacs_animations_01_CaimKeDc_s0016,gacs_animations_01_CaimKeDc,animations,joyful,-17.191849,-6.953708,9.660569,11.3761635,4.973895,4.443869,-0.968978,0.26611537,0.5500104,-0.37301734,1.6962318,1.5699619,-4.0336204,-0.3701585,2
gacs_animations_01_CaimKeDc_s0017,gacs_animations_01_CaimKeDc,animations,festive,-17.74508,-5.6416616,5.600507,10.0693245,4.481194,3.0182812,-0.92604744,1.1635631,0.020761983,1.2472966,0.17141557,1.6500585,-1.8941195,-1.0194323,2
gacs_animations_01_CaimKeDc_s0018,gacs_animations_01_CaimKeDc,animations,joyful,-15.478004,-7.134531,7.5555286,11.591977,2.1148255,3.113163,-0.42621452,1.4351002,0.7469463,0.3288341,0.80177194,2.1566615,-2.8390427,0.097027674,2
gacs_animations_01_CaimKeDc_s0019,gacs_animations_01_CaimKeDc,animations,vibrant,-15.964408,-6.221431,4.7756186,5.775951,1.9247671,-0.096486084,3.6314347,-0.08402209,1.1438508,0.1287183,1.9051797,-0.21150057,-2.2043636,2.7226112,2
gacs_animations_01_CaimKeDc_s0020,gacs_animations_01_CaimKeDc,animations,warm,-17.734615,-1.7973077,4.7690682,-4.53765,-0.97258085,3.0034053,1.3077592,-0.31178343,0.64254916,-0.13506183,-1.6955436,1.8297693,0.7501318,2.1607795,2
gacs_animations_01_CaimKeDc_s0021,gacs_animations_01_CaimKeDc,animations,surprised,0.26536506,-10.122692,-8.8143215,24.19889,-11.851452,7.422742,-4.5702243,-12.2897625,-2.5305593,-2.6305125,0.64600134,-3.6143305,1.8585138,1.3759892,2
gacs_animations_01_CaimKeDc_s0022,gacs_animations_01_CaimKeDc,animations,surprised,5.2205553,-11.465857,-7.39509,27.556223,-11.067651,7.9806166,-4.106986,-14.677294,-3.6475327,-4.4164333,3.2446089,-5.379741,3.8149433,0.98135555,1
gacs_animations_01_CaimKeDc_s0023,gacs_animations_01_CaimKeDc,animations,joyful,-20.018915,-2.6355305,6.746215,1.3936477,4.4246554,7.8233166,-0.57389295,1.0419191,-2.5097902,-0.44234172,-0.65125483,1.9342172,-1.7485844,-1.9924763,2
gacs_animations_01_CaimKeDc_s0024,gacs_animations_01_CaimKeDc,animations,mysterious,25.929152,-6.0908318,12.489343,-4.911032,-5.4884973,5.265708,0.65343666,-0.50765663,1.9530873,4.0646253,-2.5306916,-0.14924763,-0.52237356,1.2706957,1
gacs_animations_01_CaimKeDc_s0025,gacs_animations_01_CaimKeDc,animations,determined,-2.5459583,-6.2729254,-9.370698,0.4628792,-6.789041,-3.3832574,-0.904825,3.7257586,3.0514555,2.1818573,-0.08312933,-0.4098594,-1.2966608,1.9661721,2
gacs_animations_01_CaimKeDc_s0026,gacs_animations_01_CaimKeDc,animations,peaceful,-18.081028,4.173553,8.1577835,-3.929378,3.346205,3.55423,-0.1246209,-3.5977643,3.954914,-1.8788179,0.40008295,1.4031599,0.8922392,-0.68150836,2
gacs_animations_01_CaimKeDc_s0027,gacs_animations_01_CaimKeDc,animations,joyful,-15.592889,-5.57259,3.8018916,10.843629,-2.064297,2.1268132,-1.1438098,1.8877681,0.96762013,3.0509326,0.86477643,2.9379103,-0.5122812,2.9502618,2
gacs_animations_01_CaimKeDc_s0028,gacs_animations_01_CaimKeDc,animations,joyful,-18.663513,-4.0016136,6.162428,6.50779,1.5594546,4.8298254,-2.856823,1.179135,0.3807172,1.0588804,-4.52894,1.0082295,-2.8810863,-1.3316361,2
gacs_animations_01_CaimKeDc_s0029,gacs_animations_01_CaimKeDc,animations,peaceful,-19.287275,1.3628194,9.281384,-1.156764,3.4409885,3.8955085,-0.72488827,-1.2866335,3.3578014,-1.1605283,-0.65803,1.6505073,-0.13753887,-0.364388,2
gacs_animations_01_CaimKeDc_s0030,gacs_animations_01_CaimKeDc,animations,joyful,-3.4941185,-9.665411,-2.4090686,27.161575,-8.60772,5.182019,-5.126236,-8.677897,-3.4105337,-0.5689673,1.2591776,-2.7645488,1.8130616,0.35305792,2
gacs_animations_01_CaimKeDc_s0031,gacs_animations_01_CaimKeDc,animations,romantic,-5.986272,-7.2124896,10.579451,0.7993542,-2.024703,-6.6074104,4.5926843,0.94319963,-4.894047,-5.079631,-1.0304792,-0.33466738,-0.8653477,4.717172,2
gacs_animations_01_CaimKeDc_s0032,gacs_animations_01_CaimKeDc,animations,joyful,-18.473454,-5.845243,7.0133586,7.24502,2.12083,4.6084566,-2.001986,0.9486868,0.45883664,-0.21394706,-3.1740818,0.49306592,-3.7110252,-1.1010516,2
gacs_animations_01_CaimKeDc_s0033,gacs_animations_01_CaimKeDc,animations,joyful,-17.879076,-6.3041463,6.366894,10.609412,2.666181,4.4755173,-1.4894326,1.2548385,0.7340951,1.7470828,0.14641938,2.4917836,-2.5155811,-0.31112078,2
gacs_animations_01_CaimKeDc_s0034,gacs_animations_01_CaimKeDc,animations,mysterious,15.002629,28.450346,-0.18187185,9.703921,-1.5337858,5.595122,4.335669,2.9191463,3.4614186,-3.4148855,-2.8650048,-3.6321301,-0.117417745,0.6979685,0
gacs_animations_01_CaimKeDc_s0035,gacs_animations_01_CaimKeDc,animations,sinister,20.008675,-6.567278,2.1171834,-5.296283,5.6127605,3.0086558,4.5768504,1.9294626,1.9080305,8.615986,0.30183482,1.7079923,-0.3461027,0.0069890325,1
gacs_animations_01_CaimKeDc_s0036,gacs_animations_01_CaimKeDc,animations,desperate,27.367344,-3.8785415,11.803266,-6.0481477,0.8089016,3.8033044,-1.6882579,3.0239959,0.9648088,-2.5642648,0.06580516,0.06767518,-3.5168555,-1.2285898,1
gacs_animations_01_CaimKeDc_s0037,gacs_animations_01_CaimKeDc,animations,intimate,-12.788036,-1.7484564,-5.3220162,-5.550962,4.823019,6.1124263,3.8208349,2.8779507,-10.475701,0.37600324,1.3836809,-1.2115138,-1.5944691,0.7207768,2
gacs_animations_01_CaimKeDc_s0038,gacs_animations_01_CaimKeDc,animations,warm,-19.747887,-1.7355516,3.0597234,-3.4891171,5.2150564,7.3015256,2.8359253,2.2432163,-4.710394,-0.042949125,0.06295382,1.8168572,-1.0166358,0.16225043,2
gacs_animations_01_CaimKeDc_s0039,gacs_animations_01_CaimKeDc,animations,magical,-13.5754795,-4.318424,6.695897,-0.36733916,-2.9959676,-2.0572076,5.8815365,-1.2576672,1.9386137,-2.907229,-0.027353268,1.4183928,-2.003965,4.3785834,2
gacs_animations_01_CaimKeDc_s0040,gacs_animations_01_CaimKeDc,animations,dark,24.70385,15.560676,7.037903,-0.6258911,-4.6817727,8.004644,4.3627424,3.0183914,4.3989744,1.0847164,-5.2135024,-1.2825315,-1.4493065,-0.24606955,0
gacs_animations_01_CaimKeDc_s0041,gacs_animations_01_CaimKeDc,animations,curious,-10.294744,-9.311085,-1.1812719,11.354983,-5.038229,-1.0417653,0.08828597,-4.1817565,-1.3271859,1.703282,-4.1480203,-2.1537864,-4.155248,4.2578287,2
gacs_animations_01_CaimKeDc_s0042,gacs_animations_01_CaimKeDc,animations,mysterious,25.979492,-5.7539105,14.177373,-5.011338,-5.4619093,4.744465,0.13073537,1.2014047,0.91584927,4.2059216,-1.4844171,-0.18056992,0.31560528,1.7715318,1
gacs_animations_01_CaimKeDc_s0043,gacs_animations_01_CaimKeDc,animations,concerned,21.98902,-8.248301,11.422595,-5.057725,-1.1736264,-0.9479556,-9.174989,3.7621932,2.3969498,-2.1722772,4.117344,-3.3124745,-4.5815654,-0.17341252,1
gacs_animations_01_CaimKeDc_s0044,gacs_animations_01_CaimKeDc,animations,mysterious,25.681952,-1.608769,15.248643,-1.1056722,-7.822895,4.557023,2.45166,0.06362622,-2.6505044,0.98911333,-2.138668,1.4777577,-1.3503188,-0.9414287,1
gacs_animations_01_CaimKeDc_s0045,gacs_animations_01_CaimKeDc,animations,warm,-10.287217,8.343869,1.3783162,-11.03759,-5.3034034,-0.24142309,-2.4625819,-5.509861,-1.233675,-1.66789,-1.7706393,0.6798168,0.35299486,-0.59444755,2
gacs_animations_01_CaimKeDc_s0046,gacs_animations_01_CaimKeDc,animations,cozy,-13.953336,2.240955,-0.8303189,-4.369518,-2.706542,2.0546844,-0.39505914,-2.8156261,-1.5377414,-1.1972733,-4.58904,-1.2209625,-1.6647893,-1.9359443,2
gacs_animations_01_CaimKeDc_s0047,gacs_animations_01_CaimKeDc,animations,magical,-11.885904,-7.7149277,7.003513,5.276672,-3.611265,-3.1539993,2.5074759,-1.8015243,2.1872075,-3.7908108,-4.576528,-0.7415569,-4.875261,5.1837263,2
gacs_animations_01_CaimKeDc_s0048,gacs_animations_01_CaimKeDc,animations,dark,26.893253,-0.41044116,8.607726,-5.519402,-6.376175,9.507309,4.2841234,-1.7409979,3.3822103,5.31305,-3.5979264,1.7933298,-0.14729483,-0.7485505,1
gacs_animations_01_CaimKeDc_s0049,gacs_animations_01_CaimKeDc,animations,dark,26.987242,-3.8157258,8.129506,-7.2215686,-6.80706,8.462167,2.8839636,-2.3479378,1.538552,3.9930322,-2.4947588,-0.035060372,0.28137052,-0.08111396,1
gacs_animations_01_CaimKeDc_s0050,gacs_animations_01_CaimKeDc,animations,cozy,-18.542738,2.9792182,5.978847,-1.7146965,0.3938659,1.1222403,-1.2979242,-1.8719723,0.59795207,2.4939435,0.33750823,1.079996,2.4286814,-2.285468,2
gacs_animations_01_CaimKeDc_s0051,gacs_animations_01_CaimKeDc,animations,tense,18.32629,-0.83248395,6.3298545,-7.184737,3.484782,-5.5788207,-12.909954,-1.5945164,0.78611046,3.637787,1.7557895,-2.1251228,-3.9806514,-1.1974943,1
gacs_animations_01_CaimKeDc_s0052,gacs_animations_01_CaimKeDc,animations,mysterious,-11.168458,-4.775392,14.281922,4.3762655,-3.8896644,-2.4458423,2.9420846,-1.3625532,-1.3232806,-1.9009566,-1.1861191,2.2156506,-2.6273727,5.891766,2
gacs_animations_01_CaimKeDc_s0053,gacs_animations_01_CaimKeDc,animations,surprised,22.245852,-14.630685,5.499664,9.312943,-2.276414,2.9731042,-9.324578,-5.61114,-0.8444887,-3.5509353,5.055183,-3.7509713,1.6159879,-0.29787645,1
gacs_animations_01_CaimKeDc_s0054,gacs_animations_01_CaimKeDc,animations,festive,-18.342186,-3.7802083,6.302714,7.844139,2.879087,3.1634514,0.74749106,0.31177235,-0.27956077,0.45942515,1.7223517,0.5272252,-1.7504823,0.88641816,2
gacs_animations_01_CaimKeDc_s0055,gacs_animations_01_CaimKeDc,animations,mysterious,-14.057938,4.2393594,12.783395,-0.75478894,-2.3281763,-2.4584517,1.5763904,-2.7659197,-2.1107981,-3.76726,-1.618038,1.4209245,-1.6201203,1.9607826,2
gacs_animations_01_CaimKeDc_s0056,gacs_animations_01_CaimKeDc,animations,dark,17.901777,26.576363,1.2129154,7.9956055,-2.3822522,3.947842,2.4225981,2.4238043,3.672517,-2.626412,-3.876192,-2.7808867,-0.64774245,0.008984093,0
gacs_animations_01_CaimKeDc_s0057,gacs_animations_01_CaimKeDc,animations,mysterious,26.205914,-5.9944983,14.422327,-4.5631094,-5.331327,4.6056376,0.2982725,0.991762,0.64165604,3.536018,-1.5469885,-0.5443296,0.19448045,1.2521818,1
gacs_animations_01_CaimKeDc_s0058,gacs_animations_01_CaimKeDc,animations,playful,-12.826703,-3.2514217,0.0016363647,2.9489007,-6.6589007,-0.569557,-1.3642445,-1.521839,-1.0275466,1.2050372,-10.289579,-0.8002718,-2.8522458,3.7459333,2
gacs_animations_01_CaimKeDc_s0059,gacs_animations_01_CaimKeDc,animations,mysterious,26.44796,-3.998351,12.1522,-3.75413,-9.023758,7.2833815,2.1152427,-1.1447763,-0.63661706,2.7766,-1.1452832,-0.10559686,-0.40780738,0.5857849,1
gacs_animations_01_CaimKeDc_s0060,gacs_animations_01_CaimKeDc,animations,mysterious,11.907879,-10.706356,14.510632,-1.4783878,-6.191848,-3.3591614,3.214502,2.26913,-0.93752486,1.1440488,-2.590688,-2.1048243,3.2188706,4.850103,1
gacs_animations_01_CaimKeDc_s0061,gacs_animations_01_CaimKeDc,animations,mysterious,19.838024,-4.705975,16.816017,-2.0676694,-4.2175913,-0.59184647,2.8018248,1.9100661,-0.1251279,3.0699687,-2.197811,2.098344,-0.14232816,3.5524385,1
gacs_animations_01_CaimKeDc_s0062,gacs_animations_01_CaimKeDc,animations,mysterious,24.404451,-0.85716313,15.493781,-1.8180181,-2.1744561,3.48349,3.1650932,2.2904832,0.090036154,3.1064847,-0.9894438,2.525134,0.17440593,2.3698606,1
gacs_animations_01_CaimKeDc_s0063,gacs_animations_01_CaimKeDc,animations,tense,6.8050733,-9.729152,-16.06522,-4.7074423,24.2675,4.962663,2.3910122,-3.8061132,-2.1589286,1.4369093,-3.9860384,-4.295777,-0.88814247,5.4865685,1
gacs_animations_01_CaimKeDc_s0064,gacs_animations_01_CaimKeDc,animations,playful,3.4871738,-9.922162,-0.8102806,3.0014482,5.159094,-4.975881,-2.1698155,1.7311668,-0.13356666,-1.7154342,-7.0690084,-2.2712793,-2.1065886,-1.2828058,1
gacs_animations_01_CaimKeDc_s0065,gacs_animations_01_CaimKeDc,animations,mysterious,25.831236,-0.41882476,14.597148,-2.6664674,-5.387245,4.2455406,3.0610657,1.5590205,-0.31484172,3.5301423,-2.4354541,2.3828924,-0.3437375,1.6563222,1
gacs_animations_01_CaimKeDc_s0066,gacs_animations_01_CaimKeDc,animations,inspiring,-12.294235,-5.8872805,4.546188,2.338581,1.3920733,-0.8528839,4.104061,-2.4352446,5.5286884,-0.977751,0.5487945,1.4094962,-1.6000811,6.46466,2
gacs_animations_01_CaimKeDc_s0067,gacs_animations_01_CaimKeDc,animations,mysterious,26.329525,-2.3939948,14.093466,-3.628226,-6.04968,4.907717,1.6400685,0.842086,0.68798906,3.6422005,-1.0330471,1.733019,-0.64453447,1.646672,1
gacs_animations_01_CaimKeDc_s0068,gacs_animations_01_CaimKeDc,animations,playful,-5.454105,-7.9389157,3.3689408,11.929655,-9.783142,-2.2236185,2.195168,-5.635175,-1.6069787,-0.012779387,-5.3143277,2.5835764,-0.8350171,4.065077,2
gacs_animations_01_CaimKeDc_s0069,gacs_animations_01_CaimKeDc,animations,romantic,-14.982983,-3.2847412,7.4258,-0.51545227,1.6951202,-1.8139802,5.2171164,1.8534201,-2.4304955,-0.7913423,2.1369991,0.29506725,0.8604453,1.9912122,2
gacs_animations_01_CaimKeDc_s0070,gacs_animations_01_CaimKeDc,animations,curious,-8.514526,-11.343429,-1.0410929,14.6030245,-6.695479,-1.1843001,-1.5986832,-5.6635146,-1.3817909,-0.10294528,-3.3667479,-3.4121723,-2.2760322,5.159597,2
gacs_animations_01_CaimKeDc_s0071,gacs_animations_01_CaimKeDc,animations,adventurous,0.85877246,-11.415741,15.80487,1.2592392,4.957458,-8.198392,1.76177,4.387769,1.6358864,-7.941252,-1.0873275,-2.0371916,0.07470954,1.4093361,2
gacs_animations_01_CaimKeDc_s0072,gacs_animations_01_CaimKeDc,animations,dreamy,-10.129212,2.3545432,9.729089,-0.7279585,-5.3548036,-7.725062,-2.5852141,-3.6127436,0.99023724,-2.2454715,-4.7483273,-1.6944159,-3.4933398,1.2575098,2
gacs_animations_01_CaimKeDc_s0073,gacs_animations_01_CaimKeDc,animations,mysterious,-12.319705,11.649995,14.764524,-6.253702,2.817511,-1.676188,2.4806607,-4.648891,-2.4494903,-4.1221147,1.6986938,1.020107,0.95289,0.34951586,2
gacs_animations_01_CaimKeDc_s0074,gacs_animations_01_CaimKeDc,animations,warm,-15.869243,-1.7209086,-1.6941777,-3.8931363,-3.844044,1.5472637,-0.1805036,3.317826,-1.7106117,1.9392128,-1.596049,0.03293594,2.352219,2.2925277,2
gacs_animations_01_CaimKeDc_s0075,gacs_animations_01_CaimKeDc,animations,cozy,-13.583123,-2.5255344,-0.7408705,-3.8514812,-5.2756257,1.7440448,-0.6269287,-0.31821814,0.09177338,1.7786763,-4.315802,2.2739377,1.0853002,0.7613015,2
gacs_animations_01_CaimKeDc_s0076,gacs_animations_01_CaimKeDc,animations,menacing,17.660494,-12.872853,-5.6012764,-7.3849297,16.20974,2.484739,3.3103309,-2.5198772,2.526902,-1.4699285,-1.3955029,-2.5372891,-0.13842268,1.5386072,1
gacs_animations_01_CaimKeDc_s0077,gacs_animations_01_CaimKeDc,animations,dramatic,20.68664,-8.047485,6.453302,-2.80314,5.480846,0.08988601,0.5863123,1.6238575,4.442509,3.5829906,1.5186123,0.35104913,1.6249851,0.6334801,1
gacs_animations_01_CaimKeDc_s0078,gacs_animations_01_CaimKeDc,animations,mysterious,24.463482,-0.88225967,14.71327,-1.421132,-3.751244,4.101675,3.2695537,1.4931747,0.65129477,5.5856066,-0.40311375,2.6081212,-0.42669022,1.0913664,1
gacs_animations_01_CaimKeDc_s0079,gacs_animations_01_CaimKeDc,animations,mysterious,24.2076,-2.519992,15.152287,-1.3245883,-2.4823763,3.4360654,3.7473173,2.7400193,-1.4513108,4.383084,0.18409002,3.5454285,0.23734173,1.4155002,1
gacs_animations_01_CaimKeDc_s0080,gacs_animations_01_CaimKeDc,animations,magical,-2.6080918,-9.83484,8.341931,11.097034,-6.7409844,-5.1834235,1.8624485,-5.410807,0.85871166,-4.577286,-1.5829977,0.7574383,-2.1298301,5.7030454,2
gacs_animations_01_CaimKeDc_s0081,gacs_animations_01_CaimKeDc,animations,dreamy,-10.271185,-5.8328123,6.734399,3.9229476,-3.941531,-4.980557,-0.7069301,-3.928931,0.34690976,-2.8389368,-6.31956,0.084206104,-5.1349154,4.0731254,2
gacs_animations_01_CaimKeDc_s0082,gacs_animations_01_CaimKeDc,animations,joyful,-14.055276,-7.790959,9.449388,12.807528,2.029605,1.336387,-0.018113395,-0.51043946,0.8609547,-0.08189561,1.7303454,1.9874865,-3.5578609,1.3792886,2
gacs_animations_01_CaimKeDc_s0083,gacs_animations_01_CaimKeDc,animations,joyful,-12.143277,-7.6133285,10.802693,11.948837,-3.8543453,-2.3047733,-1.4282284,-1.6017171,0.8892344,-1.6091663,-0.8094967,1.5070277,-3.5883334,2.7685807,2
gacs_animations_01_CaimKeDc_s0084,gacs_animations_01_CaimKeDc,animations,mysterious,26.241642,-5.865827,14.214695,-4.6408844,-6.4916945,5.453084,0.11898543,0.15162814,0.105380185,3.5933444,-1.663301,-0.7547073,0.22304475,1.0115591,1
gacs_animations_01_CaimKeDc_s0085,gacs_animations_01_CaimKeDc,animations,mysterious,26.729557,-3.6902983,13.055286,-2.2231646,-8.561241,6.42761,1.257313,-1.9885002,-0.7994846,1.7878598,-2.1693983,0.37606952,-0.9085366,0.630038,1
gacs_animations_01_CaimKeDc_s0086,gacs_animations_01_CaimKeDc,animations,dark,13.992355,28.247442,0.8878159,8.527386,-1.306993,1.9949061,2.9895663,4.0483093,1.8669971,-0.578903,-1.5729799,-2.9520233,0.9478491,0.18884985,0
gacs_animations_01_CaimKeDc_s0087,gacs_animations_01_CaimKeDc,animations,dark,26.311302,0.59538984,7.1608024,-4.08495,-5.685716,9.400749,4.6654577,-3.1405747,2.28835,5.298341,-3.054639,2.211708,-2.166149,-0.5567773,1
gacs_animations_01_CaimKeDc_s0088,gacs_animations_01_CaimKeDc,animations,magical,-13.754187,-1.9864144,7.5135202,4.9960756,-0.42742994,-2.6272542,3.4628441,-0.5006241,0.889513,2.78982,-1.2525134,2.8370776,-2.9443307,2.3657303,2
gacs_animations_01_CaimKeDc_s0089,gacs_animations_01_CaimKeDc,animations,dark,26.307005,-0.7469013,10.470796,-2.998918,-1.6780137,7.525659,1.9358205,0.7472494,4.909984,6.511942,-1.4470153,2.43157,-0.15684323,0.29130888,1
gacs_animations_01_CaimKeDc_s0090,gacs_animations_01_CaimKeDc,animations,playful,-20.124369,-0.68651086,7.2691483,-0.27492237,1.3687608,4.110319,-1.9188926,0.46402913,1.1843971,-1.3411696,-4.5856547,0.09194377,-1.1101497,-2.1292434,2
gacs_animations_01_CaimKeDc_s0091,gacs_animations_01_CaimKeDc,animations,joyful,-17.514872,-4.8282413,5.600474,7.285709,1.4317094,3.7768102,-2.463364,1.103463,0.5610373,0.8379318,-3.5891614,0.9667188,-3.5474787,-0.5420741,2
gacs_animations_01_CaimKeDc_s0092,gacs_animations_01_CaimKeDc,animations,mysterious,23.002022,-0.38371232,15.041957,-2.5744076,-1.758413,2.2842448,3.6892426,4.9406605,-1.9394572,2.5059083,-0.30720922,3.1881428,0.120743714,2.0724194,1
gacs_animations_01_CaimKeDc_s0093,gacs_animations_01_CaimKeDc,animations,warm,-9.544031,0.7847762,-5.203577,-7.989273,-11.74954,0.4788097,-2.7586691,-4.307113,-3.6347651,-0.41737625,-2.9473627,-2.7415657,-0.36810493,0.6059623,2
gacs_animations_01_CaimKeDc_s0094,gacs_animations_01_CaimKeDc,animations,festive,-19.703423,-2.4719076,7.8895373,8.562298,5.599684,4.882069,-0.8836423,0.1685496,-0.9888159,0.86858696,1.0034686,1.8183796,-2.086824,-1.425541,2
gacs_animations_01_CaimKeDc_s0095,gacs_animations_01_CaimKeDc,animations,lighting,9.820601,0.3296157,-17.570312,-2.7812114,-1.1619426,5.6022573,5.8629327,-6.778321,3.2802477,-0.8771829,-0.2854062,7.3910885,-2.9719756,1.7815242,1
gacs_animations_02_LXqEQ1rp_s0000,gacs_animations_02_LXqEQ1rp,animations,majestic,8.531742,-12.858342,10.968037,8.247146,-4.279037,-7.204599,1.0981327,-3.4795063,1.5003715,-4.259854,0.017296793,-2.6221123,0.23792988,3.4247797,1
gacs_animations_02_LXqEQ1rp_s0001,gacs_animations_02_LXqEQ1rp,animations,warm,-17.777964,-4.63508,1.6682729,-2.226303,-0.08841302,5.6488795,0.33033103,1.0141294,0.9778444,-1.4563185,-2.6588068,0.63960564,-2.1274276,-0.47304335,2
gacs_animations_02_LXqEQ1rp_s0002,gacs_animations_02_LXqEQ1rp,animations,cozy,-13.412289,4.531886,1.3019764,-6.771168,-4.1828237,1.6164733,2.0879571,-3.4218013,-1.2839539,0.2815519,-0.62346286,-0.81713307,-0.83031607,-1.7791629,2
gacs_animations_02_LXqEQ1rp_s0003,gacs_animations_02_LXqEQ1rp,animations,heroic,-8.290777,-6.9517417,1.9798336,8.365819,1.219574,-5.5572696,3.8056734,0.4099573,3.2414792,0.69834274,4.1186485,2.8659587,0.7272655,6.705284,2
gacs_animations_02_LXqEQ1rp_s0004,gacs_animations_02_LXqEQ1rp,animations,charming,-14.791659,-7.9029984,5.177444,0.5731642,-0.5630797,1.1739517,-0.9116288,1.8615097,-0.8668012,-1.3176241,-7.962255,-2.7341218,-4.5571613,1.6115805,2
gacs_animations_02_LXqEQ1rp_s0005,gacs_animations_02_LXqEQ1rp,animations,cozy,-17.985476,-1.4791871,0.7768728,-5.449935,-2.3510866,3.3510194,-0.14724663,-1.8916456,2.4681835,-1.0711422,-1.2549585,0.41948104,2.133291,-1.3211725,2
gacs_animations_02_LXqEQ1rp_s0006,gacs_animations_02_LXqEQ1rp,animations,confident,-12.92952,-7.2202578,1.6787423,1.6906271,-2.456017,0.95787424,-3.0601249,2.0212908,-0.41677326,-0.4762059,-8.43726,-3.8166943,-4.4005737,0.97311527,2
gacs_animations_02_LXqEQ1rp_s0007,gacs_animations_02_LXqEQ1rp,animations,cozy,-18.14715,-3.2508557,6.306383,-1.2625816,-0.874915,4.153464,1.2424009,1.3001719,0.04328625,-1.5503185,-1.1483372,1.636777,0.019211896,-1.3610612,2
gacs_animations_02_LXqEQ1rp_s0008,gacs_animations_02_LXqEQ1rp,animations,warm,-17.891779,-4.155171,3.306203,-4.0260115,0.9751768,4.8447285,-1.7422645,2.7189877,-1.5394328,-1.4668127,-5.048601,-1.3320438,0.19012153,-3.0920148,2
gacs_animations_02_LXqEQ1rp_s0009,gacs_animations_02_LXqEQ1rp,animations,adventurous,-14.823693,-8.709938,6.460276,3.7679362,0.12747957,0.07801088,-0.37455514,2.3552072,-0.8077215,-3.000422,-5.5754504,-1.7307107,-3.7375278,0.5657406,2
gacs_animations_02_LXqEQ1rp_s0010,gacs_animations_02_LXqEQ1rp,animations,dark,25.9621,-0.11123519,11.148269,-5.794693,-2.9830408,7.2722454,5.762051,1.6150309,2.6281006,6.5805364,-2.6904101,2.195059,1.9858212,-0.18699622,1
gacs_animations_02_LXqEQ1rp_s0011,gacs_animations_02_LXqEQ1rp,animations,ominous,20.269676,-7.4166484,-0.2576161,-9.044805,6.5283794,6.8702273,10.803954,-1.2217468,2.7881997,6.512267,-0.97877836,2.6288238,-0.080124326,1.1987668,1
gacs_animations_02_LXqEQ1rp_s0012,gacs_animations_02_LXqEQ1rp,animations,dark,15.385338,-0.7154715,2.6263146,-1.0413522,-8.185239,-1.6287822,7.477489,-1.3469762,-3.5753703,8.014002,-5.2423368,5.117579,3.7005484,-0.071636975,1
gacs_animations_02_LXqEQ1rp_s0013,gacs_animations_02_LXqEQ1rp,animations,mysterious,22.42392,-2.1678512,14.690258,-1.0456359,-2.0904396,1.7906878,3.8475325,2.5477178,0.20140892,4.282322,0.17987989,2.7149925,-0.62537,2.7657385,1
gacs_animations_02_LXqEQ1rp_s0014,gacs_animations_02_LXqEQ1rp,animations,mysterious,23.578365,-9.1639595,14.813334,-5.744582,-1.3548344,2.303018,-0.78151053,2.8614357,-0.09210478,1.1177338,-0.398182,-1.2230287,-0.6665577,1.4035087,1
gacs_animations_02_LXqEQ1rp_s0015,gacs_animations_02_LXqEQ1rp,animations,mysterious,19.869884,-5.2675,12.646674,-2.6810915,0.49423292,1.0954841,4.3906927,3.1937678,-0.42198822,4.5279007,0.15302317,2.7386882,0.84689826,3.1457238,1
gacs_animations_02_LXqEQ1rp_s0016,gacs_animations_02_LXqEQ1rp,animations,mysterious,24.500944,7.334281,15.3874235,-0.91298795,-3.8393524,1.3218668,1.6151083,4.448799,-0.66602284,3.0424786,-2.2231581,2.2145944,-2.1481771,1.0540844,1
gacs_animations_02_LXqEQ1rp_s0017,gacs_animations_02_LXqEQ1rp,animations,sinister,23.953249,-6.6278543,6.133993,-4.5549097,9.273705,5.399422,1.8446976,1.4956087,3.7142627,6.5759196,1.4476573,1.2721081,0.6615315,2.1454444,1
gacs_animations_02_LXqEQ1rp_s0018,gacs_animations_02_LXqEQ1rp,animations,dramatic,23.871233,-10.119748,8.440783,-4.313781,-0.1786503,2.028155,0.54425,0.8535153,2.9741166,1.624143,0.03241436,-1.0222038,2.1648011,-0.04295589,1
gacs_animations_02_LXqEQ1rp_s0019,gacs_animations_02_LXqEQ1rp,animations,mysterious,-7.486815,1.8730538,17.206146,-3.743421,-2.8050532,-3.9950206,3.9643638,0.040635053,-5.1108093,-5.6117544,-0.48229954,0.93100435,-1.4855673,2.4382062,2
gacs_animations_02_LXqEQ1rp_s0020,gacs_animations_02_LXqEQ1rp,animations,dramatic,-0.63121563,1.4607222,-0.5302382,-1.2226855,-1.54233,-9.114184,8.519896,2.0460594,0.94189996,4.253979,0.14883927,1.7724913,2.5933385,-0.850401,2
gacs_animations_02_LXqEQ1rp_s0021,gacs_animations_02_LXqEQ1rp,animations,adventurous,-18.48622,-5.808959,8.19916,3.2506826,2.081513,1.8822936,-0.5624395,0.48945692,0.43662554,-1.835057,-4.5515246,-0.6160161,-4.5894504,0.5160396,2
gacs_animations_02_LXqEQ1rp_s0022,gacs_animations_02_LXqEQ1rp,animations,tender,-10.7470455,-0.55041707,-5.461224,-4.473056,2.1698377,1.1202191,0.46899736,1.7309417,-7.615691,3.5178893,-2.9664195,-2.605681,-0.8597914,1.2114658,2
gacs_animations_02_LXqEQ1rp_s0023,gacs_animations_02_LXqEQ1rp,animations,playful,-6.8015146,-7.315661,-2.7841854,2.6176367,4.3595414,1.0071849,-1.683273,2.2056606,-2.205906,-0.18727228,-10.201491,1.1605449,-4.693618,-0.59768444,2
gacs_animations_02_LXqEQ1rp_s0024,gacs_animations_02_LXqEQ1rp,animations,cozy,-18.330153,-2.365259,2.8072445,-0.4603678,-1.6479985,3.5753906,-1.6451193,0.34812173,2.1228623,-0.6454935,-7.2403526,-0.98022294,-0.89883316,-1.7877778,2
gacs_animations_02_LXqEQ1rp_s0025,gacs_animations_02_LXqEQ1rp,animations,ominous,19.823305,-4.481244,3.8119104,-7.476965,3.0139468,6.6661935,10.897475,-0.45340395,0.40956903,7.0412993,-0.69435024,3.861343,-0.46521732,0.41898203,1
gacs_animations_02_LXqEQ1rp_s0026,gacs_animations_02_LXqEQ1rp,animations,dark,27.109901,-0.097596906,9.658829,-6.626416,-5.787877,8.423315,3.091181,-1.0032665,3.091945,4.794423,-3.5421371,1.4392812,-0.7621734,-6.337225e-05,1
gacs_animations_02_LXqEQ1rp_s0027,gacs_animations_02_LXqEQ1rp,animations,ominous,16.775255,-6.4934015,-0.4959946,-4.632489,-0.3677825,-2.646726,9.785801,-0.36444792,-2.3560464,3.2212636,-0.7453896,5.320834,2.2816966,-0.084399804,1
gacs_animations_02_LXqEQ1rp_s0028,gacs_animations_02_LXqEQ1rp,animations,dramatic,-10.387648,-6.5326667,-1.9788631,1.6532934,1.0022143,-5.7764015,5.546954,1.5104043,1.5441346,0.8593266,1.1507628,0.79994196,-0.6306767,2.9803996,2
gacs_animations_02_LXqEQ1rp_s0029,gacs_animations_02_LXqEQ1rp,animations,dynamic,9.325423,-7.740003,-14.386711,4.126317,11.517837,-1.6699471,3.5688908,-4.41771,-1.3141444,-4.180743,-0.21069092,3.0092986,0.2447446,-2.14627,1
gacs_animations_02_LXqEQ1rp_s0030,gacs_animations_02_LXqEQ1rp,animations,reverent,1.8186224,-2.522437,8.874098,-12.812904,2.0240092,-1.6051549,7.9535294,2.3213394,-4.138177,1.1432987,5.229107,0.52296066,-1.2500101,4.85046,2
gacs_animations_02_LXqEQ1rp_s0031,gacs_animations_02_LXqEQ1rp,animations,charming,-13.443965,-9.2121315,2.9312105,0.5500979,1.1295185,1.0987176,0.64734274,2.5173416,-0.34310314,-0.047729574,-5.823096,-3.8884606,-5.6032896,1.3499787,2
gacs_animations_02_LXqEQ1rp_s0032,gacs_animations_02_LXqEQ1rp,animations,adventurous,14.278375,-8.5123825,-0.19528964,-6.477791,-4.5060773,-1.0471319,-4.2698455,-0.9567498,-0.20305532,0.30522338,-2.858105,-2.8136544,-4.384123,3.874379,1
gacs_animations_02_LXqEQ1rp_s0033,gacs_animations_02_LXqEQ1rp,animations,intense,-5.1488857,-10.055068,-5.550194,2.7494876,3.265805,-7.4937663,2.040338,1.9952779,1.3483164,-0.2661922,-3.8171918,-1.0548309,-1.6410118,3.0451002,2
gacs_animations_02_LXqEQ1rp_s0034,gacs_animations_02_LXqEQ1rp,animations,intense,11.047225,-9.118615,-13.999111,1.7052929,27.387646,3.801365,4.279399,-5.826855,2.1927102,1.1528888,-1.2495307,-0.6187392,0.43184575,3.3509607,1
gacs_animations_02_LXqEQ1rp_s0035,gacs_animations_02_LXqEQ1rp,animations,epic,6.357442,-4.77166,-2.5767536,5.3976784,-10.285262,-7.7622595,5.6488233,-2.479653,0.08896851,2.007232,1.0463518,0.81443506,4.491478,2.0526495,1
gacs_animations_02_LXqEQ1rp_s0036,gacs_animations_02_LXqEQ1rp,animations,playful,-15.597318,-7.05859,4.3602753,2.8293064,-2.2872205,1.7717272,-1.0190897,2.5885448,0.44526568,-2.031311,-8.506505,-1.8528503,-3.5878005,1.5919706,2
gacs_animations_02_LXqEQ1rp_s0037,gacs_animations_02_LXqEQ1rp,animations,playful,-10.8820505,-9.344214,2.100264,4.5866838,-3.4367874,-1.6603173,-0.13928324,2.9274855,0.75678736,-0.9607557,-8.830005,-2.5197198,-3.8481724,2.63124,2
gacs_animations_02_LXqEQ1rp_s0038,gacs_animations_02_LXqEQ1rp,animations,mysterious,-14.058919,-7.634536,12.182804,3.7797592,-2.6111572,0.45205164,3.14062,0.5929355,-0.46126288,-5.7323837,-3.301886,0.34900978,-3.6521232,2.6011338,2
gacs_animations_02_LXqEQ1rp_s0039,gacs_animations_02_LXqEQ1rp,animations,mysterious,-11.465949,-6.7938867,12.95078,1.6656106,-3.3327556,-0.99897516,5.43098,-0.7704799,-2.1493278,-3.995098,-2.1653757,1.9449106,-1.405006,4.9949503,2
gacs_animations_02_LXqEQ1rp_s0040,gacs_animations_02_LXqEQ1rp,animations,dramatic,16.184616,-10.486669,7.4435215,-1.6642067,1.386788,-1.4172176,6.718923,0.20344508,1.0530174,2.0127845,3.2011518,2.117067,3.0085652,3.297318,1
gacs_animations_02_LXqEQ1rp_s0041,gacs_animations_02_LXqEQ1rp,animations,confident,-7.1161675,-9.517292,-2.0467703,7.7053466,-0.6598752,-7.853828,-0.09700189,2.4198027,2.6366112,2.3022768,-0.9308935,-0.6862697,-1.6276779,4.2954516,2
gacs_animations_02_LXqEQ1rp_s0042,gacs_animations_02_LXqEQ1rp,animations,tense,26.51692,-10.209285,11.034087,-6.207291,4.092808,4.275103,-1.9203734,1.2213488,1.7405462,-0.73919064,2.7710218,-1.2896552,-0.7481176,-0.30341557,1
gacs_animations_02_LXqEQ1rp_s0043,gacs_animations_02_LXqEQ1rp,animations,peaceful,-15.506157,2.7063527,11.289291,-5.883236,5.615858,0.8542425,2.8114448,-3.4363055,4.745952,-2.4657893,2.054017,1.4235493,-0.37693396,1.4564174,2
gacs_animations_02_LXqEQ1rp_s0044,gacs_animations_02_LXqEQ1rp,animations,mysterious,-14.832682,-5.07896,10.601558,0.64357656,-2.410431,2.1377678,4.2422404,0.6961826,-0.6476527,-3.7065215,-4.097502,1.8434609,-3.791405,3.8837023,2
gacs_animations_02_LXqEQ1rp_s0045,gacs_animations_02_LXqEQ1rp,animations,tender,1.2022977,26.591282,1.4527968,5.8317347,3.651226,-2.749309,0.35676554,2.971364,-3.607933,-1.0471555,0.015533542,0.96178746,-0.9593415,-0.28314787,0
gacs_animations_02_LXqEQ1rp_s0046,gacs_animations_02_LXqEQ1rp,animations,mysterious,26.158298,-6.888221,13.324177,-6.100665,-5.284837,5.617011,-0.9539736,1.1770028,1.1705424,2.6409385,-0.95862436,-1.6272966,-0.04796586,1.6105238,1
gacs_animations_02_LXqEQ1rp_s0047,gacs_animations_02_LXqEQ1rp,animations,dramatic,19.11816,-8.817364,-4.848303,-3.2493036,21.808876,5.1156564,2.9461462,-4.890414,4.1291323,5.0133038,-0.6036422,-0.19094318,-1.1841731,1.8557372,1
gacs_animations_02_LXqEQ1rp_s0048,gacs_animations_02_LXqEQ1rp,animations,adventurous,-14.055634,-6.091527,7.1722174,-0.7099533,-1.176372,-2.7320466,2.0959592,-0.62029576,-0.28639796,-5.0399823,-7.2661414,-2.305878,-4.492078,2.8995085,2
gacs_animations_02_LXqEQ1rp_s0049,gacs_animations_02_LXqEQ1rp,animations,mysterious,-6.557641,-9.033175,13.209668,5.847578,-4.3494906,-2.7808468,5.3886147,0.35455135,-1.08158,-2.984157,0.37611842,0.65753376,-2.9591777,6.032928,2
gacs_animations_02_LXqEQ1rp_s0050,gacs_animations_02_LXqEQ1rp,animations,dark,24.324265,5.7305903,1.6603413,-0.5291895,-2.709263,9.688281,5.882991,-3.3320415,4.0618525,7.843559,-5.462175,4.3692484,-0.98140496,-0.38911667,1
gacs_animations_03_oyRxxpD3_s0000,gacs_animations_03_oyRxxpD3,animations,gentle,-15.741881,-4.200308,0.8002936,-1.2347916,-2.2476208,2.8252723,-0.13207826,-0.5070725,1.4347296,0.1532875,-1.759115,-0.40912423,-1.7333918,3.694249,2
gacs_animations_03_oyRxxpD3_s0001,gacs_animations_03_oyRxxpD3,animations,playful,-19.958506,-2.6031015,7.704126,2.2808328,4.2950754,4.3993964,-1.3062464,0.71110684,0.2980322,-1.0567844,-3.271684,0.51694995,-2.5042434,-1.9829699,2
gacs_animations_03_oyRxxpD3_s0002,gacs_animations_03_oyRxxpD3,animations,hopeful,1.026744,-11.3023615,-8.81129,2.3788726,-10.984049,1.4919935,-4.3325872,-1.5440453,1.1712363,-1.6087174,-3.8361914,-2.062021,-1.9967003,4.172478,2
gacs_animations_03_oyRxxpD3_s0003,gacs_animations_03_oyRxxpD3,animations,sacred,-5.961708,-2.712045,6.217191,-9.704062,7.3080335,4.173853,12.509631,-1.3391367,-5.1328645,-4.151839,4.3586535,-0.4895151,-2.8887148,6.1536965,2
gacs_animations_03_oyRxxpD3_s0004,gacs_animations_03_oyRxxpD3,animations,magical,-14.480958,-5.425886,8.915136,4.1100144,0.82799524,-2.2209978,4.1605167,-0.31745723,2.5215683,-1.6526179,0.0950731,0.1870026,-2.2169962,3.4385316,2
gacs_animations_03_oyRxxpD3_s0005,gacs_animations_03_oyRxxpD3,animations,majestic,-15.295034,3.33815,11.405002,-0.9801964,5.4930034,-2.955486,1.3312402,-2.6890135,3.0136578,1.1731887,2.8287525,0.83381176,-1.3900728,3.0930061,2
gacs_animations_03_oyRxxpD3_s0006,gacs_animations_03_oyRxxpD3,animations,triumphant,-14.016899,-2.5526211,10.374799,0.7677778,4.1794066,1.5321982,5.6471915,2.279434,-2.5960472,-1.305398,4.348529,1.7388828,-0.13307771,1.9416084,2
gacs_animations_03_oyRxxpD3_s0007,gacs_animations_03_oyRxxpD3,animations,euphoric,-13.62051,-7.603685,11.778684,8.527982,6.1521926,-0.67684656,1.680571,1.8623174,0.46123317,-2.4567313,2.9946814,0.6015451,-0.85654116,1.2144743,2
gacs_animations_03_oyRxxpD3_s0008,gacs_animations_03_oyRxxpD3,animations,mystical,1.2492377,-6.5142636,6.6672926,7.5771885,-4.2240367,-6.1727815,8.727637,-4.595219,-1.692919,-5.68922,1.9089248,1.6797786,-0.32019338,5.4395413,2
gacs_animations_03_oyRxxpD3_s0009,gacs_animations_03_oyRxxpD3,animations,intense,6.4714766,-10.812716,-3.3644452,5.0300374,2.6845334,-9.654256,6.2399507,1.4959444,0.18748233,-0.88125557,-2.5009496,-0.42792693,5.406835,-2.4019742,1
gacs_animations_03_oyRxxpD3_s0010,gacs_animations_03_oyRxxpD3,animations,magical,-12.465787,-6.941224,13.853989,7.070965,-0.66353875,-3.4022863,3.1143034,-1.6012596,-0.036875345,-3.7884002,1.5374476,1.7145935,-3.8330424,1.9587729,2
gacs_animations_03_oyRxxpD3_s0011,gacs_animations_03_oyRxxpD3,animations,triumphant,-9.413044,-8.727291,-0.8109309,-3.3972762,1.3672462,-4.969139,2.8527184,4.49407,1.8792862,0.40888444,-0.72894955,-1.2936821,-2.4903564,5.421596,2
gacs_animations_03_oyRxxpD3_s0012,gacs_animations_03_oyRxxpD3,animations,romantic,-2.605341,-5.4346094,8.487301,7.9145703,-5.104017,-8.903754,-0.64978886,-3.0959165,1.3484861,0.41092524,0.7578502,4.019498,-3.031937,6.065791,2
gacs_animations_03_oyRxxpD3_s0013,gacs_animations_03_oyRxxpD3,animations,romantic,-14.254053,-3.271576,-2.8905263,-2.3545632,-0.98229903,-0.42456156,5.061117,4.3613167,-4.0695686,1.15109,-0.9491273,-2.363897,1.4829884,3.9108136,2
gacs_animations_03_oyRxxpD3_s0014,gacs_animations_03_oyRxxpD3,animations,peaceful,-18.937046,2.9171038,10.64556,-5.105978,5.401411,3.405217,1.8139855,-1.877883,3.2848291,-2.6296575,2.39978,2.8116486,-0.75708914,0.7621096,2
gacs_animations_03_oyRxxpD3_s0015,gacs_animations_03_oyRxxpD3,animations,joyful,-16.835081,-6.9769197,8.647506,10.927434,1.4107267,3.5409603,0.3716913,0.8967793,0.7624667,-0.5643428,2.8333123,2.3597608,-2.7805345,0.97279733,2
gacs_animations_03_oyRxxpD3_s0016,gacs_animations_03_oyRxxpD3,animations,serene,-16.307487,1.2518439,9.67144,-1.7154472,4.3520956,-0.63770884,1.9918643,-3.2640388,3.560706,-0.28869778,1.680989,2.416354,-1.2375821,2.39706,2
gacs_animations_03_oyRxxpD3_s0017,gacs_animations_03_oyRxxpD3,animations,curious,-14.067084,-6.669796,-5.7605505,-3.3613954,0.09407027,5.0437455,0.95874214,1.0784148,-5.1628532,0.02322207,-7.1297584,-3.7598834,-2.228829,-0.2838201,2
gacs_animations_03_oyRxxpD3_s0018,gacs_animations_03_oyRxxpD3,animations,cheerful,-19.807405,-1.728135,1.5953258,-2.9650154,1.5268528,6.839773,0.24938282,1.635276,0.14399071,0.710988,0.95288706,1.4563222,-0.4949895,-2.1485994,2
gacs_animations_03_oyRxxpD3_s0019,gacs_animations_03_oyRxxpD3,animations,cheerful,-15.289843,-6.8937383,3.4613054,-4.1341696,0.7694802,3.168903,1.472676,1.5457022,-3.3891342,-1.0839927,-5.3136144,-3.0871856,-3.2233357,-0.43690664,2
gacs_animations_03_oyRxxpD3_s0020,gacs_animations_03_oyRxxpD3,animations,mysterious,-6.87428,7.4976196,14.879247,-5.5411334,-3.6057646,-5.4048076,2.9377687,-3.404893,-3.9599893,-2.3258228,2.245697,1.5283785,0.5636659,2.8402245,2
gacs_animations_03_oyRxxpD3_s0021,gacs_animations_03_oyRxxpD3,animations,tender,-11.84135,1.075977,-3.5206442,-8.401385,-1.7484624,1.2641771,5.6050878,-0.17956291,-9.565137,0.014253915,2.3631938,-0.665419,0.6960919,-1.0915946,2
gacs_animations_03_oyRxxpD3_s0022,gacs_animations_03_oyRxxpD3,animations,magical,-1.7822047,-7.7588773,5.6212106,9.368063,-6.4532695,-6.5464845,6.376954,-5.9064727,-0.47975692,-2.897216,2.2235212,-0.1713403,-2.2389383,6.0410256,2
gacs_animations_03_oyRxxpD3_s0023,gacs_animations_03_oyRxxpD3,animations,majestic,-12.671839,-1.7058454,7.818,0.8577891,3.4623332,-3.1866968,2.2281923,2.021917,0.21719058,1.5705357,3.645428,1.9386424,-0.6728021,3.897267,2
gacs_animations_03_oyRxxpD3_s0024,gacs_animations_03_oyRxxpD3,animations,mystical,-0.07571688,-11.575434,1.726681,10.717907,-10.382746,1.0136387,4.914292,-8.812098,-4.495177,-6.109747,-1.9356923,-1.2604347,-1.4505343,6.129361,2
gacs_animations_03_oyRxxpD3_s0025,gacs_animations_03_oyRxxpD3,animations,magical,-3.5766542,-8.629854,0.5934446,4.3823466,-4.915883,-5.264545,5.709437,-3.1875234,2.2995043,-1.2524872,-2.4221542,0.5668987,-2.558951,8.07764,2
gacs_animations_03_oyRxxpD3_s0026,gacs_animations_03_oyRxxpD3,animations,magical,-11.735202,-6.887,1.5427499,9.87021,-4.0887694,-1.5214733,0.7869102,-0.9624438,0.7078878,0.8772059,-3.3289444,0.0013854328,-2.1275275,3.5404472,2
gacs_animations_03_oyRxxpD3_s0027,gacs_animations_03_oyRxxpD3,animations,concerned,21.783825,-8.464827,11.554101,-6.0437303,-2.0526636,-0.4541092,-7.858081,2.6623967,1.9008688,-2.2912338,2.5121584,-3.6995308,-4.633084,-0.72025347,1
gacs_animations_03_oyRxxpD3_s0028,gacs_animations_03_oyRxxpD3,animations,magical,4.388352,-1.8404981,11.91018,7.2086596,-8.381526,-9.028092,7.1471972,-3.930453,-1.2178683,-0.92110884,-0.27438322,2.6715016,0.8003124,3.4027224,1
gacs_animations_03_oyRxxpD3_s0029,gacs_animations_03_oyRxxpD3,animations,serene,-14.216044,3.7696726,8.525557,-9.698714,1.0210578,-2.201387,2.6131575,-4.08138,-0.44684634,-4.304614,0.5486247,-0.053291067,1.3642778,1.3603995,2
gacs_animations_03_oyRxxpD3_s0030,gacs_animations_03_oyRxxpD3,animations,majestic,-15.37402,5.528243,9.751874,-5.8584223,4.974834,-2.6570363,-0.26204738,-2.7255013,3.8823574,-1.5291327,0.009553163,0.15755396,0.56455755,0.70247453,2
gacs_animations_03_oyRxxpD3_s0031,gacs_animations_03_oyRxxpD3,animations,determined,-1.5738516,-4.166292,-12.255665,-0.8099397,-7.85166,-1.105252,-0.9014258,3.3038688,3.9055085,0.19912308,1.6879472,-0.13353816,-1.5706886,1.2063533,2
gacs_animations_03_oyRxxpD3_s0032,gacs_animations_03_oyRxxpD3,animations,menacing,12.744111,-7.145945,-2.463202,-3.7848012,6.225987,0.09016177,10.907027,-0.2651389,0.24462084,3.110194,-5.173842,2.308603,3.4028955,0.54293495,1
gacs_animations_03_oyRxxpD3_s0033,gacs_animations_03_oyRxxpD3,animations,intense,25.072365,-9.54021,6.0340304,-5.029688,6.322364,3.8154495,-0.16099925,0.41727167,2.8638818,4.940907,2.529213,-1.3098278,0.36836955,-0.23109011,1
gacs_animations_03_oyRxxpD3_s0034,gacs_animations_03_oyRxxpD3,animations,magical,-3.6869464,-3.0022185,8.27907,5.3045187,-6.8614526,-8.105041,7.6946177,-3.7349658,0.22654147,0.50828403,-0.1710373,3.394504,-1.5977455,2.456369,2
gacs_animations_03_oyRxxpD3_s0035,gacs_animations_03_oyRxxpD3,animations,anxious,26.50846,-10.834476,11.627997,-2.0848172,1.3322753,2.765175,-6.884548,0.19298264,1.0025429,-3.4491808,4.0048676,-2.5484438,-1.9356533,-2.0979164,1
gacs_animations_03_oyRxxpD3_s0036,gacs_animations_03_oyRxxpD3,animations,mysterious,-11.218159,-2.5990694,15.630152,1.1883767,-1.8196428,-4.4686737,4.9737973,-2.6803632,-1.6886905,-6.545891,-0.6023093,2.689264,-2.3601127,2.5919058,2
gacs_animations_03_oyRxxpD3_s0037,gacs_animations_03_oyRxxpD3,animations,peaceful,-12.58254,4.3108883,11.73041,-7.0066376,1.7323592,-3.4255044,-0.73145294,-5.2356305,5.2391295,-1.9451588,0.17570345,2.1507,-0.8292908,4.155312,2
gacs_animations_03_oyRxxpD3_s0038,gacs_animations_03_oyRxxpD3,animations,mysterious,-15.454822,-3.3884866,6.902209,4.6455665,-5.5000515,1.1712524,-0.10551541,-2.040859,-1.6331383,-2.4825947,-5.812761,-0.24350214,-3.1556516,3.021829,2
gacs_animations_03_oyRxxpD3_s0039,gacs_animations_03_oyRxxpD3,animations,peaceful,-15.253231,2.5136054,11.588482,-5.253925,4.2525544,-0.11303017,1.5657421,-3.567103,5.610137,-2.587395,1.8564215,2.4095845,-0.37886238,2.2114353,2
gacs_animations_03_oyRxxpD3_s0040,gacs_animations_03_oyRxxpD3,animations,peaceful,-11.562648,4.9780617,12.930408,-6.6335683,3.0649192,-4.8774476,-1.7078996,-4.316479,3.2571695,0.19056763,-1.10081,-0.075671725,-4.766569,3.8270943,2
gacs_animations_03_oyRxxpD3_s0041,gacs_animations_03_oyRxxpD3,animations,magical,-8.109514,-7.6513104,8.61773,8.442656,-3.6717036,-5.779266,1.7134538,-0.95421857,2.2185688,-1.884933,-0.7863932,2.604207,-2.288314,5.790619,2
gacs_animations_03_oyRxxpD3_s0042,gacs_animations_03_oyRxxpD3,animations,serene,-12.764167,-0.92176193,10.489482,-2.942376,1.5539129,-2.1764076,4.6520934,-3.4662988,2.2772322,-3.3984778,1.5283628,3.1597548,-1.1155617,4.2500305,2
gacs_animations_03_oyRxxpD3_s0043,gacs_animations_03_oyRxxpD3,animations,dreamy,-12.771959,4.0827045,7.8627224,-2.9970245,-1.479112,-5.1924505,-2.7746742,-6.65107,4.0707464,0.2071611,-1.1143064,1.4774936,-1.3087527,3.9556046,2
gacs_animations_03_oyRxxpD3_s0044,gacs_animations_03_oyRxxpD3,animations,mysterious,24.06311,-4.6080885,10.544694,-3.490836,-5.731989,4.745013,2.4972901,-0.44655982,-0.38536248,4.582942,-1.4641539,1.4422411,-1.0386984,1.057737,1
gacs_animations_03_oyRxxpD3_s0045,gacs_animations_03_oyRxxpD3,animations,melancholy,5.4119177,29.760916,-3.506888,12.671565,-0.9189189,2.510463,1.4647268,1.7770458,2.057337,-1.3561628,0.9197123,-3.673384,0.7793437,1.7455652,0
gacs_animations_03_oyRxxpD3_s0046,gacs_animations_03_oyRxxpD3,animations,mysterious,-10.275184,-8.8322735,10.802572,6.253322,-3.089066,-2.4164991,5.602126,-0.5508463,-0.41065243,-2.651145,0.14991073,1.3517183,-3.1216824,6.844514,2
gacs_animations_03_oyRxxpD3_s0047,gacs_animations_03_oyRxxpD3,animations,mysterious,25.015085,-2.0861514,13.485697,-2.0324755,-6.8853745,4.4218025,2.4292982,-0.20777605,0.62140894,3.5892174,-3.0303452,1.4853106,-1.4436361,0.46186304,1
gacs_animations_03_oyRxxpD3_s0048,gacs_animations_03_oyRxxpD3,animations,curious,5.583629,-11.205052,1.101589,10.4941435,-2.2458608,-6.3143735,-3.8637543,-6.1712704,-2.2464814,1.6661835,-3.9133675,-4.1811724,-1.9618707,5.1793847,1
gacs_animations_03_oyRxxpD3_s0049,gacs_animations_03_oyRxxpD3,animations,peaceful,-17.274868,3.2989237,9.750443,-4.6225414,3.3264446,1.1126047,-0.20332581,-3.1289814,4.391831,-1.0391428,0.16850553,2.5382106,-0.1439688,0.99495703,2
gacs_animations_03_oyRxxpD3_s0050,gacs_animations_03_oyRxxpD3,animations,curious,-2.454815,-11.9176035,-0.8532226,10.187292,-7.273629,-4.09789,-1.7989334,-6.790429,-1.8667535,-2.5165458,-5.332169,-4.532958,-1.8453405,6.477619,2
gacs_animations_03_oyRxxpD3_s0051,gacs_animations_03_oyRxxpD3,animations,magical,-5.036529,-7.9607444,4.726408,0.76725703,-3.6816998,-5.825756,6.9897695,-1.6069442,2.7394907,-2.1935587,1.7455468,-0.1107923,-2.2126043,8.323858,2
gacs_animations_03_oyRxxpD3_s0052,gacs_animations_03_oyRxxpD3,animations,magical,-15.219143,0.43502378,6.5231347,-5.6685424,-0.92098457,-2.4899898,2.4677782,-6.510704,4.03145,-2.193267,-3.0038903,-0.12724487,-4.2056994,5.9085255,2
gacs_animations_03_oyRxxpD3_s0053,gacs_animations_03_oyRxxpD3,animations,magical,-3.9817967,-6.0021596,1.4275657,6.972981,-5.6261897,-5.19966,6.5123715,-7.791046,3.202759,-2.0803962,-0.37717497,1.8696971,-2.315432,6.6256714,2
gacs_animations_03_oyRxxpD3_s0054,gacs_animations_03_oyRxxpD3,animations,magical,-15.473095,-4.8302026,6.1192946,3.417066,-0.09176365,0.16950361,2.11464,-0.51832205,1.98429,-1.3742473,-1.5692084,1.6782825,-1.0535837,3.8442357,2
gacs_animations_03_oyRxxpD3_s0055,gacs_animations_03_oyRxxpD3,animations,peaceful,-15.9527445,7.631238,8.357148,-10.363046,4.2574515,2.409119,1.2770247,-4.340389,1.8810885,-2.9167032,0.26667848,0.30827424,2.023887,0.5760468,2
gacs_animations_03_oyRxxpD3_s0056,gacs_animations_03_oyRxxpD3,animations,solemn,-10.722533,6.167885,1.8790423,-13.064908,-1.2104484,-1.5713291,0.9835076,-3.285912,-0.5436701,-2.297859,-0.41342512,1.2388072,1.9914376,5.269265,2
gacs_animations_03_oyRxxpD3_s0057,gacs_animations_03_oyRxxpD3,animations,serene,-15.723064,0.12141803,12.34984,-1.0853143,2.880457,-0.10810641,2.969312,-3.1296628,2.1647491,-2.885301,2.9752586,2.9304366,0.26005498,1.907206,2
gacs_animations_03_oyRxxpD3_s0058,gacs_animations_03_oyRxxpD3,animations,somber,1.6258935,5.9565926,17.945076,-5.1025,1.2967417,-8.878713,-0.5616118,-1.0300627,-1.0137705,-0.49135453,-0.48752084,-2.19219,-7.897046,2.0709972,2
gacs_animations_03_oyRxxpD3_s0059,gacs_animations_03_oyRxxpD3,animations,confused,25.7827,-7.0196066,8.577707,1.5212334,1.2816771,1.4723952,-10.947364,1.6497774,0.8133434,-2.173238,3.4676306,-2.2233112,-3.1007414,-1.4594731,1
gacs_animations_03_oyRxxpD3_s0060,gacs_animations_03_oyRxxpD3,animations,concerned,22.79935,-8.545014,8.809312,-7.371731,-2.873595,0.9610891,-6.2150993,2.1142647,1.8092936,-1.6674153,2.7651815,-3.3267224,-3.015974,0.14120847,1
gacs_animations_03_oyRxxpD3_s0061,gacs_animations_03_oyRxxpD3,animations,warm,-11.564999,-3.0682278,-1.15131,-3.1015382,-4.168141,-1.084464,2.5461648,3.491211,-4.8035502,2.1233265,-0.4645635,-0.55902714,0.9182956,6.404821,2
gacs_animations_03_oyRxxpD3_s0062,gacs_animations_03_oyRxxpD3,animations,festive,-17.141315,-5.172405,8.465492,9.231446,4.78624,2.1399004,0.7079026,0.588623,-0.8917376,0.25789744,2.286164,0.76726097,-2.528945,1.0873854,2
gacs_animations_03_oyRxxpD3_s0063,gacs_animations_03_oyRxxpD3,animations,dramatic,22.158377,-6.495385,7.833628,-4.0300245,2.031743,3.5932744,6.7175045,-0.23749308,0.55851275,4.890048,2.7072659,3.4114652,1.0398815,1.3659989,1
gacs_animations_03_oyRxxpD3_s0064,gacs_animations_03_oyRxxpD3,animations,mysterious,24.562609,-6.211999,13.365413,-4.40863,-3.6537948,3.4565475,-0.46351615,1.9516563,0.509062,4.708885,-1.6569544,-0.39230752,0.35449794,2.2164197,1
gacs_animations_03_oyRxxpD3_s0065,gacs_animations_03_oyRxxpD3,animations,triumphant,-16.270947,-6.6726522,10.634407,8.210563,5.6879,2.6454756,1.4474013,2.3479137,-0.9762504,-1.5698917,2.2636716,2.4458804,-2.1078284,1.0628673,2
gacs_animations_03_oyRxxpD3_s0066,gacs_animations_03_oyRxxpD3,animations,surprised,16.833899,-14.617723,1.7080528,14.961658,-5.407475,3.8092608,-6.722482,-7.064725,-1.5668634,-2.5114806,5.1110735,-4.9938283,2.3557036,-1.8221049,1
gacs_animations_03_oyRxxpD3_s0067,gacs_animations_03_oyRxxpD3,animations,peaceful,-14.74758,10.24026,6.5593276,-10.909647,2.0751827,2.045343,-0.9051893,-6.2482696,3.0301414,-0.86559826,0.087952875,0.34250256,2.7795815,2.47167,2
gacs_animations_03_oyRxxpD3_s0068,gacs_animations_03_oyRxxpD3,animations,mysterious,25.20959,-2.1865752,14.033969,-2.4925663,-3.364135,3.870316,2.5395763,1.3013085,0.13350888,5.1185937,-0.22498158,2.517917,-1.6478866,0.5823537,1
gacs_animations_03_oyRxxpD3_s0069,gacs_animations_03_oyRxxpD3,animations,mysterious,0.7462552,0.165359,13.874205,5.4537096,-6.596903,-3.9527419,6.609043,0.6081315,-4.9744616,1.0966872,0.33552283,5.4803457,1.2010752,4.8626127,2
gacs_animations_03_oyRxxpD3_s0070,gacs_animations_03_oyRxxpD3,animations,magical,-1.7011832,-7.0794215,1.0557475,3.8770678,-7.3023753,-3.776342,8.373006,-4.76065,3.253519,-1.107729,0.22331665,3.22924,0.15290791,7.3948035,2
gacs_animations_03_oyRxxpD3_s0071,gacs_animations_03_oyRxxpD3,animations,mysterious,-7.097454,-6.8237333,11.745394,7.6740656,-5.6948204,-2.4139042,7.2041206,-2.879007,-2.2167509,-4.247403,0.50859505,3.7688785,-2.076573,5.5827956,2
gacs_animations_03_oyRxxpD3_s0072,gacs_animations_03_oyRxxpD3,animations,surprised,4.5066533,-12.411278,-7.057696,25.967718,-10.167155,8.017421,-2.947921,-13.868939,-3.7856822,-4.3606853,3.37678,-3.876229,3.986279,1.32795,1
gacs_animations_03_oyRxxpD3_s0073,gacs_animations_03_oyRxxpD3,animations,peaceful,-14.895039,6.0241146,6.4821844,-10.784845,2.8062887,3.6178644,2.0626369,-4.5886617,6.067656,-0.5772935,-0.73907655,3.2903361,1.4438777,4.411481,2
gacs_animations_03_oyRxxpD3_s0074,gacs_animations_03_oyRxxpD3,animations,joyful,-16.589474,-7.293807,8.844151,10.671376,1.7145673,3.4928677,-1.1649425,0.9573787,0.7781203,-0.44592533,-0.82888985,1.5654554,-3.5832005,-0.2850239,2
gacs_animations_03_oyRxxpD3_s0075,gacs_animations_03_oyRxxpD3,animations,menacing,20.605677,-7.7988834,7.8905087,-7.7948256,7.479275,0.36878505,4.186463,2.541177,2.4858634,4.7441382,-1.0623416,1.4533883,0.43484327,-0.18227512,1
gacs_animations_03_oyRxxpD3_s0076,gacs_animations_03_oyRxxpD3,animations,magical,-12.995782,-3.8645701,6.536599,5.487225,-4.1859136,-3.857787,2.7638407,-2.0900416,2.63812,-2.779255,-5.064141,0.4280811,-2.6319897,4.222885,2
gacs_animations_03_oyRxxpD3_s0077,gacs_animations_03_oyRxxpD3,animations,ethereal,-12.694224,7.3481097,9.928007,-3.5788438,-0.20062405,-5.779041,-0.06446132,-7.787126,4.2644396,-1.0705752,1.1392362,2.0840194,-1.501836,3.4166458,2
gacs_animations_03_oyRxxpD3_s0078,gacs_animations_03_oyRxxpD3,animations,magical,-5.3963585,-7.571285,6.4975443,9.090402,-6.659188,-6.2045574,1.3780237,-4.199904,1.8558558,-0.8764043,-0.6570885,1.9244188,-3.67818,6.664111,2
gacs_animations_03_oyRxxpD3_s0079,gacs_animations_03_oyRxxpD3,animations,concerned,20.662046,-12.199433,6.218188,-6.630198,3.2504144,0.19391516,-6.267398,0.8626112,2.2207763,-1.2077577,1.6883184,-2.991454,-3.385003,0.9786165,1
gacs_animations_03_oyRxxpD3_s0080,gacs_animations_03_oyRxxpD3,animations,anxious,26.993456,-8.351678,9.642977,-5.5189934,2.377488,1.5009441,-5.859113,3.773469,1.1206988,-3.0746489,3.2070088,-0.68017274,-3.699755,-0.49720216,1
gacs_animations_03_oyRxxpD3_s0081,gacs_animations_03_oyRxxpD3,animations,curious,3.3333163,-6.9394517,-13.033638,3.3087852,7.090801,1.1761202,-7.7288938,-0.9881359,0.12631273,3.2466712,-1.1371434,-1.5121435,-5.5589123,3.2773964,1
gacs_animations_03_oyRxxpD3_s0082,gacs_animations_03_oyRxxpD3,animations,colorful,-13.045444,-7.7107296,6.3390527,6.9817758,-3.9096022,-2.3181343,1.5653621,-0.5750652,2.0350537,-3.0367813,-3.0793195,-1.1413827,-2.9238038,3.0599189,2
gacs_animations_03_oyRxxpD3_s0083,gacs_animations_03_oyRxxpD3,animations,joyful,-17.12571,-6.5079436,7.2464604,7.149081,0.4540429,3.4098496,-1.9436713,1.3057723,0.47212306,-0.9247527,-3.964202,-0.30438936,-2.9315832,0.13179119,2
gacs_animations_03_oyRxxpD3_s0084,gacs_animations_03_oyRxxpD3,animations,cheerful,-19.849659,-1.6947235,4.689048,-4.044622,3.57936,7.0224786,0.64767694,0.5545401,0.7263194,-1.674315,-4.7520194,-0.8489913,-2.0165086,-0.7777369,2
gacs_animations_03_oyRxxpD3_s0085,gacs_animations_03_oyRxxpD3,animations,dramatic,-2.1499798,-9.320369,-5.9899726,2.2622464,0.08515838,-3.5179112,8.979785,-0.03171283,-2.4423018,-0.3435462,4.14084,-0.116418995,-4.3228273,3.8998904,2
gacs_animations_03_oyRxxpD3_s0086,gacs_animations_03_oyRxxpD3,animations,playful,-19.755451,-3.6521363,5.9801445,3.9756098,1.243424,4.606545,-2.5457182,1.3239362,1.2779444,-0.2474451,-4.729628,0.5433415,-1.784643,-1.1746187,2
gacs_animations_03_oyRxxpD3_s0087,gacs_animations_03_oyRxxpD3,animations,playful,-18.89343,-3.5336072,5.7587886,1.901366,0.7278028,4.9077997,-2.3425748,1.7231027,0.51692414,-1.5623268,-6.6598186,-0.7887045,-0.6846465,-2.1025074,2
gacs_animations_03_oyRxxpD3_s0088,gacs_animations_03_oyRxxpD3,animations,joyful,-14.277362,-7.7251306,6.5972943,14.227139,2.2687805,2.5558913,-1.2070622,1.2813805,0.28037035,1.2908596,0.8970429,1.4845067,-2.4580414,1.177427,2
gacs_animations_03_oyRxxpD3_s0089,gacs_animations_03_oyRxxpD3,animations,mysterious,-9.531905,-8.788892,10.683954,7.599669,-4.2996664,-0.8624727,5.551849,-0.7221734,-1.792494,-3.255814,0.11452362,1.9505264,-3.1569073,6.7105546,2
gacs_animations_04_0CHV_ZDl_s0000,gacs_animations_04_0CHV_ZDl,animations,anxious,24.578222,-9.879642,14.070499,-5.1770716,-1.4581826,2.6626153,-7.4795337,2.900759,1.0507952,-3.4414783,2.7902293,-3.012483,-2.5837448,-0.41345093,1
gacs_animations_04_0CHV_ZDl_s0001,gacs_animations_04_0CHV_ZDl,animations,surprised,13.264406,-13.567656,-6.5191426,20.169409,-9.622468,7.8299384,-5.3445888,-13.246189,-4.6090946,-6.929347,3.0968442,-3.8437064,3.5926592,-2.4297247,1
gacs_animations_04_0CHV_ZDl_s0002,gacs_animations_04_0CHV_ZDl,animations,anxious,24.270908,-9.807159,11.704933,-6.9118805,0.6862028,1.8579346,-7.364413,3.78433,-0.63413024,-3.0592864,3.5699632,-2.5934858,-4.560662,-1.1934787,1
gacs_animations_04_0CHV_ZDl_s0003,gacs_animations_04_0CHV_ZDl,animations,melancholic,0.14453204,22.909117,-2.0976408,-1.701567,-3.5588238,-4.1876073,-4.269436,-5.7384214,-2.5647192,1.4248928,-1.0094632,0.82139605,0.6232764,-0.92781776,0
gacs_animations_04_0CHV_ZDl_s0004,gacs_animations_04_0CHV_ZDl,animations,cozy,-8.239337,4.19034,-6.2465634,4.391669,-9.260115,3.8406656,-2.635631,-2.6575592,0.55272263,0.57924837,-2.0064023,1.8078464,-5.6970825,-2.87284,2
gacs_animations_04_0CHV_ZDl_s0005,gacs_animations_04_0CHV_ZDl,animations,curious,-14.618059,-8.210779,-0.06726181,0.85941505,-0.0085267,2.2070637,-0.4307312,-1.81975,-1.4520384,-2.032201,-9.716768,-4.8051567,-6.1542935,1.7942737,2
gacs_animations_04_0CHV_ZDl_s0006,gacs_animations_04_0CHV_ZDl,animations,melancholic,6.5826054,28.54269,-9.324539,11.082538,-0.41119972,7.1437144,1.4952487,1.0110128,2.516118,-2.4379032,-0.27331886,-1.3330054,-1.7178371,2.2143016,0
gacs_animations_04_0CHV_ZDl_s0007,gacs_animations_04_0CHV_ZDl,animations,surprised,14.825193,-9.811081,-4.2972407,17.907396,-9.024541,6.280377,-7.622646,-11.236501,-2.9670103,-5.3790174,1.4452051,-2.4630923,0.9247505,-2.2686298,1
gacs_animations_04_0CHV_ZDl_s0008,gacs_animations_04_0CHV_ZDl,animations,melancholic,4.533752,29.888994,-5.3909674,11.028301,-0.3996377,3.926428,0.77750415,-0.18794939,3.2476072,-1.8564296,-0.11857992,-3.753487,0.37141103,1.4348809,0
gacs_animations_04_0CHV_ZDl_s0009,gacs_animations_04_0CHV_ZDl,animations,peaceful,-16.666656,4.5011725,3.8389907,-10.579574,-0.53094196,3.35214,-1.0063789,-4.48562,3.1341414,-1.6041474,-2.1882112,1.0773941,0.9584657,2.4547217,2
gacs_animations_04_0CHV_ZDl_s0010,gacs_animations_04_0CHV_ZDl,animations,tired,2.5188549,13.461425,-17.042646,5.37901,1.6424421,4.408225,-1.9076024,-3.8611522,-0.50810796,-0.49271813,-5.0569234,3.033779,-5.410625,-0.81024796,0
gacs_animations_04_0CHV_ZDl_s0011,gacs_animations_04_0CHV_ZDl,animations,nostalgic,-5.501138,15.155236,9.476184,6.5744133,-2.2679844,-5.421828,-2.1873672,-0.68529385,-1.4818608,-4.44633,0.67999387,4.0797687,-2.183035,-0.51045346,0
gacs_animations_04_0CHV_ZDl_s0012,gacs_animations_04_0CHV_ZDl,animations,curious,-13.716154,-7.5962954,-5.47758,-1.6419026,2.5958817,3.968433,1.1408546,-0.8062955,-2.0415852,-0.80337316,-11.620414,-5.182368,-5.979218,1.1122429,2
gacs_animations_04_0CHV_ZDl_s0013,gacs_animations_04_0CHV_ZDl,animations,surprised,17.076841,-13.736098,-2.632945,17.441711,-7.3874993,6.459923,-6.9739,-12.961123,-3.7259727,-6.7930984,2.9092326,-3.7365224,2.0993516,-1.5168601,1
gacs_animations_04_0CHV_ZDl_s0014,gacs_animations_04_0CHV_ZDl,animations,voyeuristic,15.204552,-7.7741313,-2.7918866,-6.5240493,-6.3983417,6.882575,6.5768766,-4.106667,-10.174404,-4.7533464,-2.7200854,2.2390988,-3.0155365,2.087153,1
gacs_animations_04_0CHV_ZDl_s0015,gacs_animations_04_0CHV_ZDl,animations,calm,-9.298059,3.6415343,-6.6526833,-7.980352,-0.3196877,-0.4602853,-3.9874635,-1.2851671,1.4831148,2.3107054,-4.0373845,0.9738915,0.2491762,2.8560898,2
gacs_animations_04_0CHV_ZDl_s0016,gacs_animations_04_0CHV_ZDl,animations,chaotic,23.413635,-9.705109,2.224008,3.653038,7.7806597,0.85378367,-5.281023,-3.4458141,2.9532933,-4.6090093,2.3675256,-2.503241,-1.5654175,-3.4629233,1
gacs_animations_04_0CHV_ZDl_s0017,gacs_animations_04_0CHV_ZDl,animations,prestigious,-13.055274,-5.185748,-2.8871298,1.5030206,-0.7483309,1.6141878,4.461056,0.8149864,-1.3275723,2.4798753,7.214742,-1.3447945,-3.0061414,5.3356075,2
gacs_animations_04_0CHV_ZDl_s0018,gacs_animations_04_0CHV_ZDl,animations,melancholic,10.353874,29.137526,-2.2543197,6.681845,-2.6552901,1.9821044,-0.56976825,-0.37336165,2.7795444,-2.2041807,-1.8276641,-4.0054317,-0.2977144,0.28870207,0
gacs_animations_04_0CHV_ZDl_s0019,gacs_animations_04_0CHV_ZDl,animations,melancholic,4.96534,21.846708,-9.17929,0.271632,-0.085055046,-2.7591376,-4.5784354,-4.3205576,-4.3627386,2.228097,-4.2826223,0.8653846,-2.2526271,1.6083376,0
gacs_animations_04_0CHV_ZDl_s0020,gacs_animations_04_0CHV_ZDl,animations,surprised,20.859322,-13.865234,0.7824748,14.244844,-5.9581523,5.8652825,-7.3475533,-9.526565,-3.0779796,-6.9886956,4.1553373,-2.5174234,1.9047397,-2.079866,1
gacs_animations_04_0CHV_ZDl_s0021,gacs_animations_04_0CHV_ZDl,animations,contemplative,-5.433503,-4.2156634,-11.222735,-4.9868793,-10.671933,2.573249,-5.389308,-3.229657,-2.0066674,-2.165814,-3.5523193,-0.4346083,-1.0852427,2.6395063,2
gacs_animations_04_0CHV_ZDl_s0022,gacs_animations_04_0CHV_ZDl,animations,curious,-18.842733,-0.42258152,2.5013144,-4.2678766,7.0559998,2.614269,-0.9766761,-2.7083445,-0.53856415,-0.07301741,-5.32246,-1.7272052,-2.6111147,0.8357394,2
gacs_animations_04_0CHV_ZDl_s0023,gacs_animations_04_0CHV_ZDl,animations,cheerful,-19.470438,-2.285379,5.431798,-0.87897646,0.44403514,8.282761,-0.87454647,1.4866107,-2.7268302,-2.4111416,-4.4247627,0.63053346,-0.45582908,-3.2850316,2
gacs_animations_04_0CHV_ZDl_s0024,gacs_animations_04_0CHV_ZDl,animations,cheerful,-19.659023,-0.99209017,3.2828321,-2.5874612,1.7948339,6.583368,-0.19235331,1.0586736,-0.49149624,-0.73361176,-3.072241,-0.61544514,-0.25504684,-2.5338502,2
gacs_animations_04_0CHV_ZDl_s0025,gacs_animations_04_0CHV_ZDl,animations,cheerful,-19.254599,-3.5929828,4.2041154,-0.7456589,2.0212224,6.5032363,-0.37185502,1.926552,-1.007854,-1.2894887,-5.412428,-0.37481466,-1.9836543,-1.1724885,2
gacs_animations_04_0CHV_ZDl_s0026,gacs_animations_04_0CHV_ZDl,animations,playful,-19.541563,-4.557702,3.8314676,2.711222,-3.0381813,6.4940286,-2.6064532,0.67819184,-1.0106677,-1.3790118,-6.789864,-0.8215857,-1.3764201,-0.6506643,2
gacs_animations_04_0CHV_ZDl_s0027,gacs_animations_04_0CHV_ZDl,animations,confused,17.884985,-8.714322,-4.7559896,18.289282,-7.885289,6.0427513,-6.1442523,-11.314046,-3.6502562,-5.8454857,1.5222087,-1.3776276,1.1803756,-3.9982636,1
gacs_animations_04_0CHV_ZDl_s0028,gacs_animations_04_0CHV_ZDl,animations,nostalgic,-15.925347,5.96,10.48474,3.7507892,-0.01218823,-0.6903621,1.6069555,-1.4516853,-0.84552073,-0.66611207,0.999171,3.4540238,-1.5686879,0.18842396,2
gacs_animations_04_0CHV_ZDl_s0029,gacs_animations_04_0CHV_ZDl,animations,somber,10.722248,28.2077,-1.8024888,7.7582483,-1.6608021,-0.63257706,-0.17148419,-0.18587916,0.056408726,-2.0874763,-1.3915437,-0.52418524,-1.6897123,-1.745603,0
gacs_animations_04_0CHV_ZDl_s0030,gacs_animations_04_0CHV_ZDl,animations,peaceful,-9.695441,1.5447288,7.6087265,-10.211136,-5.168142,-3.9157317,1.7518034,-7.240678,3.9939935,-2.5811493,-1.9308109,0.4245458,-1.230415,5.3120403,2
gacs_animations_04_0CHV_ZDl_s0031,gacs_animations_04_0CHV_ZDl,animations,playful,-17.18756,-4.3015656,4.1438866,1.3918347,-0.44064638,1.9703734,-0.7859266,1.8147725,2.755835,-0.81343704,-6.9342756,0.16668622,-1.9247086,0.20331231,2
gacs_animations_04_0CHV_ZDl_s0032,gacs_animations_04_0CHV_ZDl,animations,peaceful,-18.0039,2.380158,6.3851867,-5.689654,1.8526565,0.6825862,-0.63481534,-2.7179427,3.7766552,-0.8414866,-2.6475632,-0.5398291,-0.33648142,0.79673666,2
gacs_animations_04_0CHV_ZDl_s0033,gacs_animations_04_0CHV_ZDl,animations,cheerful,-20.186369,-0.91964674,6.911188,-1.7496502,4.506399,5.509951,-0.46095955,0.99294615,1.0317277,-1.5142986,-4.690436,0.4575739,-1.693369,-2.1860058,2
gacs_animations_04_0CHV_ZDl_s0034,gacs_animations_04_0CHV_ZDl,animations,playful,-17.4482,-1.6436107,4.144696,-1.7915497,-0.92599887,2.2911375,-3.2930248,0.3213405,2.8013973,-1.8765517,-9.386613,-0.798284,-2.046689,-1.9236466,2
gacs_animations_04_0CHV_ZDl_s0035,gacs_animations_04_0CHV_ZDl,animations,cheerful,-19.551888,-2.7576559,6.3245487,8.832366,2.0232592,5.354463,-1.6257228,1.2861855,-1.0926627,1.6248391,-1.6370463,1.1348047,-1.825879,-1.8506614,2
gacs_animations_04_0CHV_ZDl_s0036,gacs_animations_04_0CHV_ZDl,animations,melancholic,-9.063658,6.6556726,13.662198,-7.774641,1.6917078,-5.7726364,0.711808,-3.9705021,0.21010229,-1.3241129,0.21912326,-3.347185,-5.38037,0.17484593,2
gacs_animations_04_0CHV_ZDl_s0037,gacs_animations_04_0CHV_ZDl,animations,melancholy,-6.616756,12.775456,-9.820413,-2.9083424,-1.7989906,-0.17458871,-4.176259,-5.6703067,2.1612685,5.2798834,-0.99385315,2.7023728,-2.9570727,0.92356133,2
gacs_animations_04_0CHV_ZDl_s0038,gacs_animations_04_0CHV_ZDl,animations,melancholic,-2.5185068,6.9991693,13.138525,-5.0337987,0.19371921,-10.501022,-1.0989008,-4.2709165,0.13657485,-0.34478587,-2.8205462,-1.0178113,-5.6800303,3.3176591,2
gacs_animations_04_0CHV_ZDl_s0039,gacs_animations_04_0CHV_ZDl,animations,mechanical,8.516379,6.7322545,-15.330738,-2.8798358,-0.8616686,11.124328,5.772736,-1.8952675,0.71845275,-5.296928,-2.6357095,5.9188204,-4.590161,2.0508633,0
gacs_animations_04_0CHV_ZDl_s0040,gacs_animations_04_0CHV_ZDl,animations,melancholy,6.810829,29.632385,-8.51809,11.519372,-0.68215317,7.2000275,1.5084138,0.1065263,3.7044134,-2.6119678,-0.8195746,-2.5991309,-0.4377217,1.8869059,0
gacs_animations_04_0CHV_ZDl_s0041,gacs_animations_04_0CHV_ZDl,animations,contemplative,12.465695,26.47574,-0.21406221,4.3696365,-0.35702318,-2.473031,-2.3845,0.68141943,-0.7963118,-2.3256166,-3.4191031,0.19468148,-4.731671,-1.585117,0
gacs_animations_04_0CHV_ZDl_s0042,gacs_animations_04_0CHV_ZDl,animations,intimate,-6.4194574,3.2377613,-10.347413,-0.24180733,4.356767,0.5552533,3.0902987,0.9256999,-7.9482884,-2.6977122,-2.0256155,3.9580674,-0.29908195,-0.5183473,2
gacs_animations_04_0CHV_ZDl_s0043,gacs_animations_04_0CHV_ZDl,animations,ominous,24.966963,-7.5164742,4.473819,-4.04882,-1.3915417,6.1488676,3.1032739,-2.1185043,1.6400145,5.6168838,-0.2972665,0.72949123,-0.47811118,-1.6900221,1
gacs_animations_04_0CHV_ZDl_s0044,gacs_animations_04_0CHV_ZDl,animations,melancholic,13.553781,7.3270154,8.730538,-3.8735785,-2.8287957,-8.590431,-6.5758986,-3.5403442,1.8900695,2.1010504,-3.8852885,-1.0129398,-7.9807405,1.0293211,1
gacs_animations_04_0CHV_ZDl_s0045,gacs_animations_04_0CHV_ZDl,animations,trapped,13.072348,23.364899,-6.9823127,7.104603,-2.133973,5.180152,0.5831804,3.5969236,1.7376213,-3.3582184,-2.9209244,-0.22775894,-2.9058168,3.157773,0
gacs_animations_04_0CHV_ZDl_s0046,gacs_animations_04_0CHV_ZDl,animations,quiet,-0.43120888,16.882828,-0.43754897,6.8398967,-0.7565068,-5.008901,-3.376531,-2.0072577,3.1182425,3.726852,-1.3571279,2.7121437,0.91936237,-1.4710218,0
gacs_animations_04_0CHV_ZDl_s0047,gacs_animations_04_0CHV_ZDl,animations,focused,-4.423693,-4.4461713,-14.351957,-3.4268076,-3.783492,3.6755943,-3.2792559,2.3138895,1.4056833,-4.471728,-5.9015217,3.9979334,-2.241767,0.8415917,2
gacs_animations_04_0CHV_ZDl_s0048,gacs_animations_04_0CHV_ZDl,animations,melancholic,4.6695046,30.600746,-3.5605268,9.625817,0.2285835,1.8506202,0.5816035,-0.21756037,3.1005538,-1.2505318,-0.6374871,-3.9093735,0.935107,0.44020605,0
gacs_animations_04_0CHV_ZDl_s0049,gacs_animations_04_0CHV_ZDl,animations,melancholic,20.72386,20.560665,3.4945862,6.4357595,-5.2008653,4.7085977,2.9022002,2.406553,2.574246,-1.8555454,-4.1805696,-1.874579,-1.2648536,-0.059018344,0
gacs_animations_04_0CHV_ZDl_s0050,gacs_animations_04_0CHV_ZDl,animations,mysterious,-2.0484376,18.769547,11.480353,5.3763475,-2.654457,-6.8530555,1.4810675,-2.435534,-4.0731964,-3.876926,0.6637197,4.0161195,-2.4138024,0.34207582,0
gacs_animations_04_0CHV_ZDl_s0051,gacs_animations_04_0CHV_ZDl,animations,menacing,20.747797,-8.672177,-2.3750465,-8.861405,8.271913,4.1771827,1.6188585,3.3564193,-3.737265,-3.5242016,4.0037484,2.6525075,-1.1243098,3.4245472,1
gacs_animations_04_0CHV_ZDl_s0052,gacs_animations_04_0CHV_ZDl,animations,dejected,7.830804,30.048437,-8.104085,10.821546,0.40369484,6.0265083,1.6610572,1.3460505,3.247423,-2.1369584,0.45963594,-2.1733649,-0.30298835,1.3108622,0
gacs_animations_04_0CHV_ZDl_s0053,gacs_animations_04_0CHV_ZDl,animations,confused,23.130287,-12.933216,2.4629662,8.114183,-6.471634,3.0742168,-4.6810246,-7.546965,-2.333791,-5.0669174,1.585994,-3.483065,2.2484882,-2.9816403,1
gacs_animations_04_0CHV_ZDl_s0054,gacs_animations_04_0CHV_ZDl,animations,peaceful,-15.963801,5.3278337,9.817616,-3.971208,1.8455782,-1.8540211,-0.43666634,-4.1541686,5.175984,0.16429058,-0.49802563,2.4494755,-0.73298776,2.8937888,2
gacs_animations_04_0CHV_ZDl_s0055,gacs_animations_04_0CHV_ZDl,animations,playful,-19.314587,-3.072823,4.499843,3.814181,-0.45362738,4.9440126,-2.037873,0.49111366,1.8448015,-0.9462932,-6.051198,0.36764574,-2.2481232,-0.8002244,2
gacs_animations_04_0CHV_ZDl_s0056,gacs_animations_04_0CHV_ZDl,animations,surprised,11.825283,-14.22873,-7.2259974,20.79625,-9.671277,9.497789,-4.2827377,-14.3663645,-5.234642,-6.9264903,2.7473423,-4.677133,3.4045188,-1.1331519,1
gacs_animations_04_0CHV_ZDl_s0057,gacs_animations_04_0CHV_ZDl,animations,surprised,17.09939,-14.446159,-3.2907674,20.409502,-8.224789,8.363142,-5.81622,-13.711711,-4.875416,-6.8037405,4.5316205,-4.4214277,4.0596128,-2.5264397,1
gacs_animations_04_0CHV_ZDl_s0058,gacs_animations_04_0CHV_ZDl,animations,cheerful,-19.06821,-3.5692234,7.0172567,0.6626677,2.2949467,5.441496,0.39372283,1.5055119,-0.4980904,-2.2107897,-4.5865283,0.21123491,-2.8521633,-1.1144667,2
gacs_animations_04_0CHV_ZDl_s0059,gacs_animations_04_0CHV_ZDl,animations,melancholic,10.820791,1.1281403,10.59189,-4.2295446,-3.502523,-10.392627,-4.1184974,-3.1644642,1.5881855,0.49245614,-4.090629,-2.7994115,-9.134611,2.2627885,1
gacs_animations_04_0CHV_ZDl_s0060,gacs_animations_04_0CHV_ZDl,animations,melancholic,-3.140564,6.380283,14.282998,-6.696494,0.97969806,-8.190051,0.21117765,-3.7716694,0.110229015,-0.5227118,-1.9013565,-2.712748,-6.8942437,2.1930082,2
gacs_animations_04_0CHV_ZDl_s0061,gacs_animations_04_0CHV_ZDl,animations,passionate,4.3053613,-2.8464584,-10.293644,-3.2512348,-7.0102363,-3.4990437,10.178202,-5.7936387,-3.7715006,2.898956,3.5387576,-3.1766484,-6.3995786,1.3635875,2
gacs_animations_04_6uWCNHQg_s0000,gacs_animations_04_6uWCNHQg,animations,nostalgic,7.9469314,2.4707475,19.974974,-2.060301,0.5657545,-9.506352,0.04344992,-0.45742068,-0.9287553,-3.109707,0.74207044,-0.09655756,-7.580612,0.6893943,1
gacs_animations_04_6uWCNHQg_s0001,gacs_animations_04_6uWCNHQg,animations,peaceful,-17.598293,5.539546,7.324207,-5.596569,1.2040485,2.9233449,-1.4258021,-3.3162854,4.957353,-0.55453587,-0.71381664,1.3886148,2.1302037,-1.089155,2
gacs_animations_04_6uWCNHQg_s0002,gacs_animations_04_6uWCNHQg,animations,contemplative,12.692448,27.934736,-0.08610702,8.33682,5.394535,0.24010916,0.7070797,4.044126,1.5279814,-1.1288108,0.6082444,-3.7099113,-1.3951612,-0.07441248,0
gacs_animations_04_6uWCNHQg_s0003,gacs_animations_04_6uWCNHQg,animations,contemplative,11.604151,25.493765,0.5816061,1.4791284,-0.044789217,-3.2420857,-1.7945229,0.3375081,-5.0472865,-0.84436816,-0.006739584,0.850785,-3.2924573,-2.2940023,0
gacs_animations_04_6uWCNHQg_s0004,gacs_animations_04_6uWCNHQg,animations,contemplative,13.375969,28.897669,1.2274759,9.506502,1.3267735,1.2121778,1.1541122,3.2474716,0.8177295,-3.350738,0.074909374,-3.4820828,-0.3965484,-0.10677224,0
gacs_animations_04_6uWCNHQg_s0005,gacs_animations_04_6uWCNHQg,animations,complex,15.112418,-6.2622733,-10.318491,1.9233967,-3.8046288,4.850357,3.6211414,-8.456477,-0.69577134,-8.002761,2.1832647,2.2055671,-0.14816408,-2.44564,1
gacs_animations_04_6uWCNHQg_s0006,gacs_animations_04_6uWCNHQg,animations,intense,-2.4260547,-4.5196805,-12.673732,-9.585998,6.0644784,-3.5480614,-3.2215872,3.2135673,1.4521577,2.2635214,-1.9410025,-0.27574217,-0.60717344,3.2448711,2
gacs_animations_04_6uWCNHQg_s0007,gacs_animations_04_6uWCNHQg,animations,nostalgic,-8.900176,13.619319,11.668234,7.3065753,-0.15862352,-5.6314573,-1.1934787,-1.0534391,-0.6087594,-2.8520095,0.48240373,4.0284233,-2.5618837,0.97717506,2
gacs_animations_04_6uWCNHQg_s0008,gacs_animations_04_6uWCNHQg,animations,melancholy,18.076162,19.876226,4.2467165,6.377908,2.2492006,-0.7823429,-2.699097,6.5040474,-0.7063118,-1.0643059,0.23025656,0.58551997,-1.5814085,1.1579274,0
gacs_animations_04_6uWCNHQg_s0009,gacs_animations_04_6uWCNHQg,animations,somber,10.423651,28.537569,0.50231314,9.18301,1.6134267,-2.2715728,-1.3561877,1.0482357,-0.22935571,-3.2278678,-0.8889596,-0.052259166,-2.7150066,-2.1888628,0
gacs_animations_04_6uWCNHQg_s0010,gacs_animations_04_6uWCNHQg,animations,tense,2.8332067,6.232954,-8.754291,-11.1073475,0.3943439,-8.189099,-7.5697064,-6.269869,-2.2439764,2.002757,-0.7993969,-1.0246783,-1.7553625,-2.2850988,2
gacs_animations_04_6uWCNHQg_s0011,gacs_animations_04_6uWCNHQg,animations,intense,3.704384,-7.5266137,-13.315114,2.6785085,0.10107239,-6.2618937,-1.0282211,1.4010254,1.5197895,-0.3441504,-0.29866472,1.3102955,-0.527593,-1.2077657,2
gacs_animations_04_6uWCNHQg_s0012,gacs_animations_04_6uWCNHQg,animations,nostalgic,-5.262995,15.756395,8.402666,4.299674,-1.5812335,-6.285413,2.5236292,-1.5041178,-1.5293238,-3.4069192,2.025867,4.260805,-1.3447046,-0.653582,0
gacs_animations_04_6uWCNHQg_s0013,gacs_animations_04_6uWCNHQg,animations,anxious,25.459892,-3.500286,6.0955257,-8.568748,0.90760255,1.941027,-6.9915648,5.250461,-0.607825,-4.6500673,3.5895448,-0.25868845,-3.4881756,1.798434,1
gacs_animations_04_6uWCNHQg_s0014,gacs_animations_04_6uWCNHQg,animations,contemplative,-2.4951108,9.37251,-6.8159533,-9.195733,-0.39682898,-6.4015527,-4.9620047,0.22417009,-5.1562233,4.6247563,1.1441809,0.5253752,0.86597264,-0.9199396,2
gacs_animations_04_6uWCNHQg_s0015,gacs_animations_04_6uWCNHQg,animations,tense,17.993145,-0.37342253,-6.917192,-11.066287,-1.6739482,2.0004284,0.6761349,2.9686897,-7.6056747,-4.7737517,2.6221926,3.26381,-2.7405033,0.20878124,1
gacs_animations_04_6uWCNHQg_s0016,gacs_animations_04_6uWCNHQg,animations,calm,-17.172348,6.4692435,10.009533,-7.733716,6.7500563,1.6476737,0.21848427,-4.5313387,3.2200756,-2.063453,2.194579,0.7538498,1.6397526,-0.9671464,2
gacs_animations_04_6uWCNHQg_s0017,gacs_animations_04_6uWCNHQg,animations,concerned,20.099218,-7.792437,3.1841102,-3.5321655,-0.41473353,-0.40289065,-9.837927,2.584248,0.4209884,-0.8591684,3.3339467,-1.6718813,-3.963056,0.79146594,1
gacs_animations_04_6uWCNHQg_s0018,gacs_animations_04_6uWCNHQg,animations,focused,-2.6970346,16.89606,-8.36677,-6.2102103,-3.90839,-5.1035886,-4.4323683,-5.8583345,-0.58749014,3.765462,1.5826741,3.1180468,-0.5385908,-6.908602,0
gacs_animations_04_6uWCNHQg_s0019,gacs_animations_04_6uWCNHQg,animations,nostalgic,5.0161195,7.3038945,16.626017,-3.6164825,-0.48167095,-10.434918,-2.7772527,-2.5186343,0.6211319,-0.6128351,-1.0098723,0.16658267,-7.8366785,1.3828236,1
gacs_animations_04_6uWCNHQg_s0020,gacs_animations_04_6uWCNHQg,animations,mysterious,-16.070429,7.414309,13.225772,-2.0286338,2.41103,0.15925547,3.9704764,-4.433255,-0.63213307,-3.3925993,2.7630663,2.108619,0.47479972,2.4425082,2
gacs_animations_04_6uWCNHQg_s0021,gacs_animations_04_6uWCNHQg,animations,nostalgic,18.735058,4.6479683,16.323425,1.2745765,-4.5905375,-5.2210855,-1.420048,0.39043108,-1.0349154,0.12398833,-2.1410437,-0.13080545,-6.0909257,1.2747371,1
gacs_animations_04_6uWCNHQg_s0022,gacs_animations_04_6uWCNHQg,animations,tense,24.936949,-7.9066157,8.828811,-3.0686908,1.3632375,0.5957716,0.13155842,1.0233529,0.82058936,5.840921,0.68173325,-0.55051184,1.8650333,0.33441645,1
gacs_animations_04_6uWCNHQg_s0023,gacs_animations_04_6uWCNHQg,animations,cheerful,-19.411089,0.6765486,5.724935,-3.8963456,2.873122,6.9011326,0.16628097,1.6227592,-1.3818498,-1.1825999,-1.9123319,0.49195686,0.1423587,-2.297598,2
gacs_animations_04_6uWCNHQg_s0024,gacs_animations_04_6uWCNHQg,animations,playful,-18.052053,-3.098605,1.6508363,3.8523169,-2.343918,4.959695,-3.518782,0.35669062,1.1346306,-0.1191242,-6.639508,0.3704554,-2.3350666,-0.71543795,2
gacs_animations_04_6uWCNHQg_s0025,gacs_animations_04_6uWCNHQg,animations,warm,-18.049965,0.10059371,2.5889244,-5.960714,1.4797086,5.4219556,0.17324592,1.5550572,-3.2993107,-2.0853906,-2.1225457,2.1917987,1.158663,1.5542284,2
gacs_animations_04_6uWCNHQg_s0026,gacs_animations_04_6uWCNHQg,animations,festive,-19.630148,-1.9948817,7.769439,3.2824585,5.540786,5.28105,-0.5204117,1.3663406,-1.2032301,-0.70216846,-1.691046,1.349899,-2.1451378,-3.067544,2
gacs_animations_04_6uWCNHQg_s0027,gacs_animations_04_6uWCNHQg,animations,concerned,25.331152,-8.8207,11.351327,-6.725501,1.1002316,2.2476842,-8.904321,2.5475888,1.5996919,-2.848888,2.8869371,-2.7975242,-3.027181,0.5045169,1
gacs_animations_04_6uWCNHQg_s0028,gacs_animations_04_6uWCNHQg,animations,contemplative,-8.0121355,-2.7666593,-9.593612,-5.9369,-2.3918164,-2.981543,-0.5990693,4.6179132,-3.5085523,1.9429982,1.3944019,0.0850059,-0.7471267,2.615122,2
gacs_animations_04_6uWCNHQg_s0029,gacs_animations_04_6uWCNHQg,animations,distressed,10.567106,19.053003,-6.766261,19.322424,-2.5300183,-0.34895024,-2.9061527,-2.5473316,-2.1358752,-2.7270002,0.316953,0.70483756,-0.9436999,-2.2076266,0
gacs_animations_04_6uWCNHQg_s0030,gacs_animations_04_6uWCNHQg,animations,contemplative,18.77316,6.8968263,10.241695,-5.027147,-2.5599062,-6.4586163,-2.917373,0.4901305,-1.3448647,0.48648807,-1.7899357,0.09324837,-7.5827727,0.54614514,1
gacs_animations_04_6uWCNHQg_s0031,gacs_animations_04_6uWCNHQg,animations,cautious,13.4787855,-8.687563,12.763268,-11.830527,-0.54782647,-3.475729,-6.775003,5.58807,-0.47576326,-4.2018437,3.0026927,-4.126725,-3.0861409,0.604986,1
gacs_animations_04_6uWCNHQg_s0032,gacs_animations_04_6uWCNHQg,animations,tense,24.732265,-10.93426,7.94207,-4.5100813,-2.469909,0.59781694,0.4828535,-0.19915263,-0.23628233,2.2362282,-1.1755936,-2.5918736,4.1752763,0.15107512,1
gacs_animations_04_6uWCNHQg_s0033,gacs_animations_04_6uWCNHQg,animations,focused,11.505301,-5.9604473,-12.895092,-6.9869647,-8.638122,4.9345613,5.0883694,-0.4960499,-4.2780514,-10.221382,3.9538121,8.044755,2.075848,-0.16429953,1
gacs_animations_04_6uWCNHQg_s0034,gacs_animations_04_6uWCNHQg,animations,curious,22.327715,-1.9465953,-1.9312528,3.0746124,-0.9946198,-3.10429,-3.2237833,-9.969604,-5.740886,0.087937236,-0.6688781,-1.1999612,-2.2512093,-0.72590417,1
gacs_animations_04_6uWCNHQg_s0035,gacs_animations_04_6uWCNHQg,animations,contemplative,11.671523,29.285854,0.78306,8.099491,4.3709073,-0.04112302,0.8767316,3.310925,1.1587709,-2.1417227,0.28609556,-2.8052719,-1.0015033,-0.4284244,0
gacs_animations_04_6uWCNHQg_s0036,gacs_animations_04_6uWCNHQg,animations,fearful,25.579958,-11.267204,14.086477,-2.7807536,0.27947062,2.5261676,-6.4643126,1.3788593,-0.1647044,-3.8237813,3.8838062,-3.4854982,-0.93518686,-0.80608785,1
gacs_animations_04_6uWCNHQg_s0037,gacs_animations_04_6uWCNHQg,animations,concerned,8.821556,-0.7124547,-1.8845857,-8.421271,1.2155738,-4.691509,-12.362316,1.990458,2.0687594,3.4211748,0.106026664,-1.4289285,-4.1236258,1.3228252,1
gacs_animations_04_6uWCNHQg_s0038,gacs_animations_04_6uWCNHQg,animations,tense,27.922522,-6.1724396,9.225897,-5.1674113,-4.945005,7.5639286,1.6738127,-2.1941042,-0.33781725,2.5284379,0.37372303,-0.75819457,-0.7024661,-1.1172966,1
gacs_animations_04_6uWCNHQg_s0039,gacs_animations_04_6uWCNHQg,animations,intense,13.28731,-12.592425,-9.706894,-5.5037856,19.010784,-1.1375257,0.71244156,2.445303,-5.1995444,0.75756985,1.5082179,-1.8149152,1.7435179,-0.44962117,1
gacs_animations_04_6uWCNHQg_s0040,gacs_animations_04_6uWCNHQg,animations,concerned,25.447706,-7.0308094,13.903336,-4.1745214,0.34816757,0.16700113,-7.232622,3.6032271,-0.51739174,-3.9820101,4.5003552,-1.9185694,-3.1066873,-1.7387677,1
gacs_animations_04_6uWCNHQg_s0041,gacs_animations_04_6uWCNHQg,animations,contemplative,6.5093484,10.57046,-4.7041483,0.107266724,4.6921434,-8.685362,-1.8907142,5.4290113,-4.369049,7.717256,0.17252338,3.5237904,-1.3089243,-1.9452399,0
gacs_animations_04_6uWCNHQg_s0042,gacs_animations_04_6uWCNHQg,animations,concerned,24.315912,-2.6198587,10.73372,-7.790603,-1.2266767,0.522092,-8.781108,2.6686132,0.114092715,-0.848413,1.4848741,-2.4491146,-4.42689,0.53688216,1
gacs_animations_04_6uWCNHQg_s0043,gacs_animations_04_6uWCNHQg,animations,intimate,7.059321,8.266531,-9.669947,-7.6571794,-3.875181,-2.9962995,-6.495065,-3.0035636,-6.0323095,-2.825134,0.46113506,3.8783412,-0.93918633,0.87935215,0
gacs_animations_04_6uWCNHQg_s0044,gacs_animations_04_6uWCNHQg,animations,tense,25.672806,-11.402774,11.051371,-6.9784718,1.3157177,2.4863625,-6.5777745,2.3034096,0.70819205,-3.8365886,3.2407513,-4.011059,-1.399912,-0.41933563,1
gacs_animations_04_6uWCNHQg_s0045,gacs_animations_04_6uWCNHQg,animations,mysterious,11.056505,26.819681,4.413592,7.817125,-1.4446409,-3.1551805,-0.2781847,1.8607005,-1.5044883,-2.0683181,-2.6753933,0.9503329,-2.213215,-1.1666622,0
gacs_animations_04_6uWCNHQg_s0046,gacs_animations_04_6uWCNHQg,animations,concerned,14.296393,10.068209,2.6105392,-0.9946165,-0.21415003,-4.4895177,-9.644543,4.2556443,-2.5162432,0.6679011,2.2821343,0.59389275,-5.6844206,0.4087094,0
gacs_animations_04_6uWCNHQg_s0047,gacs_animations_04_6uWCNHQg,animations,tense,1.9010676,13.937349,-7.4066057,-11.800937,0.24761707,-3.3241923,-0.8754705,-4.0943084,-8.436877,0.8336875,-0.6326362,-0.23122716,0.79674107,-2.1757727,0
gacs_animations_04_6uWCNHQg_s0048,gacs_animations_04_6uWCNHQg,animations,distressed,22.432112,-6.7405386,0.10718133,-1.4727198,-3.7899115,-0.2917357,-5.5155025,-0.56015265,-2.0218806,-5.131296,3.6208928,0.23602942,-2.2859945,-1.6827636,1
gacs_animations_04_6uWCNHQg_s0049,gacs_animations_04_6uWCNHQg,animations,distressed,10.944769,25.545582,-2.8457134,6.4436736,0.918782,2.4809964,0.45945388,5.870624,-2.6258454,-0.88736475,1.6824939,0.89969087,2.1746593,2.1591058,0
gacs_animations_04_6uWCNHQg_s0050,gacs_animations_04_6uWCNHQg,animations,contemplative,13.424595,15.153775,9.678193,-1.0461841,2.7936108,-9.136473,-0.29464734,3.6496146,-5.6117673,-2.3315737,0.85320085,1.6535349,-3.1341276,-2.8528528,0
gacs_animations_04_6uWCNHQg_s0051,gacs_animations_04_6uWCNHQg,animations,contemplative,-2.6903622,8.855884,17.380589,-6.734477,2.5608892,-7.860521,0.2675949,-2.4217644,0.09268504,-1.6124164,0.3905947,-1.0083058,-5.1009336,1.5345672,2
gacs_animations_04_6uWCNHQg_s0052,gacs_animations_04_6uWCNHQg,animations,cozy,-15.680174,-2.1094449,-1.5481733,-6.818198,-4.9814296,3.12482,-1.291947,0.98556745,-3.5623107,-0.79581875,-0.0388532,-2.7846448,1.5851729,-3.3675296,2
gacs_animations_04_6uWCNHQg_s0053,gacs_animations_04_6uWCNHQg,animations,shocked,19.014994,-14.754821,-2.66374,16.016705,-7.49859,6.603571,-5.6035686,-12.594561,-3.337824,-5.7370443,5.467041,-3.7027392,3.363088,-3.220974,1
gacs_animations_04_6uWCNHQg_s0054,gacs_animations_04_6uWCNHQg,animations,playful,-17.01446,-2.3413143,2.1833224,1.8808879,-2.3739462,3.864574,-2.967746,0.009700023,1.5652095,-0.5828458,-8.180412,-0.35737,-2.5620127,0.31401122,2
gacs_animations_04_6uWCNHQg_s0055,gacs_animations_04_6uWCNHQg,animations,tense,25.105227,5.354011,15.030704,-2.0248084,2.962227,0.79988307,-2.729422,5.4137425,2.558336,0.013485953,1.0711356,-3.3319476,-1.5535393,-1.7586805,1
gacs_animations_04_6uWCNHQg_s0056,gacs_animations_04_6uWCNHQg,animations,excited,-13.382668,-8.5293665,3.9354768,9.0317,-0.24505937,-0.40471447,-3.8110023,3.441453,-1.0975527,0.47660175,-0.70079696,-0.15171444,-2.105528,-1.0706007,2
gacs_animations_04_6uWCNHQg_s0057,gacs_animations_04_6uWCNHQg,animations,dreamy,2.7258039,-8.152532,8.079976,11.439144,-6.5315037,-6.8470345,-0.89946985,-3.2381463,-1.9277105,-3.26696,0.25952575,0.27830353,-1.2771217,3.4318995,2
gacs_animations_04_6uWCNHQg_s0058,gacs_animations_04_6uWCNHQg,animations,hopeful,-11.893757,4.492923,14.245776,-4.7341304,-1.5184201,-4.6301746,1.6149294,-3.3394842,0.14570618,-5.111769,1.8595514,-1.6943494,-0.5535752,2.5610032,2
gacs_animations_04_6uWCNHQg_s0059,gacs_animations_04_6uWCNHQg,animations,peaceful,-13.086864,11.075536,11.090615,-8.8804865,2.5488853,-1.6805432,-0.15016653,-5.707451,3.5340583,-2.500941,0.90925246,0.49537316,1.3189802,1.3804628,2
gacs_animations_04_6uWCNHQg_s0060,gacs_animations_04_6uWCNHQg,animations,contemplative,13.066891,8.532301,13.158237,-2.4735854,-2.8062701,-9.94811,-0.40084195,-1.7841539,-0.92688626,0.97405034,-1.0798565,-0.17220525,-5.9286203,1.6719275,1
gacs_animations_04_6uWCNHQg_s0061,gacs_animations_04_6uWCNHQg,animations,contemplative,-4.157361,15.02214,11.334055,-5.797682,-3.0404797,-5.50138,0.28464037,-8.353839,-0.20131032,-1.4217874,0.46764612,0.73487353,1.5574441,5.1521707,2
gacs_animations_04_6uWCNHQg_s0062,gacs_animations_04_6uWCNHQg,animations,melancholic,6.33585,28.260576,-0.19718651,12.028297,-0.53206384,-1.175576,2.6916041,0.37670967,1.5027175,-3.2039056,0.44793302,-2.8853288,3.052865,1.4529206,0
gacs_animations_04_6uWCNHQg_s0063,gacs_animations_04_6uWCNHQg,animations,tense,26.229128,-8.10098,11.265797,-5.915996,3.4773457,0.5555638,-7.5222344,4.257817,0.6786504,-2.1080697,3.8536646,-2.0043163,-1.0771964,-1.8764042,1
gacs_animations_04_6uWCNHQg_s0064,gacs_animations_04_6uWCNHQg,animations,contemplative,7.106713,26.86873,-0.633614,-0.29665235,-0.10774639,-3.8018649,-1.305926,-1.2796606,-3.9401686,-1.2246655,-0.15470248,1.0651628,-1.6876165,-2.7911837,0
gacs_animations_04_6uWCNHQg_s0065,gacs_animations_04_6uWCNHQg,animations,tense,22.777258,-6.6348066,-1.1462346,-4.709326,5.808048,-1.1680661,-8.482604,1.0940766,1.490553,0.4061231,2.994061,-0.1336195,-2.6246576,-1.975798,1
gacs_animations_04_6uWCNHQg_s0066,gacs_animations_04_6uWCNHQg,animations,contemplative,-1.7285558,-1.219,6.2706075,-0.20222038,-2.9165845,-9.340151,0.03395097,-0.031316604,-0.6115516,-0.8865629,2.0526564,1.0080476,2.389342,2.878113,2
gacs_animations_04_6uWCNHQg_s0067,gacs_animations_04_6uWCNHQg,animations,surreal,8.564373,14.640145,9.2620325,9.53344,-2.3689103,-10.291097,0.5664068,-0.9122311,-4.360044,-2.9031389,1.0253145,3.1069329,-2.436724,-0.65455484,0
gacs_animations_04_6uWCNHQg_s0068,gacs_animations_04_6uWCNHQg,animations,chaotic,16.25695,-5.920507,-8.682291,8.087381,6.6416473,5.7701683,3.1888912,-7.7749987,1.423415,-6.0825386,3.85647,5.721419,1.3711607,-1.5133406,1
gacs_animations_04_6uWCNHQg_s0069,gacs_animations_04_6uWCNHQg,animations,contemplative,5.386483,0.06422597,4.0596595,1.0609164,-6.488602,-8.490419,2.3059936,-4.9155893,-4.585231,0.41412956,0.26640904,1.7038047,3.1656425,4.4973373,1
gacs_animations_04_6uWCNHQg_s0070,gacs_animations_04_6uWCNHQg,animations,chaotic,25.147936,-5.6921806,5.3330216,2.4546952,4.7024837,0.63739204,-5.020079,1.4670005,1.274662,-3.5649893,2.5642436,0.5910417,-0.752517,-2.3965025,1
gacs_animations_04_6uWCNHQg_s0071,gacs_animations_04_6uWCNHQg,animations,supportive,-11.220484,-0.7335536,0.9598106,-10.006283,-3.2779088,2.9456909,-2.0171716,3.1586883,0.66015357,-1.7580558,-0.6878797,1.6326061,1.3244901,3.7664719,2
gacs_animations_04_6uWCNHQg_s0072,gacs_animations_04_6uWCNHQg,animations,inspirational,-2.0326717,3.9881918,5.241546,-1.4674954,-4.41391,-11.049352,-0.36031562,-7.0768456,0.8941689,-1.7900891,0.5386802,0.9254544,0.9198912,2.74941,2
gacs_animations_04_6uWCNHQg_s0073,gacs_animations_04_6uWCNHQg,animations,peaceful,-16.752167,6.1239243,11.545339,-6.7170596,6.014617,1.0029503,0.7511182,-3.7890978,3.115307,-3.164504,1.7523372,1.4114983,0.81796664,-0.73302925,2
gacs_animations_04_6uWCNHQg_s0074,gacs_animations_04_6uWCNHQg,animations,contemplative,-18.350409,3.3374465,6.09374,-6.892247,4.1733227,1.8849533,1.4362998,-1.1202115,2.00048,-0.39431626,1.4032735,1.3932769,1.0259249,1.1631879,2
gacs_animations_04_6uWCNHQg_s0075,gacs_animations_04_6uWCNHQg,animations,peaceful,-15.694932,4.6997213,10.543662,-6.642414,4.4846864,-0.13581635,-0.23206408,-4.1372094,4.9048443,-2.3985674,1.4981048,0.95068985,0.5371425,1.2753608,2
gacs_animations_04_6uWCNHQg_s0076,gacs_animations_04_6uWCNHQg,animations,intimate,-17.127821,-1.1578459,7.0917764,-3.124166,3.2392795,-0.11687784,3.9717598,0.70581573,-4.4004955,-2.160441,1.4365231,1.4845853,1.3398122,0.8245585,2
gacs_animations_04_6uWCNHQg_s0077,gacs_animations_04_6uWCNHQg,animations,dreamy,-14.934481,5.31142,9.881264,-2.1498785,0.2626466,-3.094669,-2.7335627,-5.524599,4.1261296,-1.7486067,0.17929299,1.4993767,0.6783741,1.3725649,2
gacs_animations_04_6uWCNHQg_s0078,gacs_animations_04_6uWCNHQg,animations,tense,27.194746,-9.950224,8.4217205,-2.7348073,3.9559274,3.0950298,0.79249287,-0.7894731,1.3529451,2.533814,2.4575481,-0.51547635,3.6629465,-0.93951315,1
gacs_animations_04_6uWCNHQg_s0079,gacs_animations_04_6uWCNHQg,animations,peaceful,-15.89945,9.008968,8.190404,-10.148209,4.147564,2.1422796,-1.6205635,-5.0034323,3.8913486,-2.3959484,0.54002345,0.26953772,2.922941,-0.6253648,2
gacs_animations_04_6uWCNHQg_s0080,gacs_animations_04_6uWCNHQg,animations,anticipatory,5.785917,-8.020113,-5.8153462,0.09644111,-9.710611,-1.6987264,3.1419673,-2.1228101,0.63135785,5.1903505,3.1218104,-4.6879907,-1.2009532,-2.2733738,1
gacs_animations_04_6uWCNHQg_s0081,gacs_animations_04_6uWCNHQg,animations,joyful,-14.1547365,-4.430131,6.1205277,13.933657,1.0084847,2.112521,0.82877976,1.1733466,-1.213608,3.216521,5.0488367,1.3711337,-1.0482547,0.06448041,2
gacs_animations_04_6uWCNHQg_s0082,gacs_animations_04_6uWCNHQg,animations,concerned,22.656685,-4.6762166,2.126494,0.07962857,6.747029,-1.633017,-10.425842,3.1371233,1.6272645,0.09838074,4.350179,1.7495793,-3.2168589,0.3289147,1
gacs_animations_04_6uWCNHQg_s0083,gacs_animations_04_6uWCNHQg,animations,intimate,-9.2611475,11.642181,-1.3627546,-13.794061,-1.6600868,-0.26939374,-4.1783414,-4.3108478,-4.9236636,-0.4689689,-0.00661723,-0.16950884,4.0619693,-0.18618281,2
gacs_animations_04_6uWCNHQg_s0084,gacs_animations_04_6uWCNHQg,animations,serious,-8.794443,5.757631,-0.24644876,-16.30214,-0.79201853,-3.6702898,-4.589447,-2.2691445,2.577626,-0.28249556,-0.6701202,-1.4549522,1.287013,1.2856376,2
gacs_animations_04_6uWCNHQg_s0085,gacs_animations_04_6uWCNHQg,animations,tense,25.831429,-9.103194,7.1829114,-6.5950303,-3.7753491,4.3449993,1.1477983,-1.8280772,-0.7308965,3.61925,-2.197292,-2.8238764,2.0897589,-1.2708827,1
gacs_animations_04_6uWCNHQg_s0086,gacs_animations_04_6uWCNHQg,animations,concerned,17.795202,2.3932931,-3.7912638,-3.3970141,4.693047,-2.6969225,-10.383601,2.4005606,1.1579497,3.2541952,1.6802208,-0.20484556,-6.0732007,-1.3816416,1
gacs_animations_04_6uWCNHQg_s0087,gacs_animations_04_6uWCNHQg,animations,confident,-5.8461003,-10.254249,-2.0118032,-4.3755965,-0.14340845,-0.92190456,4.187261,3.8990443,-3.496457,-0.3538365,-3.5579097,-4.4549103,-5.5272036,1.9135517,2
gacs_animations_04_6uWCNHQg_s0088,gacs_animations_04_6uWCNHQg,animations,surprised,26.3321,-10.588738,11.939977,3.0634696,-2.9836218,2.741916,-7.9946265,-0.6094622,-1.2408972,-6.540676,4.3557243,-2.5744426,-0.47002485,-1.9824992,1
gacs_animations_04_6uWCNHQg_s0089,gacs_animations_04_6uWCNHQg,animations,mysterious,-1.2299178,3.0021384,5.975058,-2.0987263,-10.086436,-6.5451837,2.733595,-5.600609,-5.431934,-3.317809,-1.3294786,1.2007266,-0.7553078,4.449442,2
gacs_animations_04_6uWCNHQg_s0090,gacs_animations_04_6uWCNHQg,animations,serious,-3.9977593,6.0809093,-6.047537,-10.858684,-3.224356,-6.882019,-3.6613073,-4.010824,0.82553405,-1.0987278,-1.6888254,1.3223057,-3.8137379,-1.4401481,2
gacs_animations_04_6uWCNHQg_s0091,gacs_animations_04_6uWCNHQg,animations,hopeful,-17.666737,0.73189837,4.889839,-1.824797,-0.9158649,0.6194629,-2.7938085,0.47149858,1.6171086,2.01939,-0.68097544,2.0765123,-1.2428465,0.41517815,2
gacs_animations_04_6uWCNHQg_s0092,gacs_animations_04_6uWCNHQg,animations,tense,27.103327,-2.3006382,12.627847,-6.937203,1.0063719,2.1587038,-7.1345387,3.9492378,-0.3932162,-1.4573141,2.0509691,-1.6508652,-4.5779853,-1.525867,1
gacs_emotional_shorts_00_2bgavN7H_s0000,gacs_emotional_shorts_00_2bgavN7H,emotional_shorts,uplifting,-2.612694,5.1567616,-4.204548,4.2414474,-9.227229,-6.0185366,1.5904812,-1.2147677,2.8538034,5.5553117,3.2075021,4.203583,-0.24853592,-3.114133,2
gacs_emotional_shorts_00_2bgavN7H_s0001,gacs_emotional_shorts_00_2bgavN7H,emotional_shorts,contemplative,-16.351612,5.128808,9.071827,-8.13036,4.5499353,0.7018358,2.2916625,-3.3046582,1.9851987,-2.7195137,1.3203858,1.7712122,0.1813419,0.049080703,2
gacs_emotional_shorts_00_2bgavN7H_s0002,gacs_emotional_shorts_00_2bgavN7H,emotional_shorts,ominous,23.257544,-3.0501373,10.828342,-8.72903,-5.665028,5.6289773,3.023133,1.2581728,-1.7915914,3.478126,-1.8390908,-0.47705215,-0.39340618,0.42425212,1
gacs_emotional_shorts_00_2bgavN7H_s0003,gacs_emotional_shorts_00_2bgavN7H,emotional_shorts,contrasting,3.255207,2.4447396,-1.2267915,-0.37879816,0.3575254,-7.898209,6.504405,2.1893203,-3.7764874,-0.038069665,1.2380487,7.174358,1.5231066,-1.9802175,2
gacs_emotional_shorts_00_2bgavN7H_s0004,gacs_emotional_shorts_00_2bgavN7H,emotional_shorts,contemplative,17.510149,10.952202,13.132432,-0.40036914,-0.668509,-7.244378,-2.6060197,0.39808235,-1.5662214,0.3600394,-2.345456,0.3615078,-7.409187,-0.85550135,1
gacs_emotional_shorts_00_2bgavN7H_s0005,gacs_emotional_shorts_00_2bgavN7H,emotional_shorts,contemplative,14.924855,10.312939,14.32677,-3.1887617,-0.16139174,-8.245535,-2.0132275,0.2836828,-1.2330116,0.6794609,-1.6157906,0.42343512,-8.3277,0.3267746,1
gacs_emotional_shorts_00_2bgavN7H_s0006,gacs_emotional_shorts_00_2bgavN7H,emotional_shorts,peaceful,-15.629485,6.001042,8.143314,-8.659526,3.3557212,0.43629447,-0.70004267,-4.3825054,4.036881,-2.7258449,0.59069175,0.60587287,1.6354966,1.4278668,2
gacs_emotional_shorts_00_2bgavN7H_s0007,gacs_emotional_shorts_00_2bgavN7H,emotional_shorts,warm,-20.757656,0.44801387,6.4534535,-1.5957658,4.3588433,6.600908,-0.60089594,-0.15338999,1.9889461,1.3028604,0.36932734,2.8836076,0.69667614,-3.0381563,2
gacs_emotional_shorts_00_2bgavN7H_s0008,gacs_emotional_shorts_00_2bgavN7H,emotional_shorts,contemplative,-5.877231,-0.6952212,1.9223173,-2.9827356,-1.5917668,-6.878415,-1.0974413,-1.3988649,-2.3381195,-1.6704824,1.3124475,1.9333746,0.99239296,-0.1463478,2
gacs_emotional_shorts_00_2bgavN7H_s0009,gacs_emotional_shorts_00_2bgavN7H,emotional_shorts,warm,-13.424713,11.695476,6.731188,-12.788665,4.572064,1.5414023,-1.4317796,-6.061744,3.506959,-2.1594832,-0.0010950865,-0.4134248,3.54738,0.43656644,2
gacs_emotional_shorts_00_2bgavN7H_s0010,gacs_emotional_shorts_00_2bgavN7H,emotional_shorts,serene,-12.276764,9.59084,10.533225,-7.5048637,3.6301823,-4.104288,-3.1592968,-5.3470907,2.2894282,-2.0379205,0.3911616,1.3748431,1.0373008,0.33432004,2
gacs_emotional_shorts_00_8iMRx8ro_s0000,gacs_emotional_shorts_00_8iMRx8ro,emotional_shorts,urgent,20.1828,-4.4482727,-3.4672158,-1.0411342,5.641632,-1.4456955,-3.1229346,3.460947,-2.5457933,-7.560776,6.810549,4.5660973,0.7215631,0.43390724,1
gacs_emotional_shorts_00_8iMRx8ro_s0001,gacs_emotional_shorts_00_8iMRx8ro,emotional_shorts,serious,14.361368,5.377146,-6.478403,5.6051974,-0.53689003,-2.1915112,-8.5302515,8.588406,3.7602155,-2.8128803,4.4620256,4.866805,2.6335704,2.064733,1
gacs_emotional_shorts_00_8iMRx8ro_s0002,gacs_emotional_shorts_00_8iMRx8ro,emotional_shorts,urgent,-2.9192233,-8.140712,-10.495653,3.8623455,-3.655422,-2.736419,-3.5004652,1.4750646,6.7462463,0.6164659,2.3430793,0.16217272,0.99996847,1.903622,2
gacs_emotional_shorts_00_8iMRx8ro_s0003,gacs_emotional_shorts_00_8iMRx8ro,emotional_shorts,urgent,19.47531,-8.806968,-0.98713917,2.3816493,6.0203886,-2.82503,-3.2390997,2.648173,2.460286,-7.955475,3.856451,5.4392962,2.5881348,-2.4208364,1
gacs_emotional_shorts_00_8iMRx8ro_s0004,gacs_emotional_shorts_00_8iMRx8ro,emotional_shorts,urgent,20.365475,-8.089763,4.7017517,-2.0782843,0.42412975,-4.2725906,-2.5416517,6.7139745,1.4194674,-9.331179,0.8424543,3.6300993,2.6272156,-2.7229888,1
gacs_emotional_shorts_00_8iMRx8ro_s0005,gacs_emotional_shorts_00_8iMRx8ro,emotional_shorts,urgent,23.130695,-8.591272,4.249292,-0.7935647,2.6245902,-1.5806103,-5.1023264,3.3616762,3.95544,-7.258369,1.6413174,1.2222892,1.8248689,-1.9619586,1
gacs_emotional_shorts_00_8iMRx8ro_s0006,gacs_emotional_shorts_00_8iMRx8ro,emotional_shorts,relieved,-6.1400266,-4.6203036,1.880303,12.143474,-5.185404,-2.0478687,-6.3911457,3.1292973,3.9659307,-0.80029047,2.3285434,6.1008987,0.88502955,2.231386,2
gacs_emotional_shorts_00_8iMRx8ro_s0007,gacs_emotional_shorts_00_8iMRx8ro,emotional_shorts,serious,11.484095,28.099958,-3.648598,8.480078,-4.0531173,3.1571028,-1.4857153,3.8571513,0.3425312,-2.51308,-0.905156,-4.386542,2.5238545,0.5434594,0
gacs_emotional_shorts_00_8iMRx8ro_s0008,gacs_emotional_shorts_00_8iMRx8ro,emotional_shorts,urgent,23.302359,-8.179872,5.5472455,-2.8742537,6.7827086,-2.6611571,-4.548002,3.4804056,1.6009129,-5.9001665,1.8422352,2.796433,-0.17828675,-2.0873175,1
gacs_emotional_shorts_00_8iMRx8ro_s0009,gacs_emotional_shorts_00_8iMRx8ro,emotional_shorts,urgent,-9.307982,-4.071495,7.274371,2.3900206,3.6492956,-4.874702,-8.214934,3.348703,3.7585747,1.327551,4.2704616,4.3985395,-0.77507734,0.4283791,2
gacs_emotional_shorts_00_8iMRx8ro_s0010,gacs_emotional_shorts_00_8iMRx8ro,emotional_shorts,urgent,18.778618,-2.7602706,-4.5627236,3.5565827,7.9694767,-2.7942858,-7.0572257,3.2876334,3.7558646,-2.6240847,5.0141497,5.0761747,0.52110523,-1.1256393,1
gacs_emotional_shorts_00_8iMRx8ro_s0011,gacs_emotional_shorts_00_8iMRx8ro,emotional_shorts,urgent,20.189085,-9.3681135,-2.9306114,3.3737304,7.962571,-2.6293688,-3.981892,1.412398,3.0147014,-8.300984,1.8719311,2.7438335,3.9042647,-1.7861158,1
gacs_emotional_shorts_00_8iMRx8ro_s0012,gacs_emotional_shorts_00_8iMRx8ro,emotional_shorts,concerned,25.880922,-3.9862216,9.769694,-4.2292485,-0.16659184,2.062427,-9.231579,5.155252,2.46595,-2.3812099,4.1921673,-2.1483815,-2.4918385,0.6173257,1
gacs_emotional_shorts_00_8iMRx8ro_s0013,gacs_emotional_shorts_00_8iMRx8ro,emotional_shorts,urgent,23.235243,-8.986953,3.7630794,1.509137,2.651665,0.55242497,-7.6260376,1.227901,3.4611108,-5.1535745,5.407907,2.170848,0.6747059,-1.0778414,1
gacs_emotional_shorts_00_8iMRx8ro_s0014,gacs_emotional_shorts_00_8iMRx8ro,emotional_shorts,concerned,-2.0557575,-4.1042485,12.3931675,4.4410844,6.938794,-5.468057,-8.72462,4.6877623,3.4228697,-0.036062397,4.648546,4.1561847,-0.25472835,1.178129,2
gacs_emotional_shorts_00_8iMRx8ro_s0015,gacs_emotional_shorts_00_8iMRx8ro,emotional_shorts,urgent,14.605515,-6.902688,-1.979779,6.9290643,2.6619003,-5.5312166,-9.072311,4.409748,2.168021,-3.17238,3.4284523,6.5455384,0.8777071,-1.4828367,1
gacs_emotional_shorts_00_8iMRx8ro_s0016,gacs_emotional_shorts_00_8iMRx8ro,emotional_shorts,urgent,-6.8573933,-5.623031,5.868847,6.732053,1.7795566,-4.868807,-8.938949,4.942015,4.828245,-1.596136,3.9628615,3.4187841,2.27545,3.4951055,2
gacs_emotional_shorts_00_8iMRx8ro_s0017,gacs_emotional_shorts_00_8iMRx8ro,emotional_shorts,urgent,21.288488,-5.846118,-6.6560836,-1.6275418,2.6143405,-0.5126721,-6.1638927,1.2662411,2.9949865,-7.688631,3.8143628,2.525645,1.7048861,0.42491993,1
gacs_emotional_shorts_00_8iMRx8ro_s0018,gacs_emotional_shorts_00_8iMRx8ro,emotional_shorts,urgent,18.67691,-1.6280606,-7.8923817,0.27410775,6.0368047,-1.948301,-2.1245437,4.5882983,-1.3532181,-5.6837044,5.9114656,5.441159,0.9922675,2.725776,1
gacs_emotional_shorts_00_8iMRx8ro_s0019,gacs_emotional_shorts_00_8iMRx8ro,emotional_shorts,concerned,-7.3378377,-3.3181665,11.582553,-0.097565845,7.724387,-4.250534,-7.65861,4.5379324,2.7757478,0.45144632,3.9288468,3.7896287,-1.0006975,0.7696086,2
gacs_emotional_shorts_00_8iMRx8ro_s0020,gacs_emotional_shorts_00_8iMRx8ro,emotional_shorts,urgent,21.531595,-9.18074,2.8558857,1.9887215,6.138355,-2.1842968,-1.2285291,1.1886009,-0.5870317,-10.68134,3.3370311,4.0305943,3.350282,-2.8465295,1
gacs_emotional_shorts_00_8iMRx8ro_s0021,gacs_emotional_shorts_00_8iMRx8ro,emotional_shorts,relieved,-5.9710045,-5.7935996,-3.337307,13.837319,-6.5601287,1.1465307,-9.279668,2.3571692,3.8216164,2.6983716,0.85618997,3.9154477,1.2998579,4.6439824,2
gacs_emotional_shorts_00_8iMRx8ro_s0022,gacs_emotional_shorts_00_8iMRx8ro,emotional_shorts,relieved,-15.571328,-4.279958,4.201693,15.295528,-1.9605242,3.843704,-3.6710615,0.92588127,0.5939573,1.950914,4.2847915,3.0872548,1.9644293,1.6002114,2
gacs_emotional_shorts_00_8iMRx8ro_s0023,gacs_emotional_shorts_00_8iMRx8ro,emotional_shorts,relieved,-3.1121569,-8.752006,-4.9392047,11.062146,-8.456597,1.5448321,-7.2391286,1.6944407,3.2614396,1.0506518,2.511698,3.1825874,1.3604729,5.3652263,2
gacs_emotional_shorts_00_8iMRx8ro_s0024,gacs_emotional_shorts_00_8iMRx8ro,emotional_shorts,urgent,20.595371,-8.431833,-1.2213069,0.15645963,6.684177,-2.9398067,-4.823516,2.8492022,1.3710889,-8.176531,5.262509,4.773033,1.8906592,-1.7616327,1
gacs_emotional_shorts_00_8iMRx8ro_s0025,gacs_emotional_shorts_00_8iMRx8ro,emotional_shorts,serious,16.894037,1.7835675,-4.4462442,5.7756734,-1.753658,-1.2029614,-9.480914,6.9304295,4.0603395,-3.6964033,4.93508,4.2758236,3.1729815,1.538601,1
gacs_emotional_shorts_00_WV1akgvF_s0000,gacs_emotional_shorts_00_WV1akgvF,emotional_shorts,uplifting,-14.65996,-4.802498,3.0881572,8.540226,-0.12855525,-0.6350733,2.3397934,1.588382,1.5150272,1.6705033,4.631402,0.8974934,-2.757291,0.84688,2
gacs_emotional_shorts_00_WV1akgvF_s0001,gacs_emotional_shorts_00_WV1akgvF,emotional_shorts,focused,-6.5022755,-6.834177,-10.520253,2.992398,-3.307841,-0.9363669,-1.5087278,3.4098635,1.6817788,-1.5802951,-4.347353,0.62532157,0.32318774,-2.624441,2
gacs_emotional_shorts_00_WV1akgvF_s0002,gacs_emotional_shorts_00_WV1akgvF,emotional_shorts,casual,-13.3781185,-3.797509,-2.3379755,-12.825408,-1.8806957,5.4581747,-0.70586246,2.9684963,-4.170565,-4.8608994,-2.055592,-3.422462,0.9069257,-3.3010147,2
gacs_emotional_shorts_00_WV1akgvF_s0003,gacs_emotional_shorts_00_WV1akgvF,emotional_shorts,jubilant,-16.704216,-6.156911,6.61967,9.44307,3.4776268,2.920135,-0.39896038,1.006439,-0.62176883,-0.47816712,4.014818,0.8840772,-3.5720096,0.083046556,2
gacs_emotional_shorts_00_WV1akgvF_s0004,gacs_emotional_shorts_00_WV1akgvF,emotional_shorts,distressed,26.213459,5.772657,2.6223557,14.348496,-0.85369587,2.2411137,-4.749657,-1.086678,-1.1420302,-5.9741035,1.4263041,1.6360748,-0.89176345,-4.208537,1
gacs_emotional_shorts_00_WV1akgvF_s0005,gacs_emotional_shorts_00_WV1akgvF,emotional_shorts,joyful,-15.3034525,-8.496665,6.1555424,15.048088,2.7779663,3.5168967,-1.6644375,0.34032616,-0.4055022,1.3984348,3.4158869,0.6905137,-3.0090482,1.0886126,2
gacs_emotional_shorts_00_WV1akgvF_s0006,gacs_emotional_shorts_00_WV1akgvF,emotional_shorts,serious,4.3759656,20.294655,-7.408366,-0.9673687,-5.288921,-4.723329,-6.503554,-3.7362509,-2.7501953,2.7219405,1.0736291,1.480768,-0.5082659,-2.6082406,0
gacs_emotional_shorts_00_WV1akgvF_s0007,gacs_emotional_shorts_00_WV1akgvF,emotional_shorts,excited,-16.089655,-8.958751,6.3597813,11.709204,3.746329,2.8287594,-1.802923,1.6892574,-0.14363673,0.42367703,1.416251,0.18153685,-2.590654,0.36131945,2
gacs_emotional_shorts_00_WV1akgvF_s0008,gacs_emotional_shorts_00_WV1akgvF,emotional_shorts,intimate,11.448527,-6.0416603,-10.773953,4.780756,0.44913977,-1.2288661,-2.458512,-2.0946481,-4.452575,-3.3630276,1.598626,3.8340333,-2.3908284,-1.8471489,1
gacs_emotional_shorts_00_WV1akgvF_s0009,gacs_emotional_shorts_00_WV1akgvF,emotional_shorts,tense,6.517931,-5.632733,-11.050307,1.513838,-2.9030058,-5.225559,-4.0649447,0.3494876,-3.2457407,0.20363496,1.9491795,2.1051643,-2.9072866,-2.269972,1
gacs_emotional_shorts_00_WV1akgvF_s0010,gacs_emotional_shorts_00_WV1akgvF,emotional_shorts,casual,-8.336778,-7.969849,-3.94028,-6.4901834,-3.9782581,-0.75628597,-0.54229695,6.5451183,2.2454257,-0.63014776,1.6587732,-2.411656,0.41132563,-1.0152056,2
gacs_emotional_shorts_00_WV1akgvF_s0011,gacs_emotional_shorts_00_WV1akgvF,emotional_shorts,energetic,-10.965484,-7.4915214,-1.5689381,1.73731,2.967575,-1.7846278,-0.7930272,2.820463,0.18047394,-0.013420557,-4.5927577,-1.4063158,1.893485,-2.1890795,2
gacs_emotional_shorts_00_WV1akgvF_s0012,gacs_emotional_shorts_00_WV1akgvF,emotional_shorts,celebratory,-15.341398,-9.593538,2.2550867,10.217952,9.811162,4.356761,0.93117976,0.74332863,-3.0554054,1.3360415,1.1563914,-2.539924,-4.801199,-0.82157433,2
gacs_emotional_shorts_00_WV1akgvF_s0013,gacs_emotional_shorts_00_WV1akgvF,emotional_shorts,energetic,-7.9564323,-7.8420444,-3.0833209,0.20162019,0.2236326,-3.295315,-0.28683808,2.82094,-1.2367349,-0.6960155,-4.4878135,-0.5057736,1.3694443,-0.9137913,2
gacs_emotional_shorts_00_WV1akgvF_s0014,gacs_emotional_shorts_00_WV1akgvF,emotional_shorts,casual,-12.375082,-2.7481549,-1.5769652,-10.084568,-4.4232974,0.7315649,1.9967986,1.5198866,-5.581113,-1.4064182,0.094065726,-5.0431023,0.9054434,-2.6115053,2
gacs_emotional_shorts_00_WV1akgvF_s0015,gacs_emotional_shorts_00_WV1akgvF,emotional_shorts,calm,3.344416,17.251884,-11.409282,-1.144692,13.344502,-3.26015,-6.251253,-2.2198648,-7.3122478,4.89612,-0.76774246,-2.6242344,0.59812146,1.8910083,0
gacs_emotional_shorts_00_WV1akgvF_s0016,gacs_emotional_shorts_00_WV1akgvF,emotional_shorts,exciting,-15.578189,-7.1310935,7.1456447,12.173939,4.4340725,1.8959246,-1.31457,0.98149616,-1.0657891,0.30323565,1.7178922,1.3962281,-2.4607193,-0.04884678,2
gacs_emotional_shorts_00_WV1akgvF_s0017,gacs_emotional_shorts_00_WV1akgvF,emotional_shorts,chaotic,21.382452,-11.589474,-1.0633739,1.8415029,3.929416,1.6577848,-2.7349036,-2.4638429,2.4787662,-4.375743,2.1326942,-0.4820109,-0.26366106,-2.253031,1
gacs_emotional_shorts_00_WV1akgvF_s0018,gacs_emotional_shorts_00_WV1akgvF,emotional_shorts,concerned,26.034494,-8.607447,12.837107,-6.4773045,1.7125973,2.265122,-7.8415637,4.6828256,0.4679933,-3.8501437,5.179555,-1.9017862,-1.6140634,-0.18848634,1
gacs_emotional_shorts_00_WV1akgvF_s0019,gacs_emotional_shorts_00_WV1akgvF,emotional_shorts,serious,3.101493,10.905459,-6.9753075,-4.3226137,-8.975666,-5.208094,-3.1207838,-4.2846193,-7.9863806,1.0943382,2.753268,2.116193,1.5887156,-3.884625,0
gacs_emotional_shorts_00_WV1akgvF_s0020,gacs_emotional_shorts_00_WV1akgvF,emotional_shorts,tense,14.565389,-12.995624,-9.003362,1.8164914,16.09007,-1.5703768,0.31285182,-2.1870096,-3.7890792,-0.6824024,0.5123118,-0.93446547,1.8755624,-2.687585,1
gacs_emotional_shorts_00_WV1akgvF_s0021,gacs_emotional_shorts_00_WV1akgvF,emotional_shorts,energetic,1.635227,-10.799375,-6.654954,3.4301686,-2.6170132,-4.11829,0.20808768,0.9735284,-1.086999,-2.0040889,1.5602418,2.1837518,2.1689756,-3.0333223,2
gacs_emotional_shorts_00_WV1akgvF_s0022,gacs_emotional_shorts_00_WV1akgvF,emotional_shorts,energetic,-13.254957,-8.963857,9.2009325,9.736205,3.0222316,1.843332,0.65517956,1.6870072,-2.5891874,-1.756146,3.4533336,1.2565882,-2.936514,0.2632279,2
gacs_emotional_shorts_00_WV1akgvF_s0023,gacs_emotional_shorts_00_WV1akgvF,emotional_shorts,chaotic,26.080294,-10.052118,5.0887537,-0.8771161,0.93114704,3.3495505,-1.2178614,-0.44747496,-0.1301944,-3.6839597,2.9989848,1.1549891,0.3084455,-4.0086303,1
gacs_emotional_shorts_00_WV1akgvF_s0024,gacs_emotional_shorts_00_WV1akgvF,emotional_shorts,excited,-15.182363,-7.744004,7.0065637,5.060585,5.0039206,2.2190742,-0.22036402,1.4228522,-2.8595567,-1.230388,-0.3464065,-2.05676,-3.4177325,-2.5162327,2
gacs_emotional_shorts_00_WV1akgvF_s0025,gacs_emotional_shorts_00_WV1akgvF,emotional_shorts,jubilant,-14.963668,-7.8218327,7.459282,11.420146,4.630998,2.1260324,0.00020909672,0.88107824,-2.1138463,-0.13619345,2.8188848,0.6282047,-2.735084,0.59881324,2
gacs_emotional_shorts_00_WV1akgvF_s0026,gacs_emotional_shorts_00_WV1akgvF,emotional_shorts,uplifting,-9.4505205,-2.0651116,2.1942928,3.343874,-2.303998,-7.2493544,1.4587433,-2.724593,3.0958636,0.4851645,2.6524894,2.662334,-1.8917413,3.6779666,2
gacs_emotional_shorts_01_UtWrnYSw_s0000,gacs_emotional_shorts_01_UtWrnYSw,emotional_shorts,urgent,21.076166,-3.8955858,-6.343923,2.0029109,0.93518454,-0.047297295,-8.035933,4.494854,5.4109435,-6.7148895,4.401417,3.7110293,2.7890973,1.5286686,1
gacs_emotional_shorts_01_UtWrnYSw_s0001,gacs_emotional_shorts_01_UtWrnYSw,emotional_shorts,celebratory,-17.745659,-4.205532,5.3644257,11.096534,2.7656198,3.2005534,0.70026106,1.7494204,-1.1103604,2.5224931,4.3462105,1.8289875,-1.0235403,-0.17130816,2
gacs_emotional_shorts_01_UtWrnYSw_s0002,gacs_emotional_shorts_01_UtWrnYSw,emotional_shorts,celebratory,-16.717209,-5.6799374,8.211835,11.662638,4.3963313,3.7028062,0.6546842,2.0361404,-0.7875434,0.24803641,3.9193273,2.950218,-1.5736444,-1.3455744,2
gacs_emotional_shorts_01_UtWrnYSw_s0003,gacs_emotional_shorts_01_UtWrnYSw,emotional_shorts,lighthearted,-20.065256,-3.5207093,6.629859,1.4006509,2.2838242,5.718843,-1.1787145,2.1252062,-1.5526072,-2.192656,-2.6858947,0.42940018,-0.66556853,-2.730241,2
gacs_emotional_shorts_01_UtWrnYSw_s0004,gacs_emotional_shorts_01_UtWrnYSw,emotional_shorts,professional,-18.852,-3.3724847,5.6299863,-1.3560488,1.7511382,3.984035,-1.0865209,2.5002828,1.4445312,-1.0870099,-0.71902937,0.47429752,0.42843226,-2.474978,2
gacs_emotional_shorts_01_UtWrnYSw_s0005,gacs_emotional_shorts_01_UtWrnYSw,emotional_shorts,serious,18.845448,4.5566154,-5.8065057,4.2942204,0.032502983,0.64610684,-9.304402,7.300013,1.6951014,-4.874086,5.4404473,5.547414,0.8619119,1.4741999,1
gacs_emotional_shorts_01_UtWrnYSw_s0006,gacs_emotional_shorts_01_UtWrnYSw,emotional_shorts,joyful,-14.305538,-12.814758,4.679661,11.385701,9.002773,5.1662235,1.543303,0.22552459,-3.1307411,0.6361621,3.1767795,-2.8420053,-5.6197267,0.29845056,2
gacs_emotional_shorts_01_UtWrnYSw_s0007,gacs_emotional_shorts_01_UtWrnYSw,emotional_shorts,celebratory,-17.67463,-5.689112,5.9439673,11.070165,4.15478,4.0155535,0.28631294,1.7087893,-0.37730068,1.9310575,3.195281,2.9718292,-1.6278385,0.36908883,2
gacs_emotional_shorts_01_UtWrnYSw_s0008,gacs_emotional_shorts_01_UtWrnYSw,emotional_shorts,celebratory,-16.725609,-5.7726035,8.0464945,11.772429,6.318522,3.02442,0.32477406,2.055672,-1.2778361,1.214004,3.740447,2.8951457,-2.3491373,-1.3619744,2
gacs_emotional_shorts_01_UtWrnYSw_s0009,gacs_emotional_shorts_01_UtWrnYSw,emotional_shorts,celebratory,-18.736076,-5.2371564,7.941895,10.817144,6.1699853,5.3182864,-0.60205907,1.5787251,-0.32447058,1.1742437,2.6620765,3.2432413,-2.11489,-2.370316,2
gacs_emotional_shorts_01_UtWrnYSw_s0010,gacs_emotional_shorts_01_UtWrnYSw,emotional_shorts,celebratory,-16.360344,-5.71659,7.438943,13.918839,5.391042,3.6744623,0.20151952,1.7269976,-1.2306006,1.2552614,4.458763,2.9527063,-1.660206,-0.8146661,2
gacs_emotional_shorts_01_UtWrnYSw_s0011,gacs_emotional_shorts_01_UtWrnYSw,emotional_shorts,celebratory,-17.928537,-4.529117,4.737987,13.423905,1.8847386,3.5858881,-0.2812239,0.6960416,0.26124027,2.9178708,4.829666,1.3566537,-1.4138638,-0.52523077,2
gacs_emotional_shorts_01_UtWrnYSw_s0012,gacs_emotional_shorts_01_UtWrnYSw,emotional_shorts,celebratory,-17.221865,-6.05851,7.2299643,10.506654,3.9848285,4.0198364,-0.27448884,1.7699802,-2.2105114,1.0220342,4.0323,2.1038785,-0.69618666,0.38649434,2
gacs_emotional_shorts_01_UtWrnYSw_s0013,gacs_emotional_shorts_01_UtWrnYSw,emotional_shorts,celebratory,-16.931147,-5.632037,7.716351,12.4977045,4.8033557,4.5770364,0.36812824,2.0903695,-0.7787177,1.3639407,3.0809393,3.0798268,-1.5951514,-0.1510652,2
gacs_emotional_shorts_01_UtWrnYSw_s0014,gacs_emotional_shorts_01_UtWrnYSw,emotional_shorts,celebratory,-17.161741,-4.948304,8.070915,13.030652,5.715757,3.5150957,0.09514266,1.5108336,-0.6999298,1.4766775,3.6529582,2.8320992,-1.7915584,-1.800286,2
gacs_emotional_shorts_01_UtWrnYSw_s0015,gacs_emotional_shorts_01_UtWrnYSw,emotional_shorts,joyful,-14.541428,-6.819444,6.446782,16.146353,0.93113536,3.038454,-2.1339233,1.1134052,-0.40099114,2.1436534,4.2768683,2.9268703,-0.6263656,2.6492674,2
gacs_emotional_shorts_01_UtWrnYSw_s0016,gacs_emotional_shorts_01_UtWrnYSw,emotional_shorts,celebratory,-15.254413,-1.8730854,4.4289536,14.058603,3.7475233,1.0031394,-0.038567025,1.1383651,-0.62837964,3.6030877,5.1058955,3.21745,-1.6972138,-0.49801427,2
gacs_emotional_shorts_01_UtWrnYSw_s0017,gacs_emotional_shorts_01_UtWrnYSw,emotional_shorts,serious,19.167273,14.870024,4.9463644,3.2674966,-2.947132,-0.8864532,-6.4907393,5.2188315,3.9441037,-0.8821156,0.53556514,-3.9296837,-0.9022762,1.1542815,0
gacs_emotional_shorts_01_UtWrnYSw_s0018,gacs_emotional_shorts_01_UtWrnYSw,emotional_shorts,celebratory,-15.581215,-4.791757,5.4333773,13.979412,3.6405466,3.4235013,-0.40831527,1.8645576,-0.07978082,2.383598,2.864106,2.6124778,-1.5800325,-1.6660266,2
gacs_emotional_shorts_01_UtWrnYSw_s0019,gacs_emotional_shorts_01_UtWrnYSw,emotional_shorts,celebratory,-17.384472,-4.9546013,5.998166,11.303306,5.158825,4.5824013,-0.46125644,1.8816526,-1.9867357,1.9098278,3.2140088,1.6990331,-1.2937398,0.04152812,2
gacs_emotional_shorts_01_UtWrnYSw_s0020,gacs_emotional_shorts_01_UtWrnYSw,emotional_shorts,heartwarming,-18.2026,-4.686103,9.828768,10.353207,4.7039213,4.3823085,-0.25108138,1.7363766,-1.4036376,-0.18717413,3.1362307,2.6277277,-0.91611916,-0.15109411,2
gacs_emotional_shorts_01_UtWrnYSw_s0021,gacs_emotional_shorts_01_UtWrnYSw,emotional_shorts,celebratory,-16.033585,-5.403788,5.811498,13.747433,5.3373027,3.8506098,-0.7836585,1.1699897,-0.40910506,2.5223887,3.6302474,2.7243426,-2.1046097,0.54050076,2
gacs_emotional_shorts_01_UtWrnYSw_s0022,gacs_emotional_shorts_01_UtWrnYSw,emotional_shorts,patriotic,-18.351143,-3.7413597,6.504696,4.890989,4.4632964,2.3323658,0.26119375,0.42967778,-0.91165197,0.82283413,1.7431331,2.0086715,-2.1113927,0.61252475,2
gacs_emotional_shorts_01_UtWrnYSw_s0023,gacs_emotional_shorts_01_UtWrnYSw,emotional_shorts,joyful,-18.84272,-3.762209,10.484591,9.529688,4.408605,4.944633,-1.046839,0.8129491,0.01355458,0.3102515,2.770925,3.255978,-1.6099964,-1.3506595,2
gacs_emotional_shorts_01_UtWrnYSw_s0024,gacs_emotional_shorts_01_UtWrnYSw,emotional_shorts,proud,-16.308699,-7.8654337,8.010376,9.474854,4.918525,4.6066427,0.70462835,0.3817492,-0.47616094,0.5574685,4.2805934,2.192233,-3.5596108,2.059473,2
gacs_emotional_shorts_01_UtWrnYSw_s0025,gacs_emotional_shorts_01_UtWrnYSw,emotional_shorts,celebratory,-17.056116,-5.096402,8.090349,10.882975,6.215533,4.2397676,0.0008393113,2.023988,-0.7995162,0.7801582,2.6735814,2.5969281,-2.1814,-1.0250541,2
gacs_emotional_shorts_01_UtWrnYSw_s0026,gacs_emotional_shorts_01_UtWrnYSw,emotional_shorts,celebratory,-16.385431,-6.655461,6.532095,12.207449,2.7567074,4.4181743,0.6653215,2.3702211,-1.7365326,1.0442454,3.608022,2.146383,-0.7396899,0.7212064,2
gacs_emotional_shorts_01_UtWrnYSw_s0027,gacs_emotional_shorts_01_UtWrnYSw,emotional_shorts,celebratory,-17.677736,-5.3622785,7.154649,11.979543,4.2439656,4.9801297,-0.07886915,1.8667005,-0.8019707,1.1020277,2.426002,2.2465053,-1.7921414,-0.6085277,2
gacs_emotional_shorts_01_UtWrnYSw_s0028,gacs_emotional_shorts_01_UtWrnYSw,emotional_shorts,celebratory,-17.115349,-6.2046156,6.779464,12.405014,4.7129493,3.9687963,-0.4207821,1.5487796,-0.16379386,1.640993,2.893258,1.9614316,-2.0287461,-0.9387195,2
gacs_emotional_shorts_01_UtWrnYSw_s0029,gacs_emotional_shorts_01_UtWrnYSw,emotional_shorts,celebratory,-15.985701,-5.8063364,6.1714787,12.625968,5.577569,3.7011914,-0.207923,1.9906102,-0.52979124,1.9572213,2.863379,2.2851663,-2.2543738,-1.4096543,2
gacs_emotional_shorts_01_UtWrnYSw_s0030,gacs_emotional_shorts_01_UtWrnYSw,emotional_shorts,joyful,-17.28517,-6.2399025,10.213854,12.039861,1.9785998,4.0559607,-0.73622674,0.7175514,0.04963768,-0.012355787,3.1225848,2.223669,-1.6276194,-0.66940683,2
gacs_emotional_shorts_01_UtWrnYSw_s0031,gacs_emotional_shorts_01_UtWrnYSw,emotional_shorts,celebratory,-17.175123,-5.369484,8.032327,12.801525,5.74591,3.5332766,0.23642935,1.587983,0.04879495,1.5906186,3.5796554,3.704553,-1.7693605,-0.048423946,2
gacs_emotional_shorts_01_UtWrnYSw_s0032,gacs_emotional_shorts_01_UtWrnYSw,emotional_shorts,joyful,-16.833239,-5.3310056,7.746894,14.391942,1.728871,3.6479924,-1.325011,0.63942134,-1.2183659,2.0571818,3.4472525,2.121785,-0.84122556,1.1186044,2
gacs_emotional_shorts_01_UtWrnYSw_s0033,gacs_emotional_shorts_01_UtWrnYSw,emotional_shorts,celebratory,-16.908306,-5.6922083,5.6004934,12.876292,3.5914903,3.9111106,-0.4570329,2.4786801,-0.941263,2.1690485,2.888313,2.5994148,-1.2145842,-0.25898647,2
gacs_emotional_shorts_01_UtWrnYSw_s0034,gacs_emotional_shorts_01_UtWrnYSw,emotional_shorts,celebratory,-17.534658,-3.085151,6.409391,11.623382,4.380851,3.823018,-0.19002818,2.126111,-0.58530086,2.6722505,3.9353201,2.6642818,-0.25706348,0.1593831,2
gacs_emotional_shorts_01_UtWrnYSw_s0035,gacs_emotional_shorts_01_UtWrnYSw,emotional_shorts,celebratory,-15.490836,-5.9943223,4.8946757,13.072938,6.160569,3.4030805,-1.0374253,2.0355163,-0.98999065,2.264405,2.386859,2.521852,-2.14929,-0.10533451,2
gacs_emotional_shorts_01_UtWrnYSw_s0036,gacs_emotional_shorts_01_UtWrnYSw,emotional_shorts,celebratory,-17.897099,-5.086782,8.528614,11.056837,4.7563496,3.6941931,0.8176023,2.465416,-1.0803005,1.2098314,3.5311809,2.160065,-1.501026,-1.5914876,2
gacs_emotional_shorts_01_UtWrnYSw_s0037,gacs_emotional_shorts_01_UtWrnYSw,emotional_shorts,celebratory,-18.338427,-2.5779777,6.122003,9.582133,3.304069,3.4653869,-0.28230196,0.69383293,-0.55563396,1.6295216,3.0329518,2.3661644,-0.38805547,-0.46185112,2
gacs_emotional_shorts_01_UtWrnYSw_s0038,gacs_emotional_shorts_01_UtWrnYSw,emotional_shorts,celebratory,-18.027145,-4.755852,6.4027357,10.538099,4.4612684,4.5669713,0.6225654,1.8756398,-0.38492316,1.4900948,3.109807,2.6312313,-1.3261486,0.06969183,2
gacs_emotional_shorts_01_UtWrnYSw_s0039,gacs_emotional_shorts_01_UtWrnYSw,emotional_shorts,celebratory,-15.96501,-6.3798056,6.284056,11.896566,6.5232973,2.8551807,-0.20428655,1.9924159,-0.8090769,2.0521512,3.1911843,2.538296,-2.2466867,0.16764854,2
gacs_emotional_shorts_01_UtWrnYSw_s0040,gacs_emotional_shorts_01_UtWrnYSw,emotional_shorts,professional,9.143948,-4.6041594,-10.508974,-0.7291614,-1.2809199,-2.3567822,-8.43585,6.2440844,6.476858,-2.5565097,4.6706,4.465529,3.6475086,3.1155217,1
gacs_emotional_shorts_01_UtWrnYSw_s0041,gacs_emotional_shorts_01_UtWrnYSw,emotional_shorts,cheerful,-17.644587,-1.8957555,3.0416882,-6.514647,2.6069493,5.7947855,1.521358,3.239257,-0.7164699,-0.4576982,2.024111,0.25485346,1.0704653,0.08695575,2
gacs_emotional_shorts_01_snp_bk0X_s0000,gacs_emotional_shorts_01_snp_bk0X,emotional_shorts,disturbing,17.666445,25.208694,2.5626857,6.9756155,-3.1454484,4.412855,2.7804785,3.6440504,3.5063674,-4.7224746,-1.5732979,-4.4281497,0.5869752,0.9537346,0
gacs_emotional_shorts_01_snp_bk0X_s0001,gacs_emotional_shorts_01_snp_bk0X,emotional_shorts,adventurous,5.0163827,-14.144446,6.4227104,11.337668,-7.6658854,-5.1493087,-3.2619617,-3.53154,-0.75575525,-6.7326627,-1.4460136,-3.4022312,-1.1052841,2.0924497,1
gacs_emotional_shorts_01_snp_bk0X_s0002,gacs_emotional_shorts_01_snp_bk0X,emotional_shorts,disturbing,23.223133,-0.69044626,5.8784823,-5.9864445,-8.287834,9.209008,9.717283,-2.301368,-6.667237,-4.0096083,-0.7994561,2.7654529,-0.9601437,-0.107563026,1
gacs_emotional_shorts_01_snp_bk0X_s0003,gacs_emotional_shorts_01_snp_bk0X,emotional_shorts,adventurous,-5.670241,-9.096255,0.36668244,13.571817,-6.503576,-3.5379303,-3.7329316,-2.479314,-1.3575387,-1.3279546,-4.2320614,-0.5853041,-2.6902144,1.113577,2
gacs_emotional_shorts_01_snp_bk0X_s0004,gacs_emotional_shorts_01_snp_bk0X,emotional_shorts,awe-inspiring,-0.48010793,-10.185138,5.536004,7.178692,-4.57673,-6.4275427,2.1216297,0.55828315,3.9977195,-7.667047,-1.7485437,-1.005031,1.5902159,1.4695436,2
gacs_emotional_shorts_01_snp_bk0X_s0005,gacs_emotional_shorts_01_snp_bk0X,emotional_shorts,curious,-5.457634,-10.029343,0.006583523,1.4636822,-4.7303767,-4.577705,1.9391742,1.7457459,-0.08721574,-5.268225,-5.1584234,-3.551838,0.3053628,0.47946888,2
gacs_emotional_shorts_01_snp_bk0X_s0006,gacs_emotional_shorts_01_snp_bk0X,emotional_shorts,somber,2.1862867,20.500013,6.0861483,5.883055,-0.14964478,-7.27744,0.44513515,1.9876516,-4.875691,-4.2140045,-0.23650698,1.8681909,0.49418932,-2.2412665,0
gacs_emotional_shorts_01_snp_bk0X_s0007,gacs_emotional_shorts_01_snp_bk0X,emotional_shorts,somber,4.964679,22.678486,5.4009485,7.1432056,3.0998564,-4.8174667,-0.4161735,5.4203463,-4.4523826,-2.3292885,1.4384074,1.3549446,-0.55029434,0.5316428,0
gacs_emotional_shorts_01_snp_bk0X_s0008,gacs_emotional_shorts_01_snp_bk0X,emotional_shorts,somber,11.792963,27.494667,-0.35409644,10.889992,-0.1600079,0.34756392,1.5424844,3.8338978,-1.5695753,-5.1399083,-0.7384757,-0.5155582,-1.5527662,-0.6046273,0
gacs_emotional_shorts_01_snp_bk0X_s0009,gacs_emotional_shorts_01_snp_bk0X,emotional_shorts,serious,7.7931285,28.259714,-0.95766705,7.59438,-0.94473755,1.1184021,3.0383127,2.5094273,0.18196976,-3.4624784,-0.5103621,-3.6087353,3.8846066,0.49774432,0
gacs_emotional_shorts_01_snp_bk0X_s0010,gacs_emotional_shorts_01_snp_bk0X,emotional_shorts,somber,-0.18475802,23.104473,6.7842803,4.4025893,-1.3640201,-4.295271,3.168127,1.3056012,-3.464224,-3.6942976,1.5138682,0.21527004,2.6576033,0.025986118,0
gacs_emotional_shorts_01_snp_bk0X_s0011,gacs_emotional_shorts_01_snp_bk0X,emotional_shorts,concerned,20.06068,-5.7365904,0.8981025,-3.7055113,4.5508423,-2.9140296,-5.6436515,4.334154,1.2466012,-4.9562283,3.3808339,3.5613194,0.48239735,0.4137549,1
gacs_emotional_shorts_01_snp_bk0X_s0012,gacs_emotional_shorts_01_snp_bk0X,emotional_shorts,somber,-2.4052777,8.084037,10.21468,5.3875527,-2.2751367,-7.5650253,4.7389865,4.3628297,-5.7485456,-3.6408043,0.15423219,0.545882,3.070677,-0.9553274,2
gacs_emotional_shorts_01_snp_bk0X_s0013,gacs_emotional_shorts_01_snp_bk0X,emotional_shorts,shocked,20.063076,20.593145,3.489327,14.773073,-4.4792376,6.677554,0.17123652,3.4610388,2.5673106,-5.8782063,-0.2714863,-3.4969656,1.9253215,-0.3530817,0
gacs_emotional_shorts_01_snp_bk0X_s0014,gacs_emotional_shorts_01_snp_bk0X,emotional_shorts,somber,6.755862,21.166912,5.427033,11.362996,0.47968122,-5.3087726,1.3696846,5.700102,-5.2232428,-3.2750566,-0.83741933,0.61930615,0.63874996,-1.5958952,0
gacs_emotional_shorts_01_snp_bk0X_s0015,gacs_emotional_shorts_01_snp_bk0X,emotional_shorts,concerned,13.243187,27.528173,2.2147841,6.763147,1.0740533,1.8531015,0.47786385,4.7631254,2.2520058,-3.1603098,0.5293099,-2.8932905,0.7805636,0.38192746,0
gacs_emotional_shorts_01_snp_bk0X_s0016,gacs_emotional_shorts_01_snp_bk0X,emotional_shorts,scientific,8.927235,19.111912,-0.15046415,9.204455,-3.0665424,0.5435976,3.720131,6.1461143,-2.1440334,-4.8944902,2.2571828,0.506917,3.5010571,0.9644983,0
gacs_emotional_shorts_01_snp_bk0X_s0017,gacs_emotional_shorts_01_snp_bk0X,emotional_shorts,concerned,13.415656,21.440619,2.1707835,9.920295,4.342849,-2.266587,-1.3133774,5.5999594,-0.22936885,-2.5639172,2.966267,-2.1303442,2.8451097,-0.008942193,0
gacs_emotional_shorts_01_snp_bk0X_s0018,gacs_emotional_shorts_01_snp_bk0X,emotional_shorts,somber,3.2827153,7.848896,-0.6432864,-9.598802,-2.1967053,-6.323782,-1.3098356,-1.9182293,-5.6832643,-3.7778,-0.9659359,0.53708553,3.3515005,-1.7225316,2
gacs_emotional_shorts_01_snp_bk0X_s0019,gacs_emotional_shorts_01_snp_bk0X,emotional_shorts,serious,12.894821,27.922861,1.4810274,11.090586,-0.5290369,1.9386822,1.4686527,4.4374447,1.2568523,-3.681654,-1.1754988,-2.2348664,-0.46682233,-0.44951388,0
gacs_emotional_shorts_01_snp_bk0X_s0020,gacs_emotional_shorts_01_snp_bk0X,emotional_shorts,somber,1.6097618,-6.211852,-4.165013,-7.188769,-1.3847557,-2.8995516,1.3815258,7.303629,-0.8730029,-6.909181,0.18179931,5.177117,5.134693,2.8519678,2
gacs_emotional_shorts_01_snp_bk0X_s0021,gacs_emotional_shorts_01_snp_bk0X,emotional_shorts,curious,9.916627,-7.898127,-13.463306,-5.462165,3.1582375,1.3242431,0.15103582,-2.8740182,-3.3148305,-3.580407,-3.2186093,0.113152616,-0.41685537,5.7464824,1
gacs_emotional_shorts_01_snp_bk0X_s0022,gacs_emotional_shorts_01_snp_bk0X,emotional_shorts,rescue,13.241202,-7.430284,1.1666552,-3.0390878,-0.5290781,-3.4221828,-3.1665828,7.122016,2.9252796,-7.4074197,2.4717956,3.2964048,2.1011672,2.7260458,1
gacs_emotional_shorts_01_snp_bk0X_s0023,gacs_emotional_shorts_01_snp_bk0X,emotional_shorts,majestic,-8.481064,-7.4210496,17.34,0.5443873,3.2883794,-4.3394284,1.2239662,-1.5744627,1.5495573,-6.30985,2.2302678,-1.4629617,-0.98065233,1.1344364,2
gacs_emotional_shorts_02_RpaSSfd__s0000,gacs_emotional_shorts_02_RpaSSfd_,emotional_shorts,tense,8.972324,29.696793,-1.8898888,8.293413,0.06827002,1.2355814,4.1390758,1.219145,1.4687207,-2.233809,0.017564176,-2.7692,0.38165915,-0.4518972,0
gacs_emotional_shorts_02_RpaSSfd__s0001,gacs_emotional_shorts_02_RpaSSfd_,emotional_shorts,energetic,-9.627854,-8.257102,-1.8681036,-0.06856343,-1.2291634,-1.6903849,0.22518155,0.70058423,-0.039767116,-3.914334,-2.078192,-3.337615,-1.1471308,-0.7399943,2
gacs_emotional_shorts_02_RpaSSfd__s0002,gacs_emotional_shorts_02_RpaSSfd_,emotional_shorts,casual,-14.3822565,-0.447445,0.65207964,-8.982604,-1.3362664,-0.485406,-1.1788894,0.27758312,0.1385502,-2.9826295,-2.1349576,-2.0719078,1.5155532,-6.795464,2
gacs_emotional_shorts_02_RpaSSfd__s0003,gacs_emotional_shorts_02_RpaSSfd_,emotional_shorts,casual,-16.305033,2.2629962,2.1296833,-11.313094,2.346986,2.992108,-1.3751965,-0.423537,-1.8142556,-2.454957,-1.6512959,-1.5554684,1.2662517,-3.8970432,2
gacs_emotional_shorts_02_RpaSSfd__s0004,gacs_emotional_shorts_02_RpaSSfd_,emotional_shorts,serious,15.234989,0.047536053,0.27380276,-4.2232614,2.4299872,-7.173889,-10.620178,2.2865272,0.78877246,2.28451,3.7674325,0.9223199,-3.3916469,-0.6560803,1
gacs_emotional_shorts_02_RpaSSfd__s0005,gacs_emotional_shorts_02_RpaSSfd_,emotional_shorts,curious,3.7341115,1.0095321,-14.429476,-8.173198,-2.965078,-3.0504935,-4.3617034,-6.957095,-4.129314,-0.7954522,-4.7616024,-3.8477557,-3.6103032,0.6342046,2
gacs_emotional_shorts_02_RpaSSfd__s0006,gacs_emotional_shorts_02_RpaSSfd_,emotional_shorts,curious,6.8255944,-11.353447,-16.596733,2.075509,-7.3728437,-0.7975579,-1.232461,-5.3626614,-1.119825,-0.982517,-0.73738694,-4.1140847,-1.6837503,3.8442602,1
gacs_emotional_shorts_02_RpaSSfd__s0007,gacs_emotional_shorts_02_RpaSSfd_,emotional_shorts,serious,-11.982615,1.9825096,-9.494626,-7.620863,0.5299597,-0.82896155,-4.803177,-0.9335551,1.9097793,2.4519925,-5.164752,-0.07049176,0.56634676,-3.3730905,2
gacs_emotional_shorts_02_RpaSSfd__s0008,gacs_emotional_shorts_02_RpaSSfd_,emotional_shorts,tense,5.848015,10.970729,-9.020837,-9.689687,2.3645594,-5.859384,-6.220672,-4.6446147,-4.4560385,-0.15597777,-0.7477532,0.7639655,-2.662677,-2.9608555,0
gacs_emotional_shorts_02_RpaSSfd__s0009,gacs_emotional_shorts_02_RpaSSfd_,emotional_shorts,focused,-2.2831903,-2.8035116,-16.831373,-6.231518,-3.3924148,-2.5975885,-4.412145,-3.21366,5.1808014,-0.50649095,-4.4221745,-1.2252667,-0.5297778,-1.71703,2
gacs_emotional_shorts_02_RpaSSfd__s0010,gacs_emotional_shorts_02_RpaSSfd_,emotional_shorts,surprised,17.42008,-7.6226206,1.725063,2.6135602,-2.7741005,-1.3178744,-3.336566,1.1618017,-10.35027,-4.8002553,5.922497,-1.0337456,-2.048821,-0.76482147,1
gacs_emotional_shorts_02_RpaSSfd__s0011,gacs_emotional_shorts_02_RpaSSfd_,emotional_shorts,tense,12.444692,-9.830931,-13.137273,-6.516068,22.069496,1.397247,2.5743475,-0.21861447,-3.779482,0.29160652,0.2612989,-2.7011921,-2.2703757,2.7829437,1
gacs_emotional_shorts_02_RpaSSfd__s0012,gacs_emotional_shorts_02_RpaSSfd_,emotional_shorts,tense,24.62651,-11.684586,8.471501,-5.5599427,1.8116845,1.2336446,-3.9258027,2.072257,0.59743273,-3.7814627,5.2603307,-2.1972716,-1.9955229,-1.4127196,1
gacs_emotional_shorts_02_RpaSSfd__s0013,gacs_emotional_shorts_02_RpaSSfd_,emotional_shorts,casual,-12.374417,-1.4472948,1.8177766,-2.141712,2.6052349,-4.625794,-1.3043592,-1.1485882,-2.357737,1.2579124,0.4038473,-0.5527055,-2.0280685,-5.85593,2
gacs_emotional_shorts_02_RpaSSfd__s0014,gacs_emotional_shorts_02_RpaSSfd_,emotional_shorts,contemplative,11.48326,27.08112,-0.5032902,4.9049892,2.5899467,-2.2965398,-2.1105242,3.793234,-2.7024198,-1.74385,-0.22730578,0.11150254,-4.181313,-1.6676291,0
gacs_emotional_shorts_02_RpaSSfd__s0015,gacs_emotional_shorts_02_RpaSSfd_,emotional_shorts,mysterious,-13.258895,7.1474967,7.2339563,-6.562144,-3.8335776,-1.699311,-1.1926575,-3.430273,-2.3474345,-2.1532593,-1.2820649,0.7063455,0.6595157,0.21455772,2
gacs_emotional_shorts_02_RpaSSfd__s0016,gacs_emotional_shorts_02_RpaSSfd_,emotional_shorts,casual,-10.272495,4.4209795,0.621058,-12.838936,-4.05043,-1.4318168,-3.1906784,-4.6144032,-0.46146843,-1.002241,-0.21002433,-1.9243513,3.5649097,-3.2231598,2
gacs_emotional_shorts_02_RpaSSfd__s0017,gacs_emotional_shorts_02_RpaSSfd_,emotional_shorts,serious,7.816712,29.915794,-7.5947137,6.4728065,-0.36318168,2.543406,1.013644,-0.041780274,-0.3344486,0.05343194,-0.33196256,-4.101482,1.469921,1.3990725,0
gacs_emotional_shorts_02_RpaSSfd__s0018,gacs_emotional_shorts_02_RpaSSfd_,emotional_shorts,warm,-11.654223,-4.1455493,-3.6918545,-5.7565265,-7.9896145,3.0317645,-1.039613,0.7630444,0.4010047,0.6905786,1.3804455,-3.177507,0.9568217,0.7672102,2
gacs_emotional_shorts_02_RpaSSfd__s0019,gacs_emotional_shorts_02_RpaSSfd_,emotional_shorts,tense,15.309824,-3.389621,0.2738507,-7.3085537,5.7340064,0.6141991,0.96927816,4.8929057,-11.699949,-5.613743,2.7057424,-1.7114911,-1.7901325,0.18473676,1
gacs_emotional_shorts_02_RpaSSfd__s0020,gacs_emotional_shorts_02_RpaSSfd_,emotional_shorts,concerned,18.341345,-2.6468558,-2.1300366,-7.0453596,1.1079988,-2.2370002,-5.743015,-0.94018203,-2.5076356,-2.1350412,4.64849,2.1527503,-6.0412717,-0.59982175,1
gacs_emotional_shorts_02_RpaSSfd__s0021,gacs_emotional_shorts_02_RpaSSfd_,emotional_shorts,intense,1.5590861,15.612412,-5.6788936,-13.907164,1.2967424,-3.6970174,-3.9236352,-4.307713,-7.4231415,2.4139247,-0.3601462,-1.8633637,0.783639,-1.8448988,0
gacs_emotional_shorts_02_RpaSSfd__s0022,gacs_emotional_shorts_02_RpaSSfd_,emotional_shorts,melancholy,5.332238,28.915192,-5.419267,7.1004043,-0.74542445,-0.29091406,0.70461947,-0.45769408,-2.2295876,0.3318997,0.85752875,-3.6086369,1.1374863,1.4167925,0
gacs_emotional_shorts_02_RpaSSfd__s0023,gacs_emotional_shorts_02_RpaSSfd_,emotional_shorts,relaxed,-18.393555,-1.2774231,0.45934626,-7.49981,1.1336792,4.8328514,1.5364169,-0.021620257,-3.932574,-2.6239154,-4.200271,-2.8800201,-1.3555567,-2.9435608,2
gacs_emotional_shorts_02_RpaSSfd__s0024,gacs_emotional_shorts_02_RpaSSfd_,emotional_shorts,contemplative,6.6664867,27.890871,-7.2506995,3.6230824,-2.4735975,1.7770619,2.323329,0.34397206,-2.5703337,-0.3166598,1.1144118,-1.0304415,0.8036405,1.5026091,0
gacs_emotional_shorts_02_RpaSSfd__s0025,gacs_emotional_shorts_02_RpaSSfd_,emotional_shorts,contemplative,6.409187,24.768423,-7.7122617,-2.743915,1.9168091,-1.9197276,-1.3304805,-1.3070807,-4.2528787,0.51270086,-1.0098815,1.2615072,-3.2656631,-0.55113536,0
gacs_emotional_shorts_02_RpaSSfd__s0026,gacs_emotional_shorts_02_RpaSSfd_,emotional_shorts,tense,22.151318,-4.9065204,3.991807,-2.4766612,-6.562027,0.3928138,0.9681373,-8.286787,-5.4829226,2.2389367,1.1788125,-0.3485082,-0.9465886,-3.7633562,1
gacs_emotional_shorts_02_RpaSSfd__s0027,gacs_emotional_shorts_02_RpaSSfd_,emotional_shorts,contemplative,2.1140828,14.325778,-5.1111174,-11.336144,0.5734473,-5.082617,-1.5308697,-1.4189224,-9.714543,3.6463017,3.7600603,0.4409988,-2.5180657,-3.4517255,0
gacs_emotional_shorts_02_RpaSSfd__s0028,gacs_emotional_shorts_02_RpaSSfd_,emotional_shorts,concerned,18.317808,-2.9180925,-4.7727757,-10.915788,-0.74894667,-0.09412731,-6.3965507,0.8044716,1.5799962,-0.49414816,1.3867007,-0.6535708,-7.163643,0.35848862,1
gacs_emotional_shorts_02_RpaSSfd__s0029,gacs_emotional_shorts_02_RpaSSfd_,emotional_shorts,curious,26.725367,-12.101334,9.360762,-5.046568,-2.0288808,3.471601,-4.414381,0.028344393,0.59738386,-3.2140777,3.360719,-3.3354635,-1.3909385,-0.30790338,1
gacs_emotional_shorts_02_RpaSSfd__s0030,gacs_emotional_shorts_02_RpaSSfd_,emotional_shorts,concerned,12.797118,15.58245,-7.047378,-3.3007941,-0.031298015,-3.3303857,-5.636778,1.1038038,-3.012546,1.7183967,-1.3012495,2.203254,-4.6131163,-1.795715,0
gacs_emotional_shorts_02_RpaSSfd__s0031,gacs_emotional_shorts_02_RpaSSfd_,emotional_shorts,contemplative,5.5913954,28.647785,-3.6647248,3.9501445,-0.23475358,-1.613289,-0.29702222,0.95368814,-2.7365785,-0.19385877,1.3355726,-0.5175805,-1.204197,-0.013490711,0
gacs_emotional_shorts_02_RpaSSfd__s0032,gacs_emotional_shorts_02_RpaSSfd_,emotional_shorts,concerned,13.58467,-9.972222,-10.398129,3.5085554,-8.395423,1.8989913,-5.6831894,-6.8740053,-1.2706898,-0.81025136,1.6772555,-2.975216,-4.4354615,-0.8530623,1
gacs_emotional_shorts_02_RpaSSfd__s0033,gacs_emotional_shorts_02_RpaSSfd_,emotional_shorts,concerned,25.579824,-7.8818593,11.184606,-4.845856,-2.8172765,2.0537922,-6.7773895,2.729958,0.8768352,-3.4580212,2.7033706,-2.0683603,-3.2457082,-0.20935017,1
gacs_emotional_shorts_02_RpaSSfd__s0034,gacs_emotional_shorts_02_RpaSSfd_,emotional_shorts,intimate,-10.243319,7.783379,-1.8986448,-11.300181,-1.5938364,-2.7718,-5.1991568,-6.0674233,-2.589249,0.46995762,-0.30657023,0.9526516,0.67996466,-1.8267719,2
gacs_emotional_shorts_02_RpaSSfd__s0035,gacs_emotional_shorts_02_RpaSSfd_,emotional_shorts,tense,9.559129,2.026389,-8.86039,-10.713694,-1.2354536,2.7738364,5.4026356,4.8696594,-12.245586,-4.745787,3.0510786,0.119764306,-5.1883235,0.6310119,1
gacs_emotional_shorts_02_RpaSSfd__s0036,gacs_emotional_shorts_02_RpaSSfd_,emotional_shorts,anxious,26.77997,-6.8522143,6.031021,-0.7495469,0.7737713,2.7737827,-8.124068,1.4865127,3.0406132,-5.1343985,3.3256505,-0.5795113,-3.6423836,-1.8250072,1
gacs_emotional_shorts_02_RpaSSfd__s0037,gacs_emotional_shorts_02_RpaSSfd_,emotional_shorts,tense,26.373604,-7.1546373,4.596203,-3.1373315,7.2916017,-0.1627085,-5.778904,3.2144365,1.3031633,-2.854315,4.362452,-1.0857705,-1.8704336,-0.21977763,1
gacs_emotional_shorts_02_RpaSSfd__s0038,gacs_emotional_shorts_02_RpaSSfd_,emotional_shorts,intimate,8.648449,0.08967895,-7.4008293,-1.6458261,2.4801102,1.2087423,7.62586,-0.6923803,-11.69564,0.67599165,2.1506405,4.52665,-1.929956,-2.513354,1
gacs_emotional_shorts_02_RpaSSfd__s0039,gacs_emotional_shorts_02_RpaSSfd_,emotional_shorts,intimate,-12.007238,1.0635195,0.33956918,-7.597744,2.5118349,3.8213217,4.2958636,2.1107578,-11.291516,-0.31014594,2.817778,0.5029877,1.7462587,-1.0743868,2
gacs_emotional_shorts_02_RpaSSfd__s0040,gacs_emotional_shorts_02_RpaSSfd_,emotional_shorts,concerned,10.39477,15.154103,-12.924939,6.985152,7.461449,-0.112221345,-5.752815,1.4533013,-2.5911798,1.4555248,1.1100047,3.0921352,-4.1275454,0.49756563,0
gacs_emotional_shorts_02_RpaSSfd__s0041,gacs_emotional_shorts_02_RpaSSfd_,emotional_shorts,awkward,7.614484,0.9219245,-10.553538,-8.205091,-1.9722008,5.154454,6.851129,1.7955307,-13.22369,-5.632753,1.528275,0.9005665,-3.886781,3.6568067,1
gacs_emotional_shorts_02_RpaSSfd__s0042,gacs_emotional_shorts_02_RpaSSfd_,emotional_shorts,awkward,7.315052,1.1873858,-7.170022,-12.095672,-5.8335886,6.093319,4.4131346,4.134428,-11.220679,-7.724337,0.23219138,1.4808906,-3.9670572,4.7577696,1
gacs_emotional_shorts_02_RpaSSfd__s0043,gacs_emotional_shorts_02_RpaSSfd_,emotional_shorts,contemplative,19.616032,8.742871,10.246016,-1.3877776,-0.701193,-7.284915,-2.8307688,0.8259105,-3.2724771,1.2609864,-0.7407983,0.9535391,-7.449806,-0.88783777,1
gacs_emotional_shorts_02_RpaSSfd__s0044,gacs_emotional_shorts_02_RpaSSfd_,emotional_shorts,playful,-10.348681,-9.561938,0.71895176,18.395018,-7.7029724,3.4203048,-1.680893,-3.319347,-5.461761,-0.7682118,-3.1432385,-3.5972316,-0.6188506,0.45628795,2
gacs_emotional_shorts_02_RpaSSfd__s0045,gacs_emotional_shorts_02_RpaSSfd_,emotional_shorts,apologetic,6.9157696,21.13371,-8.092308,-4.217294,-1.5767856,2.4310927,0.1903272,5.8548446,-2.5463097,-2.6956975,0.9820451,1.0369444,-1.4615582,2.419528,0
gacs_emotional_shorts_02_RpaSSfd__s0046,gacs_emotional_shorts_02_RpaSSfd_,emotional_shorts,playful,-16.963442,-4.935329,2.4027412,-2.056256,-0.84706485,4.782361,0.9807386,2.5553412,-4.8670797,-2.4271214,-6.44011,-1.7811884,-3.5634682,-1.0486001,2
gacs_emotional_shorts_02_RpaSSfd__s0047,gacs_emotional_shorts_02_RpaSSfd_,emotional_shorts,intimate,-4.037423,0.40703404,-10.901817,-4.1592274,-1.544054,1.382714,4.845033,4.128962,-10.601142,0.65883565,3.2598758,-0.1998768,0.15810995,-1.0247701,2
gacs_emotional_shorts_02_RpaSSfd__s0048,gacs_emotional_shorts_02_RpaSSfd_,emotional_shorts,intimate,2.180601,-1.3187728,-5.7631264,-10.278124,-3.5368693,-1.7917397,0.09209991,5.75595,-3.830428,0.3132194,3.0078897,-2.6840792,-1.2336855,1.6593349,2
gacs_emotional_shorts_02_RpaSSfd__s0049,gacs_emotional_shorts_02_RpaSSfd_,emotional_shorts,intimate,7.633174,0.6734993,-2.3269832,-14.064498,-4.014835,-3.0893092,0.59334785,-0.043638617,-11.897797,-3.7112324,2.0057225,-1.7179027,-0.5702235,3.1248455,1
gacs_emotional_shorts_02_RpaSSfd__s0050,gacs_emotional_shorts_02_RpaSSfd_,emotional_shorts,anticipatory,-8.30294,-6.765209,-1.9250062,-4.337202,-0.34437016,3.6664133,1.3185599,1.4216603,-8.485214,1.1570843,3.3146632,-3.352022,-1.2159634,2.3451674,2
gacs_emotional_shorts_02_RpaSSfd__s0051,gacs_emotional_shorts_02_RpaSSfd_,emotional_shorts,contemplative,11.823053,30.594486,-1.5598977,7.6273575,2.151367,2.0027456,2.0203197,2.07584,1.2318487,-3.521447,0.022170393,-3.1580808,-0.64476526,0.36440027,0
gacs_emotional_shorts_02_RpaSSfd__s0052,gacs_emotional_shorts_02_RpaSSfd_,emotional_shorts,mysterious,23.357328,-8.976936,12.179679,-5.1699305,-5.6849594,2.6922987,-2.3242872,1.8363036,-0.48375037,1.6497394,-1.2567756,-3.3926115,0.89790165,1.6373332,1
gacs_emotional_shorts_02_RpaSSfd__s0053,gacs_emotional_shorts_02_RpaSSfd_,emotional_shorts,concerned,12.434368,-4.149939,-2.5577576,-2.142371,6.1460147,-1.8169004,-6.87063,2.0643246,-1.8704236,3.683846,3.1988058,0.62474555,-4.305327,2.4342895,1
gacs_emotional_shorts_02_RpaSSfd__s0054,gacs_emotional_shorts_02_RpaSSfd_,emotional_shorts,intimate,-0.66048896,21.605377,3.9189177,-1.4452263,-0.5110848,-5.5932975,0.10586936,-1.2118747,-6.132524,-2.1597452,1.1207432,1.4523329,0.21095651,0.3062963,0
gacs_emotional_shorts_02_RpaSSfd__s0055,gacs_emotional_shorts_02_RpaSSfd_,emotional_shorts,energetic,-0.94515646,-9.169167,-8.389407,6.687346,3.3030198,-6.792585,4.7588835,-0.32727984,2.6342318,-0.87508255,0.8233795,2.4733891,1.9970819,-5.5996623,2
gacs_emotional_shorts_02_RpaSSfd__s0056,gacs_emotional_shorts_02_RpaSSfd_,emotional_shorts,hopeful,-3.8647032,-6.5988092,-3.6311321,-3.619278,-8.989239,-4.2870164,-2.7169883,5.2365594,3.124132,-1.7559763,-1.4866898,1.5062472,0.18290503,0.9684832,2
gacs_emotional_shorts_02_RpaSSfd__s0057,gacs_emotional_shorts_02_RpaSSfd_,emotional_shorts,contemplative,2.8370795,0.459295,-13.939069,-9.108381,0.69719356,-5.4955063,-1.8311069,2.2908142,0.30712348,-0.94032276,-2.0117297,2.6790867,-2.2036743,-0.70039254,2
gacs_emotional_shorts_02_RpaSSfd__s0058,gacs_emotional_shorts_02_RpaSSfd_,emotional_shorts,tense,17.236084,-11.985636,-4.155984,-6.644434,15.553632,-0.2951376,0.74084586,2.9416115,-6.8229785,-2.6827385,1.1452159,-2.6214752,2.1611288,0.41379613,1
gacs_emotional_shorts_02_RpaSSfd__s0059,gacs_emotional_shorts_02_RpaSSfd_,emotional_shorts,tense,15.386197,-9.039525,-13.471296,-6.579152,23.73805,1.8532646,2.7684078,0.1409872,-2.9049404,-0.35561943,1.455109,-2.4168072,-1.269192,5.3311653,1
gacs_emotional_shorts_02_RpaSSfd__s0060,gacs_emotional_shorts_02_RpaSSfd_,emotional_shorts,serious,3.3925831,6.540204,-7.2119455,-5.7646832,-7.3687,-7.648192,-2.393588,-4.066511,-2.971361,3.106083,-4.4561563,0.40195033,-0.33387536,-3.9965272,2
gacs_emotional_shorts_02_RpaSSfd__s0061,gacs_emotional_shorts_02_RpaSSfd_,emotional_shorts,serious,9.315986,-0.09411941,-9.39917,-9.288522,8.718969,-7.749621,-2.7956138,0.17247184,-2.6788964,1.9699192,-1.2263038,0.961056,0.12920941,-1.3033508,1
gacs_emotional_shorts_02_RpaSSfd__s0062,gacs_emotional_shorts_02_RpaSSfd_,emotional_shorts,confrontational,11.285329,-11.321681,-17.683529,-2.1187403,20.539396,5.5633698,-1.9009951,-4.9026895,-1.1760957,-1.4223335,-1.3166944,-1.6538421,-1.7657555,4.0770054,1
gacs_emotional_shorts_02_RpaSSfd__s0063,gacs_emotional_shorts_02_RpaSSfd_,emotional_shorts,angry,4.738334,-6.78317,-19.79748,-3.2400336,22.475538,5.475178,2.1221654,-4.1823535,-3.2538986,2.8539584,-3.4036999,-2.923662,-5.054987,2.777379,1
gacs_emotional_shorts_02_RpaSSfd__s0064,gacs_emotional_shorts_02_RpaSSfd_,emotional_shorts,defiant,12.471157,-10.245772,-18.714033,-0.6738501,25.900488,6.5327754,-0.036028765,-6.782703,-0.24693288,0.6657642,-1.92597,-3.1928935,-2.2135832,6.289051,1
gacs_emotional_shorts_02_RpaSSfd__s0065,gacs_emotional_shorts_02_RpaSSfd_,emotional_shorts,intense,17.69902,-10.986258,-12.595517,0.25296593,21.123795,3.2929232,0.2906339,-5.471888,-3.219206,-2.9214194,1.5920256,-1.3202277,-0.44137704,0.70094347,1
gacs_emotional_shorts_02_RpaSSfd__s0066,gacs_emotional_shorts_02_RpaSSfd_,emotional_shorts,serious,-0.8045352,8.720446,-9.197968,-9.349874,-1.338239,-6.8856287,-5.848391,-4.326705,-1.288967,0.5114847,-1.8144146,1.7999386,-0.9667405,-1.6605568,2
gacs_emotional_shorts_02_RpaSSfd__s0067,gacs_emotional_shorts_02_RpaSSfd_,emotional_shorts,serious,-12.998684,7.413346,0.72914636,-12.645551,2.063716,-3.5908298,-2.8477738,-2.9872727,0.63866335,0.37318343,-0.84777653,-1.6145256,-0.15422045,-2.0462348,2
gacs_emotional_shorts_02_RpaSSfd__s0068,gacs_emotional_shorts_02_RpaSSfd_,emotional_shorts,intense,27.504362,-7.828619,11.655836,-6.440652,0.5754784,4.642227,0.59541744,1.1382563,-0.16014014,2.3634186,2.4932113,-0.09483323,0.7069176,-1.7574136,1
gacs_emotional_shorts_02_RpaSSfd__s0069,gacs_emotional_shorts_02_RpaSSfd_,emotional_shorts,contemplative,9.59277,14.301087,-1.2609726,-0.20267703,4.9290705,-8.041641,-4.6793976,6.005303,-7.679039,0.98538303,0.12440347,5.102073,-3.8582373,-3.5546339,0
gacs_emotional_shorts_02_RpaSSfd__s0070,gacs_emotional_shorts_02_RpaSSfd_,emotional_shorts,relaxed,-18.859077,0.6543523,5.176746,-7.607313,2.2137318,4.6912856,0.2108152,-0.87930936,0.7417123,-3.9661622,-1.1688278,-1.7757492,-0.11989751,-5.0793657,2
gacs_emotional_shorts_02_RpaSSfd__s0071,gacs_emotional_shorts_02_RpaSSfd_,emotional_shorts,relaxed,-15.319704,-0.15037563,-2.8439643,-11.556956,-0.2737333,0.64609057,-1.907459,-1.1715328,2.5363758,-1.0025159,-0.97782654,-3.5891218,-1.1089786,-1.2825086,2
gacs_emotional_shorts_02_RpaSSfd__s0072,gacs_emotional_shorts_02_RpaSSfd_,emotional_shorts,casual,-15.651116,2.6055791,0.6330018,-12.88219,0.60399264,3.3448112,0.14597487,-0.7421189,-4.7866955,-1.5543506,1.3753989,-3.398709,1.929179,-4.5696797,2
gacs_emotional_shorts_02_RpaSSfd__s0073,gacs_emotional_shorts_02_RpaSSfd_,emotional_shorts,casual,-1.6051005,-6.333137,-10.384602,-11.226785,-5.6724854,2.237878,4.4052653,1.4835554,-8.385554,-5.395137,2.0221455,-2.351848,1.2355149,0.15762094,2
gacs_emotional_shorts_02_RpaSSfd__s0074,gacs_emotional_shorts_02_RpaSSfd_,emotional_shorts,serious,12.916853,17.203794,-5.81041,1.6020768,0.7673579,-3.4281335,-7.125471,0.7113777,-4.7665143,0.78631073,-1.3076072,4.08966,-2.7326279,-3.7207475,0
gacs_emotional_shorts_02_RpaSSfd__s0075,gacs_emotional_shorts_02_RpaSSfd_,emotional_shorts,intense,25.425217,-6.615682,7.2364573,-5.0733514,2.139808,5.4129057,3.2242427,-0.3687173,-0.8943961,5.5805726,1.3271905,-0.44790998,0.7914838,-2.071515,1
gacs_emotional_shorts_02_RpaSSfd__s0076,gacs_emotional_shorts_02_RpaSSfd_,emotional_shorts,serious,1.5443599,6.6423583,-7.6506033,-9.168667,-3.0252872,-8.157522,-6.773471,-2.550735,-1.4474233,0.6684288,0.4209035,-0.05294365,-0.22412209,-0.7944138,2
gacs_emotional_shorts_02_RpaSSfd__s0077,gacs_emotional_shorts_02_RpaSSfd_,emotional_shorts,confused,9.110726,4.2318206,-13.041896,-3.0268512,-6.5001025,-2.46922,-3.4905057,-0.8275905,-3.787428,-1.4005243,1.8312382,2.9486282,-2.6951895,-2.055221,1
gacs_emotional_shorts_02_RpaSSfd__s0078,gacs_emotional_shorts_02_RpaSSfd_,emotional_shorts,contemplative,13.608239,22.832306,2.5547059,8.173716,1.6874311,-3.0283253,-1.3851515,5.1219354,-4.026319,-1.9015949,1.2923706,1.4937623,-3.2008195,-0.75404507,0
gacs_emotional_shorts_02_RpaSSfd__s0079,gacs_emotional_shorts_02_RpaSSfd_,emotional_shorts,tense,6.802644,-0.03126578,-8.802919,-7.9129014,0.37643307,1.9876126,5.8821874,2.7099583,-12.115558,-4.5037565,2.2826424,2.8723998,-4.246936,-3.072018,1
gacs_emotional_shorts_02_RpaSSfd__s0080,gacs_emotional_shorts_02_RpaSSfd_,emotional_shorts,uncomfortable,1.4807141,6.047028,-6.5506096,-15.026823,1.1309118,5.506178,3.1056595,1.9859595,-14.2055435,-7.3048754,1.8578713,-0.64169,-1.3106166,-0.71883875,2
gacs_emotional_shorts_02_RpaSSfd__s0081,gacs_emotional_shorts_02_RpaSSfd_,emotional_shorts,melancholic,3.601172,23.89382,-8.951497,3.9535375,-3.494661,1.4846922,-2.3634827,-2.9498386,0.5457512,1.1544716,-1.2474135,-0.12457411,-0.47367576,-0.7973781,0
gacs_emotional_shorts_02_RpaSSfd__s0082,gacs_emotional_shorts_02_RpaSSfd_,emotional_shorts,calm,-9.579968,1.7268783,-4.535924,-10.13213,-5.416607,-1.4054794,-1.1365314,-0.70385504,-5.1802783,0.32707733,0.73670924,1.0206902,1.7207487,2.4739873,2
gacs_emotional_shorts_02_RpaSSfd__s0083,gacs_emotional_shorts_02_RpaSSfd_,emotional_shorts,casual,-12.425748,-1.8207333,-1.1944956,-11.815938,-5.009999,1.9657508,2.336036,2.338312,-3.771484,-3.2347686,1.734077,-2.376888,2.7303398,-3.5970457,2
gacs_emotional_shorts_02_RpaSSfd__s0084,gacs_emotional_shorts_02_RpaSSfd_,emotional_shorts,serious,-7.662863,8.63147,-6.038043,-13.001586,-5.5421114,-4.130923,-5.848861,-3.90186,1.0163867,0.3002394,-1.4311838,0.17141122,1.9187244,-1.3787875,2
gacs_emotional_shorts_02_RpaSSfd__s0085,gacs_emotional_shorts_02_RpaSSfd_,emotional_shorts,frustrated,5.0642333,-5.207964,-20.248081,-4.640747,13.823692,13.038072,7.9521856,-5.6537642,-7.8846064,-5.553535,1.6953074,-1.0857637,-7.1048536,5.100899,1
gacs_emotional_shorts_02_RpaSSfd__s0086,gacs_emotional_shorts_02_RpaSSfd_,emotional_shorts,intense,4.3782353,18.124695,-3.5738616,-10.457471,0.43412927,-5.063356,-6.1432815,-6.11132,-4.0125875,2.783692,-0.68585724,0.012959335,-0.90142685,-3.25644,0
gacs_emotional_shorts_02_RpaSSfd__s0087,gacs_emotional_shorts_02_RpaSSfd_,emotional_shorts,concerned,22.378925,2.2112455,5.6508846,-1.9550536,-0.26802644,-2.8599427,-7.8462496,3.1931226,-3.7927816,-0.25839147,3.1488478,1.378273,-3.1555882,0.39972988,1
gacs_emotional_shorts_02_RpaSSfd__s0088,gacs_emotional_shorts_02_RpaSSfd_,emotional_shorts,confrontational,23.324883,-8.515948,0.31626582,-3.4078343,7.7229447,1.7576472,-2.681787,2.4880939,-5.3026495,-3.7154167,6.9666576,2.6698198,-2.066539,1.076014,1
gacs_emotional_shorts_02_RpaSSfd__s0089,gacs_emotional_shorts_02_RpaSSfd_,emotional_shorts,confrontational,16.26291,-5.378081,-10.122033,-12.159702,13.203506,5.688178,3.7739065,1.0928624,-6.5609293,-2.2693627,4.1464906,-0.5898181,-6.4456897,4.1827817,1
gacs_emotional_shorts_02_RpaSSfd__s0090,gacs_emotional_shorts_02_RpaSSfd_,emotional_shorts,serious,0.40637872,11.583938,-11.385947,-11.944024,-0.57286865,-2.4097862,-4.53822,-3.3164756,-1.8178704,1.2920824,-2.3471098,1.8143071,-0.71102345,-2.0660443,2
gacs_emotional_shorts_02_RpaSSfd__s0091,gacs_emotional_shorts_02_RpaSSfd_,emotional_shorts,menacing,26.520893,-7.766887,8.115694,-8.114099,-0.18315041,5.6104865,0.9189926,0.6493952,-0.02874031,2.1986976,1.6853211,-1.7028927,0.66702276,-0.7045238,1
gacs_emotional_shorts_02_RpaSSfd__s0092,gacs_emotional_shorts_02_RpaSSfd_,emotional_shorts,contemplative,8.636048,16.591312,-9.6374035,1.1210432,-0.10917422,-3.3639724,-4.3489885,4.033049,-6.3928766,2.3744633,1.0923874,4.2999,-2.1013467,-0.86085397,0
gacs_emotional_shorts_02_RpaSSfd__s0093,gacs_emotional_shorts_02_RpaSSfd_,emotional_shorts,contemplative,10.367165,30.93709,-1.5943412,8.269631,0.77325124,1.4574407,0.97282,1.3749604,1.5452505,-2.6877615,-0.12690611,-3.1465013,-0.67621875,0.25640827,0
gacs_emotional_shorts_02_RpaSSfd__s0094,gacs_emotional_shorts_02_RpaSSfd_,emotional_shorts,confrontational,14.612775,-5.2474504,-14.114812,-4.1601706,9.153752,-1.5678232,4.231894,2.2377343,-6.6876054,-1.998523,4.345109,2.1539228,-0.8573342,2.2600899,1
gacs_emotional_shorts_02_RpaSSfd__s0095,gacs_emotional_shorts_02_RpaSSfd_,emotional_shorts,defensive,10.823556,-8.545572,-17.961374,3.6113236,15.637245,-1.103769,-3.4547856,-3.6226265,-0.23000886,-0.8271621,-1.8149087,-0.018426422,0.7825526,5.075982,1
gacs_emotional_shorts_02_RpaSSfd__s0096,gacs_emotional_shorts_02_RpaSSfd_,emotional_shorts,intense,22.264296,-3.8965123,-4.3372912,-2.8271673,3.2004142,-0.49944952,-3.725911,4.4959593,0.03276426,-2.808828,1.6513518,2.642341,-3.6006417,0.10798361,1
gacs_emotional_shorts_02_RpaSSfd__s0097,gacs_emotional_shorts_02_RpaSSfd_,emotional_shorts,intimate,-12.451999,-0.8260703,-2.2047896,-5.0683804,3.5283654,3.6995552,5.6919436,3.590595,-9.881698,-0.45522285,3.1288943,0.50157243,2.9198794,0.20364663,2
gacs_emotional_shorts_02_RpaSSfd__s0098,gacs_emotional_shorts_02_RpaSSfd_,emotional_shorts,intimate,-14.818533,3.45197,-0.9139623,-7.213993,-2.2464492,2.8486156,-3.8744652,-2.5096295,-2.1978312,0.058011625,-0.30959338,-0.21002121,1.3282884,-3.4670732,2
gacs_emotional_shorts_02_RpaSSfd__s0099,gacs_emotional_shorts_02_RpaSSfd_,emotional_shorts,angry,12.706848,-8.371142,-18.530882,1.0311676,22.565523,3.935808,-0.9813477,-6.2305183,-2.1472533,-0.13448492,-1.7852154,-3.1273532,-1.6688697,4.3925576,1
gacs_emotional_shorts_02_RpaSSfd__s0100,gacs_emotional_shorts_02_RpaSSfd_,emotional_shorts,defeated,7.7437744,29.094065,-10.235474,10.618454,2.507242,6.4183087,2.0587947,0.807674,1.8702302,-1.6777098,0.7909242,-1.4145268,0.91953653,2.0081346,0
gacs_emotional_shorts_02_RpaSSfd__s0101,gacs_emotional_shorts_02_RpaSSfd_,emotional_shorts,resigned,9.547592,30.455078,-7.5120482,8.049156,-0.016770152,6.9719815,2.8435512,0.4452292,3.8584619,-3.0053408,-1.3493431,-2.7682238,0.20988744,2.287079,0
gacs_emotional_shorts_02_RpaSSfd__s0102,gacs_emotional_shorts_02_RpaSSfd_,emotional_shorts,contemplative,10.353168,24.412655,0.4284504,0.63457346,0.57107145,-3.9919028,0.5113924,0.6517052,-6.708254,-0.36931685,1.9472849,0.43069366,-3.98537,-1.9313647,0
gacs_emotional_shorts_02_RpaSSfd__s0103,gacs_emotional_shorts_02_RpaSSfd_,emotional_shorts,tense,4.128182,3.5549245,-6.736351,-11.287847,-2.0022411,7.016319,6.9245906,1.427074,-18.068132,-7.3778334,0.7599158,0.31023255,-2.5661368,-1.2789674,2
gacs_emotional_shorts_02_RpaSSfd__s0104,gacs_emotional_shorts_02_RpaSSfd_,emotional_shorts,relieved,-3.0843258,2.1245542,-3.6312542,-11.983447,-2.577869,-4.52999,-2.570842,2.3115335,-6.3258476,-1.4018394,0.3251829,-0.9456986,-0.48430693,0.8760391,2
gacs_emotional_shorts_02_RpaSSfd__s0105,gacs_emotional_shorts_02_RpaSSfd_,emotional_shorts,regretful,16.795654,12.036789,5.728027,-6.1936984,-2.8307168,-6.40854,-3.9794722,-2.5715187,-0.19525184,1.6334448,-1.0131212,-0.47521666,-8.638712,-0.87544084,0
gacs_emotional_shorts_02_RpaSSfd__s0106,gacs_emotional_shorts_02_RpaSSfd_,emotional_shorts,melancholic,8.88062,30.616652,-6.396285,6.5015497,-0.80549407,3.9170992,0.668085,0.98256195,2.660876,-2.41074,-0.2092124,-2.8908098,-0.17011082,0.93925256,0
gacs_emotional_shorts_02_RpaSSfd__s0107,gacs_emotional_shorts_02_RpaSSfd_,emotional_shorts,concerned,20.517466,-9.30825,-2.6204975,-6.468103,-2.050327,-0.20151417,-6.1694784,0.63246334,-0.14047135,-3.5007255,3.6436663,-0.039337974,-3.0673583,0.506346,1
gacs_emotional_shorts_02_RpaSSfd__s0108,gacs_emotional_shorts_02_RpaSSfd_,emotional_shorts,intense,11.353133,-10.360175,-7.6265006,-0.63123846,11.823091,-7.6623755,0.35399866,4.5238886,-3.2410707,-1.308271,0.6606432,-2.223344,6.14991,1.0630412,1
gacs_emotional_shorts_02_RpaSSfd__s0109,gacs_emotional_shorts_02_RpaSSfd_,emotional_shorts,emotional,15.654914,13.652743,-10.770311,9.5982895,1.751574,-0.62262726,-0.91805845,5.8195047,-1.5944217,-1.703584,-0.05949492,0.43462232,-0.101607434,0.62342566,0
gacs_emotional_shorts_02_RpaSSfd__s0110,gacs_emotional_shorts_02_RpaSSfd_,emotional_shorts,intense,14.964957,-0.95826656,-6.5969157,-0.2548096,19.625149,-4.438582,-2.6066084,4.2006183,-3.1766946,6.479,0.8379193,-1.0982882,-0.72645694,-1.4743943,1
gacs_emotional_shorts_02_RpaSSfd__s0111,gacs_emotional_shorts_02_RpaSSfd_,emotional_shorts,romantic,-10.564764,0.5475065,-3.8290832,-7.3363004,-0.90254074,3.1721525,5.141276,2.7337594,-9.777599,-1.1123185,1.3785712,-1.422241,2.8553498,2.592083,2
gacs_emotional_shorts_02_RpaSSfd__s0112,gacs_emotional_shorts_02_RpaSSfd_,emotional_shorts,intense,15.539922,2.2464013,-9.822169,3.3534744,0.2985044,-3.6116102,-4.6863766,5.170186,-2.7101498,-1.923226,3.5981643,2.3541815,1.8339145,2.0686374,1
gacs_emotional_shorts_02_RpaSSfd__s0113,gacs_emotional_shorts_02_RpaSSfd_,emotional_shorts,tense,8.31241,2.4440749,-5.376943,-5.147222,-0.08029433,-9.136701,4.1105704,2.0525153,-10.276334,-2.7502656,2.3401895,1.9955624,3.8601973,-1.54992,1
gacs_emotional_shorts_02_RpaSSfd__s0114,gacs_emotional_shorts_02_RpaSSfd_,emotional_shorts,melancholic,11.925789,25.88805,-5.4369864,12.055414,0.60575825,4.0887237,1.6572324,5.2040586,-0.81977415,-2.6978319,1.0817958,0.28622025,1.4800699,1.4612494,0
gacs_emotional_shorts_02_RpaSSfd__s0115,gacs_emotional_shorts_02_RpaSSfd_,emotional_shorts,tense,15.125877,-10.122149,-10.537403,-5.4841433,24.026499,1.6478945,2.5216877,1.0380911,-6.2838793,0.3937772,0.26867002,-3.1550467,1.7515721,1.6537629,1
gacs_emotional_shorts_02_RpaSSfd__s0116,gacs_emotional_shorts_02_RpaSSfd_,emotional_shorts,concerned,20.244158,-2.524364,2.5458207,-3.9210453,3.2952936,-4.557558,-8.605224,-0.4151918,-1.8715223,-0.064361125,4.3904977,1.6709429,-4.8243093,-1.5148637,1
gacs_emotional_shorts_02_RpaSSfd__s0117,gacs_emotional_shorts_02_RpaSSfd_,emotional_shorts,warm,-17.44975,-0.08586091,4.7464843,-3.3630486,-0.3742515,2.9562414,1.7390056,-0.35152316,1.8212734,0.2660562,-0.39255112,2.1270463,-0.931166,-0.2688237,2
gacs_emotional_shorts_02_RpaSSfd__s0118,gacs_emotional_shorts_02_RpaSSfd_,emotional_shorts,intimate,-7.7987447,7.8582954,-2.4531798,-12.317195,-4.362158,-1.8857733,-3.0322134,-5.425609,-2.0542135,-1.2998707,-1.0087447,1.6681894,-1.6375904,-1.1836638,2
gacs_emotional_shorts_02_RpaSSfd__s0119,gacs_emotional_shorts_02_RpaSSfd_,emotional_shorts,relaxed,-16.366148,-1.8388398,1.2729236,-8.213518,-2.2147307,2.246661,0.93974453,2.1334562,-1.4498482,-2.1197774,-0.94439775,-3.2067225,1.2896417,-4.515764,2
gacs_emotional_shorts_02_RpaSSfd__s0120,gacs_emotional_shorts_02_RpaSSfd_,emotional_shorts,sultry,6.2235007,-12.580115,-8.941335,-3.5326898,21.88302,6.8990364,7.7096395,-3.7373078,-5.1908474,-0.9183662,-3.4345496,-5.7032766,-4.334754,1.873386,1
gacs_emotional_shorts_02_RpaSSfd__s0121,gacs_emotional_shorts_02_RpaSSfd_,emotional_shorts,anxious,24.49787,-7.890283,8.9896755,-4.7815385,-0.26206014,2.3237998,-7.132046,3.0866225,-2.8354597,-4.2094135,2.8721693,-2.2343585,-4.901254,-0.7544618,1
gacs_emotional_shorts_02_RpaSSfd__s0122,gacs_emotional_shorts_02_RpaSSfd_,emotional_shorts,playful,-9.163021,-5.200867,-3.3010721,-7.550197,1.382919,1.9490852,8.367086,3.4616833,-9.213093,-3.346322,-2.7640684,-5.829841,-5.554619,0.40052357,2
gacs_emotional_shorts_02_RpaSSfd__s0123,gacs_emotional_shorts_02_RpaSSfd_,emotional_shorts,intense,4.363157,10.140767,-7.521973,-6.7845116,-1.119662,-8.2244215,-6.286245,-3.4380045,-1.7067188,1.3983966,1.3742282,3.636513,-2.8893437,-3.1419415,0
gacs_emotional_shorts_02_RpaSSfd__s0124,gacs_emotional_shorts_02_RpaSSfd_,emotional_shorts,focused,-8.01938,7.869307,-6.924251,-14.576708,-2.2027128,0.8552298,-4.3725734,-4.3100853,-4.693356,-1.8028315,-1.0240942,-1.7272117,1.5063462,-1.22164,2
gacs_emotional_shorts_02_RpaSSfd__s0125,gacs_emotional_shorts_02_RpaSSfd_,emotional_shorts,playful,-5.8699737,-5.313508,-5.439278,-7.856794,-3.6656845,1.1643312,9.016909,2.341261,-8.457657,-0.81383777,-1.6182353,-6.482921,-5.379609,-1.7845548,2
gacs_emotional_shorts_02_RpaSSfd__s0126,gacs_emotional_shorts_02_RpaSSfd_,emotional_shorts,serious,7.596608,18.580156,-9.578778,0.022311792,-2.1941679,-3.696449,-7.250981,-0.51194,-3.672208,1.2310203,-1.3978728,3.3495808,-3.9784098,-3.2482345,0
gacs_emotional_shorts_02_RpaSSfd__s0127,gacs_emotional_shorts_02_RpaSSfd_,emotional_shorts,intimate,-14.21192,0.43634072,0.61982745,-4.559335,-1.6053231,2.0341816,1.0653249,1.863534,-8.210146,0.77323794,1.6911925,-1.1587254,1.8487556,-3.0662334,2
gacs_emotional_shorts_02_RpaSSfd__s0128,gacs_emotional_shorts_02_RpaSSfd_,emotional_shorts,focused,-9.664869,7.3297668,-4.013629,-10.981035,-2.6326816,-1.9193946,-7.9840927,-5.069973,-0.99901885,0.957169,-0.25477222,0.2779788,2.9394662,-1.9599204,2
gacs_emotional_shorts_02_RpaSSfd__s0129,gacs_emotional_shorts_02_RpaSSfd_,emotional_shorts,casual,-17.957003,-2.0935688,3.7280865,-3.4292989,3.6914506,4.7947435,-0.72680825,1.9824926,-2.151542,-0.39125982,-1.9695059,-2.8925824,1.0698732,-6.3089075,2
gacs_emotional_shorts_02_RpaSSfd__s0130,gacs_emotional_shorts_02_RpaSSfd_,emotional_shorts,mysterious,7.562779,-6.469293,-4.7682323,-2.0804944,17.5343,5.613646,11.34865,-1.5680039,-6.2937512,-1.5583423,-2.6090086,-2.0936308,-5.257085,2.000373,1
gacs_emotional_shorts_02_RpaSSfd__s0131,gacs_emotional_shorts_02_RpaSSfd_,emotional_shorts,warm,-16.308563,-1.7418878,-2.395159,-4.6669264,-2.660322,5.7963796,-1.3126249,-1.7102495,-1.3011805,-0.8706221,-1.5265236,-0.6083959,-3.013446,-1.3347359,2
gacs_emotional_shorts_02_RpaSSfd__s0132,gacs_emotional_shorts_02_RpaSSfd_,emotional_shorts,confrontational,21.407185,-13.939929,1.2530783,-4.1762266,3.054361,1.1136894,-1.6971647,0.6395028,-4.1622868,-2.1124866,6.617631,-0.71680164,-0.8971329,-0.8428546,1
gacs_emotional_shorts_02_RpaSSfd__s0133,gacs_emotional_shorts_02_RpaSSfd_,emotional_shorts,uncomfortable,1.5300624,8.137199,-6.5305696,-12.438195,-1.9573399,4.1452265,4.207181,2.5973375,-13.439192,-5.548538,1.3268135,-1.2665871,-3.8233435,-1.7818252,2
gacs_emotional_shorts_02_RpaSSfd__s0134,gacs_emotional_shorts_02_RpaSSfd_,emotional_shorts,tense,12.063882,1.4505922,-14.657356,-5.2647843,3.175772,-3.1138837,-3.1605103,3.2161806,-1.8005064,-0.13558947,2.8879054,2.3247178,-2.427736,-0.21697502,1
gacs_emotional_shorts_02_RpaSSfd__s0135,gacs_emotional_shorts_02_RpaSSfd_,emotional_shorts,serious,9.262609,27.30076,-0.1598953,2.6498682,0.13613409,-3.8990936,-2.9103324,0.8161496,-2.8389895,-2.083874,-1.6407758,0.42415413,-1.9564501,-1.3019557,0
gacs_emotional_shorts_02_RpaSSfd__s0136,gacs_emotional_shorts_02_RpaSSfd_,emotional_shorts,tense,3.5675647,-10.201764,-11.010035,-8.031906,20.44144,2.587643,3.6827521,-0.761439,-7.6666293,-0.9068149,-3.530662,-6.02017,1.295677,-1.4514233,1
gacs_emotional_shorts_02_RpaSSfd__s0137,gacs_emotional_shorts_02_RpaSSfd_,emotional_shorts,intense,18.856636,-9.338216,-3.7422817,-8.606133,14.28749,4.268495,6.3583145,-0.28418776,-3.1117172,4.1844325,-0.50061566,-0.6891547,-0.23892869,0.9886309,1
gacs_emotional_shorts_02_RpaSSfd__s0138,gacs_emotional_shorts_02_RpaSSfd_,emotional_shorts,dramatic,20.099567,-12.207285,-0.15804733,-2.190949,6.851534,-2.776763,0.31005168,0.43261045,-2.0726087,0.6811709,5.0025315,-1.250461,0.17446712,0.27084997,1
gacs_emotional_shorts_02_RpaSSfd__s0139,gacs_emotional_shorts_02_RpaSSfd_,emotional_shorts,serious,1.118129,10.098126,-10.691967,-8.195058,-3.1457849,-5.665285,-7.493534,-4.1249976,-2.5634284,1.073221,-1.6792061,-0.18575998,-3.4452841,-2.9526331,2
gacs_emotional_shorts_02_RpaSSfd__s0140,gacs_emotional_shorts_02_RpaSSfd_,emotional_shorts,confrontational,7.7221045,-9.540571,-15.825858,-12.959632,13.368249,2.7775195,4.257595,0.45288885,-4.256918,-1.4922028,-1.9411494,-2.6190643,0.103338055,3.1777122,1
gacs_emotional_shorts_02_RpaSSfd__s0141,gacs_emotional_shorts_02_RpaSSfd_,emotional_shorts,anxious,10.530424,5.2316976,-11.050593,-9.198031,-0.29138345,1.8297324,-3.019934,0.972058,-3.3167484,-1.6639134,1.1723092,1.3483548,-9.385622,-0.37972903,1
gacs_emotional_shorts_02_RpaSSfd__s0142,gacs_emotional_shorts_02_RpaSSfd_,emotional_shorts,relaxed,-18.895527,0.58662456,1.9372121,-7.0727267,-0.9836415,4.6333537,-1.3565059,0.14350477,0.64210385,-1.0680052,-2.0163076,-2.4537616,0.1393842,-4.2333403,2
gacs_emotional_shorts_02_RpaSSfd__s0143,gacs_emotional_shorts_02_RpaSSfd_,emotional_shorts,tense,13.7369175,-11.407646,-12.0155945,-7.661212,20.177912,0.5476079,2.4233725,1.1917913,-3.8641212,0.14515027,-1.2800895,-3.429117,2.7017734,2.519732,1
gacs_emotional_shorts_02_RpaSSfd__s0144,gacs_emotional_shorts_02_RpaSSfd_,emotional_shorts,serious,4.648761,26.660643,-6.2655377,-0.5493683,1.7844298,-1.9479005,-3.6668036,-1.7362019,-3.520416,1.7012864,-0.567348,-1.1770563,-2.425514,-0.38093343,0
gacs_emotional_shorts_02_RpaSSfd__s0145,gacs_emotional_shorts_02_RpaSSfd_,emotional_shorts,tense,11.024077,2.591928,-4.7798624,-14.166511,9.39392,6.065878,7.151746,7.8454094,-15.238451,-6.964618,-0.19499461,-0.60529,-2.6410298,1.1936932,1
gacs_emotional_shorts_02_RpaSSfd__s0146,gacs_emotional_shorts_02_RpaSSfd_,emotional_shorts,intense,28.538965,-7.58889,12.5984745,-5.9692883,-2.1810403,6.900685,0.091406405,0.9752178,0.42627254,0.52583236,2.0398464,-0.38150284,0.29202598,-0.76444507,1
gacs_emotional_shorts_02_RpaSSfd__s0147,gacs_emotional_shorts_02_RpaSSfd_,emotional_shorts,concerned,24.189777,-0.115802,9.505142,-8.913556,-1.4927714,-0.052614205,-8.9033375,4.8936067,-0.069443196,-1.5240971,1.9652525,-1.5491571,-5.366721,-0.42794332,1
gacs_emotional_shorts_02_RpaSSfd__s0148,gacs_emotional_shorts_02_RpaSSfd_,emotional_shorts,intimate,-10.115465,5.2200155,-1.5012685,-10.422272,-0.94142514,-1.0886471,1.8618181,0.93010324,-9.970723,-0.04630463,2.2077668,-1.3229115,2.312192,1.135549,2
gacs_emotional_shorts_02_RpaSSfd__s0149,gacs_emotional_shorts_02_RpaSSfd_,emotional_shorts,warm,1.9374202,0.59286654,-14.699959,-12.066689,-5.122955,0.7275771,1.179596,1.7077904,-3.766375,1.0372157,-0.07662613,-1.56328,-4.207769,2.1318052,2
gacs_emotional_shorts_02_RpaSSfd__s0150,gacs_emotional_shorts_02_RpaSSfd_,emotional_shorts,tense,11.984314,-6.1042843,-19.669147,-7.2458754,22.939798,5.5330067,3.534531,-2.4899733,-4.4411874,-0.029570615,-1.6776184,-2.4342227,-4.1320324,5.2491727,1
gacs_emotional_shorts_02_RpaSSfd__s0151,gacs_emotional_shorts_02_RpaSSfd_,emotional_shorts,serious,7.5388336,-4.6054273,-9.653764,-11.993914,9.150645,-1.9043772,0.6867078,5.0791245,-6.312164,0.24956344,0.8888348,-1.3607752,3.0166647,3.0176055,1
gacs_emotional_shorts_02_RpaSSfd__s0152,gacs_emotional_shorts_02_RpaSSfd_,emotional_shorts,serious,19.69037,1.9288788,2.2953553,-2.1064956,0.060254853,-2.555324,-11.052195,5.143043,-0.72258765,1.0060474,2.480785,-0.083879516,-5.594169,-2.0400796,1
gacs_emotional_shorts_02_RpaSSfd__s0153,gacs_emotional_shorts_02_RpaSSfd_,emotional_shorts,warm,-20.083385,0.48871708,6.3395824,-3.9852872,2.4122727,5.8373713,0.1655294,1.2579097,-0.3450528,-1.4381233,-1.6176357,1.8905445,0.483553,-2.2509737,2
gacs_emotional_shorts_02_RpaSSfd__s0154,gacs_emotional_shorts_02_RpaSSfd_,emotional_shorts,energetic,-16.283905,-4.7619367,0.15717845,1.9245602,1.854652,1.1660674,-0.24618392,2.518238,-0.5741702,0.6192288,-3.3444815,-0.24681172,-0.5629043,-3.2106628,2
gacs_emotional_shorts_02_RpaSSfd__s0155,gacs_emotional_shorts_02_RpaSSfd_,emotional_shorts,casual,-15.561155,-1.883299,-0.5038937,-7.0476704,-2.8284807,5.4285097,1.0128698,2.4510272,-5.0927377,-1.097639,-0.91739196,-3.377355,1.3085998,-5.391034,2
gacs_emotional_shorts_02_RpaSSfd__s0156,gacs_emotional_shorts_02_RpaSSfd_,emotional_shorts,melancholy,10.601513,30.428156,-6.637094,7.984358,1.3692629,3.1495814,-0.035378393,1.2340347,0.74732417,-1.2531729,-1.2454973,-3.8387754,-0.7000204,1.1795923,0
gacs_emotional_shorts_02_RpaSSfd__s0157,gacs_emotional_shorts_02_RpaSSfd_,emotional_shorts,frustrated,13.383603,-7.654064,-11.682561,-4.528715,12.079211,4.14201,4.3095927,-1.6658194,-9.970534,-4.138384,2.3229685,-3.8269072,-5.217384,1.7086655,1
gacs_emotional_shorts_02_RpaSSfd__s0158,gacs_emotional_shorts_02_RpaSSfd_,emotional_shorts,focused,-10.576822,5.7742624,-0.22683877,-12.944876,-2.2100568,-2.6972988,-5.684007,-4.6221094,-2.4026802,-1.2765495,0.47617042,-2.0665257,2.2193916,-2.8187397,2
gacs_emotional_shorts_02_RpaSSfd__s0159,gacs_emotional_shorts_02_RpaSSfd_,emotional_shorts,tender,-13.911605,-0.65493894,-2.9546633,-3.3525076,-0.06793594,-0.8172768,3.1617668,-0.9133259,-5.4613132,2.9585445,3.4946997,-1.0695362,-0.919439,-0.20885389,2
gacs_emotional_shorts_02_RpaSSfd__s0160,gacs_emotional_shorts_02_RpaSSfd_,emotional_shorts,contemplative,5.2440434,29.625319,-4.6736774,1.5005354,-1.5842403,0.29023305,-0.28475878,-1.3314172,-0.9957403,-0.13529406,0.31639943,-1.1919055,0.78324723,0.4499456,0
gacs_emotional_shorts_02_RpaSSfd__s0161,gacs_emotional_shorts_02_RpaSSfd_,emotional_shorts,contemplative,11.620917,30.183264,-2.287936,7.43943,1.9348469,1.3661814,2.1830542,2.2740314,0.18492925,-3.086643,0.114591226,-3.2027786,-0.8679774,-0.06030268,0
gacs_emotional_shorts_02_RpaSSfd__s0162,gacs_emotional_shorts_02_RpaSSfd_,emotional_shorts,serene,-17.262617,5.1013494,9.737032,-4.1544704,5.6801314,1.4605324,1.0566014,-2.3573916,3.033459,-0.39492095,2.3329742,2.3452263,1.1878724,0.43290117,2
gacs_emotional_shorts_02_RpaSSfd__s0163,gacs_emotional_shorts_02_RpaSSfd_,emotional_shorts,calm,-14.545624,8.509435,4.2477164,-9.271289,3.687917,-2.3854065,-3.418063,-5.1659136,2.878733,0.11343155,0.813464,1.2441218,0.65158916,-3.0817823,2
gacs_emotional_shorts_02_RpaSSfd__s0164,gacs_emotional_shorts_02_RpaSSfd_,emotional_shorts,mysterious,-4.320336,4.3779674,6.538524,-2.5166152,-5.3038244,-5.5559583,4.8760853,-0.9437875,-9.38793,1.1854099,2.1729867,0.31332105,0.16876121,0.17797689,2
gacs_emotional_shorts_02_RpaSSfd__s0165,gacs_emotional_shorts_02_RpaSSfd_,emotional_shorts,calm,-1.4367286,9.368835,4.8801184,-6.357786,0.2873835,-9.170381,-6.1384974,-8.004257,1.2939336,-0.508822,-0.8542458,2.321055,-1.2219324,-1.9605483,2
gacs_emotional_shorts_02_RpaSSfd__s0166,gacs_emotional_shorts_02_RpaSSfd_,emotional_shorts,focused,-0.24509498,12.567966,-8.455669,-10.402733,0.8379033,-7.2313333,-7.8846264,-2.3284638,-4.4300113,2.2562952,-1.156069,-0.4921469,-2.9951706,-2.9719837,2
gacs_emotional_shorts_02_RpaSSfd__s0167,gacs_emotional_shorts_02_RpaSSfd_,emotional_shorts,casual,-14.852248,-3.6581352,2.510404,-9.8822775,-1.5001374,1.5911664,0.9171706,-0.5639044,1.3249955,-5.232618,-1.5829188,-3.9159756,-2.1003485,-3.4009166,2
gacs_emotional_shorts_02_RpaSSfd__s0168,gacs_emotional_shorts_02_RpaSSfd_,emotional_shorts,intense,2.3758488,4.351674,-13.61787,-3.2263033,-0.6795652,-0.6516482,5.035945,0.93019336,-8.2763195,-0.08642888,1.0473357,-0.38930902,-4.2711625,-0.096521355,2
gacs_emotional_shorts_02_RpaSSfd__s0169,gacs_emotional_shorts_02_RpaSSfd_,emotional_shorts,melancholic,5.6720376,30.112823,-4.2759924,9.686727,-1.4945769,3.8160746,1.7006177,1.2802755,3.626634,-0.88033724,-0.6096618,-3.5715396,0.86419183,0.5839435,0
gacs_emotional_shorts_02_RpaSSfd__s0170,gacs_emotional_shorts_02_RpaSSfd_,emotional_shorts,confrontational,12.711631,-5.0053463,-18.120487,-9.743977,12.355965,4.5843787,3.5594518,1.2343906,-6.4037285,-2.275702,0.9443981,0.05920092,-3.4494085,5.1040254,1
gacs_emotional_shorts_02_RpaSSfd__s0171,gacs_emotional_shorts_02_RpaSSfd_,emotional_shorts,intense,16.047907,-11.934678,-5.3332667,-8.900664,10.260427,-1.5614803,0.38646588,2.3309174,-0.29506245,-0.63385564,0.3944955,-2.643445,1.7756726,-1.0160754,1
gacs_emotional_shorts_02_RpaSSfd__s0172,gacs_emotional_shorts_02_RpaSSfd_,emotional_shorts,serious,6.3537655,28.484415,-4.8504176,1.2907414,0.650212,-1.5222092,-2.9941463,-0.5645719,-3.083401,-0.23960882,-1.1434171,0.034213465,-2.3211713,-1.2756426,0
gacs_emotional_shorts_02_RpaSSfd__s0173,gacs_emotional_shorts_02_RpaSSfd_,emotional_shorts,tense,27.077799,-11.047621,12.319778,-5.10503,-3.7309427,4.9391904,-2.6090589,0.0949381,-1.5382632,-1.762098,4.168287,-2.383663,-0.63173956,-1.8876145,1
gacs_emotional_shorts_02_RpaSSfd__s0174,gacs_emotional_shorts_02_RpaSSfd_,emotional_shorts,contemplative,10.9851675,28.163721,0.88558966,4.4599175,2.9560068,-2.8310332,-0.90776014,2.189432,-2.4754388,-2.2733965,-1.1740401,0.65655744,-3.5115047,-2.1122823,0
gacs_emotional_shorts_02_RpaSSfd__s0175,gacs_emotional_shorts_02_RpaSSfd_,emotional_shorts,mysterious,4.255173,18.101912,12.109762,5.3023577,-1.102049,-8.233809,-2.0488644,1.4884559,-4.3643,-1.2016399,-0.39041048,2.1474326,-2.8298175,-1.0846748,0
gacs_emotional_shorts_02_RpaSSfd__s0176,gacs_emotional_shorts_02_RpaSSfd_,emotional_shorts,contemplative,10.506017,30.553442,-0.6380334,7.413137,1.1810488,0.9351649,1.733988,1.9617358,1.4157659,-3.782131,-0.3942,-2.5734663,0.0381576,-0.37424397,0
gacs_emotional_shorts_02_RpaSSfd__s0177,gacs_emotional_shorts_02_RpaSSfd_,emotional_shorts,casual,-2.3673406,9.332081,-0.049646426,-7.168361,-6.80072,-5.863969,-3.3797257,-4.6292872,-7.2083592,-2.0268548,-0.07635349,0.19248965,-0.6180471,-3.6886451,2
gacs_emotional_shorts_02_RpaSSfd__s0178,gacs_emotional_shorts_02_RpaSSfd_,emotional_shorts,intimate,1.6306175,26.518044,0.34179798,2.3252807,-2.6026456,-3.677213,-3.8325682,-2.984397,-1.2034776,-1.1896408,-1.2162445,0.38635495,-1.017812,-2.5836039,0
gacs_emotional_shorts_02_RpaSSfd__s0179,gacs_emotional_shorts_02_RpaSSfd_,emotional_shorts,vulnerable,10.699188,0.57839686,5.49901,-13.426631,-3.0327384,-5.6583195,-3.3176596,2.9241114,-4.6376677,-1.7079685,0.5313541,-1.5552497,-0.52087176,-0.47864178,1
gacs_emotional_shorts_02_RpaSSfd__s0180,gacs_emotional_shorts_02_RpaSSfd_,emotional_shorts,romantic,-8.609818,-2.811456,-4.66836,-7.176276,-0.041550398,2.0139527,5.7506495,3.8849742,-11.469568,-2.4330766,-2.115424,-5.344542,-3.910173,0.26483193,2
gacs_emotional_shorts_02_RpaSSfd__s0181,gacs_emotional_shorts_02_RpaSSfd_,emotional_shorts,contemplative,11.645758,30.43787,-1.5041957,8.113007,2.2827125,1.8841889,1.4656721,2.2545016,1.280357,-2.7799122,-0.0008963234,-3.2356632,-0.9887506,0.1303375,0
gacs_emotional_shorts_02_RpaSSfd__s0182,gacs_emotional_shorts_02_RpaSSfd_,emotional_shorts,serious,2.7515266,24.359009,-1.536787,0.63079935,-1.6214318,-5.345052,-4.1273556,-0.8274677,-2.5814912,0.33538416,-1.363559,-0.62862647,-2.513694,-0.71959513,0
gacs_emotional_shorts_02_RpaSSfd__s0183,gacs_emotional_shorts_02_RpaSSfd_,emotional_shorts,intimate,15.027117,15.550871,5.023911,-3.703143,2.4113321,-6.883673,-4.567741,2.2824898,-6.3263707,-1.6139389,1.3121717,1.1570852,-4.7832046,-2.2771838,0
gacs_emotional_shorts_02_RpaSSfd__s0184,gacs_emotional_shorts_02_RpaSSfd_,emotional_shorts,sincere,-9.891992,7.0232625,-6.042193,-4.8699827,-3.161388,0.18786034,-1.3511119,2.509044,-8.428372,0.5104805,0.91717196,-2.457097,0.94158447,0.5463352,2
gacs_emotional_shorts_02_RpaSSfd__s0185,gacs_emotional_shorts_02_RpaSSfd_,emotional_shorts,intense,14.688829,11.005212,-6.4037285,-8.497049,4.9334764,-3.776707,-4.6188,0.41731444,-4.8594203,0.5820201,0.087586276,1.1844811,-1.6132609,-2.013543,0
gacs_emotional_shorts_02_RpaSSfd__s0186,gacs_emotional_shorts_02_RpaSSfd_,emotional_shorts,serious,-2.79061,11.481589,-8.189648,-10.584839,-3.5576444,-4.887475,-8.556628,-4.3277698,-1.2036636,1.9684857,-1.5573988,-1.0512571,-1.4681702,-2.244952,2
gacs_emotional_shorts_02_RpaSSfd__s0187,gacs_emotional_shorts_02_RpaSSfd_,emotional_shorts,contemplative,7.7735443,27.742365,0.3717979,1.7865198,1.0594753,-3.8254523,-1.7950715,-0.2110216,-4.0442557,-1.7764877,0.0022102303,0.997032,-2.7350798,-1.8267817,0
gacs_emotional_shorts_02_RpaSSfd__s0188,gacs_emotional_shorts_02_RpaSSfd_,emotional_shorts,urgent,3.9273143,-11.640688,-13.367079,-0.33058065,7.9535413,-0.42454025,4.3646474,-1.7862812,0.89353883,-1.0648693,1.620655,-3.5333276,-2.8113203,5.5173955,1
gacs_emotional_shorts_02_aAXiovx9_s0000,gacs_emotional_shorts_02_aAXiovx9,emotional_shorts,relaxed,-17.946484,-1.5847694,4.405036,-7.0346317,4.01589,2.2289104,-0.46173286,-0.34620446,-1.052077,-2.816506,0.26424915,-1.8843277,-0.024568485,-5.6150017,2
gacs_emotional_shorts_02_aAXiovx9_s0001,gacs_emotional_shorts_02_aAXiovx9,emotional_shorts,nostalgic,2.0602386,26.309347,3.854948,9.495152,0.03984717,-1.285996,1.7222732,3.0750217,-2.4404547,-4.1226664,1.1044486,2.7061863,-1.0141566,-0.16915624,0
gacs_emotional_shorts_02_aAXiovx9_s0002,gacs_emotional_shorts_02_aAXiovx9,emotional_shorts,serious,1.7857049,12.45863,-10.027563,-7.555446,-0.36176485,-3.6056616,-5.5348825,-5.533034,-2.6405175,-0.29946455,-1.2068151,2.622573,1.2833893,-0.17346004,0
gacs_emotional_shorts_02_aAXiovx9_s0003,gacs_emotional_shorts_02_aAXiovx9,emotional_shorts,peaceful,-15.483702,7.255731,10.037909,-8.957954,4.5379367,0.30767858,-0.27583098,-4.7507787,2.7208467,-3.2978806,2.1442504,1.319166,1.6346853,-0.5751716,2
gacs_emotional_shorts_02_aAXiovx9_s0004,gacs_emotional_shorts_02_aAXiovx9,emotional_shorts,peaceful,-17.966248,5.489409,9.759044,-6.4774666,5.6718044,2.9488518,1.1546247,-2.7709644,2.271654,-2.870438,0.8330645,1.578089,2.005683,-1.2604657,2
gacs_emotional_shorts_02_aAXiovx9_s0005,gacs_emotional_shorts_02_aAXiovx9,emotional_shorts,nostalgic,11.893396,20.52202,11.393868,6.7186055,1.2729979,-5.7864523,-1.2565296,3.781597,-0.5295154,-1.459943,-1.3516836,0.7163618,-5.1501303,0.20351695,0
gacs_emotional_shorts_02_aAXiovx9_s0006,gacs_emotional_shorts_02_aAXiovx9,emotional_shorts,peaceful,-17.05046,4.940239,7.335801,-8.516128,3.457238,2.460987,2.501082,-2.9009964,0.11071405,-3.3057425,1.7074989,1.6501566,2.5688686,1.3699523,2
gacs_emotional_shorts_02_aAXiovx9_s0007,gacs_emotional_shorts_02_aAXiovx9,emotional_shorts,calm,-17.733437,6.608495,7.729502,-8.084675,5.8199906,-0.05256448,-0.91715574,-4.2935777,1.6527368,-1.4802371,1.2121,0.87493867,2.026232,-1.4846616,2
gacs_emotional_shorts_02_aAXiovx9_s0008,gacs_emotional_shorts_02_aAXiovx9,emotional_shorts,eerie,26.57612,3.2001073,10.735515,2.88327,-8.649514,3.526343,1.8785677,-3.2096796,-3.6919446,-1.9249327,-0.44296804,1.1304654,-2.0772939,-1.7132277,1
gacs_emotional_shorts_02_aAXiovx9_s0009,gacs_emotional_shorts_02_aAXiovx9,emotional_shorts,proud,-19.051313,-5.0229683,7.7937584,1.016798,3.330358,3.287236,0.6633771,1.1519953,1.8313191,0.867411,2.5080433,2.420116,-2.6049323,0.5018463,2
gacs_emotional_shorts_02_aAXiovx9_s0010,gacs_emotional_shorts_02_aAXiovx9,emotional_shorts,calm,-18.439674,-0.43471864,5.054299,-6.1889777,4.3056135,1.5864,-1.0998926,-1.4304569,0.83027005,-1.9333981,0.5867005,-1.2333587,0.7498676,-4.281622,2
gacs_emotional_shorts_02_aAXiovx9_s0011,gacs_emotional_shorts_02_aAXiovx9,emotional_shorts,peaceful,-18.118736,2.0043378,5.5189595,-6.9835086,3.8376932,2.8888028,-1.3065662,-0.4551197,2.636502,-2.6186032,-1.1149906,-1.059848,1.664111,-2.3794196,2
gacs_emotional_shorts_02_aAXiovx9_s0012,gacs_emotional_shorts_02_aAXiovx9,emotional_shorts,industrial,5.4794893,-4.9215994,-10.918686,-1.912963,-3.1718419,6.785933,5.3013935,1.6187887,-1.6652625,-8.156715,1.8798003,6.8604507,-2.232999,-1.0075796,1
gacs_emotional_shorts_02_aAXiovx9_s0013,gacs_emotional_shorts_02_aAXiovx9,emotional_shorts,peaceful,-20.166082,-0.7107714,9.191165,-0.30634207,6.4706187,5.892794,-0.034088194,-0.5803836,2.4567277,-1.301708,1.7838798,3.853846,-0.24099685,-1.7446567,2
gacs_emotional_shorts_02_aAXiovx9_s0014,gacs_emotional_shorts_02_aAXiovx9,emotional_shorts,casual,-14.25779,-0.25180024,-0.59030074,-10.514077,-0.9001758,1.8489823,-0.22554016,-0.24698514,-5.3795695,-2.2060826,-1.4570091,-3.0234213,-0.6665371,-2.925249,2
gacs_emotional_shorts_02_aAXiovx9_s0015,gacs_emotional_shorts_02_aAXiovx9,emotional_shorts,casual,-18.36619,-0.9459308,1.356728,-7.425748,2.054247,4.0792313,-0.57515407,0.1692787,0.41847736,-1.0732701,-1.2182215,-0.63307244,1.9387716,-2.9271998,2
gacs_emotional_shorts_02_aAXiovx9_s0016,gacs_emotional_shorts_02_aAXiovx9,emotional_shorts,casual,-18.397808,-0.42897487,2.5300303,-7.2776403,2.3947055,5.5316668,0.27943072,1.9692081,0.32025394,-1.8098541,-1.4439639,-1.9305643,1.8578999,-2.9230554,2
gacs_emotional_shorts_02_aAXiovx9_s0017,gacs_emotional_shorts_02_aAXiovx9,emotional_shorts,peaceful,-17.772612,1.4562297,5.555333,-9.607285,3.3693552,2.5708191,-1.0925493,-1.6595865,2.6467955,-3.200665,-0.4391073,-0.7596234,1.2126337,-2.4368558,2
gacs_emotional_shorts_02_aAXiovx9_s0018,gacs_emotional_shorts_02_aAXiovx9,emotional_shorts,calm,-0.007577021,27.96005,-1.407084,6.2059956,-1.838404,-0.6805671,0.13960777,-1.5673589,0.80914843,-0.93983096,0.7859582,-3.304318,2.3803077,0.7414714,0
gacs_emotional_shorts_02_aAXiovx9_s0019,gacs_emotional_shorts_02_aAXiovx9,emotional_shorts,relaxed,-19.072247,-2.3679252,3.8663774,-7.7795563,1.0791862,5.3033605,-0.9041616,1.4697907,-1.4632795,-3.7026393,-1.5575202,-1.9949814,0.55786616,-3.8914099,2
gacs_emotional_shorts_02_aAXiovx9_s0020,gacs_emotional_shorts_02_aAXiovx9,emotional_shorts,calm,-18.370726,6.255596,6.989576,-9.271753,5.0249376,2.9290423,-0.36163008,-4.7781825,3.7788734,-2.4072764,1.279073,-0.3050434,2.0001986,-1.1655493,2
gacs_emotional_shorts_02_aAXiovx9_s0021,gacs_emotional_shorts_02_aAXiovx9,emotional_shorts,casual,-17.497786,-0.71068597,4.888568,-6.916079,2.692698,4.356327,0.4733227,1.5563366,-1.6638446,-3.0498445,0.33417156,-0.28344205,1.2006409,-3.7080197,2
gacs_emotional_shorts_02_aAXiovx9_s0022,gacs_emotional_shorts_02_aAXiovx9,emotional_shorts,relaxed,-16.304956,5.066452,2.3151028,-9.969916,2.7798028,1.3486991,-3.3056834,-2.4632816,0.47962654,-1.6951343,-1.762696,-2.9081635,1.6183496,-4.5360303,2
gacs_emotional_shorts_03_tUwi2Bko_s0000,gacs_emotional_shorts_03_tUwi2Bko,emotional_shorts,sleek,-4.3188305,-2.4726326,-14.056014,-5.982812,-8.109159,-1.5279331,3.4715471,2.0545902,8.71858,1.9588978,6.168976,-2.7033513,-3.4634762,-4.5834775,2
gacs_emotional_shorts_03_tUwi2Bko_s0001,gacs_emotional_shorts_03_tUwi2Bko,emotional_shorts,warm,-18.60909,-3.1708648,4.963582,-5.711331,2.6853907,6.5488334,-0.2959414,2.6362407,0.09104611,-1.8665874,-0.112463266,-0.13872783,1.5718557,-3.0342028,2
gacs_emotional_shorts_03_tUwi2Bko_s0002,gacs_emotional_shorts_03_tUwi2Bko,emotional_shorts,relaxed,-15.448791,-0.8930129,-1.0474021,-11.54586,-3.1764991,3.3921704,0.33639348,1.5372854,-3.3348985,-3.0454447,-0.23396948,-5.1467924,0.8688162,-6.013067,2
gacs_emotional_shorts_03_tUwi2Bko_s0003,gacs_emotional_shorts_03_tUwi2Bko,emotional_shorts,relaxed,-14.606883,-0.9779431,-2.9913645,-8.803566,-3.3486674,1.9557505,0.0021360868,3.3113568,-3.327983,-1.0742171,0.058505405,-5.0445824,2.5390146,-4.97796,2
gacs_emotional_shorts_03_tUwi2Bko_s0004,gacs_emotional_shorts_03_tUwi2Bko,emotional_shorts,relaxed,-18.295496,-0.7284481,-0.70595545,-7.7750435,-1.6851301,4.750196,-1.7702211,2.147657,-1.4395845,-0.76590306,-1.4475421,-4.5457644,1.1852087,-6.1127634,2
gacs_emotional_shorts_03_tUwi2Bko_s0005,gacs_emotional_shorts_03_tUwi2Bko,emotional_shorts,relaxed,-13.136333,-0.47578558,-3.5487783,-13.83209,-4.370654,3.486694,0.7103146,1.8135129,-3.939507,-3.7703831,-1.1310712,-5.714653,1.427787,-4.9083796,2
gacs_emotional_shorts_03_tUwi2Bko_s0006,gacs_emotional_shorts_03_tUwi2Bko,emotional_shorts,relaxed,-13.1202,-1.8543338,-3.7990339,-11.039765,-5.0237,1.853242,1.2334449,3.2546744,-4.1891403,-3.1442125,-0.08295487,-4.294726,2.3840597,-4.3607483,2
gacs_emotional_shorts_03_tUwi2Bko_s0007,gacs_emotional_shorts_03_tUwi2Bko,emotional_shorts,relaxed,-15.356221,-1.5082172,-1.2531757,-11.3045225,-3.5121982,3.4322314,0.06957437,2.2728915,-3.2266061,-2.9886596,-0.3363604,-4.8562756,1.1743348,-5.801487,2
gacs_emotional_shorts_03_tUwi2Bko_s0008,gacs_emotional_shorts_03_tUwi2Bko,emotional_shorts,relaxed,-16.878603,-0.13870537,-1.9348974,-8.123317,-2.5848389,3.7578273,-1.3226314,2.898251,-1.3765334,-0.67133605,-1.4803512,-4.693973,2.5576906,-5.0516024,2
gacs_emotional_shorts_03_tUwi2Bko_s0009,gacs_emotional_shorts_03_tUwi2Bko,emotional_shorts,dark,13.005941,29.418684,-5.2495255,6.3728504,-0.42349818,6.6546087,6.281121,1.935303,4.841432,-1.7336035,-1.9773688,-2.4866207,0.19192278,1.1351582,0
gacs_emotional_shorts_04_g0w67vsJ_s0000,gacs_emotional_shorts_04_g0w67vsJ,emotional_shorts,peaceful,-17.74558,4.556887,10.395789,-7.038044,5.3488755,3.5732183,1.2525574,-3.3570035,4.6120505,-2.5629544,1.2446164,2.059912,0.57889014,-0.567409,2
gacs_emotional_shorts_04_g0w67vsJ_s0001,gacs_emotional_shorts_04_g0w67vsJ,emotional_shorts,peaceful,-15.954511,11.005294,11.238506,-3.1873224,3.1358194,0.8405079,1.0343845,-3.618178,2.8225467,-1.5658444,1.8354299,1.680047,1.6145539,0.35614675,2
gacs_emotional_shorts_04_g0w67vsJ_s0002,gacs_emotional_shorts_04_g0w67vsJ,emotional_shorts,peaceful,-13.960026,13.956916,10.518094,-3.626241,2.829417,-0.9434346,0.7800842,-3.7616184,2.6583502,-1.7950075,1.9250995,1.1702486,2.119343,0.060849212,2
gacs_emotional_shorts_04_g0w67vsJ_s0003,gacs_emotional_shorts_04_g0w67vsJ,emotional_shorts,peaceful,-12.964539,14.616028,11.160959,-4.933703,3.0109518,-1.2252446,0.23371617,-6.303206,3.1910007,-2.4481997,2.1717465,0.92387706,1.4480077,0.8172397,2
gacs_emotional_shorts_04_g0w67vsJ_s0004,gacs_emotional_shorts_04_g0w67vsJ,emotional_shorts,peaceful,-16.517385,8.56086,9.352467,-7.7092576,4.4133663,1.7669454,-0.5990959,-4.4024725,3.2417777,-2.0127115,0.86457,0.98454386,2.457934,-0.73773044,2
gacs_emotional_shorts_04_g0w67vsJ_s0005,gacs_emotional_shorts_04_g0w67vsJ,emotional_shorts,contemplative,12.120854,26.431765,3.4404583,5.188292,-0.35565552,-2.971341,-1.3468606,0.16853786,-1.1052265,-2.57174,-2.212056,0.66237795,-4.0596037,-2.747873,0
gacs_emotional_shorts_04_g0w67vsJ_s0006,gacs_emotional_shorts_04_g0w67vsJ,emotional_shorts,nostalgic,-6.9759912,17.137821,11.679884,5.8238697,0.19111004,-4.2070975,1.7138145,-0.55451894,-1.861506,-3.7199242,2.2861693,4.1862326,-0.43145028,0.9048618,0
gacs_emotional_shorts_04_g0w67vsJ_s0007,gacs_emotional_shorts_04_g0w67vsJ,emotional_shorts,melancholic,21.338467,-0.96852994,15.418036,-2.328597,-0.87058073,-5.89092,-4.063579,0.1059091,-0.8770799,-0.6133252,-0.9110585,-0.9668791,-5.772142,-1.5928097,1
gacs_emotional_shorts_04_g0w67vsJ_s0008,gacs_emotional_shorts_04_g0w67vsJ,emotional_shorts,contemplative,18.044233,8.134281,11.360806,-5.241401,-1.1557609,-6.493427,-3.6384993,-0.14135821,-0.4020953,0.8533913,-2.609553,0.110164866,-9.182339,0.1438572,1
gacs_emotional_shorts_04_g0w67vsJ_s0009,gacs_emotional_shorts_04_g0w67vsJ,emotional_shorts,peaceful,-14.7472,10.02488,10.125337,-7.8313103,4.400223,-0.79188836,-0.59015346,-5.3841,3.260332,-2.1309986,1.3716414,0.9057389,1.5902201,-0.13630366,2
gacs_emotional_shorts_04_g0w67vsJ_s0010,gacs_emotional_shorts_04_g0w67vsJ,emotional_shorts,melancholic,-16.479519,7.2217407,8.919583,1.316259,0.38144222,-1.9954125,-1.5671406,-1.6636657,-0.36144903,-0.07291344,0.58174,1.1328464,1.256528,-1.6355177,2
gacs_emotional_shorts_04_g0w67vsJ_s0011,gacs_emotional_shorts_04_g0w67vsJ,emotional_shorts,contemplative,-11.551978,14.1922865,7.335698,2.706114,1.0304416,-5.568092,-1.154663,-1.1067326,0.4888897,0.7928281,0.4367141,2.2930226,-1.270943,-0.84812737,2
gacs_emotional_shorts_04_g0w67vsJ_s0012,gacs_emotional_shorts_04_g0w67vsJ,emotional_shorts,nostalgic,-1.8001541,4.199062,17.641138,-7.135084,0.90004677,-8.344735,0.064009905,-1.0807592,0.23474352,-1.6076975,-0.076178,-2.2389286,-7.3227677,0.48432258,2
gacs_emotional_shorts_04_g0w67vsJ_s0013,gacs_emotional_shorts_04_g0w67vsJ,emotional_shorts,peaceful,-16.884565,6.992435,10.277649,-7.7188087,4.47036,1.5234907,0.3484664,-3.4704692,3.4649072,-2.3350909,1.2222759,1.1699246,1.7868035,-1.0778849,2
gacs_emotional_shorts_04_g0w67vsJ_s0014,gacs_emotional_shorts_04_g0w67vsJ,emotional_shorts,peaceful,-8.374802,8.890177,13.828452,-10.373767,2.43287,-4.814869,-1.447422,-5.6005926,2.8462565,-1.0250938,-0.2625417,-1.9858425,-3.9939334,1.4786134,2
gacs_emotional_shorts_04_g0w67vsJ_s0015,gacs_emotional_shorts_04_g0w67vsJ,emotional_shorts,peaceful,-13.412919,13.508421,11.020282,-4.511974,4.0796785,-2.3172295,-0.9699433,-4.5206914,2.1085155,-2.9869099,1.9406439,0.74463356,1.8657094,-0.60246295,2
gacs_emotional_shorts_04_g0w67vsJ_s0016,gacs_emotional_shorts_04_g0w67vsJ,emotional_shorts,peaceful,-14.705269,9.444995,10.057365,-6.316162,3.852173,-0.7089394,0.044753797,-5.1288185,3.817817,-1.7609265,1.5083861,1.4274609,1.7264233,0.57088137,2
gacs_emotional_shorts_04_g0w67vsJ_s0017,gacs_emotional_shorts_04_g0w67vsJ,emotional_shorts,peaceful,-12.052974,16.367697,11.150413,-0.9884637,3.1118035,-2.6614687,0.42383477,-5.150882,1.8118175,-1.8450383,2.1262722,1.755763,1.3821769,1.2121118,2
gacs_emotional_shorts_04_g0w67vsJ_s0018,gacs_emotional_shorts_04_g0w67vsJ,emotional_shorts,warm,-9.944792,15.310731,3.3547003,-3.0648398,-3.7295473,-2.9288042,-0.17437162,-3.5012343,-3.0406687,-0.47461858,0.62414116,-0.37894002,2.5588562,0.70000863,2
gacs_emotional_shorts_04_g0w67vsJ_s0019,gacs_emotional_shorts_04_g0w67vsJ,emotional_shorts,peaceful,-13.769417,13.789685,11.350935,-5.022178,3.6876645,-0.7523752,-0.28643984,-5.228354,2.4280262,-2.2985482,1.7586676,1.1238741,1.8310822,-0.3225081,2
gacs_emotional_shorts_04_g0w67vsJ_s0020,gacs_emotional_shorts_04_g0w67vsJ,emotional_shorts,melancholic,10.895268,2.6485062,10.314533,2.0941913,-2.3302314,-8.304209,1.8227986,-1.2307819,-1.6432664,1.8902333,-2.5554318,-0.06979808,-6.742671,3.9546685,1
gacs_emotional_shorts_04_g0w67vsJ_s0021,gacs_emotional_shorts_04_g0w67vsJ,emotional_shorts,warm,-20.47708,-1.0751591,7.481815,0.30348235,5.452999,4.5860395,0.98996717,-0.3362526,2.5043375,1.7230785,2.5689843,2.8802106,-1.3257025,-0.8670004,2
gacs_emotional_shorts_04_g0w67vsJ_s0022,gacs_emotional_shorts_04_g0w67vsJ,emotional_shorts,nostalgic,-6.9536834,18.888653,11.654702,1.8923311,-0.49187487,-4.3228183,0.09945277,-2.7576928,-0.87556267,-4.004963,1.9617108,2.5687606,-0.13492985,0.22181734,0
gacs_emotional_shorts_04_g0w67vsJ_s0023,gacs_emotional_shorts_04_g0w67vsJ,emotional_shorts,melancholic,-10.214585,3.0403218,15.56615,-6.7092075,2.9136267,-5.014295,1.3526616,-2.4574876,-0.34706917,-1.8522764,0.5213861,-2.7321866,-5.5579295,0.38137525,2
gacs_emotional_shorts_04_g0w67vsJ_s0024,gacs_emotional_shorts_04_g0w67vsJ,emotional_shorts,contemplative,5.0979915,24.445883,5.5977793,8.7906275,0.22969137,-5.7309685,1.6905549,2.1723711,-1.9795775,-2.5056887,0.860881,1.1832613,-1.2938507,-0.60924345,0
gacs_emotional_shorts_04_g0w67vsJ_s0025,gacs_emotional_shorts_04_g0w67vsJ,emotional_shorts,determined,-0.5514618,12.686486,-4.2105336,-12.005082,-0.51847637,-8.439164,-7.7689567,-4.4998865,0.794762,2.2482636,-2.7478151,-0.6455876,-0.55371577,-0.76448524,2
gacs_emotional_shorts_04_g0w67vsJ_s0026,gacs_emotional_shorts_04_g0w67vsJ,emotional_shorts,peaceful,-11.669644,16.52091,10.764802,-2.069075,2.481514,-2.1960504,0.68941474,-5.2024965,3.1104631,-1.7478899,1.9205983,1.2790394,1.3394339,1.4204404,2
gacs_emotional_shorts_04_g0w67vsJ_s0027,gacs_emotional_shorts_04_g0w67vsJ,emotional_shorts,peaceful,-12.037629,5.5909476,9.641211,-6.6846437,1.6000683,-3.0565057,0.9263654,-0.8033903,0.70121384,1.0760086,3.0507812,1.5747429,1.8949867,3.6409287,2
gacs_emotional_shorts_04_g0w67vsJ_s0028,gacs_emotional_shorts_04_g0w67vsJ,emotional_shorts,melancholic,-12.904421,10.127477,9.157897,-6.4108763,0.47359383,-1.0119379,3.0077362,-0.4388517,-2.1544216,-0.92792386,2.6429148,0.23529236,2.8529317,2.2217188,2
gacs_emotional_shorts_04_g0w67vsJ_s0029,gacs_emotional_shorts_04_g0w67vsJ,emotional_shorts,reflective,-12.2413,12.712691,6.9734855,1.905145,0.060392264,-4.9826446,-1.3954343,-1.544153,0.38448152,0.7718427,1.4476622,1.7646068,-0.6524157,0.234909,2
gacs_emotional_shorts_04_g0w67vsJ_s0030,gacs_emotional_shorts_04_g0w67vsJ,emotional_shorts,peaceful,-9.134977,7.62229,13.538712,-10.234504,2.7629378,-4.921875,-0.7659692,-4.84863,2.782637,-0.8249769,-0.513677,-2.073308,-4.6790476,1.6979915,2
gacs_emotional_shorts_04_g0w67vsJ_s0031,gacs_emotional_shorts_04_g0w67vsJ,emotional_shorts,serene,-18.447088,5.133506,10.1080065,-3.3049164,5.28987,3.269319,1.4915552,-3.0447652,2.713192,-1.1512219,1.7850109,2.1250434,1.3174243,-1.3845716,2
gacs_emotional_shorts_04_g0w67vsJ_s0032,gacs_emotional_shorts_04_g0w67vsJ,emotional_shorts,peaceful,-17.296648,7.434648,9.366643,-7.172056,4.5939355,1.1335617,-0.48631808,-4.8400106,2.4852397,-1.3561673,1.5691451,1.0516412,0.9455363,-1.0529026,2
gacs_emotional_shorts_04_g0w67vsJ_s0033,gacs_emotional_shorts_04_g0w67vsJ,emotional_shorts,determined,4.735918,4.9946823,-13.594727,-1.9704716,10.618562,-0.3677983,2.0539834,2.9822845,-0.4284842,3.1127324,-1.5402559,2.765159,-2.127721,1.4060292,2
gacs_emotional_shorts_04_g0w67vsJ_s0034,gacs_emotional_shorts_04_g0w67vsJ,emotional_shorts,vibrant,-1.4616532,0.30789804,6.925965,1.198711,-0.93350375,-11.937627,-0.45579505,-3.1072688,-3.6407287,-2.1890073,2.2974381,-1.0360142,-1.0371678,0.2419554,2
gacs_emotional_shorts_04_g0w67vsJ_s0035,gacs_emotional_shorts_04_g0w67vsJ,emotional_shorts,serene,-16.241234,8.383356,8.701264,-5.6364627,2.5405548,-0.13157211,1.2784268,-4.2492533,1.5443966,-1.3796958,1.7315053,0.7016458,1.3784338,-0.42085055,2
gacs_emotional_shorts_04_g0w67vsJ_s0036,gacs_emotional_shorts_04_g0w67vsJ,emotional_shorts,solemn,-14.13372,9.381709,6.4106402,-8.318146,0.71423614,-1.0149645,0.6585409,-2.5363557,0.46299404,-0.21245329,1.5327715,1.0305465,2.119294,1.5497774,2
gacs_emotional_shorts_04_g0w67vsJ_s0037,gacs_emotional_shorts_04_g0w67vsJ,emotional_shorts,melancholic,-14.387674,10.789397,7.989011,-5.3413987,2.162485,-1.63442,0.16520947,-2.4086685,-0.45971456,1.1148162,3.0281618,1.2601348,3.537882,1.4857328,2
gacs_emotional_shorts_04_g0w67vsJ_s0038,gacs_emotional_shorts_04_g0w67vsJ,emotional_shorts,nostalgic,-7.8741026,14.16842,14.005894,7.8255277,0.2137648,-6.0225096,0.36692694,-1.1285028,-0.909754,-3.3952954,3.3730805,3.3341079,-1.2392752,0.13604648,2
gacs_emotional_shorts_04_g0w67vsJ_s0039,gacs_emotional_shorts_04_g0w67vsJ,emotional_shorts,peaceful,-18.530909,0.21998791,4.1176424,-7.377932,2.4433863,2.2906656,-0.31919664,-1.3384329,4.7275667,-0.07744373,-0.17329645,3.2144153,0.9308545,0.3376869,2
gacs_emotional_shorts_04_g0w67vsJ_s0040,gacs_emotional_shorts_04_g0w67vsJ,emotional_shorts,contemplative,-17.46543,7.6588674,7.329718,-9.768502,4.447225,3.1190903,0.42773563,-4.084479,3.011732,-2.3370883,-0.26348218,0.8455159,0.9205055,-0.465332,2
gacs_emotional_shorts_04_g0w67vsJ_s0041,gacs_emotional_shorts_04_g0w67vsJ,emotional_shorts,peaceful,-15.751035,6.4575176,9.904313,-8.297256,3.8711457,0.72922724,0.37120578,-3.866086,3.471472,-3.3671596,0.72445434,0.41858998,1.7773979,-1.2533787,2
gacs_emotional_shorts_04_g0w67vsJ_s0042,gacs_emotional_shorts_04_g0w67vsJ,emotional_shorts,cozy,-15.584513,8.524542,5.804058,-6.333316,0.12468553,-0.18579285,-3.5667872,-5.872955,1.017317,-0.017104827,-0.69232494,0.8356855,1.8207511,-2.1136296,2
gacs_emotional_shorts_04_g0w67vsJ_s0043,gacs_emotional_shorts_04_g0w67vsJ,emotional_shorts,inspiring,-10.955713,-3.0790977,3.0113258,-2.143691,3.8063338,-6.5146422,1.2632811,1.4411641,4.5712476,0.8064052,1.5356975,1.5137817,-1.7095217,3.6259944,2
gacs_emotional_shorts_04_g0w67vsJ_s0044,gacs_emotional_shorts_04_g0w67vsJ,emotional_shorts,peaceful,-14.480622,10.717296,8.63356,-8.849749,4.38749,0.15730245,-0.07391063,-6.131507,3.865135,-1.5348607,1.3894236,1.4370869,1.8707104,-0.09215754,2
gacs_emotional_shorts_04_g0w67vsJ_s0045,gacs_emotional_shorts_04_g0w67vsJ,emotional_shorts,warm,-13.470414,8.998,0.96624595,-6.1469574,-3.2564034,-0.4632975,-3.967441,-4.7332764,0.58788496,2.321058,-0.82335335,1.8239943,0.5344258,-1.0331358,2
gacs_emotional_shorts_04_g0w67vsJ_s0046,gacs_emotional_shorts_04_g0w67vsJ,emotional_shorts,peaceful,-15.339663,9.231939,8.840661,-9.665457,4.548127,1.9196941,1.2354964,-5.8185515,4.6799564,-2.6008487,1.1776073,1.3932143,1.3953847,0.39484137,2
gacs_emotional_shorts_04_g0w67vsJ_s0047,gacs_emotional_shorts_04_g0w67vsJ,emotional_shorts,peaceful,-15.601304,7.4020343,9.464969,-10.394572,5.2362304,1.8249091,0.95602465,-4.956013,3.5490274,-2.767861,1.207232,0.6758876,1.9954331,0.3143586,2
gacs_emotional_shorts_04_g0w67vsJ_s0048,gacs_emotional_shorts_04_g0w67vsJ,emotional_shorts,peaceful,-13.671652,14.490613,10.882134,-5.133912,2.9545815,0.24632615,0.75124156,-4.762438,2.7133574,-2.4213035,2.0094194,0.7173473,1.6016301,0.3577522,2
gacs_emotional_shorts_04_g0w67vsJ_s0049,gacs_emotional_shorts_04_g0w67vsJ,emotional_shorts,nostalgic,-16.507383,7.5906396,11.269174,-5.4964437,4.9244714,0.7123363,1.1991949,-3.4566984,1.6430013,-3.6842473,1.9136406,2.0202594,1.065502,-2.2557847,2
gacs_emotional_shorts_04_g0w67vsJ_s0050,gacs_emotional_shorts_04_g0w67vsJ,emotional_shorts,contemplative,11.001565,0.69994754,13.895639,-8.191392,-0.4767455,-8.557363,-4.2720428,-0.76337785,0.44435683,0.015911506,-1.7215545,-2.4900262,-8.663857,0.7997901,1
gacs_emotional_shorts_04_g0w67vsJ_s0051,gacs_emotional_shorts_04_g0w67vsJ,emotional_shorts,nostalgic,-12.813004,14.095312,12.862654,2.5778897,1.8543069,-3.08577,0.6775005,-3.361998,0.6704474,-3.4883635,2.8747356,2.65304,-0.3192971,0.00546166,2
gacs_emotional_shorts_04_g0w67vsJ_s0052,gacs_emotional_shorts_04_g0w67vsJ,emotional_shorts,contemplative,15.853874,7.806977,13.005042,-4.753095,-2.745,-8.008211,-3.3267598,-0.93209404,0.14233361,1.8318588,-1.3158598,-1.3490692,-7.8927636,-0.39583716,1
gacs_emotional_shorts_04_g0w67vsJ_s0053,gacs_emotional_shorts_04_g0w67vsJ,emotional_shorts,peaceful,-16.23053,8.115375,8.658708,-8.416784,3.3502522,1.280393,0.653039,-4.684959,2.4138367,-2.267285,0.923973,0.61453825,2.4268925,-0.21850225,2
gacs_emotional_shorts_04_g0w67vsJ_s0054,gacs_emotional_shorts_04_g0w67vsJ,emotional_shorts,warm,-12.588745,1.7850759,-0.15854292,0.21670884,-4.983005,-1.6625787,-2.920728,1.7257684,0.7272748,1.3309472,-1.8169522,2.020751,-0.6013591,2.2822065,2
gacs_emotional_shorts_04_g0w67vsJ_s0055,gacs_emotional_shorts_04_g0w67vsJ,emotional_shorts,peaceful,-15.999383,8.98668,9.109874,-8.564005,4.157753,1.1562368,-0.3555133,-4.75789,4.503464,-1.5725898,0.91739553,0.6781152,1.80948,-0.035755683,2
gacs_emotional_shorts_04_g0w67vsJ_s0056,gacs_emotional_shorts_04_g0w67vsJ,emotional_shorts,peaceful,-17.75482,6.279348,8.280216,-9.894296,4.9011807,2.7674472,0.39251554,-4.715836,3.476824,-2.7877376,1.4607898,0.79200065,1.1038152,-0.23068294,2
gacs_emotional_shorts_04_g0w67vsJ_s0057,gacs_emotional_shorts_04_g0w67vsJ,emotional_shorts,serene,-15.714502,7.5306416,8.996577,-3.6333625,2.8002868,-1.6099247,0.4682113,-3.8991303,1.0841913,-1.0047438,2.41511,0.70567346,1.0939927,0.95957893,2
gacs_emotional_shorts_04_g0w67vsJ_s0058,gacs_emotional_shorts_04_g0w67vsJ,emotional_shorts,serene,-14.240012,3.7122996,11.581014,-2.0375364,2.3043292,-4.520695,-0.04866393,-2.7163148,0.20441632,-0.697413,2.778388,1.9174495,1.0927633,1.5787905,2
gacs_emotional_shorts_04_h_yJ0wfR_s0000,gacs_emotional_shorts_04_h_yJ0wfR,emotional_shorts,dramatic,-2.731295,-3.114459,-4.9622974,-2.7338405,-6.102956,-5.342709,10.566478,2.6035137,0.14156343,3.9896808,4.1597958,-1.476769,-0.12755008,-2.879169,2
gacs_emotional_shorts_04_h_yJ0wfR_s0001,gacs_emotional_shorts_04_h_yJ0wfR,emotional_shorts,minimalist,13.404412,6.360716,-7.731914,-1.1941696,4.903406,-1.7226728,2.3188772,6.6594152,-1.4826549,-2.4679098,5.8079486,6.584059,-1.7986794,0.77852637,1
gacs_emotional_shorts_04_h_yJ0wfR_s0002,gacs_emotional_shorts_04_h_yJ0wfR,emotional_shorts,melancholic,4.8056006,29.95391,-0.4150914,7.206212,-2.0156448,1.7792797,0.5210456,0.0228461,2.1490884,-2.0812,-0.035607778,-1.7043036,1.1029825,1.3606489,0
gacs_emotional_shorts_04_h_yJ0wfR_s0003,gacs_emotional_shorts_04_h_yJ0wfR,emotional_shorts,contemplative,-14.701116,4.073755,0.28084174,-7.0770416,-3.0337262,0.049737528,-0.31199923,-1.8266453,-2.4513395,1.2428813,1.9317453,1.910764,1.3553157,0.34895048,2
gacs_emotional_shorts_04_h_yJ0wfR_s0004,gacs_emotional_shorts_04_h_yJ0wfR,emotional_shorts,intimate,3.1509645,27.04945,4.1973624,4.974252,-1.0715574,-2.711842,-0.9961084,1.7345425,-2.552963,-2.5687234,0.17620261,-0.010283373,-0.9043932,0.066274345,0
gacs_emotional_shorts_04_h_yJ0wfR_s0005,gacs_emotional_shorts_04_h_yJ0wfR,emotional_shorts,peaceful,-15.769607,6.264403,6.26233,-12.385066,2.221592,1.8895111,1.547248,-4.99081,4.89555,-2.949122,1.0578744,0.35939914,1.514676,0.52729297,2
gacs_emotional_shorts_04_h_yJ0wfR_s0006,gacs_emotional_shorts_04_h_yJ0wfR,emotional_shorts,serene,-16.659578,0.40177828,10.512904,-3.480328,6.288368,1.4150898,3.2095041,-2.1808176,2.9899461,-2.6013126,3.3028162,2.262205,-0.07150225,0.45785442,2
gacs_emotional_shorts_04_h_yJ0wfR_s0007,gacs_emotional_shorts_04_h_yJ0wfR,emotional_shorts,peaceful,-17.885477,4.802983,8.473368,-7.939987,5.390283,3.5534182,1.2504659,-3.7118337,3.6589053,-2.214783,1.4901904,1.5687408,1.5251801,-1.3611199,2
gacs_emotional_shorts_04_h_yJ0wfR_s0008,gacs_emotional_shorts_04_h_yJ0wfR,emotional_shorts,peaceful,-16.83168,5.5912766,5.9025865,-10.336027,1.6640322,0.9928244,-0.10908039,-3.4059193,3.6411307,-0.766706,1.3370445,0.27232784,1.8891206,2.3941126,2
gacs_emotional_shorts_04_h_yJ0wfR_s0009,gacs_emotional_shorts_04_h_yJ0wfR,emotional_shorts,serene,-15.093907,7.1006517,10.318934,-5.2823367,4.3999877,-1.6434968,-0.45369956,-4.528806,2.1049433,-1.2653102,2.4924831,0.8504,1.1420809,-0.7538313,2
gacs_emotional_shorts_04_h_yJ0wfR_s0010,gacs_emotional_shorts_04_h_yJ0wfR,emotional_shorts,contemplative,-14.325859,10.557483,12.832841,-5.2143087,4.671856,-1.7031274,0.123700574,-4.405796,1.4294403,-3.8693929,2.216307,1.3610332,1.0577319,-0.9689562,2
gacs_emotional_shorts_04_h_yJ0wfR_s0011,gacs_emotional_shorts_04_h_yJ0wfR,emotional_shorts,contemplative,9.276685,6.4536843,-3.7847643,-11.964401,-4.2532387,-4.5800233,-0.3646857,-2.462627,-9.703445,0.96907556,-3.8470106,-0.32009998,-0.6815095,-0.26813552,1
gacs_emotional_shorts_04_h_yJ0wfR_s0012,gacs_emotional_shorts_04_h_yJ0wfR,emotional_shorts,contemplative,-8.45402,19.008444,-0.90144056,-4.637823,2.4998674,-2.4937465,-3.0874827,-2.380854,-2.3944135,2.3364565,0.9693589,1.5150169,-0.50876766,0.5830709,0
gacs_emotional_shorts_04_h_yJ0wfR_s0013,gacs_emotional_shorts_04_h_yJ0wfR,emotional_shorts,melancholic,-16.29382,10.307814,10.480375,-2.8351338,4.6379027,-0.64926904,-0.14933732,-3.3680315,1.3720995,-1.8030523,2.2702434,1.9598219,1.8735405,-1.4499078,2
gacs_emotional_shorts_04_h_yJ0wfR_s0014,gacs_emotional_shorts_04_h_yJ0wfR,emotional_shorts,contemplative,7.458031,5.9966035,14.02777,-10.059453,0.39187232,-8.1591,-3.0872087,-0.7062609,-0.1390916,0.52594787,-1.137629,-1.6452305,-8.955352,1.2984986,1
gacs_emotional_shorts_04_h_yJ0wfR_s0015,gacs_emotional_shorts_04_h_yJ0wfR,emotional_shorts,melancholic,10.491916,1.6575313,13.609332,-3.5076325,-2.1141508,-10.940063,-2.3375263,-2.202067,0.38768792,0.5988573,-1.7400036,-2.355363,-7.6415334,0.071679056,1
gacs_emotional_shorts_04_h_yJ0wfR_s0016,gacs_emotional_shorts_04_h_yJ0wfR,emotional_shorts,contemplative,-10.649643,0.90833277,13.779243,-8.463298,2.5289328,-3.9996033,2.6253629,-2.0258832,0.8516376,-1.3616703,-0.62827563,-1.0675322,-6.3492208,1.4039544,2
gacs_emotional_shorts_04_h_yJ0wfR_s0017,gacs_emotional_shorts_04_h_yJ0wfR,emotional_shorts,urgent,8.722219,27.30749,-0.56721234,3.4703622,-0.82834345,-3.1993034,-2.757686,-0.21266927,-2.523398,-3.0657883,-1.3963227,0.20368034,-2.6091056,-2.0348246,0
gacs_emotional_shorts_04_h_yJ0wfR_s0018,gacs_emotional_shorts_04_h_yJ0wfR,emotional_shorts,contemplative,-17.698729,8.332025,7.7667828,-7.124511,3.4301813,1.3654668,-0.02302064,-3.258873,1.6625984,-1.7032768,0.9155577,0.975893,1.1801474,0.41824976,2
gacs_emotional_shorts_04_h_yJ0wfR_s0019,gacs_emotional_shorts_04_h_yJ0wfR,emotional_shorts,energetic,-13.937169,-3.519727,-0.83780175,1.2696526,-2.1576054,-2.1756835,1.3697237,1.8238838,-0.25442916,0.8635243,-4.2681017,1.8926928,-3.218045,1.9794475,2
gacs_emotional_shorts_04_h_yJ0wfR_s0020,gacs_emotional_shorts_04_h_yJ0wfR,emotional_shorts,hopeful,-11.531688,-5.5597167,6.1566834,1.509417,-5.1791363,-3.5335917,-0.9648061,3.8624976,2.822626,-2.8578827,-1.9926363,0.5681531,-0.17475887,1.778998,2
gacs_emotional_shorts_04_h_yJ0wfR_s0021,gacs_emotional_shorts_04_h_yJ0wfR,emotional_shorts,joyful,-20.22287,-2.5901177,8.65308,2.6318102,4.825227,5.035457,-1.4563956,1.8728926,-0.629428,0.09604354,-1.0410204,0.9948473,-1.2522295,-2.9214494,2
gacs_emotional_shorts_04_h_yJ0wfR_s0022,gacs_emotional_shorts_04_h_yJ0wfR,emotional_shorts,peaceful,-15.924654,9.170742,9.602282,-8.671667,5.201986,2.050735,-0.24048796,-5.064894,4.004022,-2.2525544,1.0657847,0.56197786,1.7415936,-0.654744,2
gacs_emotional_shorts_04_h_yJ0wfR_s0023,gacs_emotional_shorts_04_h_yJ0wfR,emotional_shorts,peaceful,-14.775889,7.5050955,11.2065,-7.877186,4.374238,-0.7775864,-1.1732005,-3.8896554,4.104299,-2.7777832,0.6108951,0.50533676,1.4655253,-0.29513863,2
gacs_emotional_shorts_04_h_yJ0wfR_s0024,gacs_emotional_shorts_04_h_yJ0wfR,emotional_shorts,contemplative,-16.939487,7.494388,4.7264585,-12.603372,5.4617305,3.4423864,-0.45104662,-3.9681292,1.0771552,-2.3653913,0.03407315,0.32485026,2.214189,-0.07061657,2
gacs_emotional_shorts_04_h_yJ0wfR_s0025,gacs_emotional_shorts_04_h_yJ0wfR,emotional_shorts,contemplative,8.564713,29.36281,1.406395,8.635523,3.4483674,0.2633105,3.9914746,3.0573053,0.9820313,-2.2178323,0.68607366,-2.31666,0.8945344,0.81565076,0
gacs_emotional_shorts_04_h_yJ0wfR_s0026,gacs_emotional_shorts_04_h_yJ0wfR,emotional_shorts,contemplative,-12.902872,12.111627,6.164932,-13.017732,4.542588,1.1919758,0.18050268,-3.688616,-1.9377322,-1.9282497,1.2479217,-0.7685817,3.0257106,1.0612684,2
gacs_emotional_shorts_04_h_yJ0wfR_s0027,gacs_emotional_shorts_04_h_yJ0wfR,emotional_shorts,peaceful,-17.198921,6.302642,9.316927,-7.7061896,5.5512905,1.7342609,0.534317,-3.7906146,2.5799453,-2.4741192,1.5432384,1.2931089,1.5291246,-1.0781016,2
gacs_emotional_shorts_04_h_yJ0wfR_s0028,gacs_emotional_shorts_04_h_yJ0wfR,emotional_shorts,contemplative,-15.264815,10.126039,9.528849,-11.049143,5.4338865,1.4954194,-0.046231132,-4.286106,0.5093689,-2.6091032,0.66855806,0.09177185,1.9807273,0.47749275,2
gacs_emotional_shorts_04_h_yJ0wfR_s0029,gacs_emotional_shorts_04_h_yJ0wfR,emotional_shorts,warm,-15.436274,-2.2674835,-1.227129,-10.791173,1.4157625,4.3422985,2.1034374,3.232328,-4.748843,-1.1971475,0.6528022,-1.6126055,4.671926,2.4676888,2
gacs_emotional_shorts_04_h_yJ0wfR_s0030,gacs_emotional_shorts_04_h_yJ0wfR,emotional_shorts,serious,10.070903,31.11162,-6.836593,6.6029787,-0.20417185,5.384481,1.7673419,1.0086069,3.2138803,-3.0829682,-1.1983126,-3.2402668,0.8166319,1.7890081,0
gacs_emotional_shorts_04_h_yJ0wfR_s0031,gacs_emotional_shorts_04_h_yJ0wfR,emotional_shorts,contemplative,-17.212482,6.8392878,6.2023425,-9.5512295,4.850228,2.332758,0.40261158,-2.345683,-0.8974463,-0.79889196,1.236438,1.6441973,2.4310553,1.2238476,2
gacs_emotional_shorts_04_h_yJ0wfR_s0032,gacs_emotional_shorts_04_h_yJ0wfR,emotional_shorts,peaceful,-14.915054,10.112299,6.9483333,-12.07365,4.1839786,1.7011988,0.62341225,-5.395964,1.7352442,-2.4288254,0.65883565,0.9307891,2.038673,0.14513941,2
gacs_emotional_shorts_04_h_yJ0wfR_s0033,gacs_emotional_shorts_04_h_yJ0wfR,emotional_shorts,warm,-11.917235,11.161818,1.1599936,-10.169279,-1.235579,-0.592744,-3.0236533,-6.504378,0.453057,0.9551807,-0.31231782,1.7901554,1.8689536,0.8351973,2
gacs_emotional_shorts_04_h_yJ0wfR_s0034,gacs_emotional_shorts_04_h_yJ0wfR,emotional_shorts,peaceful,-15.211059,9.409756,9.117212,-8.091017,5.3539834,0.34863383,-0.64327604,-4.9120536,3.0450013,-2.3003764,1.280882,0.3642035,2.5261142,-0.88393736,2
gacs_emotional_shorts_04_h_yJ0wfR_s0035,gacs_emotional_shorts_04_h_yJ0wfR,emotional_shorts,peaceful,-18.59209,5.0638494,10.341941,-5.8190703,5.841582,3.8509815,0.933806,-2.9981258,2.984512,-2.319166,0.90545386,1.8322104,0.5157622,-1.1528711,2
gacs_emotional_shorts_04_h_yJ0wfR_s0036,gacs_emotional_shorts_04_h_yJ0wfR,emotional_shorts,peaceful,-17.004595,6.8970213,9.737495,-8.203249,5.1066537,1.3477969,-0.98537016,-3.610017,3.6205227,-2.2458677,1.2754183,0.9404529,1.96676,-1.0613154,2
gacs_emotional_shorts_04_h_yJ0wfR_s0037,gacs_emotional_shorts_04_h_yJ0wfR,emotional_shorts,contemplative,17.353987,5.7725744,13.529828,-3.9075983,0.41981485,-7.160831,-3.8917894,0.5029482,0.47980443,1.7917001,-1.6061603,-0.20697708,-8.6859865,0.42901167,1
gacs_emotional_shorts_04_h_yJ0wfR_s0038,gacs_emotional_shorts_04_h_yJ0wfR,emotional_shorts,contemplative,6.988348,27.970873,4.1435933,0.1706304,1.992868,-1.2449048,1.4764221,1.9342004,-1.7894735,-1.3075168,0.8352808,-0.27612844,0.13528295,2.1781638,0
gacs_emotional_shorts_04_h_yJ0wfR_s0039,gacs_emotional_shorts_04_h_yJ0wfR,emotional_shorts,peaceful,-14.042613,14.086169,10.10696,-3.7622497,3.5948288,-0.99718153,-0.6570609,-5.051692,3.06699,-1.7753996,1.885021,1.358342,2.0357106,-0.46501115,2
gacs_emotional_shorts_04_h_yJ0wfR_s0040,gacs_emotional_shorts_04_h_yJ0wfR,emotional_shorts,joyful,-16.93844,-3.7485392,4.9161544,6.1371965,-2.9722033,1.4739114,-2.7497654,3.841652,-3.3771338,1.3217896,-0.36268404,-0.29608858,2.263735,-0.65722895,2
gacs_emotional_shorts_04_h_yJ0wfR_s0041,gacs_emotional_shorts_04_h_yJ0wfR,emotional_shorts,contemplative,10.691934,30.798542,-5.3935266,7.145813,1.6106251,4.714981,1.6588651,1.357295,2.9678679,-3.4883971,-1.1535125,-1.4203128,-1.1962007,1.7084557,0
gacs_emotional_shorts_04_h_yJ0wfR_s0042,gacs_emotional_shorts_04_h_yJ0wfR,emotional_shorts,warm,-1.7892109,24.33207,-0.022529801,5.2632856,-2.9991703,-0.6320199,-0.25344908,1.2650797,-1.7613077,0.13140538,0.24156438,0.6022806,0.7763139,1.1461173,0
gacs_emotional_shorts_04_h_yJ0wfR_s0043,gacs_emotional_shorts_04_h_yJ0wfR,emotional_shorts,playful,-19.812151,-1.4185914,4.6967845,0.051224418,3.0335374,3.571034,-1.8122826,0.786445,2.238421,0.3803572,-2.452791,0.3986436,-1.1524386,-1.5809783,2
gacs_emotional_shorts_04_h_yJ0wfR_s0044,gacs_emotional_shorts_04_h_yJ0wfR,emotional_shorts,contemplative,-13.344103,14.655332,9.119219,-5.453536,1.5007266,-1.3966005,-0.43279767,-5.357985,0.13475387,-3.1227963,1.1924225,0.6512447,1.5331181,0.36370626,2
gacs_emotional_shorts_04_h_yJ0wfR_s0045,gacs_emotional_shorts_04_h_yJ0wfR,emotional_shorts,contemplative,-16.543787,8.258601,7.7105412,-8.916405,4.633883,0.48550457,0.054830555,-4.0897527,1.0460932,-2.0108674,1.3596127,0.8811544,2.0722303,-0.92791694,2
gacs_emotional_shorts_04_h_yJ0wfR_s0046,gacs_emotional_shorts_04_h_yJ0wfR,emotional_shorts,content,-12.687336,9.362673,-1.2151828,-12.378638,-0.83432806,0.2328422,-4.4098473,-7.034369,1.4858825,-1.706482,-1.0502406,1.3135642,1.6100177,-0.68540525,2
gacs_emotional_shorts_04_h_yJ0wfR_s0047,gacs_emotional_shorts_04_h_yJ0wfR,emotional_shorts,contemplative,9.270181,30.04075,0.5103321,9.570143,1.4100547,-0.055752657,1.9466616,2.2035944,1.362418,-4.729512,0.49060687,-2.304371,0.34569648,0.1036983,0
gacs_emotional_shorts_04_h_yJ0wfR_s0048,gacs_emotional_shorts_04_h_yJ0wfR,emotional_shorts,contemplative,-14.432672,10.784323,8.569016,-10.757367,6.446768,0.1716319,-0.4632367,-5.244209,1.6415709,-2.8420947,0.68981624,0.4212451,2.3190856,-0.46326736,2
gacs_emotional_shorts_04_h_yJ0wfR_s0049,gacs_emotional_shorts_04_h_yJ0wfR,emotional_shorts,contemplative,-3.6185741,24.493397,6.761396,6.009241,1.7368116,-4.5639544,-0.33561507,-0.9205851,0.0008962191,-2.0801244,1.7908133,-1.2296696,2.5471065,0.5952204,0
gacs_emotional_shorts_04_h_yJ0wfR_s0050,gacs_emotional_shorts_04_h_yJ0wfR,emotional_shorts,contemplative,-17.854475,5.497478,7.194875,-9.09755,5.066835,1.7523274,-0.09325684,-2.1356065,2.6465998,-1.356289,0.47129756,0.8694324,1.2976924,-1.0802491,2
gacs_emotional_shorts_04_h_yJ0wfR_s0051,gacs_emotional_shorts_04_h_yJ0wfR,emotional_shorts,peaceful,-15.171852,10.842092,6.91864,-11.065141,3.1308155,1.7810425,-1.1808765,-4.591368,2.3651612,-1.3811262,0.30773672,-0.18401097,2.7470913,0.24560936,2
gacs_emotional_shorts_04_h_yJ0wfR_s0052,gacs_emotional_shorts_04_h_yJ0wfR,emotional_shorts,peaceful,-15.540631,9.305856,8.096167,-11.420059,3.4954886,1.9574351,-1.0563054,-5.189018,3.6421137,-3.1729496,-0.1020673,-0.053146675,2.461102,-0.718003,2
gacs_emotional_shorts_04_h_yJ0wfR_s0053,gacs_emotional_shorts_04_h_yJ0wfR,emotional_shorts,peaceful,-15.6569805,10.293209,6.8047504,-10.910486,3.8598945,1.2270045,-0.82025665,-4.1792617,2.3718197,-1.384459,0.06269379,0.14701594,2.358974,0.17470847,2
gacs_emotional_shorts_04_h_yJ0wfR_s0054,gacs_emotional_shorts_04_h_yJ0wfR,emotional_shorts,peaceful,-15.261312,9.470494,10.253678,-6.838769,4.8591943,0.6129385,-0.26917976,-5.2182612,4.093319,-1.713386,1.804902,0.9561119,1.3151901,-0.9979303,2
gacs_emotional_shorts_04_h_yJ0wfR_s0055,gacs_emotional_shorts_04_h_yJ0wfR,emotional_shorts,curious,-14.205715,-8.065159,-0.040520113,-1.6295489,0.56891316,0.99266213,-1.8128554,0.2845916,-1.7106946,-2.4695914,-7.623965,-3.1768432,-2.0145557,2.1404521,2
gacs_emotional_shorts_04_h_yJ0wfR_s0056,gacs_emotional_shorts_04_h_yJ0wfR,emotional_shorts,warm,-11.215831,8.619085,-2.716439,-6.9131174,-5.178612,-0.86634684,-4.7633743,-3.967351,-0.49445105,2.262982,0.05581622,1.2495755,2.0448737,-0.6210773,2
gacs_emotional_shorts_04_h_yJ0wfR_s0057,gacs_emotional_shorts_04_h_yJ0wfR,emotional_shorts,contemplative,12.364611,29.530125,-0.3564436,8.568149,0.022851668,0.7587199,2.0515022,1.7117499,1.3599366,-3.348387,-0.12525712,-2.4233353,-0.6583119,-0.6946543,0
gacs_emotional_shorts_04_h_yJ0wfR_s0058,gacs_emotional_shorts_04_h_yJ0wfR,emotional_shorts,contemplative,-12.103317,4.7200136,1.811371,-10.075733,-0.58716035,-1.006293,-2.108749,0.07561691,-6.387682,-0.17996696,1.6678532,-0.4406545,4.880836,-1.3736025,2
gacs_emotional_shorts_04_h_yJ0wfR_s0059,gacs_emotional_shorts_04_h_yJ0wfR,emotional_shorts,nostalgic,-0.46338207,13.505119,2.4166749,12.133591,-5.156579,-4.3865013,1.570106,2.2629044,-3.4081986,-1.4432937,1.2599518,3.3719053,0.73487335,-0.56697685,0
gacs_emotional_shorts_04_i_OaxH7l_s0000,gacs_emotional_shorts_04_i_OaxH7l,emotional_shorts,gentle,-16.9724,0.8822712,-1.7741615,-10.001481,1.6897091,5.563427,-0.28632697,1.567542,-4.323513,-0.27263603,-1.1737007,-0.40793917,1.9575449,2.3493261,2
gacs_emotional_shorts_04_i_OaxH7l_s0001,gacs_emotional_shorts_04_i_OaxH7l,emotional_shorts,heartwarming,-15.919638,-1.894599,2.8469908,1.30876,-2.1671293,0.17953707,-0.9896606,4.0145297,-4.319724,0.33091253,-0.32713163,0.6176076,4.482231,1.87876,2
gacs_emotional_shorts_04_i_OaxH7l_s0002,gacs_emotional_shorts_04_i_OaxH7l,emotional_shorts,heartwarming,-16.811043,-2.2160406,3.7984118,-0.7966796,1.2102448,2.578537,1.2258859,2.9451418,-2.5093606,-1.4599593,-0.44069287,2.8830192,0.9695385,0.19228977,2
gacs_emotional_shorts_04_i_OaxH7l_s0003,gacs_emotional_shorts_04_i_OaxH7l,emotional_shorts,peaceful,-17.715572,2.982066,6.3511024,-10.290126,4.226265,3.9591916,1.0548768,-1.1741167,2.6952767,-2.073985,0.34625867,0.9577811,3.4293566,0.755039,2
gacs_emotional_shorts_04_i_OaxH7l_s0004,gacs_emotional_shorts_04_i_OaxH7l,emotional_shorts,somber,28.100117,1.4612861,15.288765,-1.3973122,-1.874276,4.985941,0.36074594,4.5565557,-0.2719882,-1.2682935,1.6013076,1.4284506,0.35478032,-1.148452,1
gacs_emotional_shorts_04_i_OaxH7l_s0005,gacs_emotional_shorts_04_i_OaxH7l,emotional_shorts,serious,-4.7413964,0.3892274,-5.235053,-6.970492,-0.42829856,-0.18290435,-5.1525316,8.09566,2.1038754,1.2786812,3.8675067,1.2869575,2.7706902,7.415513,2
gacs_emotional_shorts_04_i_OaxH7l_s0006,gacs_emotional_shorts_04_i_OaxH7l,emotional_shorts,heartwarming,-19.818108,0.021416117,4.657702,2.6238692,2.6293733,4.6596856,-1.556797,1.2103976,-1.4027569,1.3692124,-0.56784236,2.549699,1.1421963,-1.0019044,2
gacs_emotional_shorts_04_i_OaxH7l_s0007,gacs_emotional_shorts_04_i_OaxH7l,emotional_shorts,joyful,-20.139717,-2.415716,7.460425,0.6606092,2.9084868,4.0332823,-1.9565194,0.29908037,1.1161369,-0.10811729,-0.65977407,0.033999383,-1.6618426,-2.945603,2
gacs_emotional_shorts_04_i_OaxH7l_s0008,gacs_emotional_shorts_04_i_OaxH7l,emotional_shorts,gentle,-8.329238,-4.4616685,-3.941402,-13.4612,0.1871088,2.5888565,-0.977947,2.8821213,-0.9178259,-4.8156204,-0.4259483,1.799338,0.8781812,2.997861,2
gacs_emotional_shorts_04_i_OaxH7l_s0009,gacs_emotional_shorts_04_i_OaxH7l,emotional_shorts,joyful,-14.161177,-7.090413,3.9311419,16.424746,-1.6247394,2.836223,-3.4546576,1.0833538,-1.1828561,2.876786,1.7971714,1.1414366,-0.8656776,1.0954348,2
gacs_emotional_shorts_04_i_OaxH7l_s0010,gacs_emotional_shorts_04_i_OaxH7l,emotional_shorts,proud,-4.5566006,-10.837154,-2.5532258,22.590746,-6.855959,4.3655033,-3.1188471,-6.1273966,-2.9109805,-1.2865953,1.3741792,-2.9925432,1.0272228,2.009633,2
gacs_emotional_shorts_04_i_OaxH7l_s0011,gacs_emotional_shorts_04_i_OaxH7l,emotional_shorts,somber,24.443583,2.1104484,8.209835,-0.8018327,1.8665589,-0.055804797,-7.8594546,7.4206157,1.0965333,-2.639205,5.156496,0.27486995,-2.2748258,-1.2609949,1
gacs_emotional_shorts_04_i_OaxH7l_s0012,gacs_emotional_shorts_04_i_OaxH7l,emotional_shorts,peaceful,-17.548288,3.624545,11.249421,-4.421532,5.421067,-0.694476,1.5702509,-1.4971721,2.8410645,-1.47235,1.3668845,2.4475849,-0.11335203,0.34973937,2
gacs_emotional_shorts_04_i_OaxH7l_s0013,gacs_emotional_shorts_04_i_OaxH7l,emotional_shorts,contemplative,-14.677673,7.328076,2.83692,-12.425929,4.1121798,0.004453456,-0.93457174,-2.8754358,1.127829,-0.44201857,-0.49914676,-0.9484224,2.2337723,3.6832557,2
gacs_emotional_shorts_04_i_OaxH7l_s0014,gacs_emotional_shorts_04_i_OaxH7l,emotional_shorts,peaceful,-18.42868,6.030285,9.032231,-6.4888144,6.1448326,3.218134,0.8763516,-1.8241787,0.0037168358,-1.7575492,0.6141323,1.1415662,2.1285052,-0.9655144,2
gacs_emotional_shorts_04_i_OaxH7l_s0015,gacs_emotional_shorts_04_i_OaxH7l,emotional_shorts,warm,-9.165204,-0.38221666,-6.0454564,-10.559335,-5.8082747,0.5980917,1.3351494,0.17923889,0.81777066,-1.0809257,1.7259157,0.018163845,-1.2537514,1.6078439,2
gacs_emotional_shorts_04_i_OaxH7l_s0016,gacs_emotional_shorts_04_i_OaxH7l,emotional_shorts,peaceful,-20.016943,0.49211556,10.781349,-0.33542863,6.9627657,5.901832,0.4890465,-0.5692158,2.1320338,-1.6506914,1.7524966,2.7098784,0.08988908,-1.6761614,2
gacs_emotional_shorts_04_i_OaxH7l_s0017,gacs_emotional_shorts_04_i_OaxH7l,emotional_shorts,cheerful,-19.985325,-0.61924666,6.0986,-5.58293,5.3632402,6.6359825,1.4977372,1.0624797,0.8474401,-1.5722655,0.13323332,1.1539979,0.31358057,-0.09802904,2
gacs_emotional_shorts_04_i_OaxH7l_s0018,gacs_emotional_shorts_04_i_OaxH7l,emotional_shorts,tender,-15.164478,-0.046656854,1.2830193,-9.70121,5.044165,2.5574229,0.9644826,3.1723292,-7.2489686,-1.987858,-1.2903204,-1.9747124,4.0484605,1.4271152,2
gacs_emotional_shorts_04_i_OaxH7l_s0019,gacs_emotional_shorts_04_i_OaxH7l,emotional_shorts,peaceful,-17.944065,4.0091715,10.007079,-6.2757826,4.264649,1.2333184,1.2535698,-1.2463726,2.4671052,-1.4863037,0.6024833,1.4458566,0.904991,0.28937393,2
gacs_emotional_shorts_04_i_OaxH7l_s0020,gacs_emotional_shorts_04_i_OaxH7l,emotional_shorts,concerned,0.9341583,28.754684,-1.3727632,6.8101754,1.5971106,2.5089805,0.35722262,3.1704433,-0.40908396,-2.164901,2.4397967,-1.0526984,3.2044804,1.983968,0
gacs_emotional_shorts_04_i_OaxH7l_s0021,gacs_emotional_shorts_04_i_OaxH7l,emotional_shorts,peaceful,-18.840672,0.879506,10.676673,-2.7087545,6.8048997,3.6905684,2.4536667,-0.7699363,2.5477207,-2.8272908,1.2529422,2.706031,-0.04987192,-1.0880986,2
gacs_emotional_shorts_04_i_OaxH7l_s0022,gacs_emotional_shorts_04_i_OaxH7l,emotional_shorts,peaceful,-18.754204,1.9022918,10.14859,-4.9625635,6.709718,3.2922287,1.7408155,-1.542315,2.8677099,-2.6812365,1.7857002,2.0683248,0.66570526,-1.7774575,2
gacs_emotional_shorts_04_i_OaxH7l_s0023,gacs_emotional_shorts_04_i_OaxH7l,emotional_shorts,neutral,1.1949139,3.31738,-16.47119,-4.5419364,-7.8597884,-0.023266014,4.758034,-0.7313247,8.112342,3.9548526,5.8027396,2.6892743,-1.8415073,-3.894574,2
gacs_movie_trailers_00_0hc8yz5-_s0000,gacs_movie_trailers_00_0hc8yz5-,movie_trailers,intense,1.8726457,20.293797,-3.0161695,-7.306289,-1.341948,-7.096948,-3.9485319,-5.885661,-2.1479182,3.0082128,-1.4385132,0.4503626,-0.07478696,-2.733083,0
gacs_movie_trailers_00_0hc8yz5-_s0001,gacs_movie_trailers_00_0hc8yz5-,movie_trailers,serious,5.5914493,13.879362,-8.065002,-1.7546449,-0.59330857,-7.0595174,-7.8536444,-4.399865,-1.2504789,3.2513578,0.25868368,4.432207,-0.44189668,-3.221645,0
gacs_movie_trailers_00_0hc8yz5-_s0002,gacs_movie_trailers_00_0hc8yz5-,movie_trailers,mysterious,26.092377,-7.5524144,13.001834,-2.5793922,-3.83915,4.162742,-0.72661376,1.5769402,-0.672057,2.6596816,1.5199704,0.46618247,0.57148147,-0.33234948,1
gacs_movie_trailers_00_0hc8yz5-_s0003,gacs_movie_trailers_00_0hc8yz5-,movie_trailers,mysterious,-0.93218607,18.75845,11.375338,4.873797,-2.217316,-7.188915,-1.4397539,-0.97894424,-4.286908,-1.4240625,-0.59406275,3.0509427,-1.6117119,-0.75593656,0
gacs_movie_trailers_00_0hc8yz5-_s0004,gacs_movie_trailers_00_0hc8yz5-,movie_trailers,serene,-4.7236133,5.11862,14.331281,-12.160964,1.0504375,-6.9357944,-0.9419477,-4.0521517,0.33716753,-0.7682902,-0.81094676,-2.6859262,-5.1661944,1.0634961,2
gacs_movie_trailers_00_0hc8yz5-_s0005,gacs_movie_trailers_00_0hc8yz5-,movie_trailers,contemplative,5.0915647,2.9947236,-7.1668725,-7.486723,2.4700978,-6.56231,5.3851423,0.7195987,-3.4815438,0.28936732,-0.2663388,6.5604105,-1.7983637,-4.8504686,1
gacs_movie_trailers_00_0hc8yz5-_s0006,gacs_movie_trailers_00_0hc8yz5-,movie_trailers,casual,-17.87348,1.4434116,2.793815,-9.258328,0.5697043,3.60076,-0.12591654,0.8070335,-3.8904786,-2.3190928,-1.4540163,-1.7065898,0.9445429,-5.9020486,2
gacs_movie_trailers_00_0hc8yz5-_s0007,gacs_movie_trailers_00_0hc8yz5-,movie_trailers,warm,-16.35857,1.1604639,0.6236711,-7.678746,3.3584259,5.8770537,3.7204502,0.9017499,-6.996339,-1.7551214,0.20929793,-0.8926451,1.3106707,3.40027,2
gacs_movie_trailers_00_0hc8yz5-_s0008,gacs_movie_trailers_00_0hc8yz5-,movie_trailers,contemplative,12.237683,30.328508,-1.5863445,7.8456755,0.016189005,1.9903846,1.7312803,1.9440951,1.2383597,-2.9918444,0.16625205,-3.2008739,-0.054288957,-0.9266752,0
gacs_movie_trailers_00_0hc8yz5-_s0009,gacs_movie_trailers_00_0hc8yz5-,movie_trailers,melancholic,12.538031,27.537209,-2.9844565,7.539898,2.0601323,2.5434828,1.0846572,4.3032665,0.355111,-1.8166009,0.1237961,-0.8765284,0.48269647,2.4821863,0
gacs_movie_trailers_00_0hc8yz5-_s0010,gacs_movie_trailers_00_0hc8yz5-,movie_trailers,peaceful,-13.57962,9.757468,9.67483,-9.332627,5.8960066,-1.2950441,-0.12667565,-5.884441,2.9960673,-1.4451234,1.7225932,1.3435129,2.4584525,-0.6223444,2
gacs_movie_trailers_00_0hc8yz5-_s0011,gacs_movie_trailers_00_0hc8yz5-,movie_trailers,contemplative,12.78461,29.38615,-0.04691893,9.284433,4.400064,1.707383,1.6184409,3.2065217,1.9013867,-2.0083623,-0.00484818,-3.432982,-0.44656304,-0.10906527,0
gacs_movie_trailers_00_0hc8yz5-_s0012,gacs_movie_trailers_00_0hc8yz5-,movie_trailers,contemplative,7.9912205,31.633284,-6.5389905,7.2690816,-0.062295865,5.7578278,3.0854504,0.062029224,2.8411748,-2.7745018,-0.32986644,-3.585547,0.75471914,2.275622,0
gacs_movie_trailers_00_0hc8yz5-_s0013,gacs_movie_trailers_00_0hc8yz5-,movie_trailers,tense,9.241862,29.8768,-5.4681554,8.714703,2.5524864,2.1630287,2.2528472,0.929044,1.4969978,-1.8077506,0.087304115,-4.269371,2.1937668,0.55507016,0
gacs_movie_trailers_00_0hc8yz5-_s0014,gacs_movie_trailers_00_0hc8yz5-,movie_trailers,mysterious,20.180563,-6.7358484,7.5049644,-0.6221911,-6.7447886,-0.9117959,0.8201181,-0.102131166,-2.7205002,3.9635072,-3.1585815,-0.33907607,2.4575977,0.0779843,1
gacs_movie_trailers_00_0hc8yz5-_s0015,gacs_movie_trailers_00_0hc8yz5-,movie_trailers,solemn,-14.1930685,3.0928085,7.8786807,-7.6656566,2.1529295,0.8367319,4.853255,-0.25537953,-2.58175,-0.9499964,5.4314556,1.527722,2.5089111,3.8627262,2
gacs_movie_trailers_00_0hc8yz5-_s0016,gacs_movie_trailers_00_0hc8yz5-,movie_trailers,tense,26.30556,-4.637028,10.166339,-6.7015877,8.738438,2.5607295,2.742276,4.2598615,0.030853353,4.9485445,2.95467,1.7377099,1.0694603,-0.135034,1
gacs_movie_trailers_00_0hc8yz5-_s0017,gacs_movie_trailers_00_0hc8yz5-,movie_trailers,solemn,-6.585907,5.781285,6.4531765,-9.017002,-3.6471715,-1.8800881,13.094235,-0.99347043,-6.1027126,-0.24539278,4.7677197,-1.542268,0.5165271,1.261057,2
gacs_movie_trailers_00_0hc8yz5-_s0018,gacs_movie_trailers_00_0hc8yz5-,movie_trailers,tense,27.49885,-8.220028,11.306493,-7.249941,-2.032249,5.751237,-2.470921,0.09614252,1.5651618,0.4316268,0.99911976,-2.180652,-0.9808754,-0.331695,1
gacs_movie_trailers_00_0hc8yz5-_s0019,gacs_movie_trailers_00_0hc8yz5-,movie_trailers,contemplative,6.3619914,30.981468,-3.6398864,5.8717456,2.7558992,1.8938421,2.2806582,0.98591685,1.8580309,-1.9406208,0.14133778,-3.7229464,0.41299397,1.5421494,0
gacs_movie_trailers_00_0hc8yz5-_s0020,gacs_movie_trailers_00_0hc8yz5-,movie_trailers,claustrophobic,18.38041,-0.1740904,-2.4184399,-9.361371,-0.19739777,0.9708711,-2.727597,0.41244274,-0.3714496,-2.7025435,-1.0779128,1.9116021,-3.8856986,-1.3794091,1
gacs_movie_trailers_00_0hc8yz5-_s0021,gacs_movie_trailers_00_0hc8yz5-,movie_trailers,serious,9.389417,30.600456,-6.3194404,6.78873,-0.7994031,4.695864,2.0133152,0.9830236,3.466946,-2.7548985,-0.70754707,-3.9765399,1.0444243,1.3835111,0
gacs_movie_trailers_00_0hc8yz5-_s0022,gacs_movie_trailers_00_0hc8yz5-,movie_trailers,solemn,7.1372013,29.279646,-2.6153631,6.7636957,-1.492296,-0.06331383,1.9727365,0.99947125,-2.5864956,-1.8891186,-0.18125257,0.11091461,-1.4630541,-0.18861991,0
gacs_movie_trailers_00_0hc8yz5-_s0023,gacs_movie_trailers_00_0hc8yz5-,movie_trailers,peaceful,-14.151195,13.635925,10.035073,-6.977274,3.2693,0.27885595,0.6080088,-4.7672076,1.762684,-2.8723037,1.780432,0.667621,2.574265,0.1889811,2
gacs_movie_trailers_00_0hc8yz5-_s0024,gacs_movie_trailers_00_0hc8yz5-,movie_trailers,tense,9.60361,-5.0256996,-20.380749,-3.539017,11.955235,-0.43102753,-3.565721,-3.174299,0.0005524261,1.4294772,-1.8768157,0.4875073,-1.6518972,-1.4592553,1
gacs_movie_trailers_00_0hc8yz5-_s0025,gacs_movie_trailers_00_0hc8yz5-,movie_trailers,dramatic,-1.6426034,-2.8855429,-8.008421,1.3214952,-6.56889,-6.598026,5.327595,2.8307528,2.8218718,1.6479721,6.3166995,0.13423823,-0.2512656,-2.4010556,2
gacs_movie_trailers_00_0hc8yz5-_s0026,gacs_movie_trailers_00_0hc8yz5-,movie_trailers,solemn,-7.931795,5.8629355,0.8500692,-15.160272,-0.7529763,-1.3121554,2.868593,-0.79101473,-6.0495915,-1.1733854,0.9570782,-0.061692785,0.9647301,1.6560138,2
gacs_movie_trailers_00_0hc8yz5-_s0027,gacs_movie_trailers_00_0hc8yz5-,movie_trailers,concerned,15.750962,2.3383265,-5.297552,-5.570647,0.55643284,-3.4681983,-10.463717,-3.0820343,0.9661047,0.8122275,0.040515408,0.17359707,-4.8592167,-1.9497693,1
gacs_movie_trailers_00_0hc8yz5-_s0028,gacs_movie_trailers_00_0hc8yz5-,movie_trailers,intimate,11.765686,-7.6034155,-6.713458,-6.0515575,-8.197557,-1.4958813,1.169703,-3.357802,-6.8524923,1.9718304,-0.74883276,-1.5280392,-1.4768609,-0.3351096,1
gacs_movie_trailers_00_0hc8yz5-_s0029,gacs_movie_trailers_00_0hc8yz5-,movie_trailers,intimate,-4.685316,12.4764,-3.636123,-9.073844,-4.4878197,-4.718449,-6.627223,-5.2062464,-1.8553449,-0.6221815,-2.1598964,0.42987895,-0.369171,-2.8864336,2
gacs_movie_trailers_00_0hc8yz5-_s0030,gacs_movie_trailers_00_0hc8yz5-,movie_trailers,praising,-12.0101595,-7.1832237,1.6050735,7.930159,2.5717156,1.3957372,2.930543,0.5892171,-2.812308,2.1488748,6.329689,-2.3361747,-3.1298852,5.6300836,2
gacs_movie_trailers_00_0hc8yz5-_s0031,gacs_movie_trailers_00_0hc8yz5-,movie_trailers,calm,-14.777111,4.6566296,7.1662602,-7.7657685,-1.2778516,-0.6989642,-0.79883593,-5.176402,-1.4911592,-0.6215683,1.1454433,-2.458897,2.308361,2.304268,2
gacs_movie_trailers_00_0hc8yz5-_s0032,gacs_movie_trailers_00_0hc8yz5-,movie_trailers,tense,18.105062,-4.4729996,-9.642462,6.9391017,10.343722,-0.4540758,-3.0942614,-2.2993178,0.57730216,-0.3214619,2.7942162,4.7860923,0.1645994,-2.9053636,1
gacs_movie_trailers_00_0hc8yz5-_s0033,gacs_movie_trailers_00_0hc8yz5-,movie_trailers,tense,27.86667,-4.3932304,9.439552,-2.3291936,-6.540202,9.612296,3.4265172,-4.8444304,-0.95416,2.0746949,-0.29167077,1.3084278,-2.3947217,-2.966763,1
gacs_movie_trailers_00_0hc8yz5-_s0034,gacs_movie_trailers_00_0hc8yz5-,movie_trailers,intense,9.344766,12.474459,-2.3302562,-0.16449037,-1.7063067,-8.865832,-5.7912717,-5.619877,-6.2103276,3.2841387,0.32185817,3.6116087,-0.019785162,-5.573735,0
gacs_movie_trailers_00_0hc8yz5-_s0035,gacs_movie_trailers_00_0hc8yz5-,movie_trailers,happy,-16.670052,-1.5411757,-0.7379342,6.995158,-4.0352902,3.753956,-4.4507003,-0.3017772,0.3586943,3.567143,0.22070472,-0.9191766,1.817782,-2.3929243,2
gacs_movie_trailers_00_0hc8yz5-_s0036,gacs_movie_trailers_00_0hc8yz5-,movie_trailers,intriguing,-4.3851085,-7.1803613,-0.9123096,0.29814234,-1.7578174,-5.605603,7.60832,-0.23309807,-3.025515,-4.0930514,2.2958453,-4.146637,-0.37957028,0.67633474,2
gacs_movie_trailers_00_0hc8yz5-_s0037,gacs_movie_trailers_00_0hc8yz5-,movie_trailers,inquisitive,18.753292,-4.557672,-3.444026,1.432079,-5.896205,1.0177617,1.5462248,-4.3561,-0.94987714,6.3357415,-3.1836634,1.6002523,0.6116866,-0.9807506,1
gacs_movie_trailers_00_0hc8yz5-_s0038,gacs_movie_trailers_00_0hc8yz5-,movie_trailers,nostalgic,-17.370415,3.3412037,9.15761,-1.3108537,-1.8986293,1.6401967,1.3951448,-1.8332385,-1.3397057,-1.3887833,2.029815,-0.12767653,-0.17741644,-4.065501,2
gacs_movie_trailers_00_0hc8yz5-_s0039,gacs_movie_trailers_00_0hc8yz5-,movie_trailers,suspenseful,18.579575,-9.358053,-5.483425,-2.2239358,-4.634898,3.794522,3.125899,-8.398985,-1.185868,2.0514097,-1.5991573,-0.7934592,1.2858591,-0.11100644,1
gacs_movie_trailers_00_0hc8yz5-_s0040,gacs_movie_trailers_00_0hc8yz5-,movie_trailers,tense,12.705725,-8.668885,-4.337953,9.942658,-9.917641,-4.3602476,-1.2115265,-9.596027,-7.0131745,-0.5061064,-1.0572075,-2.452271,3.119711,-0.50712854,1
gacs_movie_trailers_00_0hc8yz5-_s0041,gacs_movie_trailers_00_0hc8yz5-,movie_trailers,calm,-18.698507,5.6114025,6.989248,-7.976668,3.4009416,2.3748286,-0.058359347,-4.087662,2.795842,-1.8509456,1.6811113,-0.4903627,1.8200529,-0.9166452,2
gacs_movie_trailers_00_0hc8yz5-_s0042,gacs_movie_trailers_00_0hc8yz5-,movie_trailers,serious,11.385832,14.431045,-1.9245487,-2.9485452,-0.10558464,-8.284279,-3.6876063,-3.4048378,-7.007764,2.8608696,-1.789828,3.0147119,-0.33563882,-4.378075,0
gacs_movie_trailers_00_0hc8yz5-_s0043,gacs_movie_trailers_00_0hc8yz5-,movie_trailers,serious,11.614563,15.583775,-10.8554535,0.95113826,0.5956659,2.57926,-0.27931762,-5.7940726,-6.6190724,-1.1539266,0.6961631,6.482062,-5.631948,-5.0092316,0
gacs_movie_trailers_00_0hc8yz5-_s0044,gacs_movie_trailers_00_0hc8yz5-,movie_trailers,pensive,-1.250648,18.709417,0.60567504,-7.500019,-0.24703369,-6.840933,-8.754165,-8.110605,-3.037859,1.397873,-0.058832943,-0.12918164,1.7532429,-2.5034797,0
gacs_movie_trailers_00_0hc8yz5-_s0045,gacs_movie_trailers_00_0hc8yz5-,movie_trailers,calm,-12.131359,-2.8366203,-5.694959,-0.72849166,-7.3884406,2.2884629,-6.812233,-0.5113859,-0.94121444,1.3680136,-5.5432577,-5.0551043,2.5421479,-1.4328693,2
gacs_movie_trailers_00_0hc8yz5-_s0046,gacs_movie_trailers_00_0hc8yz5-,movie_trailers,dark,26.56869,-4.873372,10.886313,-5.9384136,-5.4115868,6.7971406,0.30161396,0.5086626,2.5812793,5.635315,-2.8996956,-0.67376053,1.8318435,0.93715364,1
gacs_movie_trailers_00_0hc8yz5-_s0047,gacs_movie_trailers_00_0hc8yz5-,movie_trailers,eerie,26.67425,-4.1975465,9.334324,-5.853201,-7.29326,8.912634,1.9600371,-2.590379,1.76518,5.1684923,-3.2250495,-0.86549747,0.788329,1.0886588,1
gacs_movie_trailers_00_0hc8yz5-_s0048,gacs_movie_trailers_00_0hc8yz5-,movie_trailers,dark,26.811687,-2.2408829,9.938483,-6.047105,-6.4263062,7.771943,0.696234,-0.49612206,2.621734,4.9003873,-3.8961165,-0.6114014,0.76282895,0.8866514,1
gacs_movie_trailers_00_0hc8yz5-_s0049,gacs_movie_trailers_00_0hc8yz5-,movie_trailers,mysterious,24.445879,14.268629,11.325022,0.20167615,-5.233878,5.909449,3.9647615,3.2639747,1.4401737,0.087518536,-2.9162881,-1.9887781,-1.1979313,0.7374627,0
gacs_movie_trailers_00_0hc8yz5-_s0050,gacs_movie_trailers_00_0hc8yz5-,movie_trailers,tense,20.694036,-11.191318,-1.8249342,0.30873635,-0.67553467,1.7061938,0.45126796,-3.5298846,-2.7029042,3.0559072,0.17853752,-2.410759,2.8894768,-1.0759188,1
gacs_movie_trailers_00_0hc8yz5-_s0051,gacs_movie_trailers_00_0hc8yz5-,movie_trailers,serene,-6.0475016,17.818985,8.574454,-4.305821,-1.3360487,-0.6677273,4.4356904,-2.6063423,-0.69227916,1.1491799,3.319977,1.4345995,2.879723,3.453749,0
gacs_movie_trailers_00_0hc8yz5-_s0052,gacs_movie_trailers_00_0hc8yz5-,movie_trailers,mysterious,26.5156,-7.365627,13.362941,-3.8210053,-5.5483837,5.8196254,0.12882791,-0.37573785,1.278754,3.101512,-0.86660874,-1.0008736,0.93240833,1.7089612,1
gacs_movie_trailers_00_0hc8yz5-_s0053,gacs_movie_trailers_00_0hc8yz5-,movie_trailers,mysterious,23.35503,-6.084137,15.0455065,-4.258656,-3.2974064,1.236118,-0.56295246,2.9917812,0.20713441,3.51703,-2.390168,-0.7301263,-0.07870277,1.4352087,1
gacs_movie_trailers_00_0hc8yz5-_s0054,gacs_movie_trailers_00_0hc8yz5-,movie_trailers,tense,29.620937,-7.9265842,10.560588,-3.7264748,-2.3933225,6.99225,-1.2058758,0.5518546,-0.92564917,-2.8876452,3.5109048,-1.4795885,1.1821718,-1.7695125,1
gacs_movie_trailers_00_0hc8yz5-_s0055,gacs_movie_trailers_00_0hc8yz5-,movie_trailers,serious,-3.2330966,13.223284,-4.23088,-4.500336,-6.658319,-4.7717385,-5.361447,-6.6574545,-3.8448033,1.6201011,-2.6535435,-0.3935718,-0.2402315,-4.0013347,2
gacs_movie_trailers_00_0hc8yz5-_s0056,gacs_movie_trailers_00_0hc8yz5-,movie_trailers,mysterious,6.2129574,-6.1733704,11.839264,3.681551,-9.718119,-1.6121771,8.437666,-0.5065145,-8.943453,-1.0233449,-2.1482594,0.76391226,0.73783225,4.9038143,1
gacs_movie_trailers_00_0hc8yz5-_s0057,gacs_movie_trailers_00_0hc8yz5-,movie_trailers,dark,24.296652,-4.0394278,10.270696,-5.733601,-2.4475615,1.3924155,-2.5140138,2.6111484,1.6035726,6.3524737,-2.6792114,-0.91289705,0.73307157,1.0774156,1
gacs_movie_trailers_00_0hc8yz5-_s0058,gacs_movie_trailers_00_0hc8yz5-,movie_trailers,difficult,24.470089,-2.1163445,6.371998,-2.784172,0.78310215,-1.4776963,-3.7475402,2.1348596,0.9277132,-0.08221373,-0.5163908,1.5853276,-0.6044344,-1.6205661,1
gacs_movie_trailers_00_0hc8yz5-_s0059,gacs_movie_trailers_00_0hc8yz5-,movie_trailers,mysterious,23.112528,-5.512763,15.019489,-5.0494547,-2.782695,1.2891365,-0.45312318,4.260833,0.4382238,4.397782,-1.7453042,-0.4469383,0.43211445,1.7454358,1
gacs_movie_trailers_00_0hc8yz5-_s0060,gacs_movie_trailers_00_0hc8yz5-,movie_trailers,serious,9.227959,21.305346,-6.922273,1.5503948,3.5739868,-7.6340923,-6.231014,-0.5539773,-5.024984,2.8757825,-1.8799893,0.6150037,0.71118265,-1.9812691,0
gacs_movie_trailers_00_0hc8yz5-_s0061,gacs_movie_trailers_00_0hc8yz5-,movie_trailers,dark,27.318739,-3.0558708,11.370178,-6.064759,-6.818666,8.257354,0.75831217,-0.26983875,2.8413131,3.8962123,-3.6357903,-0.81329936,1.1448897,0.6222788,1
gacs_movie_trailers_00_0hc8yz5-_s0062,gacs_movie_trailers_00_0hc8yz5-,movie_trailers,dark,20.308105,21.106647,2.5765045,5.8549447,-7.5935807,4.4522457,6.399138,0.5474402,1.3104078,0.8582563,-4.6518726,-1.7441516,1.7712297,-0.5599726,0
gacs_movie_trailers_00_0hc8yz5-_s0063,gacs_movie_trailers_00_0hc8yz5-,movie_trailers,humorous,-17.217014,-0.4196558,1.5694722,-4.995599,1.99498,4.941007,1.1554354,1.3870691,-3.2765913,-2.40507,-5.3317423,-2.7293591,-1.0654334,-3.6182036,2
gacs_movie_trailers_00_0hc8yz5-_s0064,gacs_movie_trailers_00_0hc8yz5-,movie_trailers,serious,6.072315,-12.073607,-12.192236,17.315023,-4.57147,2.6141493,-2.343243,-10.624189,-7.6880226,-2.573525,1.3713474,-3.6143336,3.3626554,-0.05741854,1
gacs_movie_trailers_00_0hc8yz5-_s0065,gacs_movie_trailers_00_0hc8yz5-,movie_trailers,awkward,6.6021547,-12.326347,-11.53418,23.41323,-12.045426,9.056356,-3.9659765,-13.9656515,-4.823057,-4.295548,2.6904676,-5.17249,5.2869196,0.31394684,1
gacs_movie_trailers_00_0hc8yz5-_s0066,gacs_movie_trailers_00_0hc8yz5-,movie_trailers,dark,23.704424,15.392629,6.552647,2.1290345,-6.988582,7.665841,6.6930766,1.8427931,3.691354,1.8212098,-3.8347812,-1.0890528,-0.05229025,-0.09225752,0
gacs_movie_trailers_00_0hc8yz5-_s0067,gacs_movie_trailers_00_0hc8yz5-,movie_trailers,cozy,-3.993541,11.450292,6.531327,-3.6130786,-7.6555653,-5.490264,-0.4834316,-9.362621,-3.8607368,4.989382,0.4760426,0.5955655,1.3274864,-1.568768,2
gacs_movie_trailers_00_0hc8yz5-_s0068,gacs_movie_trailers_00_0hc8yz5-,movie_trailers,anticipatory,-0.3210501,-10.516958,1.771083,9.879962,-6.3490977,-5.6885085,-1.6415288,1.0185425,0.72652936,3.6397517,1.0647541,-3.6985195,-0.029292453,1.8449836,2
gacs_movie_trailers_00_0hc8yz5-_s0069,gacs_movie_trailers_00_0hc8yz5-,movie_trailers,vibrant,-14.088051,-6.801659,0.56406105,4.991496,3.6037066,-1.486345,2.4306674,1.0328454,2.6329887,0.15889743,0.38592353,-2.8142593,-1.2984076,-1.168917,2
gacs_movie_trailers_00_0hc8yz5-_s0070,gacs_movie_trailers_00_0hc8yz5-,movie_trailers,vibrant,-10.470081,-7.6461725,-4.0136952,5.0171914,0.24450606,-2.6423643,2.6169684,2.4102564,4.661355,1.7840945,2.4043493,-4.1710544,-1.9076957,-1.3069572,2
gacs_movie_trailers_00_0hc8yz5-_s0071,gacs_movie_trailers_00_0hc8yz5-,movie_trailers,dramatic,16.539064,-7.974217,-0.7025092,6.446197,-1.0004027,-7.600567,5.3817377,-1.9031423,0.7567219,0.85398716,-0.5711371,0.42946586,4.4294534,-3.3732774,1
gacs_movie_trailers_00_0hc8yz5-_s0072,gacs_movie_trailers_00_0hc8yz5-,movie_trailers,bold,-1.5371131,-10.946271,-5.1778092,5.749546,-5.040665,-7.9428315,1.8435225,2.2547357,2.9303045,-0.31075272,0.4942514,-3.0039175,3.741697,0.42404398,2
gacs_movie_trailers_00_erKw6Oyv_s0000,gacs_movie_trailers_00_erKw6Oyv,movie_trailers,mysterious,21.155743,-6.441297,12.422496,-0.8612321,-7.7925353,0.45821112,2.7325833,0.01804615,-1.8596061,4.67394,-4.3284087,-1.4470757,2.9708858,1.1409646,1
gacs_movie_trailers_00_erKw6Oyv_s0001,gacs_movie_trailers_00_erKw6Oyv,movie_trailers,mysterious,-15.463742,3.1711543,13.284463,-3.0955982,0.4884425,0.5757691,5.743391,-2.440497,0.62256294,-5.0365586,1.3938997,2.8073885,-0.9544522,1.456703,2
gacs_movie_trailers_00_erKw6Oyv_s0002,gacs_movie_trailers_00_erKw6Oyv,movie_trailers,calm,-13.886844,11.119349,1.8690081,-11.457525,0.26419505,-0.289579,-0.29761335,-5.2524085,3.9921057,2.515391,2.2838447,-1.8059859,3.2122612,0.2956413,2
gacs_movie_trailers_00_erKw6Oyv_s0003,gacs_movie_trailers_00_erKw6Oyv,movie_trailers,gloomy,24.001871,14.030023,6.08743,4.1527324,-8.984913,6.6652207,2.8355014,1.1441885,2.4318848,0.86321664,-4.0047646,1.2676572,-1.1836869,0.08341105,0
gacs_movie_trailers_00_erKw6Oyv_s0004,gacs_movie_trailers_00_erKw6Oyv,movie_trailers,intense,10.210942,-7.338907,-6.551985,-1.7060539,-3.797898,-0.6394896,6.9209495,-2.5018878,-8.732589,1.5057153,1.839165,0.019584017,-3.2602034,0.69276565,1
gacs_movie_trailers_00_erKw6Oyv_s0005,gacs_movie_trailers_00_erKw6Oyv,movie_trailers,mysterious,21.92284,-2.1151822,12.353972,-0.31056,-3.5822954,1.7750759,4.5656624,0.48534808,-0.15580617,6.6751823,-1.5383192,3.5232275,-0.8158102,1.4675019,1
gacs_movie_trailers_00_erKw6Oyv_s0006,gacs_movie_trailers_00_erKw6Oyv,movie_trailers,intense,14.47755,28.771664,-3.7223172,9.222677,-0.33634678,3.0024097,2.0243905,0.55394,2.371548,0.04241882,-2.424339,-3.2059634,2.0859773,-0.8071039,0
gacs_movie_trailers_00_erKw6Oyv_s0007,gacs_movie_trailers_00_erKw6Oyv,movie_trailers,mysterious,24.682098,-4.964571,12.943229,-4.6397433,-6.327119,2.7625093,1.2823431,0.37832114,-0.14786714,5.497233,-3.676867,-0.19599856,0.6452392,0.87757057,1
gacs_movie_trailers_00_erKw6Oyv_s0008,gacs_movie_trailers_00_erKw6Oyv,movie_trailers,futuristic,1.5934789,-8.595485,-11.092012,-0.9625335,-2.4637127,-2.5392911,3.7084236,1.6229386,2.8984447,-2.8768306,-0.56093013,-0.39761826,-1.4069597,3.2554677,2
gacs_movie_trailers_00_erKw6Oyv_s0009,gacs_movie_trailers_00_erKw6Oyv,movie_trailers,intense,12.476384,15.500576,-7.3197317,0.16985852,1.4294716,-6.8629723,-8.43568,-3.1309674,-3.4379652,0.079875626,0.45229048,3.3686998,-0.6425301,-3.3639786,0
gacs_movie_trailers_00_erKw6Oyv_s0010,gacs_movie_trailers_00_erKw6Oyv,movie_trailers,futuristic,12.901806,3.3953109,-1.2630608,1.6329278,-5.4972725,-3.3370347,7.5832705,-5.632529,-1.0103569,7.099433,-1.8004105,4.584661,-3.220916,-4.49139,1
gacs_movie_trailers_00_erKw6Oyv_s0011,gacs_movie_trailers_00_erKw6Oyv,movie_trailers,mysterious,19.247831,-5.126327,8.475113,2.1872787,-6.2940197,-1.255086,5.234547,-1.136226,-3.3393605,3.428756,-2.2074234,2.9322574,2.3009644,0.47531322,1
gacs_movie_trailers_00_erKw6Oyv_s0012,gacs_movie_trailers_00_erKw6Oyv,movie_trailers,dim,25.132515,-3.1738214,4.218134,-2.3716767,-8.853845,8.001444,2.5642128,-4.657766,2.3784032,3.7919638,-4.2077303,1.7303857,1.8612828,-1.5414209,1
gacs_movie_trailers_00_erKw6Oyv_s0013,gacs_movie_trailers_00_erKw6Oyv,movie_trailers,tense,27.550955,-4.4965944,11.998555,-6.4367695,-0.8911038,4.9545374,-0.43630108,1.3764998,2.4292095,5.2269535,-0.32978845,-0.5218935,0.082974605,-0.1740176,1
gacs_movie_trailers_00_erKw6Oyv_s0014,gacs_movie_trailers_00_erKw6Oyv,movie_trailers,mysterious,21.31548,-8.333204,12.790015,-3.004562,-6.5965986,0.17303391,1.8865994,1.6976303,-1.4472349,2.9006684,-3.3293529,-1.2036716,2.5955312,2.4587903,1
gacs_movie_trailers_00_erKw6Oyv_s0015,gacs_movie_trailers_00_erKw6Oyv,movie_trailers,tense,27.631329,-5.114136,11.00731,-7.1639366,-2.5145175,7.101841,0.6922942,-0.18967241,2.2992878,3.278495,-2.5634577,-1.4947386,0.97877824,-0.6560508,1
gacs_movie_trailers_00_erKw6Oyv_s0016,gacs_movie_trailers_00_erKw6Oyv,movie_trailers,mysterious,23.542982,-6.336322,6.7101145,-0.5857924,-8.309738,6.7201157,4.0645146,-4.2804875,-1.1379355,2.3853502,-2.5291452,1.598851,1.7112395,0.2643354,1
gacs_movie_trailers_00_erKw6Oyv_s0017,gacs_movie_trailers_00_erKw6Oyv,movie_trailers,intense,23.83862,-11.79422,4.8257384,-4.308004,16.56388,2.0541983,-0.33277878,-0.74749804,4.117555,2.501668,0.67736506,-3.2981944,2.3849456,0.10172088,1
gacs_movie_trailers_00_erKw6Oyv_s0018,gacs_movie_trailers_00_erKw6Oyv,movie_trailers,mysterious,25.121544,-6.4761615,15.459827,-5.1085668,-5.035236,3.646006,-0.21785016,2.0951777,-0.4223258,3.0880988,-1.9022617,-1.4734198,0.38543355,0.89095664,1
gacs_movie_trailers_00_erKw6Oyv_s0019,gacs_movie_trailers_00_erKw6Oyv,movie_trailers,tense,18.210457,-11.674803,-9.359701,-2.2894976,2.3131864,4.306362,5.2821884,-7.682765,-0.27994323,2.3150985,1.9045119,1.8691849,-1.0422457,-2.8082016,1
gacs_movie_trailers_00_erKw6Oyv_s0020,gacs_movie_trailers_00_erKw6Oyv,movie_trailers,mysterious,22.340237,-4.1237335,12.521764,-1.421721,-4.168529,1.6596627,2.4907944,1.82171,0.044197876,6.927769,-0.07135278,2.8472998,-1.0550328,0.7254089,1
gacs_movie_trailers_00_erKw6Oyv_s0021,gacs_movie_trailers_00_erKw6Oyv,movie_trailers,tense,25.854622,-6.26427,10.941315,-5.985278,-2.0301433,2.73022,2.6115537,1.1327153,-0.54494226,4.7765026,-3.7091155,-2.0889204,3.611338,-1.5122523,1
gacs_movie_trailers_00_erKw6Oyv_s0022,gacs_movie_trailers_00_erKw6Oyv,movie_trailers,mysterious,-6.896908,-6.863953,3.9623122,-0.13601328,-3.647282,-4.598363,-0.13277568,3.7469935,-2.8006766,-1.544473,-2.4372594,1.6196965,0.49578217,1.3212624,2
gacs_movie_trailers_00_erKw6Oyv_s0023,gacs_movie_trailers_00_erKw6Oyv,movie_trailers,anxious,19.42274,7.819133,0.6287373,2.0493076,6.38832,-7.32076,-6.3897676,1.6713636,-4.696273,2.082067,1.410635,2.9366708,-0.89488196,-3.5130973,1
gacs_movie_trailers_00_erKw6Oyv_s0024,gacs_movie_trailers_00_erKw6Oyv,movie_trailers,determined,8.334931,-7.0567436,-12.944476,1.3120012,3.6751587,-8.62726,0.1481674,3.4096613,1.0748993,1.9541384,0.7577038,2.1960022,0.8788428,1.6042962,1
gacs_movie_trailers_00_erKw6Oyv_s0025,gacs_movie_trailers_00_erKw6Oyv,movie_trailers,dark,26.361015,-4.182501,8.613088,-6.7191963,-7.132935,7.734818,1.8512007,-1.7762427,2.439265,4.7723107,-3.9687967,-0.306567,1.3496456,0.37233347,1
gacs_movie_trailers_00_erKw6Oyv_s0026,gacs_movie_trailers_00_erKw6Oyv,movie_trailers,desolate,24.97937,16.233839,4.7967124,2.891705,-4.7069674,7.058996,5.1136193,1.5969548,3.6376927,-0.5602031,-3.0941968,-1.3080969,-0.93525684,-0.62158036,0
gacs_movie_trailers_00_erKw6Oyv_s0027,gacs_movie_trailers_00_erKw6Oyv,movie_trailers,futuristic,-4.446242,-9.519457,-0.18558472,2.7456057,3.6094537,-1.9024266,6.4576216,0.07718731,-0.61079293,-1.0297084,0.8817469,-0.38656005,-4.571017,-4.0250015,2
gacs_movie_trailers_00_erKw6Oyv_s0028,gacs_movie_trailers_00_erKw6Oyv,movie_trailers,intense,12.435543,-9.216742,-11.740639,12.3922415,-11.589479,6.603037,-0.9930316,-13.037684,-1.0097054,-4.0795197,1.0812933,-1.315573,2.5213504,-1.0246936,1
gacs_movie_trailers_00_erKw6Oyv_s0029,gacs_movie_trailers_00_erKw6Oyv,movie_trailers,futuristic,6.636,-11.299021,-0.71781296,2.6524127,-4.8001842,-2.7384777,6.4135594,-4.2149987,0.1104469,0.20696735,-2.3849862,-1.3669858,-2.1652908,3.7061265,1
gacs_movie_trailers_00_erKw6Oyv_s0030,gacs_movie_trailers_00_erKw6Oyv,movie_trailers,dark,25.581364,-3.4331808,9.157632,-4.195394,-7.3522615,4.335614,1.0698369,-1.1064283,1.5209436,6.370295,-4.5854993,-0.11318819,2.8058083,0.54067117,1
gacs_movie_trailers_00_erKw6Oyv_s0031,gacs_movie_trailers_00_erKw6Oyv,movie_trailers,dark,26.533697,-2.105966,11.370569,-6.178478,-4.503861,5.107715,-0.6088497,0.8842461,2.7766855,6.8950434,-3.1592107,-0.028674712,0.87681377,1.026072,1
gacs_movie_trailers_00_erKw6Oyv_s0032,gacs_movie_trailers_00_erKw6Oyv,movie_trailers,tense,26.475143,-8.70701,11.13089,-6.3831506,-1.0957844,3.506126,-1.2437518,1.5274221,1.5591335,2.8219118,-1.6681812,-3.3875732,3.423471,0.07726827,1
gacs_movie_trailers_00_erKw6Oyv_s0033,gacs_movie_trailers_00_erKw6Oyv,movie_trailers,mysterious,26.465376,-4.6759024,14.360861,-4.684538,-6.580661,5.6824927,-0.07659833,0.9747997,0.13167953,4.3147864,-2.1655848,-0.9999809,0.4775161,1.2049633,1
gacs_movie_trailers_00_erKw6Oyv_s0034,gacs_movie_trailers_00_erKw6Oyv,movie_trailers,focused,11.175278,7.173266,-6.1186924,8.490878,-4.334278,-3.7416694,2.1983776,-4.294964,-1.1181706,10.090324,-4.221516,5.915305,1.770908,-4.889592,0
gacs_movie_trailers_00_erKw6Oyv_s0035,gacs_movie_trailers_00_erKw6Oyv,movie_trailers,intense,10.846711,6.512306,-4.027991,2.8974757,-0.40444818,-12.585246,-4.8938427,-3.6048217,-3.9126406,0.9962629,1.741828,6.738588,-0.48154113,-7.412507,1
gacs_movie_trailers_00_erKw6Oyv_s0036,gacs_movie_trailers_00_erKw6Oyv,movie_trailers,serious,10.141587,31.428602,-4.5094633,9.868441,1.8873335,4.4722986,2.3554726,1.861583,4.210114,-2.280821,-0.9807691,-4.019558,1.06508,1.0352492,0
gacs_movie_trailers_00_erKw6Oyv_s0037,gacs_movie_trailers_00_erKw6Oyv,movie_trailers,mysterious,23.744316,-5.6029572,11.002722,-4.4673524,-2.187983,3.7134933,3.8553782,0.9392974,-0.016031083,3.8863084,-0.25932065,2.5318406,0.6664205,1.486639,1
gacs_movie_trailers_00_erKw6Oyv_s0038,gacs_movie_trailers_00_erKw6Oyv,movie_trailers,devastating,21.131798,12.192148,-0.56698,-0.1583146,8.143027,7.0578094,5.468016,2.6110396,5.261826,-1.8320929,-2.3991752,2.2446082,-3.4552417,-0.0795602,0
gacs_movie_trailers_00_erKw6Oyv_s0039,gacs_movie_trailers_00_erKw6Oyv,movie_trailers,intense,20.037899,-5.7041736,-3.0499861,5.3883157,8.200285,-0.96843034,2.4777045,-5.292626,0.79064643,3.42172,-1.0175992,1.7511231,2.6392436,-4.2492704,1
gacs_movie_trailers_00_erKw6Oyv_s0040,gacs_movie_trailers_00_erKw6Oyv,movie_trailers,tense,18.988342,-8.2310095,1.135794,5.2703,-1.6710496,-2.7127423,4.7453384,-6.49374,-1.2564725,1.6370658,-3.257787,2.318556,3.3174217,-4.2992144,1
gacs_movie_trailers_00_erKw6Oyv_s0041,gacs_movie_trailers_00_erKw6Oyv,movie_trailers,eerie,26.987823,-3.1206582,7.578241,-4.9284873,-6.765011,10.352051,3.5808597,-3.9205973,1.8060014,4.312992,-2.5410664,1.0821044,0.50873315,-0.8481441,1
gacs_movie_trailers_00_erKw6Oyv_s0042,gacs_movie_trailers_00_erKw6Oyv,movie_trailers,tense,26.566046,-9.221797,9.672566,-4.9266615,-2.0249367,3.604784,-0.08382564,0.16358726,1.5543171,3.2350914,-1.5195099,-2.189934,3.4570196,-0.31175718,1
gacs_movie_trailers_00_erKw6Oyv_s0043,gacs_movie_trailers_00_erKw6Oyv,movie_trailers,intense,20.315039,-13.483919,2.6608045,0.9996236,4.468923,-1.5851678,3.4441419,-0.9751585,0.36991024,-1.1954304,0.6347189,-1.7085884,7.039262,-0.6497747,1
gacs_movie_trailers_00_erKw6Oyv_s0044,gacs_movie_trailers_00_erKw6Oyv,movie_trailers,intense,22.175968,-12.251944,7.8741274,-3.8697574,0.57636046,-1.9535254,1.2489687,0.24101833,1.1889316,1.9015266,-1.3374407,-2.218266,3.9975333,-0.42845416,1
gacs_movie_trailers_00_iKZyYdwS_s0000,gacs_movie_trailers_00_iKZyYdwS,movie_trailers,tense,26.84225,-9.568202,9.506611,-2.8324888,-0.5393739,1.8658125,-3.5091984,-0.2066429,1.7461078,3.0890796,0.25399682,-2.4868052,2.410347,-1.1207373,1
gacs_movie_trailers_00_iKZyYdwS_s0001,gacs_movie_trailers_00_iKZyYdwS,movie_trailers,mysterious,24.836582,-7.0944276,13.665375,-3.2305539,-6.4170094,4.8968363,0.7250743,0.5911992,0.47205165,3.0960586,-1.9561023,-1.1238642,0.4227373,1.7076416,1
gacs_movie_trailers_00_iKZyYdwS_s0002,gacs_movie_trailers_00_iKZyYdwS,movie_trailers,curious,-1.0386794,12.131196,-7.6233954,-0.51201665,-5.1455603,-6.1090164,-8.115343,-8.309513,-1.3622092,5.727721,-3.80212,0.6109587,-5.2692204,-4.8435817,0
gacs_movie_trailers_00_iKZyYdwS_s0003,gacs_movie_trailers_00_iKZyYdwS,movie_trailers,tense,26.353884,-8.435692,10.971949,-4.2891836,-5.5663404,4.0568748,-0.38675097,-1.2915637,-0.1458471,3.0800598,-2.4911578,-3.7927845,1.906325,0.22271258,1
gacs_movie_trailers_00_iKZyYdwS_s0004,gacs_movie_trailers_00_iKZyYdwS,movie_trailers,mysterious,26.10065,-5.1435013,14.649748,-4.7884607,-7.025249,5.5799136,0.60225785,0.05958063,0.069105566,2.819417,-2.939211,-1.3828737,0.0601609,1.1149417,1
gacs_movie_trailers_00_iKZyYdwS_s0005,gacs_movie_trailers_00_iKZyYdwS,movie_trailers,mysterious,24.367723,-6.186664,14.869942,-2.8082497,-5.8851013,3.9533033,1.2129873,2.242065,-0.42084754,3.9238405,-2.46714,-0.7425583,2.8721924,1.8705039,1
gacs_movie_trailers_00_iKZyYdwS_s0006,gacs_movie_trailers_00_iKZyYdwS,movie_trailers,mysterious,12.746036,-4.066518,4.39421,4.2125316,-13.288541,-1.6419437,3.7944052,-3.1153853,-3.918052,3.4901934,-6.9644146,1.32066,1.1550292,3.272817,1
gacs_movie_trailers_00_iKZyYdwS_s0007,gacs_movie_trailers_00_iKZyYdwS,movie_trailers,mysterious,19.827274,-2.9140244,4.9068227,4.530807,-9.692763,2.5084398,2.3283246,-4.101837,-3.9344373,3.2048314,-1.3855209,5.689987,-1.2502183,-3.1868806,1
gacs_movie_trailers_00_iKZyYdwS_s0008,gacs_movie_trailers_00_iKZyYdwS,movie_trailers,tense,25.326448,-9.542055,9.462742,-4.821792,1.2823017,0.0825126,-4.5727515,0.99825513,1.863266,1.681495,1.2813041,-2.4564817,1.3478845,-1.7420894,1
gacs_movie_trailers_00_iKZyYdwS_s0009,gacs_movie_trailers_00_iKZyYdwS,movie_trailers,tense,26.447443,-5.558781,10.173144,-5.4159827,-2.129819,2.9025068,-1.3246129,-0.031162022,0.93238086,5.795781,-2.8077936,-1.110107,1.0607084,-1.0571451,1
gacs_movie_trailers_00_iKZyYdwS_s0010,gacs_movie_trailers_00_iKZyYdwS,movie_trailers,contemplative,5.1708856,31.225546,-5.7627373,7.792346,1.0121412,4.843319,2.9227126,1.0737805,1.2421083,-1.1328117,0.76140326,-4.4497995,1.4469172,2.420161,0
gacs_movie_trailers_00_iKZyYdwS_s0011,gacs_movie_trailers_00_iKZyYdwS,movie_trailers,mysterious,8.854019,-8.508439,2.8651552,10.89182,-12.153772,-3.509506,-0.34753105,-2.2877743,-5.2758937,-0.44454163,-4.819584,-0.9390952,-0.39892483,3.9389708,1
gacs_movie_trailers_00_iKZyYdwS_s0012,gacs_movie_trailers_00_iKZyYdwS,movie_trailers,tense,26.351921,-8.475544,10.360792,-3.776623,-3.4775546,5.274718,-0.19346564,-1.4319012,0.6324697,3.0643046,-1.1302502,-1.2507696,1.1210696,-1.4795201,1
gacs_movie_trailers_00_iKZyYdwS_s0013,gacs_movie_trailers_00_iKZyYdwS,movie_trailers,tense,26.32703,-7.115848,9.499816,-4.323253,-4.7053843,3.6790037,-1.700362,-2.1152413,0.11876298,5.2741427,-2.3703938,-1.8913922,0.9601446,-1.316202,1
gacs_movie_trailers_00_iKZyYdwS_s0014,gacs_movie_trailers_00_iKZyYdwS,movie_trailers,intense,14.408379,0.1297055,-3.1100862,-2.505975,-2.8403163,-3.2398524,2.4594882,-2.0924757,-1.8014879,8.874215,-3.1543913,0.48500696,0.13917162,-1.7851918,1
gacs_movie_trailers_00_iKZyYdwS_s0015,gacs_movie_trailers_00_iKZyYdwS,movie_trailers,tense,26.583746,-8.650127,7.3093963,-4.1467304,-7.303866,6.0812235,-0.6103003,-3.3724105,0.019551905,4.215376,-1.9323523,-2.5315266,1.0687827,0.15665665,1
gacs_movie_trailers_00_iKZyYdwS_s0016,gacs_movie_trailers_00_iKZyYdwS,movie_trailers,tense,7.1433086,27.68205,-2.6433048,5.7891574,1.7124184,-2.6107647,-1.1301649,-0.99644595,-0.7535692,0.7368143,0.6423974,-2.3436139,1.4934951,-1.3144741,0
gacs_movie_trailers_00_iKZyYdwS_s0017,gacs_movie_trailers_00_iKZyYdwS,movie_trailers,mysterious,23.671364,-6.323895,13.485286,-3.6338558,-5.021858,2.630636,0.16742152,1.5371665,-0.04685804,4.7763386,-2.482742,-0.7477232,0.76356924,1.1310836,1
gacs_movie_trailers_00_iKZyYdwS_s0018,gacs_movie_trailers_00_iKZyYdwS,movie_trailers,ominous,26.796206,-5.864534,9.730696,-7.229359,-6.685186,7.1490517,1.637465,-1.593132,1.811471,3.186189,-2.8419464,-1.6779804,1.4136736,1.3307505,1
gacs_movie_trailers_00_iKZyYdwS_s0019,gacs_movie_trailers_00_iKZyYdwS,movie_trailers,tense,2.4073963,-13.084829,-2.2040195,6.5828433,1.0901698,-9.263481,4.291448,0.8748183,1.520602,-4.211244,-3.3944852,-1.5716743,5.959479,-0.5379688,1
gacs_movie_trailers_00_iKZyYdwS_s0020,gacs_movie_trailers_00_iKZyYdwS,movie_trailers,isolated,-12.321505,6.709985,9.112755,-8.9108515,3.7112749,-2.6947334,-1.2676375,-6.3609915,4.7453723,0.12425317,2.3024828,-0.01428922,0.28017852,2.0640883,2
gacs_movie_trailers_00_iKZyYdwS_s0021,gacs_movie_trailers_00_iKZyYdwS,movie_trailers,intense,26.897156,-8.067261,9.976422,-5.0345006,4.2685914,5.739314,3.7616491,0.99569595,1.8768532,3.0542984,2.88896,2.244964,0.56522655,-1.0491872,1
gacs_movie_trailers_00_iKZyYdwS_s0022,gacs_movie_trailers_00_iKZyYdwS,movie_trailers,somber,21.792673,20.080698,8.652803,0.52693176,-2.1194048,4.6441255,4.549736,4.7178783,0.9674501,-0.10208494,-2.119153,-1.9717364,-1.5833824,1.252531,0
gacs_movie_trailers_00_iKZyYdwS_s0023,gacs_movie_trailers_00_iKZyYdwS,movie_trailers,reflective,-4.390033,27.257751,2.918116,3.939643,0.9348434,0.07185214,0.124268115,-2.6749642,1.6659886,-3.6010664,1.760395,-1.8159578,2.5006444,1.2267233,0
gacs_movie_trailers_00_iKZyYdwS_s0024,gacs_movie_trailers_00_iKZyYdwS,movie_trailers,somber,10.104935,4.652272,-2.4308035,4.9297748,-5.8224344,-7.0849185,-5.3479867,3.3148112,-4.6842756,1.724417,1.3760093,2.8646994,3.6685722,0.12848397,1
gacs_movie_trailers_00_iKZyYdwS_s0025,gacs_movie_trailers_00_iKZyYdwS,movie_trailers,comforting,-6.366983,6.930086,0.8710071,-8.445162,-2.8551283,-1.8943471,-2.5510638,1.4956417,-4.1833787,0.73370475,2.666313,2.4809978,4.6854343,3.9203103,2
gacs_movie_trailers_00_iKZyYdwS_s0026,gacs_movie_trailers_00_iKZyYdwS,movie_trailers,sad,12.0273695,29.711952,-4.017891,12.500723,0.23084345,4.1247177,2.459185,3.2225711,3.3178096,-2.2433367,-0.881463,-3.1297002,1.5142065,0.38173026,0
gacs_movie_trailers_00_iKZyYdwS_s0027,gacs_movie_trailers_00_iKZyYdwS,movie_trailers,mysterious,17.71263,-7.861306,13.653011,-0.500664,-9.208767,0.33004493,0.3205408,1.0996794,-1.3136737,2.9852204,-5.00733,-1.9263095,1.1495676,3.4288464,1
gacs_movie_trailers_00_iKZyYdwS_s0028,gacs_movie_trailers_00_iKZyYdwS,movie_trailers,intense,14.885151,-11.449908,-10.230524,1.8221769,24.975006,-0.47060016,1.8285418,-3.4320734,3.1138053,-1.2177968,-3.7770243,-3.4370358,1.9109697,0.3704393,1
gacs_movie_trailers_00_iKZyYdwS_s0029,gacs_movie_trailers_00_iKZyYdwS,movie_trailers,intimate,-12.580646,6.974838,-1.6691303,-2.7451932,-3.4153597,-0.29962587,-4.6112,-0.50498486,-3.9407797,4.587598,1.6035665,3.0209494,1.826487,-1.5989288,2
gacs_movie_trailers_00_iKZyYdwS_s0030,gacs_movie_trailers_00_iKZyYdwS,movie_trailers,eerie,24.633646,-2.8038468,6.87102,-5.017802,-3.2409136,7.3751454,3.4789953,-1.3422298,2.6016443,6.928063,-0.6731383,1.9630636,-0.6197054,0.69430023,1
gacs_movie_trailers_00_iKZyYdwS_s0031,gacs_movie_trailers_00_iKZyYdwS,movie_trailers,tense,27.238613,-6.1320715,10.791492,-7.0155635,-2.7725086,5.258736,-0.5971899,0.30836675,2.8800526,3.307899,-2.5108764,-1.4963468,1.3674483,0.21969397,1
gacs_movie_trailers_00_iKZyYdwS_s0032,gacs_movie_trailers_00_iKZyYdwS,movie_trailers,nostalgic,-15.554902,1.0257723,12.273167,2.5674286,1.3762035,-2.4885812,-0.20779613,2.0417562,-0.110238925,-2.514842,-0.95297545,1.1663346,-1.184267,-0.38730076,2
gacs_movie_trailers_00_iKZyYdwS_s0033,gacs_movie_trailers_00_iKZyYdwS,movie_trailers,collaborative,-5.5651245,-1.9600605,-5.654875,0.80866116,-5.967609,-5.7016745,-4.7543607,3.3564696,3.419063,-1.8693228,-6.98665,-1.3176233,-1.6434214,-0.3984131,2
gacs_movie_trailers_00_iKZyYdwS_s0034,gacs_movie_trailers_00_iKZyYdwS,movie_trailers,tender,-7.548628,6.704902,0.6644845,-6.7705746,-3.7084968,-6.4533477,-3.2985334,-1.9999855,-7.22113,1.9944816,1.6214852,0.22922716,3.0105195,-1.1920252,2
gacs_movie_trailers_00_iKZyYdwS_s0035,gacs_movie_trailers_00_iKZyYdwS,movie_trailers,warm,-6.1720405,9.2538185,1.2855395,-7.3331075,-2.814209,-2.8126934,-3.8302052,-3.5832477,-0.08538047,3.9701228,0.2465109,3.3940554,0.8763228,-2.717629,2
gacs_movie_trailers_00_iKZyYdwS_s0036,gacs_movie_trailers_00_iKZyYdwS,movie_trailers,somber,7.8139086,21.410343,2.3135116,3.1731524,-0.42795968,-7.3703127,-1.2726568,-0.6290342,-5.856013,3.674404,0.56814504,-0.42684087,1.9350258,-4.599749,0
gacs_movie_trailers_00_iKZyYdwS_s0037,gacs_movie_trailers_00_iKZyYdwS,movie_trailers,emotional,17.482203,22.196222,2.2880924,8.206718,4.2082534,-0.35034844,0.7923665,6.4161134,0.8411858,-0.83784336,2.1955514,-3.3150136,2.215601,0.80030996,0
gacs_movie_trailers_00_iKZyYdwS_s0038,gacs_movie_trailers_00_iKZyYdwS,movie_trailers,mysterious,22.892023,-2.9041548,12.45385,-2.4387248,-4.243816,1.4886606,0.8589402,2.4010463,-0.6917608,7.374159,-1.9068552,1.0868663,0.33420658,2.271876,1
gacs_movie_trailers_00_iKZyYdwS_s0039,gacs_movie_trailers_00_iKZyYdwS,movie_trailers,tense,26.870573,-7.913568,12.164832,-5.220094,-1.2327578,3.4632883,0.25010446,1.4114044,0.6341849,3.562743,-1.2647364,-1.7240492,3.5092404,0.0055682613,1
gacs_movie_trailers_00_iKZyYdwS_s0040,gacs_movie_trailers_00_iKZyYdwS,movie_trailers,eerie,27.407763,-5.0121145,11.406276,-5.5694213,-6.2095084,8.324928,0.9527923,-1.370053,1.604355,3.3005848,-1.8433669,-1.248082,0.32830015,0.7708569,1
gacs_movie_trailers_00_iKZyYdwS_s0041,gacs_movie_trailers_00_iKZyYdwS,movie_trailers,tense,27.395546,-9.877949,9.882588,-4.507093,-2.6017332,5.1017637,-0.7270208,-1.9292443,1.8340961,2.1670096,-0.50667006,-1.4812249,1.4287084,-0.21419865,1
gacs_movie_trailers_00_iKZyYdwS_s0042,gacs_movie_trailers_00_iKZyYdwS,movie_trailers,intense,27.621231,-7.630695,12.231509,-4.472271,-3.723956,5.678959,-0.8010958,-0.79335964,2.1218154,3.8745384,0.0042381254,-1.4537519,0.4708779,-0.492844,1
gacs_movie_trailers_00_iKZyYdwS_s0043,gacs_movie_trailers_00_iKZyYdwS,movie_trailers,tense,26.571665,-7.7449555,10.200574,-6.754282,-1.7991623,3.408658,-0.024380073,0.66217345,1.2217584,3.7172124,-2.3191614,-2.5980742,3.3275332,-0.19129796,1
gacs_movie_trailers_00_iKZyYdwS_s0044,gacs_movie_trailers_00_iKZyYdwS,movie_trailers,dark,26.111532,-3.6301947,7.6066785,-5.029343,-8.498065,9.948997,3.7921388,-3.6590233,1.6245224,3.3173592,-2.3428319,1.2865245,-0.07027611,0.3668763,1
gacs_movie_trailers_00_iKZyYdwS_s0045,gacs_movie_trailers_00_iKZyYdwS,movie_trailers,ominous,22.588648,2.0456157,-2.0432687,-1.2091924,-5.166706,4.977492,7.489077,-3.290442,1.8899007,7.3412585,-2.6908607,4.75013,0.6966738,-2.232998,1
gacs_movie_trailers_00_iKZyYdwS_s0046,gacs_movie_trailers_00_iKZyYdwS,movie_trailers,intense,27.315378,-9.391783,10.118472,0.8321113,-0.10918691,5.3193364,1.40459,-3.2349892,2.701771,2.2603576,2.0428417,1.1732265,2.3341408,-1.4083501,1
gacs_movie_trailers_00_iKZyYdwS_s0047,gacs_movie_trailers_00_iKZyYdwS,movie_trailers,tense,25.050291,-10.875568,9.608763,-3.2393959,1.7344161,0.82948893,-4.9298997,2.3997524,2.0637722,-0.052963648,1.7448566,-3.753368,1.8287673,-1.0781213,1
gacs_movie_trailers_00_iKZyYdwS_s0048,gacs_movie_trailers_00_iKZyYdwS,movie_trailers,dark,26.729452,-5.147805,11.378201,-4.860497,-6.247617,5.0691776,0.3201588,0.17027731,1.8013803,4.3437233,-3.3690424,-0.6134005,2.1513078,0.3841524,1
gacs_movie_trailers_00_iKZyYdwS_s0049,gacs_movie_trailers_00_iKZyYdwS,movie_trailers,tense,27.046082,-7.4507694,8.320807,-6.5494747,-4.376242,5.563555,0.41068307,-1.0117157,0.5874967,4.0052114,-1.2440065,-1.4493712,0.46952984,-0.22377111,1
gacs_movie_trailers_00_iKZyYdwS_s0050,gacs_movie_trailers_00_iKZyYdwS,movie_trailers,tense,21.802103,-6.7252693,-0.98213416,-3.6712234,3.2316964,-1.9684092,-6.3876777,1.034277,2.6021643,-0.4560563,0.8437793,0.61291337,-1.0605924,-0.32467845,1
gacs_movie_trailers_00_iKZyYdwS_s0051,gacs_movie_trailers_00_iKZyYdwS,movie_trailers,dark,24.783571,-3.6624322,12.520151,-6.381733,1.1625403,1.1026684,1.1519735,3.7633634,2.1540084,7.0789795,0.2045638,1.6436079,1.7479056,0.49725744,1
gacs_movie_trailers_00_iKZyYdwS_s0052,gacs_movie_trailers_00_iKZyYdwS,movie_trailers,dark,25.325132,-5.028287,10.886624,-4.5137644,-2.9790816,2.415514,-0.44431266,1.3729402,2.160428,6.060083,-2.3390386,0.40280446,2.7677894,1.266561,1
gacs_movie_trailers_00_iKZyYdwS_s0053,gacs_movie_trailers_00_iKZyYdwS,movie_trailers,terrifying,27.087626,-7.094732,11.483099,-6.295306,-4.7035694,7.1034327,0.68697566,0.13796808,2.1405556,0.9909735,-0.6572101,-0.6638679,0.45390606,0.55347335,1
gacs_movie_trailers_00_iKZyYdwS_s0054,gacs_movie_trailers_00_iKZyYdwS,movie_trailers,tense,26.776827,-9.612136,9.903697,-4.645227,-2.3303747,3.4318252,-3.812487,-0.032485824,1.9518136,2.7351553,0.11064846,-3.174266,1.296592,-0.8604299,1
gacs_movie_trailers_00_iKZyYdwS_s0055,gacs_movie_trailers_00_iKZyYdwS,movie_trailers,tense,26.027248,-8.984033,11.003335,-5.8997955,-0.21158722,2.0481958,-1.0119164,1.8077849,1.2248888,3.5200307,-1.5396761,-3.0067132,3.2658176,-0.35243037,1
gacs_movie_trailers_00_iKZyYdwS_s0056,gacs_movie_trailers_00_iKZyYdwS,movie_trailers,intense,22.15205,-11.1308,8.281838,-2.7866194,0.4165453,-2.9589763,0.8617055,2.624032,2.3701923,1.38689,-3.379918,-1.4941446,6.0485315,-1.5604172,1
gacs_movie_trailers_00_iKZyYdwS_s0057,gacs_movie_trailers_00_iKZyYdwS,movie_trailers,joyful,-18.304344,-4.340198,8.86658,2.548097,1.4271542,1.4299519,-0.5807508,0.44614995,-0.7485104,-0.7254226,-1.3186469,-0.34096736,-2.2028,-0.7550623,2
gacs_movie_trailers_00_iKZyYdwS_s0058,gacs_movie_trailers_00_iKZyYdwS,movie_trailers,dramatic,7.588758,0.41940314,-2.6563938,6.295912,4.729605,-9.636447,6.836414,2.295921,-7.3790545,-2.6299555,-2.784159,2.056434,6.424949,-2.5147939,1
gacs_movie_trailers_00_iKZyYdwS_s0059,gacs_movie_trailers_00_iKZyYdwS,movie_trailers,intense,27.570105,-11.516508,10.536158,-1.5138254,5.120791,2.3801935,-3.879956,2.1958013,2.2910004,-4.032905,3.0345602,-1.6026484,2.9735403,-1.9109886,1
gacs_movie_trailers_00_iKZyYdwS_s0060,gacs_movie_trailers_00_iKZyYdwS,movie_trailers,tense,27.06627,-6.2243567,11.126842,-6.374134,-0.7905438,2.8454392,-0.5577706,1.3970866,1.8628305,4.0827374,-1.8012271,-1.2782828,2.3569665,-0.7791893,1
gacs_movie_trailers_00_iKZyYdwS_s0061,gacs_movie_trailers_00_iKZyYdwS,movie_trailers,dark,26.994984,-5.39717,11.414378,-5.5738115,-3.7527716,7.5197086,0.63482475,0.6720936,2.9153624,4.426207,-1.5919113,0.091950744,1.9142592,1.1094569,1
gacs_movie_trailers_00_iKZyYdwS_s0062,gacs_movie_trailers_00_iKZyYdwS,movie_trailers,tense,26.484478,-6.4143033,8.731419,-7.9611034,2.4397724,3.951842,1.4910342,1.5178901,0.73551893,5.1822243,-3.2875361,-2.0050766,1.8708057,-0.9696192,1
gacs_movie_trailers_00_iKZyYdwS_s0063,gacs_movie_trailers_00_iKZyYdwS,movie_trailers,distressed,14.867181,26.380785,0.60194814,9.93548,1.8610694,3.710852,-1.4826016,4.021325,3.2813869,-0.036578484,-0.9541087,-0.5112433,-2.4065025,0.64416283,0
gacs_movie_trailers_00_iKZyYdwS_s0064,gacs_movie_trailers_00_iKZyYdwS,movie_trailers,intense,13.851105,28.363272,-4.511784,6.911988,2.283061,4.190504,2.6147866,3.3302326,2.5472,-0.7565608,-0.50390583,-2.9490726,-0.5104024,0.30174118,0
gacs_movie_trailers_00_iKZyYdwS_s0065,gacs_movie_trailers_00_iKZyYdwS,movie_trailers,intense,23.932095,-4.992012,7.441683,2.3369343,3.3566215,-3.6434588,-7.3811975,4.833724,0.60512125,-0.23746826,1.8120903,0.3220537,0.37583613,-1.7746164,1
gacs_movie_trailers_00_iKZyYdwS_s0066,gacs_movie_trailers_00_iKZyYdwS,movie_trailers,emotional,-2.0078125,23.272488,0.60158515,2.1140711,-0.26592436,0.17343032,-1.3283806,1.5292699,-2.0779247,1.9749091,0.89733744,2.2759168,2.206552,0.63014233,0
gacs_movie_trailers_00_iKZyYdwS_s0067,gacs_movie_trailers_00_iKZyYdwS,movie_trailers,tense,26.028376,-6.903459,10.74522,-6.9693007,1.6586635,2.337141,-2.5252447,3.497699,1.6544523,4.062908,1.0019585,-1.2619783,1.364374,0.8967843,1
gacs_movie_trailers_00_iKZyYdwS_s0068,gacs_movie_trailers_00_iKZyYdwS,movie_trailers,intense,25.820011,-6.177784,11.62821,-5.8967776,-1.6440991,2.3282082,-0.6256584,2.5320876,2.0729797,6.22447,-1.2488256,-1.2699852,2.024689,0.4684016,1
gacs_movie_trailers_00_iKZyYdwS_s0069,gacs_movie_trailers_00_iKZyYdwS,movie_trailers,intense,23.2046,-7.651134,9.547608,-2.3078318,-3.3057482,-2.0978436,-1.6673489,1.6459924,1.7813168,5.838477,-1.9829026,-1.9042325,3.9227114,-0.06654939,1
gacs_movie_trailers_00_iKZyYdwS_s0070,gacs_movie_trailers_00_iKZyYdwS,movie_trailers,intense,19.526186,-6.937986,9.000714,-6.579119,1.5620054,-4.593781,2.7222755,5.4684086,-0.7355953,5.120173,-3.8900447,-0.46084496,4.8218136,-1.827621,1
gacs_movie_trailers_00_iKZyYdwS_s0071,gacs_movie_trailers_00_iKZyYdwS,movie_trailers,mysterious,19.885935,-9.413443,11.856926,-2.513878,-6.788803,0.43519175,1.4343718,0.66824967,-1.6360873,2.171341,-4.1419697,-2.4333503,1.8360772,2.4409037,1
gacs_movie_trailers_00_iKZyYdwS_s0072,gacs_movie_trailers_00_iKZyYdwS,movie_trailers,tense,26.87172,-8.9721575,11.107877,-5.3629217,-2.7769682,4.2331605,-0.5346543,0.38898334,1.3378509,3.3358448,-1.5045342,-2.6186702,2.9661016,-0.29643005,1
gacs_movie_trailers_00_iKZyYdwS_s0073,gacs_movie_trailers_00_iKZyYdwS,movie_trailers,tense,26.451979,-8.934882,10.351258,-5.542842,-2.147183,4.072032,0.29193276,0.21855685,1.1289389,3.4078395,-1.3919151,-2.058635,2.7170017,-0.518773,1
gacs_movie_trailers_00_iKZyYdwS_s0074,gacs_movie_trailers_00_iKZyYdwS,movie_trailers,mysterious,27.086042,-6.2735634,13.7810955,-6.0197377,-6.9260454,6.9866877,-0.8538092,-0.38777122,0.111147,2.0246687,-0.9534142,-2.7770624,-0.57297695,0.84830266,1
gacs_movie_trailers_00_iKZyYdwS_s0075,gacs_movie_trailers_00_iKZyYdwS,movie_trailers,retro,23.876915,-9.613144,8.33793,-1.1324149,-8.983955,2.616953,-1.905899,-2.697614,1.3896068,2.4957817,-3.6359122,-4.1409664,2.6211221,0.8752668,1
gacs_movie_trailers_00_iKZyYdwS_s0076,gacs_movie_trailers_00_iKZyYdwS,movie_trailers,dark,24.646906,-5.020631,10.211384,-6.9082155,-3.7759852,3.789855,0.79672587,1.3451988,1.554634,5.0287457,-4.7533283,-1.8174095,3.0342755,0.6335064,1
gacs_movie_trailers_00_iKZyYdwS_s0077,gacs_movie_trailers_00_iKZyYdwS,movie_trailers,intense,15.501907,-9.853443,-12.039545,1.8215587,28.010128,7.4473596,2.749779,-7.808458,3.5283215,1.9146907,-0.49593857,-3.0430071,-0.70477843,4.315694,1
gacs_movie_trailers_00_iKZyYdwS_s0078,gacs_movie_trailers_00_iKZyYdwS,movie_trailers,mysterious,26.385845,-6.7936716,14.321799,-3.9628365,-6.8065977,5.9848204,-0.67757964,0.74542856,0.92724967,2.9461486,-1.834346,-1.174015,1.1012793,1.593639,1
gacs_movie_trailers_00_iKZyYdwS_s0079,gacs_movie_trailers_00_iKZyYdwS,movie_trailers,conclusive,3.8428016,11.933349,7.787125,0.86194414,-4.9964995,-7.665376,3.403831,4.630365,-4.345694,2.9135945,1.5841222,3.0632222,3.5162477,-1.0953972,0
gacs_movie_trailers_00_iKZyYdwS_s0080,gacs_movie_trailers_00_iKZyYdwS,movie_trailers,mysterious,19.881721,-8.378539,13.912134,-2.4838789,-6.124556,-0.31980908,1.1753485,2.1473258,-2.5760155,3.5339518,-3.7528346,-2.3939075,2.459071,2.2050931,1
gacs_movie_trailers_00_iKZyYdwS_s0081,gacs_movie_trailers_00_iKZyYdwS,movie_trailers,intense,1.9147938,-7.8889832,-10.346524,7.5790963,12.690074,-3.386953,1.2650572,-3.708902,0.057152107,1.108558,-1.3771174,-0.86392397,-2.7890272,-3.2979107,2
gacs_movie_trailers_00_iKZyYdwS_s0082,gacs_movie_trailers_00_iKZyYdwS,movie_trailers,mysterious,23.210125,-6.6754737,14.466811,-4.5053334,-5.1477146,2.6764336,-0.13184394,2.507621,0.8940918,4.9840393,-1.3041875,-1.3901006,0.7519645,1.8357912,1
gacs_movie_trailers_00_iKZyYdwS_s0083,gacs_movie_trailers_00_iKZyYdwS,movie_trailers,sleek,-1.4072665,0.23252776,-8.789754,0.5058929,-8.75558,-7.1999836,4.9576645,2.6738703,5.2743793,4.6138783,2.3195238,-1.0339917,0.8177363,-6.1131954,2
gacs_movie_trailers_00_iKZyYdwS_s0084,gacs_movie_trailers_00_iKZyYdwS,movie_trailers,formal,-4.8656707,-5.6009064,-10.534333,0.35506728,-7.482003,-2.6281977,2.1245093,2.4949315,7.067886,1.940664,3.9481573,-4.7454567,-2.38602,-2.0774918,2
gacs_movie_trailers_02_1pHDWnXm_s0000,gacs_movie_trailers_02_1pHDWnXm,movie_trailers,intense,12.865831,29.17197,-5.8068285,11.019351,0.9303815,4.328507,3.7423227,1.7809755,3.803224,-0.43042177,-0.5782009,-3.7758765,0.5722279,0.3537739,0
gacs_movie_trailers_02_1pHDWnXm_s0001,gacs_movie_trailers_02_1pHDWnXm,movie_trailers,intense,8.953919,6.7269497,-6.62179,6.478078,14.386265,-8.19872,-3.757572,2.744669,-2.7301805,9.819449,-1.0273079,4.08509,0.19899963,-3.63057,0
gacs_movie_trailers_02_1pHDWnXm_s0002,gacs_movie_trailers_02_1pHDWnXm,movie_trailers,clean,-2.686115,0.9087214,-13.118642,-4.9713154,-9.242897,-1.9349699,3.316196,3.1809907,8.022197,3.8307028,7.1186547,-0.2246704,-1.9833193,-4.8895745,2
gacs_movie_trailers_02_1pHDWnXm_s0003,gacs_movie_trailers_02_1pHDWnXm,movie_trailers,tense,26.790548,7.9855995,6.1599765,1.7195623,1.5545098,2.6728034,3.0636027,0.68607944,1.2762696,2.9279811,-2.536853,-1.4806968,2.8661227,-3.9190018,1
gacs_movie_trailers_02_1pHDWnXm_s0004,gacs_movie_trailers_02_1pHDWnXm,movie_trailers,suspenseful,20.914026,-7.99432,0.565948,1.9299117,-2.480288,1.0168614,2.3153481,-7.481582,-1.1133891,4.359212,0.69315076,3.0558085,-0.76392496,-2.5175426,1
gacs_movie_trailers_02_1pHDWnXm_s0005,gacs_movie_trailers_02_1pHDWnXm,movie_trailers,tense,11.414488,27.610624,-6.213142,14.295283,2.9170136,1.5433009,0.9367463,3.9021206,2.7198906,-0.88822633,0.50258946,-4.3315306,3.3555236,0.8444753,0
gacs_movie_trailers_02_1pHDWnXm_s0006,gacs_movie_trailers_02_1pHDWnXm,movie_trailers,majestic,-13.339718,7.4438095,11.645377,-1.7722132,3.1234457,-2.8317537,2.681443,-3.6135085,1.7755213,0.88817334,4.1055512,1.8027866,1.0631249,1.9491946,2
gacs_movie_trailers_02_1pHDWnXm_s0007,gacs_movie_trailers_02_1pHDWnXm,movie_trailers,serious,1.0082424,5.5889425,-5.9962635,-3.9640908,-2.4054666,-3.4942594,3.5733683,-3.881751,-6.334406,7.4673023,4.7228556,2.132688,-2.1223502,-1.6135229,2
gacs_movie_trailers_02_1pHDWnXm_s0008,gacs_movie_trailers_02_1pHDWnXm,movie_trailers,serious,-3.409249,12.32092,-3.4346244,0.54554635,-2.7235644,-10.309413,-3.5508506,-3.2449145,-1.9685713,8.3680935,0.28987893,1.6038845,0.79712766,-3.176874,2
gacs_movie_trailers_02_1pHDWnXm_s0009,gacs_movie_trailers_02_1pHDWnXm,movie_trailers,tense,17.10071,5.9870276,-2.0301569,2.5097425,0.66569304,-6.8998585,-1.9250659,-5.472924,-6.3117375,8.343339,-2.9242046,0.7927224,2.0974624,-4.957678,1
gacs_movie_trailers_02_1pHDWnXm_s0010,gacs_movie_trailers_02_1pHDWnXm,movie_trailers,tense,5.2462926,-10.266257,0.85735106,5.399508,8.9363,-7.02411,1.5430365,-3.5957024,-2.2418952,2.193392,0.9341724,-0.9338703,1.5058693,-2.5776823,1
gacs_movie_trailers_02_1pHDWnXm_s0011,gacs_movie_trailers_02_1pHDWnXm,movie_trailers,intense,27.962587,-7.882999,10.002456,-2.1187692,-4.0233517,6.7688093,1.0989561,-2.9168854,1.0086254,2.480724,1.3738458,-0.10471751,-0.4714063,-2.7245345,1
gacs_movie_trailers_02_1pHDWnXm_s0012,gacs_movie_trailers_02_1pHDWnXm,movie_trailers,intense,12.989317,-13.00795,-9.541053,10.354492,11.890208,-1.4261881,-0.96128696,-4.8443146,0.3446115,-4.107305,2.9145143,0.76940924,2.442553,-3.3093143,1
gacs_movie_trailers_02_1pHDWnXm_s0013,gacs_movie_trailers_02_1pHDWnXm,movie_trailers,intense,17.178366,-12.495871,-9.429537,7.7335963,23.337059,0.22885625,-2.10252,-4.8560085,-0.08556726,-1.7548642,1.7930529,-2.169574,2.177592,-0.49378243,1
gacs_movie_trailers_02_1pHDWnXm_s0014,gacs_movie_trailers_02_1pHDWnXm,movie_trailers,tense,-0.21575464,-8.566233,-8.493377,-0.47295672,5.190735,-8.130558,4.9446526,-1.1341074,-0.3530487,3.0403767,2.3393345,-2.18896,2.5474982,1.862541,2
gacs_movie_trailers_02_1pHDWnXm_s0015,gacs_movie_trailers_02_1pHDWnXm,movie_trailers,tense,24.766874,-10.715278,10.206823,-4.22585,-0.7737961,-0.06325441,-0.5055471,1.7653114,0.9195877,1.6271902,-0.87621295,-2.800186,4.6371994,-1.3153617,1
gacs_movie_trailers_02_1pHDWnXm_s0016,gacs_movie_trailers_02_1pHDWnXm,movie_trailers,tense,23.397068,-12.250405,8.592872,-2.7837164,2.4769356,-2.0833304,0.10568018,2.0032594,0.9299743,0.2090344,0.039950762,-1.8174189,5.835437,-1.104393,1
gacs_movie_trailers_02_1pHDWnXm_s0017,gacs_movie_trailers_02_1pHDWnXm,movie_trailers,serious,16.285112,24.299213,3.3201222,8.115534,-0.2479304,1.1435316,-2.3731506,5.910919,3.9069479,-0.09625124,-0.87278086,-3.6670682,-0.4515805,0.63065624,0
gacs_movie_trailers_02_1pHDWnXm_s0018,gacs_movie_trailers_02_1pHDWnXm,movie_trailers,intense,10.657041,30.76098,-4.3617134,9.38535,4.4325757,0.91750824,-0.59794885,0.83269215,2.5329893,-0.742789,-1.1642408,-3.60583,1.8367475,-1.5886505,0
gacs_movie_trailers_02_1pHDWnXm_s0019,gacs_movie_trailers_02_1pHDWnXm,movie_trailers,intense,27.336632,-5.934185,11.919897,-3.9118917,-3.3325918,7.1966524,0.11162569,-1.0010315,2.176868,4.241377,-1.211522,-0.78936535,0.5495277,-0.53876704,1
gacs_movie_trailers_02_1pHDWnXm_s0020,gacs_movie_trailers_02_1pHDWnXm,movie_trailers,tense,27.579287,-7.2584133,11.589055,-5.477419,1.3924402,3.632053,-0.6388599,1.1105888,1.7070103,3.2061658,-0.27329448,-2.7275007,1.9257231,-0.9305518,1
gacs_movie_trailers_02_1pHDWnXm_s0021,gacs_movie_trailers_02_1pHDWnXm,movie_trailers,warm,-15.237191,5.2167745,7.1124997,-2.9937675,1.3397914,-2.0526235,2.382533,-4.9195333,3.981775,0.82001376,2.624024,1.9699363,0.2705572,2.1151834,2
gacs_movie_trailers_02_1pHDWnXm_s0022,gacs_movie_trailers_02_1pHDWnXm,movie_trailers,mysterious,11.92039,0.086863466,10.4427595,-4.9559665,-7.821089,0.20590527,8.1339035,-2.9136553,-6.554156,-0.02214802,1.6831253,1.2813954,-1.514278,3.6980903,1
gacs_movie_trailers_02_1pHDWnXm_s0023,gacs_movie_trailers_02_1pHDWnXm,movie_trailers,somber,4.5494943,21.83053,2.6702507,0.34080923,-1.2483085,-7.9046288,-4.2522087,-4.3703084,-4.3883276,0.14805779,0.27363914,0.594776,-0.07837491,-3.8855536,0
gacs_movie_trailers_02_1pHDWnXm_s0024,gacs_movie_trailers_02_1pHDWnXm,movie_trailers,serious,11.782432,-1.1473081,-10.70262,-1.9103384,-0.25784004,-2.1487021,-2.1659138,2.8184738,1.051819,-0.20646797,2.7941573,2.4901361,2.8451946,5.152354,1
gacs_movie_trailers_02_1pHDWnXm_s0025,gacs_movie_trailers_02_1pHDWnXm,movie_trailers,tense,11.323013,-3.1225152,-14.624426,3.0463214,7.259101,-0.70431864,0.09272686,-4.41099,-2.9775698,1.2450116,1.8256694,5.3781915,-0.7519633,-7.7722406,1
gacs_movie_trailers_02_1pHDWnXm_s0026,gacs_movie_trailers_02_1pHDWnXm,movie_trailers,serene,-2.8496747,16.885149,0.91854274,1.7353276,-3.8292625,0.69883806,5.446436,-0.69057107,-0.6925564,0.0027857218,6.6360273,-0.4193498,5.4201097,8.130442,0
gacs_movie_trailers_02_1pHDWnXm_s0027,gacs_movie_trailers_02_1pHDWnXm,movie_trailers,intense,16.819302,-13.033051,-5.9673223,6.2734547,11.668973,2.1528358,2.5766644,-6.8538013,1.7273192,-4.6939683,3.5937698,0.77299535,3.887484,-1.9113635,1
gacs_movie_trailers_02_1pHDWnXm_s0028,gacs_movie_trailers_02_1pHDWnXm,movie_trailers,dramatic,-5.607704,-7.411175,-0.6369177,8.080154,1.6170504,-7.7034297,5.775449,1.0367168,3.8987625,-1.6809436,-2.0559976,-0.09961321,3.0244787,-0.6100793,2
gacs_movie_trailers_02_1pHDWnXm_s0029,gacs_movie_trailers_02_1pHDWnXm,movie_trailers,intense,6.327118,-12.740463,-8.169001,6.491893,10.423147,-7.0271745,2.4451938,-1.2325923,2.8509772,-4.328774,-0.28838038,-0.8163615,5.0441327,-0.5759056,1
gacs_movie_trailers_02_1pHDWnXm_s0030,gacs_movie_trailers_02_1pHDWnXm,movie_trailers,explosive,21.900812,-12.962416,3.7586517,1.0032974,2.7291753,-1.8762362,-0.8162745,0.7050459,2.0384166,-0.80884737,1.2972863,-1.9637154,6.8266296,0.10528073,1
gacs_movie_trailers_02_1pHDWnXm_s0031,gacs_movie_trailers_02_1pHDWnXm,movie_trailers,intense,14.042548,-6.430966,-15.400689,-3.282454,0.13231678,1.1099958,1.852001,-6.497447,0.60164374,1.3904538,1.5569985,2.544516,-0.9074319,-1.1200702,1
gacs_movie_trailers_02_1pHDWnXm_s0032,gacs_movie_trailers_02_1pHDWnXm,movie_trailers,serious,4.115109,8.535323,-5.4838457,-8.381317,-1.9229317,-9.594324,-4.4779997,-3.1447277,-4.4433136,-0.4680692,-1.3452483,0.89929396,3.2310066,-1.5232104,2
gacs_movie_trailers_02_1pHDWnXm_s0033,gacs_movie_trailers_02_1pHDWnXm,movie_trailers,serious,-4.7555676,-2.3053217,-12.842553,-2.9727044,-4.27831,-4.5706735,-3.8348439,4.411276,3.9041111,1.6494069,-0.38117057,-0.19595386,1.9778152,-2.7716625,2
gacs_movie_trailers_02_1pHDWnXm_s0034,gacs_movie_trailers_02_1pHDWnXm,movie_trailers,heroic,-4.5544763,-9.395108,-1.0388583,7.0678053,0.087006874,-7.8939347,1.5710077,2.2572615,4.9883895,1.1189868,-1.8188251,-0.18791206,0.722587,4.8810472,2
gacs_movie_trailers_02_1pHDWnXm_s0035,gacs_movie_trailers_02_1pHDWnXm,movie_trailers,quiet,23.953718,3.6423812,8.743339,-6.387487,-5.9577765,3.0028508,-2.5884614,-3.5605028,3.5328894,4.470252,-4.4028053,-1.3723743,0.4127868,0.50701046,1
gacs_movie_trailers_02_1pHDWnXm_s0036,gacs_movie_trailers_02_1pHDWnXm,movie_trailers,heroic,0.7732348,-10.62743,-3.4005446,4.7582846,6.7116714,-8.787766,3.174794,3.422676,2.3905318,-1.8910912,-4.2612844,-0.1838122,4.771793,-1.5322034,2
gacs_movie_trailers_02_1pHDWnXm_s0037,gacs_movie_trailers_02_1pHDWnXm,movie_trailers,heroic,-4.527491,-5.923974,-8.238076,6.738865,-1.3448629,-7.728266,1.3122694,3.0619776,4.5535064,1.8068658,-2.4011505,0.07642354,1.5068179,-0.63357496,2
gacs_movie_trailers_02_1pHDWnXm_s0038,gacs_movie_trailers_02_1pHDWnXm,movie_trailers,intense,16.226877,-13.221874,5.186401,-1.9827614,4.2421536,-5.385811,5.814484,1.9479098,-0.14227693,0.062196046,-3.597087,-1.6927136,6.273434,-3.6382093,1
gacs_movie_trailers_02_1pHDWnXm_s0039,gacs_movie_trailers_02_1pHDWnXm,movie_trailers,tense,18.976326,-12.246611,8.082475,-3.6778677,0.6362079,-4.2706175,2.4350886,2.5213792,0.48584113,0.81083775,-2.862359,-3.3997195,6.6244683,-2.6281657,1
gacs_movie_trailers_02_1pHDWnXm_s0040,gacs_movie_trailers_02_1pHDWnXm,movie_trailers,dramatic,14.847142,-11.5431,13.42609,-1.2096045,-0.5894377,-6.5825157,1.2731557,3.4894598,2.5889206,-1.0857513,-1.8320638,-2.558381,5.099023,1.2572255,1
gacs_movie_trailers_02_1pHDWnXm_s0041,gacs_movie_trailers_02_1pHDWnXm,movie_trailers,tense,26.993002,-8.938406,9.477802,-3.3996835,0.34963974,4.463239,-1.0846962,-1.1162343,0.99173766,3.6396468,-0.28570867,-2.125838,2.5680175,-0.7465013,1
gacs_movie_trailers_02_1pHDWnXm_s0042,gacs_movie_trailers_02_1pHDWnXm,movie_trailers,tense,26.534445,-10.137659,10.274457,-4.246054,-4.1328173,4.396366,-0.64474374,-1.8091329,0.5531307,2.8250153,0.072905205,-2.6762123,1.6105866,-0.45060998,1
gacs_movie_trailers_02_1pHDWnXm_s0043,gacs_movie_trailers_02_1pHDWnXm,movie_trailers,explosive,12.779167,-11.011005,-6.9786873,11.905824,11.506245,-0.12808655,0.9070662,-6.323388,2.582281,-4.9124823,3.196373,0.08980574,4.049769,-2.3511999,1
gacs_movie_trailers_02_1pHDWnXm_s0044,gacs_movie_trailers_02_1pHDWnXm,movie_trailers,chaotic,23.08272,-10.367991,7.729921,-1.4792529,-0.22677721,-1.4800168,-0.5153033,1.0010831,2.7451448,0.2881894,0.1151404,-1.2002994,4.982586,-0.2567405,1
gacs_movie_trailers_02_1pHDWnXm_s0045,gacs_movie_trailers_02_1pHDWnXm,movie_trailers,somber,5.7136536,30.568487,-2.5991616,9.162567,0.75280994,5.0377665,3.326729,1.5633705,4.228412,-2.825037,0.42119622,-3.8711243,2.34702,2.2837372,0
gacs_movie_trailers_02_1pHDWnXm_s0046,gacs_movie_trailers_02_1pHDWnXm,movie_trailers,somber,-0.46313247,25.489145,0.78638643,8.255771,-0.6950622,2.3018289,3.4567986,2.044483,1.1936778,-2.1002564,3.0757282,-3.6847312,4.9158115,4.501585,0
gacs_movie_trailers_02_1pHDWnXm_s0047,gacs_movie_trailers_02_1pHDWnXm,movie_trailers,formal,-2.4023452,-1.0170068,1.3853073,-11.502244,5.263687,0.01669665,5.2423325,5.02282,-6.8369346,-3.7360246,4.694461,-0.061725684,0.26523963,5.4823246,2
gacs_movie_trailers_02_1pHDWnXm_s0048,gacs_movie_trailers_02_1pHDWnXm,movie_trailers,somber,11.792289,27.416414,-3.9859462,8.091319,-3.6991136,-0.1095714,-1.0765723,-2.145449,-0.15684822,-1.178738,-2.4340994,-0.103021525,-1.7602444,-3.2308328,0
gacs_movie_trailers_02_1pHDWnXm_s0049,gacs_movie_trailers_02_1pHDWnXm,movie_trailers,mysterious,20.059664,-8.537108,12.120309,-4.3102446,-2.525067,-1.9204533,-0.39628205,4.0298576,-1.0504812,3.5784874,-2.8618772,-1.1463335,2.3374712,1.6148381,1
gacs_movie_trailers_02_1pHDWnXm_s0050,gacs_movie_trailers_02_1pHDWnXm,movie_trailers,dark,22.894377,1.5873978,7.51623,-4.344221,-1.9348063,2.831659,4.3405,2.2381482,2.4560103,10.002415,-2.6067822,4.38853,0.064878225,-0.37734506,1
gacs_movie_trailers_02_1pHDWnXm_s0051,gacs_movie_trailers_02_1pHDWnXm,movie_trailers,intense,11.222765,-5.3110714,-10.808565,-1.5273902,6.081691,-7.863016,-3.8495486,-0.15235184,0.35337955,2.6053383,-1.6864535,3.441321,0.44344524,-1.3315084,1
gacs_movie_trailers_02_1pHDWnXm_s0052,gacs_movie_trailers_02_1pHDWnXm,movie_trailers,mysterious,24.791803,-7.037242,12.700851,-4.2905135,-3.4727335,2.4201012,-2.1629968,2.0586355,0.32389316,4.327927,-1.782872,-1.2757887,0.3837584,1.7270191,1
gacs_movie_trailers_02_1pHDWnXm_s0053,gacs_movie_trailers_02_1pHDWnXm,movie_trailers,intense,-11.342069,-9.729024,9.35173,4.3590164,5.5873246,-5.087445,3.205664,3.0911899,1.6999255,-5.615198,-1.0794842,-1.0141604,1.9859226,-1.5249834,2
gacs_movie_trailers_02_1pHDWnXm_s0054,gacs_movie_trailers_02_1pHDWnXm,movie_trailers,intense,7.9923363,-14.0371685,-0.38887528,2.737362,7.0022416,-9.202038,4.9562235,0.7872871,3.2916188,-2.8993428,-0.8543909,0.7134033,5.5891266,-3.022591,1
gacs_movie_trailers_02_1pHDWnXm_s0055,gacs_movie_trailers_02_1pHDWnXm,movie_trailers,heroic,-4.3770366,-8.443228,-5.500668,9.119239,1.3302572,-9.110934,4.284171,0.9884069,4.2171006,-0.68727154,-2.1213548,0.38855132,2.396309,0.14718091,2
gacs_movie_trailers_02_1pHDWnXm_s0056,gacs_movie_trailers_02_1pHDWnXm,movie_trailers,tense,27.020258,-9.585659,10.185175,-6.326268,0.3204412,4.6017337,1.5306172,-0.48260912,1.7989593,2.5374036,0.45066762,-1.7117671,2.8064399,-0.84257126,1
gacs_movie_trailers_02_1pHDWnXm_s0057,gacs_movie_trailers_02_1pHDWnXm,movie_trailers,tense,27.486912,-8.650913,11.311067,-6.493973,0.7179962,5.6914716,0.14303929,-0.1255607,1.792243,2.9892178,0.6298571,-1.5128155,1.8327552,-0.16142064,1
gacs_movie_trailers_02_1pHDWnXm_s0058,gacs_movie_trailers_02_1pHDWnXm,movie_trailers,heroic,-5.695372,-7.5736966,-6.0376334,8.223583,1.9963391,-7.5814543,3.3572743,1.4034536,4.646542,1.3528227,-3.7671106,0.7718609,-0.07328116,-0.24962749,2
gacs_movie_trailers_02_1pHDWnXm_s0059,gacs_movie_trailers_02_1pHDWnXm,movie_trailers,intense,12.8272505,-12.209797,-3.9279103,9.76217,15.863147,-3.5587614,0.16229509,-3.2280018,1.0980182,-2.6272542,2.4947097,-0.0018858535,3.4362483,-4.03212,1
gacs_movie_trailers_02_1pHDWnXm_s0060,gacs_movie_trailers_02_1pHDWnXm,movie_trailers,bold,4.888215,-4.2011476,-4.5452743,5.5200977,-3.7702658,-10.144153,-2.1419582,5.050881,2.0620255,2.9863884,2.012726,0.8262459,2.4859655,1.1391687,1
gacs_movie_trailers_02_1pHDWnXm_s0061,gacs_movie_trailers_02_1pHDWnXm,movie_trailers,hopeful,-13.423059,-2.3092566,0.60946757,-2.6731806,-4.521143,-2.8611262,-0.48970094,1.8579202,6.1597676,2.0893636,-1.6536943,0.41907984,-2.1140745,2.3246212,2
gacs_movie_trailers_02_1pHDWnXm_s0062,gacs_movie_trailers_02_1pHDWnXm,movie_trailers,intense,25.458809,-10.53421,12.325839,-6.1409426,1.2647811,1.5665132,-4.782764,2.934791,2.2779531,-2.13497,1.7537583,-3.4686518,1.0239975,-0.43390095,1
gacs_movie_trailers_02_1pHDWnXm_s0063,gacs_movie_trailers_02_1pHDWnXm,movie_trailers,tense,19.358904,-9.4777155,-7.023791,-7.10297,16.49311,0.3422781,1.0927694,-0.9011977,0.95394677,2.7259858,-2.1893759,-0.8812702,0.31021583,-1.6107394,1
gacs_movie_trailers_02_1pHDWnXm_s0064,gacs_movie_trailers_02_1pHDWnXm,movie_trailers,bold,1.2802026,-6.8052106,-11.820545,0.7988971,-2.9125562,-6.691526,1.532195,3.8610754,5.3876853,2.6648068,3.4690266,-2.924789,0.28556627,2.0496364,2
gacs_movie_trailers_02_1pHDWnXm_s0065,gacs_movie_trailers_02_1pHDWnXm,movie_trailers,tense,2.1451316,-7.3665614,-14.324372,0.1997753,0.78247255,-3.065787,1.4636669,0.6936039,-0.32557714,1.7261089,-2.00222,-0.04654938,1.2131301,-3.1658878,2
gacs_movie_trailers_02_1pHDWnXm_s0066,gacs_movie_trailers_02_1pHDWnXm,movie_trailers,intense,17.51547,-10.091362,-4.8335342,2.736744,22.444805,-4.64511,-3.3702526,2.965201,-0.4232418,0.19012947,2.7221668,-1.6508429,3.5599074,0.43334666,1
gacs_movie_trailers_02_1pHDWnXm_s0067,gacs_movie_trailers_02_1pHDWnXm,movie_trailers,tense,23.778225,-10.495947,6.3574333,-5.3574247,1.2866697,-1.5210981,-2.4881246,2.1130424,1.7191551,2.65413,-1.5268444,-3.3754299,4.606031,-0.14454803,1
gacs_movie_trailers_02_1pHDWnXm_s0068,gacs_movie_trailers_02_1pHDWnXm,movie_trailers,intense,15.106487,3.3303123,1.5448805,-3.2422905,24.432457,0.05441954,2.4716535,2.7957435,2.3193853,10.263003,-1.2164935,2.299455,-3.0125916,0.15087064,1
gacs_movie_trailers_02_1pHDWnXm_s0069,gacs_movie_trailers_02_1pHDWnXm,movie_trailers,intense,5.5787144,-9.57409,-3.221714,6.5038614,2.5492744,-9.0208645,3.8897789,-2.3502278,1.049658,-1.9477776,-4.971896,1.0034031,1.9211158,-3.4812944,1
gacs_movie_trailers_02_1pHDWnXm_s0070,gacs_movie_trailers_02_1pHDWnXm,movie_trailers,tense,20.924177,-10.46006,7.4490995,-2.7873433,-3.4252036,-3.6192336,-0.20315908,0.10204849,-0.097006395,4.1314397,1.2522712,-3.8008492,3.2302012,1.1322005,1
gacs_movie_trailers_02_1pHDWnXm_s0071,gacs_movie_trailers_02_1pHDWnXm,movie_trailers,intense,10.818545,-11.232784,-14.331749,-4.807845,18.441023,-0.43699005,2.6425912,-0.02351235,-1.0548168,1.0142165,-4.323191,-1.54322,2.023914,0.025235612,1
gacs_movie_trailers_02_1pHDWnXm_s0072,gacs_movie_trailers_02_1pHDWnXm,movie_trailers,intense,-3.868549,-10.68403,0.1794446,7.044055,5.5152392,-9.765738,5.03465,1.4375286,4.0484605,-2.3259852,-3.8150373,-1.222781,4.6850777,-3.1295772,2
gacs_movie_trailers_02_1pHDWnXm_s0073,gacs_movie_trailers_02_1pHDWnXm,movie_trailers,mysterious,26.800442,-5.455946,12.993878,-4.701354,-7.0962076,6.8312554,0.13548878,-0.09060078,0.869338,3.5263958,-2.215436,-0.7685796,-0.09253302,1.5045362,1
gacs_movie_trailers_02_1pHDWnXm_s0074,gacs_movie_trailers_02_1pHDWnXm,movie_trailers,tense,20.594242,-5.068305,-8.1714115,6.092494,3.593845,1.0208293,-1.444636,-6.8666296,0.19837822,0.9971449,2.0926733,5.271539,0.008154891,-5.3364825,1
gacs_movie_trailers_02_1pHDWnXm_s0075,gacs_movie_trailers_02_1pHDWnXm,movie_trailers,intense,1.6791492,-9.510861,-2.7051122,3.9950633,2.599001,-10.4842,3.327841,1.8903745,2.5438375,1.1769251,-2.5574915,2.1463144,2.445001,-5.0019565,2
gacs_movie_trailers_02_1pHDWnXm_s0076,gacs_movie_trailers_02_1pHDWnXm,movie_trailers,serious,-6.2539105,-7.265757,-1.7876053,-2.9915478,-1.3397518,-3.4148612,1.8510944,4.1295843,2.050572,0.8795056,5.2842903,1.1020702,0.67717195,6.158822,2
gacs_movie_trailers_02_1pHDWnXm_s0077,gacs_movie_trailers_02_1pHDWnXm,movie_trailers,urgent,8.709427,-8.183733,-10.782679,4.7887816,0.22750862,-6.6038976,-4.809796,2.118852,4.2729893,-1.7236023,0.2728631,-0.19205642,2.3755028,3.0485966,1
gacs_movie_trailers_02_1pHDWnXm_s0078,gacs_movie_trailers_02_1pHDWnXm,movie_trailers,somber,16.13938,9.530581,3.9982083,-0.33913943,1.3983837,-8.928755,-3.4408164,2.2869313,-7.308463,1.7957151,-0.60266864,0.286197,4.1517243,-5.14869,1
gacs_movie_trailers_02_1pHDWnXm_s0079,gacs_movie_trailers_02_1pHDWnXm,movie_trailers,intense,10.880002,-6.6853714,-17.174162,1.4328017,27.556355,7.9951825,5.2196474,-7.428992,2.2948484,3.5365396,-2.9529068,-1.6344718,-1.592532,3.6433165,1
gacs_movie_trailers_02_1pHDWnXm_s0080,gacs_movie_trailers_02_1pHDWnXm,movie_trailers,tense,10.721808,-10.016222,-13.53035,3.627862,-7.2157907,2.0299523,-3.9760904,-7.202311,-0.98879075,-3.6240964,1.0602591,0.7823276,-2.6065972,-1.0397837,1
gacs_movie_trailers_02_1pHDWnXm_s0081,gacs_movie_trailers_02_1pHDWnXm,movie_trailers,intense,11.922435,-7.6094375,-16.498964,3.3524709,29.633871,7.6476526,1.7421316,-8.810762,3.8741431,0.91110647,-1.7444917,-3.9187615,-2.024945,4.7545996,1
gacs_movie_trailers_02_1pHDWnXm_s0082,gacs_movie_trailers_02_1pHDWnXm,movie_trailers,intense,21.382605,-13.325263,2.085909,3.4398546,9.281328,-1.0654085,-4.019703,-0.08598866,2.2762556,-2.3131747,3.021302,-1.3935837,3.3916383,-2.6357446,1
gacs_movie_trailers_02_1pHDWnXm_s0083,gacs_movie_trailers_02_1pHDWnXm,movie_trailers,chaotic,19.50074,-11.339623,-3.0350022,6.4036694,5.8451586,3.4308753,-0.88464624,-5.800514,4.38809,-4.1200867,4.9492936,1.1501613,4.520916,-0.70905286,1
gacs_movie_trailers_02_1pHDWnXm_s0084,gacs_movie_trailers_02_1pHDWnXm,movie_trailers,intense,6.6538196,-7.394784,-13.479025,8.957869,9.139418,-6.914017,4.3600993,-2.0038788,0.78869987,-0.98485124,-0.95636183,-1.0927147,6.2250175,-2.5776944,1
gacs_movie_trailers_02_1pHDWnXm_s0085,gacs_movie_trailers_02_1pHDWnXm,movie_trailers,heroic,-5.975926,-5.6658096,-4.8745775,4.693,3.4821754,-7.7864847,-1.2448498,2.4731438,6.4776115,4.3834743,-2.6081924,2.197043,-1.0812042,5.6334276,2
gacs_movie_trailers_02_1pHDWnXm_s0086,gacs_movie_trailers_02_1pHDWnXm,movie_trailers,heroic,-9.47205,-9.11413,-0.5693281,5.264574,0.13043608,-7.2468925,-0.21744937,4.8924756,4.6022673,1.9783659,-1.7535998,-1.6515454,-1.0525104,-0.6814846,2
gacs_movie_trailers_02_1pHDWnXm_s0087,gacs_movie_trailers_02_1pHDWnXm,movie_trailers,angry,8.086875,-6.7324705,-20.126154,4.7644424,25.884079,6.395144,-0.3117174,-9.457959,2.655267,0.7287932,-4.727785,-3.9443352,-3.6575751,4.1227584,1
gacs_movie_trailers_02_1pHDWnXm_s0088,gacs_movie_trailers_02_1pHDWnXm,movie_trailers,intense,19.747126,-14.220634,-4.473576,5.301003,20.477991,2.256528,-1.6566441,-4.7335196,2.519842,-4.1188927,3.0491056,-2.1439233,2.0940418,-2.402714,1
gacs_movie_trailers_02_1pHDWnXm_s0089,gacs_movie_trailers_02_1pHDWnXm,movie_trailers,heroic,-11.512656,-9.653,4.023904,2.8448005,1.5833242,-5.524122,2.1829374,4.500392,3.8037343,-4.1748843,-4.0347056,-3.1180763,0.5712986,-2.2221463,2
gacs_movie_trailers_02_1pHDWnXm_s0090,gacs_movie_trailers_02_1pHDWnXm,movie_trailers,intense,11.374453,-8.214987,-17.064455,5.04037,28.7586,6.2578607,0.15729178,-8.673959,3.027173,1.1934509,-1.8799971,-4.1028347,-0.49319923,3.9337738,1
gacs_movie_trailers_02_1pHDWnXm_s0091,gacs_movie_trailers_02_1pHDWnXm,movie_trailers,dramatic,10.484142,-8.343625,-17.127726,7.698555,28.1733,4.7987547,-0.3455179,-8.194191,3.41332,1.4071275,-1.6464655,-4.168768,-0.35872728,3.8770795,1
gacs_movie_trailers_02_1pHDWnXm_s0092,gacs_movie_trailers_02_1pHDWnXm,movie_trailers,heroic,-2.7010787,-8.420484,4.4970202,9.843763,0.17168067,-9.665755,-0.44838628,3.9789433,1.365255,-0.3035941,-3.280389,0.17697494,1.7112305,2.0665584,2
gacs_movie_trailers_02_1pHDWnXm_s0093,gacs_movie_trailers_02_1pHDWnXm,movie_trailers,bold,0.32953587,-8.178637,-6.132802,2.1879535,-2.775801,-10.0923605,4.903323,3.6978154,5.505712,0.5445096,0.31267965,-1.3687661,2.9853318,0.6035543,2
gacs_movie_trailers_02_1pHDWnXm_s0094,gacs_movie_trailers_02_1pHDWnXm,movie_trailers,anticipatory,17.428621,-10.776186,10.925831,-1.2240837,-4.421295,-1.7677984,1.0806295,1.587317,-0.8202205,1.7331654,-1.239217,-3.5418897,4.404519,2.090012,1
gacs_movie_trailers_02_jan5CFWs_s0000,gacs_movie_trailers_02_jan5CFWs,movie_trailers,energetic,-7.0810127,-6.9623566,-7.3197293,8.332903,3.5974123,-4.1336412,-0.33841154,2.410383,0.55928165,2.0080197,-1.5804354,-0.31543633,1.81054,-0.81520474,2
gacs_movie_trailers_02_jan5CFWs_s0001,gacs_movie_trailers_02_jan5CFWs,movie_trailers,curious,-4.541072,-11.507162,1.5427505,1.3446313,-0.1901221,-5.592963,2.6742723,-0.31612447,-2.0412397,1.4944217,-4.326322,-2.7323787,-3.0035167,4.522512,2
gacs_movie_trailers_02_jan5CFWs_s0002,gacs_movie_trailers_02_jan5CFWs,movie_trailers,confident,4.670933,5.229834,-6.787302,-2.2643514,-1.9099742,-5.752275,-4.4094167,-1.152315,0.4780081,5.402776,2.9970572,6.0208836,-0.8480267,-3.777262,2
gacs_movie_trailers_02_jan5CFWs_s0003,gacs_movie_trailers_02_jan5CFWs,movie_trailers,tense,10.761327,4.6725616,-9.75331,1.9723204,15.730452,-5.8532243,4.5927863,2.249899,-5.241188,7.238519,0.8816729,4.9441442,1.755821,-2.4506805,1
gacs_movie_trailers_02_jan5CFWs_s0004,gacs_movie_trailers_02_jan5CFWs,movie_trailers,tense,18.247272,-1.0572317,-13.567793,2.7028322,0.9816139,-2.894489,-5.1966386,-3.889529,-4.638199,-2.5216556,0.18964128,2.6635294,-3.180251,0.08829276,1
gacs_movie_trailers_02_jan5CFWs_s0005,gacs_movie_trailers_02_jan5CFWs,movie_trailers,tense,21.94778,-10.661717,9.78333,-6.3247604,-2.1850283,-2.7772753,-3.0274768,2.2265618,1.0687389,0.97340775,-1.8537625,-4.193059,1.8860947,0.51730454,1
gacs_movie_trailers_02_jan5CFWs_s0006,gacs_movie_trailers_02_jan5CFWs,movie_trailers,adventurous,-4.873287,-8.714347,5.3219624,4.016689,1.495518,-10.248363,-1.5096922,4.27569,0.8361144,-3.4841459,-3.2358038,-0.5881253,-0.481714,1.1291867,2
gacs_movie_trailers_02_jan5CFWs_s0007,gacs_movie_trailers_02_jan5CFWs,movie_trailers,tense,19.312222,-12.952388,8.45622,-4.7476425,-3.2303874,-4.4360423,-1.1099614,1.9626594,0.47606936,0.17638114,-1.359398,-4.323394,3.8134062,2.1972945,1
gacs_movie_trailers_02_jan5CFWs_s0008,gacs_movie_trailers_02_jan5CFWs,movie_trailers,tense,23.843243,-11.860129,9.525392,-3.6956832,-0.31321248,-0.61062104,-5.8045306,1.7924473,2.510558,-0.64233404,1.0506823,-4.714068,1.6408685,0.64028287,1
gacs_movie_trailers_02_jan5CFWs_s0009,gacs_movie_trailers_02_jan5CFWs,movie_trailers,majestic,-1.8642298,-10.071587,14.319142,3.2394412,-0.98541605,-8.393419,-0.5217462,-1.6685784,2.6255906,-6.84485,1.5184461,-3.1154768,0.30343974,2.1506782,2
gacs_movie_trailers_02_jan5CFWs_s0010,gacs_movie_trailers_02_jan5CFWs,movie_trailers,mysterious,25.942907,-5.7237372,15.460342,-5.353511,-5.7149987,4.0489526,-0.12319319,1.6203895,0.13813742,2.5898812,-1.8477248,-1.95201,0.23387212,1.2560177,1
gacs_movie_trailers_02_jan5CFWs_s0011,gacs_movie_trailers_02_jan5CFWs,movie_trailers,tense,21.047817,-5.9393086,-6.2112713,0.58197844,6.54906,1.2854472,1.955085,-3.6819088,-2.2370715,0.6339519,0.77366346,6.0191855,-1.2979884,-4.7079954,1
gacs_movie_trailers_02_jan5CFWs_s0012,gacs_movie_trailers_02_jan5CFWs,movie_trailers,quiet,8.7469225,-10.07683,-4.672126,9.104734,-18.321264,4.573374,1.5938398,-9.8056755,-5.0995455,-6.26913,0.9770026,-2.296641,3.6848097,-1.4321904,1
gacs_movie_trailers_02_jan5CFWs_s0013,gacs_movie_trailers_02_jan5CFWs,movie_trailers,serious,10.179631,5.463014,-11.713413,6.4750896,1.768075,-4.2794127,-2.149688,0.9546052,-2.988531,3.472947,1.0538197,6.767937,0.3242414,-3.630511,0
gacs_movie_trailers_02_jan5CFWs_s0014,gacs_movie_trailers_02_jan5CFWs,movie_trailers,curious,13.0422735,-13.189146,-10.671067,18.752134,-9.426119,4.942165,-3.898748,-13.676128,-5.3591027,-3.4085937,1.972396,-2.7443066,2.7550128,-1.840748,1
gacs_movie_trailers_02_jan5CFWs_s0015,gacs_movie_trailers_02_jan5CFWs,movie_trailers,grand,-2.406081,-7.269004,-4.7752995,7.403046,-3.0178127,-7.2845626,7.202108,0.02889463,3.5810575,0.30350643,4.257456,1.3146733,1.9248606,4.6482744,2
gacs_movie_trailers_02_jan5CFWs_s0016,gacs_movie_trailers_02_jan5CFWs,movie_trailers,adventurous,-15.548766,-4.655392,10.572412,2.2453218,4.692469,-2.0358684,2.880258,1.0599173,-0.06145121,-2.8628347,0.32907492,-0.21806817,-1.7919803,0.7445906,2
gacs_movie_trailers_02_jan5CFWs_s0017,gacs_movie_trailers_02_jan5CFWs,movie_trailers,joyful,-15.864093,-5.628245,6.190656,10.378496,0.9716166,2.2145095,-1.348713,1.8144623,1.0509229,1.2792357,0.60687166,0.92166334,-0.88580793,-1.0924447,2
gacs_movie_trailers_02_jan5CFWs_s0018,gacs_movie_trailers_02_jan5CFWs,movie_trailers,curious,18.325216,-3.3788629,-8.649638,-5.027483,13.029401,-1.5274307,-6.817473,-6.0861707,-0.65465385,1.8744885,-2.294725,-4.274731,-4.2750854,2.4555404,1
gacs_movie_trailers_02_jan5CFWs_s0019,gacs_movie_trailers_02_jan5CFWs,movie_trailers,relaxed,-18.56665,-0.43024543,2.6008084,-3.3626342,1.3710089,2.6524494,-3.0050461,-0.27542028,4.001489,1.6701944,-0.77371037,-2.5578663,-0.51393205,-4.1133432,2
gacs_movie_trailers_02_jan5CFWs_s0020,gacs_movie_trailers_02_jan5CFWs,movie_trailers,dynamic,-4.1440125,-9.517729,1.0469475,8.050053,1.5221672,-8.1687355,1.5253116,2.043226,3.5116668,-2.3123226,-3.7434447,-2.5097969,1.3504305,0.6913762,2
gacs_movie_trailers_02_jan5CFWs_s0021,gacs_movie_trailers_02_jan5CFWs,movie_trailers,futuristic,-0.13227375,-6.9633613,-13.170128,0.66608405,-0.936563,-2.846197,1.4878434,-0.02133713,3.9645717,-0.7962319,0.5289512,0.7357861,-2.598018,1.1337247,2
gacs_movie_trailers_02_jan5CFWs_s0022,gacs_movie_trailers_02_jan5CFWs,movie_trailers,intense,16.093681,-3.3800948,-9.447595,-0.93866116,6.090737,-5.4075065,-1.6771777,0.9672406,-0.4407907,2.7094986,3.8224843,6.4738693,-2.258946,-4.0166078,1
gacs_movie_trailers_02_jan5CFWs_s0023,gacs_movie_trailers_02_jan5CFWs,movie_trailers,serene,-17.084175,4.8421555,10.276395,-2.9704804,5.354961,0.9139947,1.7075455,-3.6169188,3.058907,-0.45008382,2.9677367,3.063968,0.8914266,-0.68832165,2
gacs_movie_trailers_02_jan5CFWs_s0024,gacs_movie_trailers_02_jan5CFWs,movie_trailers,relaxed,-18.432549,-1.400156,4.697146,-8.655341,2.5787106,4.2972903,0.16284572,0.9610783,-1.627729,-3.9650028,-0.47780576,-1.4409409,-0.24447285,-5.2788653,2
gacs_movie_trailers_02_jan5CFWs_s0025,gacs_movie_trailers_02_jan5CFWs,movie_trailers,relaxed,-19.912306,-1.4527657,5.6300936,1.2399762,3.4233708,5.630699,-2.0009878,1.7303932,0.6056995,0.70782596,-1.0638299,-0.4982943,0.22298406,-5.1009665,2
gacs_movie_trailers_02_jan5CFWs_s0026,gacs_movie_trailers_02_jan5CFWs,movie_trailers,dramatic,-7.837067,-1.4989367,13.521354,-3.1928875,-1.0303499,-7.118027,4.1118765,-1.4468462,1.3001182,-4.875405,-0.6829506,0.016601678,0.8645846,2.897271,2
gacs_movie_trailers_02_jan5CFWs_s0027,gacs_movie_trailers_02_jan5CFWs,movie_trailers,dark,26.372942,-5.250208,8.523936,-4.7822404,-2.496666,6.096882,2.0980108,-0.79069483,1.6115155,4.0850115,-3.5201669,1.9741696,0.8488722,-1.700699,1
gacs_movie_trailers_02_jan5CFWs_s0028,gacs_movie_trailers_02_jan5CFWs,movie_trailers,tense,23.495823,-9.603991,0.027929267,-4.7547445,3.3832016,-1.4256662,-7.6229634,2.6992583,3.880564,0.098797955,4.0792184,-0.8739435,0.4333343,-0.5213102,1
gacs_movie_trailers_02_jan5CFWs_s0029,gacs_movie_trailers_02_jan5CFWs,movie_trailers,mysterious,26.26408,-6.9047885,13.601743,-5.1320906,-6.3877006,5.1512036,-0.35225046,0.5675202,1.0394094,1.6482042,-1.7875879,-1.6736741,0.51541543,1.1684192,1
gacs_movie_trailers_02_jan5CFWs_s0030,gacs_movie_trailers_02_jan5CFWs,movie_trailers,tense,23.01624,-11.97957,6.918052,-4.2068853,-4.903206,-0.10177378,0.22329895,-1.2094579,-3.01499,1.0668383,-0.8537711,-3.2894125,4.3779883,0.80205274,1
gacs_movie_trailers_02_jan5CFWs_s0031,gacs_movie_trailers_02_jan5CFWs,movie_trailers,intense,-4.247869,-9.677807,-9.134867,1.5693833,-1.7681887,-7.660134,-3.1662707,2.3068812,4.293795,0.10806341,-1.7745076,-0.17934372,0.39404818,2.296802,2
gacs_movie_trailers_02_jan5CFWs_s0032,gacs_movie_trailers_02_jan5CFWs,movie_trailers,intense,12.012036,-12.735046,-3.2912154,5.6892643,-6.0893545,-4.362049,0.9953037,-5.4131,-4.183795,-2.5820062,-2.9244218,-0.56643087,0.68885344,1.3780452,1
gacs_movie_trailers_02_jan5CFWs_s0033,gacs_movie_trailers_02_jan5CFWs,movie_trailers,adventurous,7.9348083,-14.519002,8.380326,10.417027,-7.6759696,-4.984857,0.057119448,-4.9230494,-0.23352008,-9.455893,-1.1246905,-4.60095,0.99144596,2.5321124,1
gacs_movie_trailers_02_jan5CFWs_s0034,gacs_movie_trailers_02_jan5CFWs,movie_trailers,tense,0.020543156,-7.944113,-9.465984,-2.2536707,3.7143657,-7.887414,-3.881397,3.4176242,2.3488455,1.2409754,-3.21607,-1.6997677,-0.78767735,0.6381889,2
gacs_movie_trailers_02_jan5CFWs_s0035,gacs_movie_trailers_02_jan5CFWs,movie_trailers,majestic,-17.108696,-0.1614644,10.031475,-1.256271,5.5496864,-1.237178,0.73644316,-1.3630517,3.735197,-1.6480277,1.6876951,1.1683964,0.70171314,1.0729297,2
gacs_movie_trailers_02_jan5CFWs_s0036,gacs_movie_trailers_02_jan5CFWs,movie_trailers,adventurous,-1.8084431,-11.173351,7.870347,6.4866357,2.1360283,-8.643982,-0.43138427,3.8776112,2.094072,-7.437212,-3.3619623,-2.592633,0.46771577,1.2865978,2
gacs_movie_trailers_02_jan5CFWs_s0037,gacs_movie_trailers_02_jan5CFWs,movie_trailers,intense,1.1571097,-3.334197,-11.22058,-4.071807,2.0964484,-6.0474796,-4.4141726,2.9901361,1.7560153,0.2903789,-3.5488527,-1.6842909,-2.2922218,0.18734147,2
gacs_movie_trailers_02_jan5CFWs_s0038,gacs_movie_trailers_02_jan5CFWs,movie_trailers,adventurous,14.590319,-13.316115,12.177491,2.3661873,-1.358174,-5.710518,0.3126541,1.81438,0.31550607,-3.7078347,-2.436721,-3.3077865,2.428907,2.6690187,1
gacs_movie_trailers_02_jan5CFWs_s0039,gacs_movie_trailers_02_jan5CFWs,movie_trailers,mysterious,5.3085823,-0.43287107,6.9935546,2.124384,0.8313292,-4.2573285,7.508441,4.7374797,-7.6150446,1.4595677,-2.0439012,6.448787,1.384374,1.6842014,1
gacs_movie_trailers_02_jan5CFWs_s0040,gacs_movie_trailers_02_jan5CFWs,movie_trailers,tense,25.127357,-8.817767,12.705029,-3.296915,-4.0210223,0.49424115,-1.757924,0.6057312,0.009910601,3.0578022,-1.4539729,-2.1821687,1.6415436,0.0018199818,1
gacs_movie_trailers_02_jan5CFWs_s0041,gacs_movie_trailers_02_jan5CFWs,movie_trailers,intense,26.318865,-8.429401,9.493151,-6.7826343,-0.6631134,2.8056226,-3.3502436,1.936364,3.1465666,4.0622625,0.88361156,-1.6662703,1.2123058,1.1378857,1
gacs_movie_trailers_02_jan5CFWs_s0042,gacs_movie_trailers_02_jan5CFWs,movie_trailers,adventurous,0.18467481,-11.22889,1.5103178,9.4252,-0.150727,-8.438468,-0.10709513,2.6132002,0.87655646,-3.6569204,-5.302337,-3.0630772,0.908128,3.2471056,2
gacs_movie_trailers_02_jan5CFWs_s0043,gacs_movie_trailers_02_jan5CFWs,movie_trailers,tense,4.048734,-10.352688,-3.1817815,2.0907588,5.0854053,-9.330589,2.4104793,1.7587589,0.45554855,-1.3675662,-5.978842,0.30909654,1.7662115,-3.5473924,1
gacs_movie_trailers_02_jan5CFWs_s0044,gacs_movie_trailers_02_jan5CFWs,movie_trailers,tense,27.917154,-8.358387,12.050476,-4.3783655,-0.45332998,4.8326426,-3.7629871,-0.60309184,1.1285089,2.5645576,0.44184387,-2.3897257,-0.38067424,-2.451816,1
gacs_movie_trailers_02_jan5CFWs_s0045,gacs_movie_trailers_02_jan5CFWs,movie_trailers,adventurous,-1.1493195,-13.607326,10.828856,8.792131,0.48075798,-6.248933,0.31208712,-0.61691886,1.5065725,-6.9557247,0.46607715,-3.8535318,-0.4606377,2.0226312,2
gacs_movie_trailers_02_jan5CFWs_s0046,gacs_movie_trailers_02_jan5CFWs,movie_trailers,anticipatory,11.340221,-10.995952,6.2535057,7.073479,-4.625061,-6.4070415,-0.25655517,0.7432475,-0.4105953,1.402447,3.2447677,-2.1780312,3.9086478,2.7847428,1
gacs_movie_trailers_02_jan5CFWs_s0047,gacs_movie_trailers_02_jan5CFWs,movie_trailers,serene,-15.840043,0.3155611,7.5652437,-0.7155628,5.0282407,0.95208144,2.0529437,-1.0465547,3.2645402,-0.80157524,2.0298223,0.90671486,0.63987964,-0.6449274,2
gacs_movie_trailers_02_jan5CFWs_s0048,gacs_movie_trailers_02_jan5CFWs,movie_trailers,intense,15.595708,-5.245907,-10.059809,2.206324,23.935581,2.5873408,3.207869,-7.0773582,2.0055544,7.224506,-1.7675664,0.7632589,0.10756485,0.4704801,1
gacs_movie_trailers_02_jan5CFWs_s0049,gacs_movie_trailers_02_jan5CFWs,movie_trailers,mysterious,19.92741,-7.463227,9.9767885,-2.184819,8.413362,1.6750319,4.566254,1.6122845,0.9228871,5.578459,0.027702034,1.1912969,1.4941142,3.5540116,1
gacs_movie_trailers_02_jan5CFWs_s0050,gacs_movie_trailers_02_jan5CFWs,movie_trailers,intense,-3.35145,-5.1474257,-11.568019,-5.958026,1.4641168,-7.058618,0.6274027,2.059377,0.80160767,4.1509056,-1.2765691,4.290003,-0.5721148,-1.931258,2
gacs_movie_trailers_02_jan5CFWs_s0051,gacs_movie_trailers_02_jan5CFWs,movie_trailers,tense,25.735909,-9.52315,7.0743747,-4.049136,-4.290281,2.5475626,-1.835842,-1.5729195,-0.2573344,4.9263244,-2.3409827,-3.5386636,1.7758938,0.17160548,1
gacs_movie_trailers_02_jan5CFWs_s0052,gacs_movie_trailers_02_jan5CFWs,movie_trailers,tense,26.687777,-7.5815783,10.816904,-7.660142,-2.7903066,3.280009,1.2913587,0.5930171,0.44568032,3.3714728,-2.0159838,-2.0433493,2.106754,-0.70959187,1
gacs_movie_trailers_02_jan5CFWs_s0053,gacs_movie_trailers_02_jan5CFWs,movie_trailers,intense,22.652617,-7.413658,2.9259713,-4.6672587,7.2017455,-2.9075105,-8.18772,2.902244,1.1638571,3.033419,3.2662914,-1.17814,-2.9537296,-1.4180319,1
gacs_movie_trailers_02_jan5CFWs_s0054,gacs_movie_trailers_02_jan5CFWs,movie_trailers,tense,27.069067,-8.609749,9.065443,-5.167013,-1.6081516,4.1647162,-0.68666524,-0.9279152,2.298751,2.776957,-1.2672545,-1.841063,2.12342,-0.53916764,1
gacs_movie_trailers_02_jan5CFWs_s0055,gacs_movie_trailers_02_jan5CFWs,movie_trailers,dark,26.217615,-4.108477,6.897234,-3.8748364,-7.8617744,9.793485,4.182907,-3.2890575,2.6871188,4.1658206,-2.230687,1.6908146,0.5175204,-0.5241943,1
gacs_movie_trailers_02_jan5CFWs_s0056,gacs_movie_trailers_02_jan5CFWs,movie_trailers,tense,26.95983,-7.258541,11.568856,-7.6816683,-1.955369,5.0301204,-0.33343226,1.0211985,1.1567199,2.7073045,-2.3161297,-3.0566444,2.178903,-0.2560677,1
gacs_movie_trailers_02_jan5CFWs_s0057,gacs_movie_trailers_02_jan5CFWs,movie_trailers,tense,25.784567,-8.9210415,10.028811,-6.1334515,-0.99217886,2.2685676,0.91125643,1.0733923,0.67551136,3.3013856,-2.344746,-3.1561096,4.0757556,-0.19969124,1
gacs_movie_trailers_02_jan5CFWs_s0058,gacs_movie_trailers_02_jan5CFWs,movie_trailers,intense,15.100242,-8.087248,-8.7944355,2.0623937,13.333957,4.6853313,2.3292305,-2.9282594,-1.0195162,1.2142407,0.04833216,4.606063,-1.7061591,-2.3514743,1
gacs_movie_trailers_02_jan5CFWs_s0059,gacs_movie_trailers_02_jan5CFWs,movie_trailers,intense,25.723112,-9.666506,10.716081,-0.9287147,4.5707884,-0.68341905,-5.8759127,3.1960974,2.383328,-1.5169894,3.3513231,-1.2445173,0.120281726,-1.5202694,1
gacs_movie_trailers_02_jan5CFWs_s0060,gacs_movie_trailers_02_jan5CFWs,movie_trailers,eerie,25.388458,-4.4456134,7.0204268,-7.2051697,-8.094517,10.136238,6.323995,-2.908462,-2.2824461,3.023764,-3.1468554,0.25109392,0.2554186,-0.8068051,1
gacs_movie_trailers_02_jan5CFWs_s0061,gacs_movie_trailers_02_jan5CFWs,movie_trailers,intense,26.602327,-8.0192,9.456437,-4.8274484,-2.1795309,3.3465362,-0.6621809,0.22064841,2.1085613,4.184639,-2.0643508,-1.5450732,3.5785897,0.1373166,1
gacs_movie_trailers_02_jan5CFWs_s0062,gacs_movie_trailers_02_jan5CFWs,movie_trailers,mysterious,1.1898404,-9.917908,8.631396,11.478169,-6.2470517,-4.3904557,3.0688064,1.4811962,-3.0114038,-1.0986247,-1.1796124,0.44434845,2.2459173,4.3492627,2
gacs_movie_trailers_02_jan5CFWs_s0063,gacs_movie_trailers_02_jan5CFWs,movie_trailers,tense,22.880812,-11.529508,11.952738,-3.7207205,-1.6237462,-1.0101293,0.16561215,2.724939,0.6474723,-0.34765205,-1.3579872,-2.5779343,3.9563115,1.2526575,1
gacs_movie_trailers_02_jan5CFWs_s0064,gacs_movie_trailers_02_jan5CFWs,movie_trailers,tense,25.110601,-11.903854,10.47829,-3.0539517,-0.14827342,1.4932759,-1.4684956,0.90795213,1.4111204,-1.2630763,1.9023602,-2.8825755,3.831887,-0.6900567,1
gacs_movie_trailers_02_jan5CFWs_s0065,gacs_movie_trailers_02_jan5CFWs,movie_trailers,tense,27.688498,-8.164994,13.144398,-6.38917,-2.5506368,5.288193,0.12454164,0.979788,0.5155031,1.2399242,-0.4517829,-2.0640836,0.5921484,-0.398967,1
gacs_movie_trailers_02_jan5CFWs_s0066,gacs_movie_trailers_02_jan5CFWs,movie_trailers,suspenseful,5.403323,-7.927895,1.6061809,-1.9838032,-0.1352297,-8.435291,9.458925,1.5800765,-3.7588153,-1.280678,-4.266863,-1.3255057,5.4831076,-3.1990032,1
gacs_movie_trailers_02_jan5CFWs_s0067,gacs_movie_trailers_02_jan5CFWs,movie_trailers,tense,24.954271,-11.702227,8.103989,-4.540401,2.5529583,0.30450693,-0.80728436,1.9610363,1.2551069,-0.39727688,0.60176593,-2.4042559,4.953469,-0.6677811,1
gacs_movie_trailers_02_jan5CFWs_s0068,gacs_movie_trailers_02_jan5CFWs,movie_trailers,mysterious,0.83538634,28.370232,2.780111,9.397687,1.1878338,-0.66815007,0.8681138,0.76548004,1.8928235,-1.7560182,0.8874631,-2.7951598,2.6070259,1.4527285,0
gacs_movie_trailers_02_jan5CFWs_s0069,gacs_movie_trailers_02_jan5CFWs,movie_trailers,suspenseful,14.228429,-10.490693,7.6671314,-6.253358,-1.5488011,-6.4040613,5.869402,2.222245,-0.3143721,-0.22971888,-3.2336524,-1.3649215,4.0980973,1.1787845,1
gacs_movie_trailers_02_jan5CFWs_s0070,gacs_movie_trailers_02_jan5CFWs,movie_trailers,intense,14.360273,-7.841257,-10.16908,-0.505454,6.8420215,-4.221217,-6.347906,1.5254223,4.2868266,0.58527714,3.330524,0.92847097,0.41396305,1.5212678,1
gacs_movie_trailers_02_jan5CFWs_s0071,gacs_movie_trailers_02_jan5CFWs,movie_trailers,intense,-0.9181554,-13.834927,6.365077,5.3847485,7.0352077,-10.159356,3.9409537,3.7985222,2.8760846,-2.8880272,-4.0831227,-1.7999241,3.9811482,-2.2120972,2
gacs_movie_trailers_02_jan5CFWs_s0072,gacs_movie_trailers_02_jan5CFWs,movie_trailers,tense,26.387127,-4.482953,5.067365,-2.699563,3.3867404,1.3367888,-5.598746,2.9310644,2.6737943,-2.5364168,2.7498145,1.5556542,-1.9752052,-2.5028894,1
gacs_movie_trailers_02_jan5CFWs_s0073,gacs_movie_trailers_02_jan5CFWs,movie_trailers,adventurous,-3.922173,-9.400427,-0.45035753,3.4051228,-2.0276406,-6.286384,1.6663247,1.0100101,-2.2045116,-6.270629,-5.5779724,-2.3148637,-1.3904634,1.83084,2
gacs_movie_trailers_02_jan5CFWs_s0074,gacs_movie_trailers_02_jan5CFWs,movie_trailers,determined,0.9276941,9.208411,-4.660567,-5.0832467,0.9495145,-10.572037,-7.5905786,-4.2343454,-0.71741605,1.5931438,-0.5244271,1.4415851,-0.1023948,-3.2830598,2
gacs_movie_trailers_02_jan5CFWs_s0075,gacs_movie_trailers_02_jan5CFWs,movie_trailers,adventurous,5.435645,-11.485091,6.287818,6.793092,-0.21983373,-9.443335,-0.7523005,4.139652,1.2124269,-5.3683043,-4.495594,-3.0776367,1.6733103,3.2800503,1
gacs_movie_trailers_02_jan5CFWs_s0076,gacs_movie_trailers_02_jan5CFWs,movie_trailers,intense,18.800634,-13.160354,8.635303,-2.742581,1.9536487,-4.592387,1.9710358,3.113839,1.6960139,-0.79408485,-2.9715562,-3.2226887,6.826722,-1.1010635,1
gacs_movie_trailers_02_jan5CFWs_s0077,gacs_movie_trailers_02_jan5CFWs,movie_trailers,tense,23.622345,-10.811907,2.1744967,2.2864313,5.760373,1.1403773,-3.6940901,-0.62669,1.1696626,-4.8064284,5.3815875,1.556626,1.7251123,-4.0852127,1
gacs_movie_trailers_02_jan5CFWs_s0078,gacs_movie_trailers_02_jan5CFWs,movie_trailers,intense,2.6310153,-13.011862,-3.1284704,2.3072848,7.6095443,-8.635804,5.4615345,3.7486978,2.3504775,-2.8492038,-6.27508,-0.6557876,5.4158444,-3.1743453,1
gacs_movie_trailers_02_jan5CFWs_s0079,gacs_movie_trailers_02_jan5CFWs,movie_trailers,intense,5.106175,-6.9251256,-16.941294,0.07494265,10.40418,-4.790402,-0.69100255,1.089139,4.6004643,0.48822063,-3.8572807,-3.1696653,2.2061214,-1.5606451,1
gacs_movie_trailers_02_jan5CFWs_s0080,gacs_movie_trailers_02_jan5CFWs,movie_trailers,intense,20.676407,-11.6385355,5.9371862,1.8213199,6.9354043,-1.5698408,-0.13636646,1.0850314,2.636238,-2.3736823,2.6199827,-0.49406287,4.3577375,-0.65487885,1
gacs_movie_trailers_02_jan5CFWs_s0081,gacs_movie_trailers_02_jan5CFWs,movie_trailers,intense,9.996985,-11.430984,-5.211418,5.676037,11.687562,-4.814792,3.4389448,-1.7354159,1.3816464,-3.097323,-3.5083847,-2.1452754,3.802338,-2.885452,1
gacs_movie_trailers_02_jan5CFWs_s0082,gacs_movie_trailers_02_jan5CFWs,movie_trailers,adventurous,11.634402,-8.127779,4.497838,3.059525,-5.542688,-6.7693295,3.489697,0.1644964,-0.17354757,0.26678362,-4.6913953,-0.9105961,-0.78578746,2.7512848,1
gacs_movie_trailers_03_-sAOWhvh_s0000,gacs_movie_trailers_03_-sAOWhvh,movie_trailers,calm,-7.279884,23.868124,5.753488,-0.13715398,4.5904083,-2.1704879,-2.6229355,-3.5783646,2.215403,0.50854135,2.1580112,-0.650619,4.7323575,0.7188959,0
gacs_movie_trailers_03_-sAOWhvh_s0001,gacs_movie_trailers_03_-sAOWhvh,movie_trailers,tense,17.57678,1.5583721,-1.1615449,-7.5635414,-6.658865,2.278669,3.732438,-9.452402,-9.523016,2.4318726,0.2995452,0.639753,-0.9765544,-3.3468466,1
gacs_movie_trailers_03_-sAOWhvh_s0002,gacs_movie_trailers_03_-sAOWhvh,movie_trailers,intense,15.801824,27.772762,-5.218058,8.342446,2.0478826,4.6106353,3.160217,1.7269886,4.956819,-1.759584,-1.8041431,-3.4238245,0.065575264,0.35958892,0
gacs_movie_trailers_03_-sAOWhvh_s0003,gacs_movie_trailers_03_-sAOWhvh,movie_trailers,supportive,8.547786,1.7912885,-5.038404,6.4939857,8.530362,-4.6573663,-3.6000693,3.9401164,-4.077078,-0.29355347,3.7197797,5.046197,0.77439463,1.0395367,1
gacs_movie_trailers_03_-sAOWhvh_s0004,gacs_movie_trailers_03_-sAOWhvh,movie_trailers,emotional,11.421965,29.106234,-4.624969,13.359953,1.7495016,5.159752,1.2282425,4.115196,4.3953032,-3.4115252,0.15864938,-4.4346557,1.991336,1.9838301,0
gacs_movie_trailers_03_-sAOWhvh_s0005,gacs_movie_trailers_03_-sAOWhvh,movie_trailers,intense,6.927902,-2.4961748,-12.036184,3.804375,6.3407006,-8.713482,-3.0317633,2.3985746,0.25580376,2.4486036,2.193287,2.8372786,1.9314039,-0.50266117,1
gacs_movie_trailers_03_-sAOWhvh_s0006,gacs_movie_trailers_03_-sAOWhvh,movie_trailers,somber,9.680368,29.160192,-5.86831,11.632719,-1.2747132,7.5165877,3.02455,3.0939152,2.7785823,-3.7751966,0.66414464,-3.7264087,2.6580195,2.5359614,0
gacs_movie_trailers_03_-sAOWhvh_s0007,gacs_movie_trailers_03_-sAOWhvh,movie_trailers,serious,7.231319,30.118784,-2.541781,5.7174816,-0.3033415,0.20656434,-0.5824667,-0.2893546,2.2782638,-0.6598678,-0.43394843,-3.056519,2.0073907,0.073029086,0
gacs_movie_trailers_03_-sAOWhvh_s0008,gacs_movie_trailers_03_-sAOWhvh,movie_trailers,tense,25.357563,-13.125858,9.270366,-1.111327,-0.29195756,3.7570379,1.1693157,-2.6343212,0.24847728,-2.551817,1.1911341,-2.2223413,2.1632504,-1.5153391,1
gacs_movie_trailers_03_-sAOWhvh_s0009,gacs_movie_trailers_03_-sAOWhvh,movie_trailers,mysterious,25.247347,-6.9209976,14.677507,-4.447989,-4.135656,3.632168,-0.29536864,1.3087848,1.1357688,3.2391229,-1.0511527,-0.97077423,0.12740497,1.3692032,1
gacs_movie_trailers_03_-sAOWhvh_s0010,gacs_movie_trailers_03_-sAOWhvh,movie_trailers,suspenseful,25.717888,-5.7975206,4.8544745,-3.777518,2.8078427,3.8211818,3.5323813,-1.5352138,1.9149666,3.5372078,1.4946427,3.3253207,-0.06337001,-2.5463336,1
gacs_movie_trailers_03_-sAOWhvh_s0011,gacs_movie_trailers_03_-sAOWhvh,movie_trailers,chaotic,25.372032,-8.605116,10.240457,0.50424737,-1.1879544,1.3965142,0.21332498,1.220258,0.07666437,-0.3149668,1.3891516,0.9469515,2.9454482,-1.3293113,1
gacs_movie_trailers_03_-sAOWhvh_s0012,gacs_movie_trailers_03_-sAOWhvh,movie_trailers,epic,-6.489284,-8.103878,3.173505,10.446906,-3.650457,-9.365848,2.3149815,1.3688422,1.8035676,-0.045884818,-0.04314222,0.57101506,1.5045667,1.258312,2
gacs_movie_trailers_03_-sAOWhvh_s0013,gacs_movie_trailers_03_-sAOWhvh,movie_trailers,intense,11.407835,9.43888,-3.1329417,1.3388951,-4.3656225,-6.7693467,6.566292,-3.3030121,-5.2597394,8.700531,-1.3630598,2.277602,4.948921,-4.674851,0
gacs_movie_trailers_03_-sAOWhvh_s0014,gacs_movie_trailers_03_-sAOWhvh,movie_trailers,anxious,23.253412,-2.6553483,5.211225,1.0724277,6.9335055,-2.2894483,-9.28532,4.2830515,1.5298865,1.9565204,4.439771,2.490728,-4.263543,-2.2786918,1
gacs_movie_trailers_03_-sAOWhvh_s0015,gacs_movie_trailers_03_-sAOWhvh,movie_trailers,anticipatory,14.658905,-12.147136,-0.5505633,6.4579873,-6.951927,0.28237802,0.40872413,-6.5136886,-1.2084354,-0.044897664,2.947045,0.601939,-0.34015408,2.8810503,1
gacs_movie_trailers_03_-sAOWhvh_s0016,gacs_movie_trailers_03_-sAOWhvh,movie_trailers,tense,11.435831,-7.4475265,-13.630872,7.900965,27.512392,1.5692472,-2.1534722,-5.025783,0.25804728,5.6507254,-1.328211,-0.03313732,-0.94135535,0.7669332,1
gacs_movie_trailers_03_-sAOWhvh_s0017,gacs_movie_trailers_03_-sAOWhvh,movie_trailers,pensive,5.6134286,19.929798,-9.204658,6.0005007,6.8282166,-4.726056,-6.537416,-3.2730708,-1.4114014,6.52298,-0.3398067,4.539105,-3.6998937,-5.002381,0
gacs_movie_trailers_03_-sAOWhvh_s0018,gacs_movie_trailers_03_-sAOWhvh,movie_trailers,serious,0.9338894,0.31428298,-5.885959,-2.2693849,2.9307487,-10.789179,-0.0038318383,5.2754645,-1.7131636,3.0212665,-0.3063206,1.3795334,5.0183105,-0.55498546,2
gacs_movie_trailers_03_-sAOWhvh_s0019,gacs_movie_trailers_03_-sAOWhvh,movie_trailers,tense,26.356855,-6.6863847,4.4957666,-0.8041717,10.211017,-0.8322431,-4.0058317,1.940768,0.64279425,-1.815119,2.86688,3.1529589,-1.3221122,-4.969722,1
gacs_movie_trailers_03_-sAOWhvh_s0020,gacs_movie_trailers_03_-sAOWhvh,movie_trailers,intense,8.918369,-4.396017,-10.049815,-3.6346185,15.964796,-6.5149345,3.8631318,1.631121,1.8400501,-0.16673636,-5.3333526,2.128514,1.4556354,-2.1342473,1
gacs_movie_trailers_03_-sAOWhvh_s0021,gacs_movie_trailers_03_-sAOWhvh,movie_trailers,pensive,8.728903,30.898075,-3.444684,11.400852,2.0440054,3.4541159,2.3449526,1.969612,2.8624427,-2.5676317,0.1200826,-4.1706243,1.8374311,1.1979043,0
gacs_movie_trailers_03_-sAOWhvh_s0022,gacs_movie_trailers_03_-sAOWhvh,movie_trailers,somber,9.069103,30.495506,-3.0945547,10.37788,1.8334992,1.8976927,1.0783565,2.1039033,2.7240202,-0.5508047,0.031988516,-4.0392222,2.612801,0.64868826,0
gacs_movie_trailers_03_-sAOWhvh_s0023,gacs_movie_trailers_03_-sAOWhvh,movie_trailers,intense,7.822156,30.988218,-4.2209067,10.259415,2.0763013,0.8930556,-0.3469089,0.4056344,1.637053,-0.59951824,-0.023122905,-3.6237376,1.8937577,-0.6934458,0
gacs_movie_trailers_03_-sAOWhvh_s0024,gacs_movie_trailers_03_-sAOWhvh,movie_trailers,tense,19.334536,-12.30203,9.977461,-1.3702074,1.1782653,-5.0093107,2.4586444,2.5954695,-1.1037583,-0.07641273,-0.49644914,-2.1631646,6.5578055,-1.121228,1
gacs_movie_trailers_03_-sAOWhvh_s0025,gacs_movie_trailers_03_-sAOWhvh,movie_trailers,tense,13.573427,-6.148363,-1.081791,8.519498,14.056874,-6.820395,-0.42902657,2.5744925,-1.9061686,0.36293843,1.7032609,4.5472803,2.9649096,-5.800152,1
gacs_movie_trailers_03_-sAOWhvh_s0026,gacs_movie_trailers_03_-sAOWhvh,movie_trailers,chaotic,1.56196,-8.769174,-3.5790386,8.551809,5.4303775,-7.306198,5.396034,-0.15040244,0.9215157,-2.2219994,-2.4023037,1.5081944,3.6182,-0.10760565,2
gacs_movie_trailers_03_-sAOWhvh_s0027,gacs_movie_trailers_03_-sAOWhvh,movie_trailers,intense,20.400856,-13.188942,3.171945,8.582156,9.697646,-2.0600557,-4.132355,0.433343,0.7343128,-3.944896,5.003693,2.3368263,1.4651804,-4.8031273,1
gacs_movie_trailers_03_-sAOWhvh_s0028,gacs_movie_trailers_03_-sAOWhvh,movie_trailers,intense,18.140665,-12.129489,1.0163807,8.818484,11.77271,-4.036757,-0.45162416,0.69489264,-0.5272235,-3.9982085,2.321204,1.7962755,2.8842144,-6.6931553,1
gacs_movie_trailers_03_-sAOWhvh_s0029,gacs_movie_trailers_03_-sAOWhvh,movie_trailers,intense,19.784908,-13.167469,-0.63609076,6.924237,15.569672,-2.488644,-1.7663736,-1.6409091,1.0730362,-6.0696616,3.944853,0.88792366,3.4038677,-4.424909,1
gacs_movie_trailers_03_-sAOWhvh_s0030,gacs_movie_trailers_03_-sAOWhvh,movie_trailers,anticipation,17.674198,-13.990812,6.3577247,-2.2804968,-1.1212505,-3.8807173,-4.271753,1.5950223,2.0264711,-2.3958917,1.3323274,-5.4276366,1.1547403,1.2103486,1
gacs_movie_trailers_03_-sAOWhvh_s0031,gacs_movie_trailers_03_-sAOWhvh,movie_trailers,mysterious,23.626688,-7.3728533,13.551378,-4.7156553,-3.1951838,1.9084526,0.76044345,2.2895203,0.3494536,3.704599,-1.953286,-0.36894938,1.4030992,1.3186222,1
gacs_movie_trailers_03_-sAOWhvh_s0032,gacs_movie_trailers_03_-sAOWhvh,movie_trailers,mysterious,25.47272,-5.8899555,13.746462,-5.2049165,-5.005385,4.2631407,0.9677938,1.3422786,0.5910171,4.5347743,-2.0624619,-0.5360271,0.65556943,1.4514338,1
gacs_movie_trailers_03_-sAOWhvh_s0033,gacs_movie_trailers_03_-sAOWhvh,movie_trailers,tense,23.928558,-7.6864953,-0.28582296,0.13256875,2.046295,1.5883006,-2.2767467,-3.9689007,1.3040885,4.858366,-0.19507755,-0.18470883,1.3872106,-3.5005574,1
gacs_movie_trailers_03_-sAOWhvh_s0034,gacs_movie_trailers_03_-sAOWhvh,movie_trailers,dark,25.431166,-6.953087,10.046503,-7.273984,-0.19268586,3.8670416,0.87577426,1.3457452,3.237728,4.400399,-0.5913792,0.6442992,2.090568,0.9337484,1
gacs_movie_trailers_03_-sAOWhvh_s0035,gacs_movie_trailers_03_-sAOWhvh,movie_trailers,gloomy,22.827887,14.202274,6.790374,3.4406521,-8.040556,5.784272,3.1584084,2.4506152,3.7322435,2.4814742,-3.3999944,1.282083,-1.2043931,0.8915022,0
gacs_movie_trailers_03_-sAOWhvh_s0036,gacs_movie_trailers_03_-sAOWhvh,movie_trailers,tense,27.340761,-6.6638722,10.9681,-4.821415,-4.883853,5.8826466,0.24272238,-1.2835554,1.211188,3.3132734,-1.6688384,-0.9112864,0.78995126,-0.62098664,1
gacs_movie_trailers_03_-sAOWhvh_s0037,gacs_movie_trailers_03_-sAOWhvh,movie_trailers,intense,12.647302,-10.53811,-3.3054194,-5.8737826,-2.5197551,-4.40257,-7.2445183,2.2170508,6.704741,-1.7190187,0.49730015,-1.0443693,0.43611658,0.4406925,1
gacs_movie_trailers_03_-sAOWhvh_s0038,gacs_movie_trailers_03_-sAOWhvh,movie_trailers,majestic,22.380037,-6.4267983,12.769231,0.9702971,3.5568128,-0.57022405,-0.104102045,2.5777051,2.5286968,4.8859644,4.374052,1.7247331,1.1841059,1.2191306,1
gacs_movie_trailers_03_-sAOWhvh_s0039,gacs_movie_trailers_03_-sAOWhvh,movie_trailers,tense,7.1105847,27.880634,-3.3904684,12.262482,0.27182832,0.87041724,2.8304422,2.8244658,-0.8735557,1.7509155,0.27618498,-3.0783713,4.8466663,0.82486725,0
gacs_movie_trailers_03_-sAOWhvh_s0040,gacs_movie_trailers_03_-sAOWhvh,movie_trailers,serious,-1.3883513,2.05674,-9.336441,4.31777,-2.2646387,-3.8875108,4.8181343,3.912055,-0.6859237,5.1103597,-3.7647963,3.059799,1.1654642,-9.2573805,2
gacs_movie_trailers_03_-sAOWhvh_s0041,gacs_movie_trailers_03_-sAOWhvh,movie_trailers,somber,22.566847,9.051444,12.443272,3.1809027,-3.497972,-2.0640583,-0.990688,-1.1306504,-1.6854676,4.268946,-2.6432319,0.9685225,-0.8988905,-4.2121844,1
gacs_movie_trailers_03_-sAOWhvh_s0042,gacs_movie_trailers_03_-sAOWhvh,movie_trailers,serious,8.409445,11.742414,-9.910937,-1.4299331,2.8551302,-3.6922946,4.792607,3.6645324,-2.2848492,6.1140313,-4.1932654,7.6292567,2.8452199,-6.663992,0
gacs_movie_trailers_03_-sAOWhvh_s0043,gacs_movie_trailers_03_-sAOWhvh,movie_trailers,tense,26.408564,-8.462861,11.053754,-5.4409237,-1.519353,2.995303,-0.16547373,1.2509097,1.545071,3.4771194,-1.9020836,-2.2041614,3.5603092,0.019009106,1
gacs_movie_trailers_03_-sAOWhvh_s0044,gacs_movie_trailers_03_-sAOWhvh,movie_trailers,tense,26.664347,-6.13234,11.734308,-7.4878235,-0.48493567,3.7570522,0.090762295,1.4585888,1.1297141,5.172505,-1.7868365,-1.3833429,1.6840302,-0.411344,1
gacs_movie_trailers_03_-sAOWhvh_s0045,gacs_movie_trailers_03_-sAOWhvh,movie_trailers,tense,20.733074,1.5465095,3.961079,-4.6583643,0.96777606,-1.4239849,-2.021189,0.7861626,-0.15185207,4.475624,0.3089707,1.5342368,-4.4839907,-4.1265273,1
gacs_movie_trailers_03_-sAOWhvh_s0046,gacs_movie_trailers_03_-sAOWhvh,movie_trailers,determined,4.330287,-0.892111,-7.9492292,-1.3188399,-5.4269214,-8.595737,1.227964,1.6523545,3.81023,2.9239876,-1.6137424,1.0177194,2.8892913,2.6201649,2
gacs_movie_trailers_03_-sAOWhvh_s0047,gacs_movie_trailers_03_-sAOWhvh,movie_trailers,thrilling,2.5560095,-10.267711,-0.4948764,4.185641,-1.4811455,-8.281358,6.5765038,2.61756,1.6484015,-4.184971,-6.278227,-2.3187366,6.1856976,-3.3816092,2
gacs_movie_trailers_03_-sAOWhvh_s0048,gacs_movie_trailers_03_-sAOWhvh,movie_trailers,energetic,4.3186455,-10.257261,-1.8444649,7.4508576,2.8509865,-8.808984,4.9992905,-0.2699272,1.0669276,-3.3796465,-5.042274,2.5478637,2.620645,-3.1449502,1
gacs_movie_trailers_03_-sAOWhvh_s0049,gacs_movie_trailers_03_-sAOWhvh,movie_trailers,intense,-8.292051,-11.403874,9.161903,4.847162,3.8450248,-7.97852,2.3444576,3.1139822,1.8985327,-6.275533,-1.9264904,-1.6772485,2.6716132,-0.27915353,2
gacs_movie_trailers_03_-sAOWhvh_s0050,gacs_movie_trailers_03_-sAOWhvh,movie_trailers,intense,25.981737,-11.883899,8.182568,0.8143865,3.1320205,1.6477,-6.7744317,0.59438574,1.9807175,-3.653476,5.4881635,-1.9484015,-0.8362678,-3.113707,1
gacs_movie_trailers_03_-sAOWhvh_s0051,gacs_movie_trailers_03_-sAOWhvh,movie_trailers,serious,8.116013,29.126917,-4.645914,7.0834136,-0.4816948,-0.45422187,0.63302654,-1.1636764,1.2050018,-1.0248805,0.17865348,-2.8481526,2.8895729,-0.47933462,0
gacs_movie_trailers_03_-sAOWhvh_s0052,gacs_movie_trailers_03_-sAOWhvh,movie_trailers,sad,16.073757,22.947655,1.0311254,7.0903926,-0.9214402,-1.191556,-1.7393035,5.2164345,0.27919367,-1.8509351,1.8805286,-0.20045184,0.7581239,-0.81177646,0
gacs_movie_trailers_03_-sAOWhvh_s0053,gacs_movie_trailers_03_-sAOWhvh,movie_trailers,tense,26.324257,-8.842387,11.452109,-5.1906686,-1.6234531,3.6531687,0.4377682,0.53940654,1.309276,3.8737912,-2.102524,-2.1907651,3.451187,0.005073312,1
gacs_movie_trailers_03_-sAOWhvh_s0054,gacs_movie_trailers_03_-sAOWhvh,movie_trailers,tense,26.85054,-7.754165,9.9554825,-5.0144315,-0.027666098,1.417101,-1.4477555,1.2122703,1.1283807,4.7004623,-0.99847007,-1.9311882,3.271996,-0.7648942,1
gacs_movie_trailers_03_-sAOWhvh_s0055,gacs_movie_trailers_03_-sAOWhvh,movie_trailers,intense,2.9834857,-7.633078,-8.637338,1.1124381,0.2870779,-7.0285954,2.8575163,3.5480487,2.3454263,-0.27106878,6.3707595,1.1369803,1.9918789,-0.05550044,2
gacs_movie_trailers_03_-sAOWhvh_s0056,gacs_movie_trailers_03_-sAOWhvh,movie_trailers,intense,10.017002,-11.596902,-11.468974,6.9061017,12.586644,-4.559926,3.567762,-3.6605563,1.1478813,-3.326373,-2.6645775,-1.8202399,3.8902526,-6.9428167,1
gacs_movie_trailers_03_-sAOWhvh_s0057,gacs_movie_trailers_03_-sAOWhvh,movie_trailers,action-packed,-2.3630917,-5.8610935,-5.129477,2.1796737,1.0266403,-6.13386,6.353743,4.1172786,0.6518881,2.123089,-7.2805276,1.4481268,1.3498269,-6.704882,2
gacs_movie_trailers_03_-sAOWhvh_s0058,gacs_movie_trailers_03_-sAOWhvh,movie_trailers,explosive,13.758954,-10.986928,-4.726674,12.284909,13.243416,-1.902823,-1.0671263,-3.3381224,1.1088147,-5.0158362,3.5538285,1.7938293,2.7954628,-3.2782962,1
gacs_movie_trailers_03_-sAOWhvh_s0059,gacs_movie_trailers_03_-sAOWhvh,movie_trailers,emotional,10.13054,27.234667,-5.14098,11.808642,4.74938,1.6443795,1.5896555,4.0505943,1.9661404,-2.3593764,2.5687966,-3.7875113,3.8215275,0.72017163,0
gacs_movie_trailers_03_-sAOWhvh_s0060,gacs_movie_trailers_03_-sAOWhvh,movie_trailers,tense,18.353088,-11.764611,7.6187525,-2.103393,2.3686543,-5.7074413,1.4140381,3.377762,0.44850132,1.5385085,-1.0794724,-2.7352426,6.241056,0.09537148,1
gacs_movie_trailers_03_-sAOWhvh_s0061,gacs_movie_trailers_03_-sAOWhvh,movie_trailers,chaotic,23.446604,-6.4427853,2.3187943,0.82837707,8.791807,3.904031,2.846658,-1.4010749,3.0031886,-1.7639654,4.7862597,4.048915,0.56821835,-1.937912,1
gacs_movie_trailers_03_-sAOWhvh_s0062,gacs_movie_trailers_03_-sAOWhvh,movie_trailers,chaotic,14.142144,-8.789031,-11.237968,4.376127,11.492725,5.1549325,4.772036,-7.068759,2.8891826,-4.341657,3.3016095,3.049914,2.4579346,0.009005393,1
gacs_movie_trailers_03_-sAOWhvh_s0063,gacs_movie_trailers_03_-sAOWhvh,movie_trailers,intense,24.49357,-7.8042727,5.8836,4.859806,6.8673344,-1.421121,-3.134927,2.5546792,2.0029304,0.9449574,3.0825694,2.3507497,1.7297094,-3.8510416,1
gacs_movie_trailers_03_-sAOWhvh_s0064,gacs_movie_trailers_03_-sAOWhvh,movie_trailers,somber,27.39056,-5.3921447,9.360798,-2.4602022,-3.0458486,6.5303416,3.041469,-0.280048,0.15997387,4.5264554,1.5916879,2.39883,0.6477597,-0.90418243,1
gacs_movie_trailers_03_-sAOWhvh_s0065,gacs_movie_trailers_03_-sAOWhvh,movie_trailers,chaotic,19.850382,-10.144721,-3.8091142,6.21922,9.8799715,3.3157794,-1.4176111,-4.259704,4.6434593,-1.9366261,3.5253103,1.8147901,2.374961,-0.374366,1
gacs_movie_trailers_03_-sAOWhvh_s0066,gacs_movie_trailers_03_-sAOWhvh,movie_trailers,anticipation,19.015913,-11.282788,-0.3678147,-3.0443778,-2.9339488,-1.5786676,-3.412791,-2.086711,1.09702,-0.3710219,2.5016837,-2.2088976,-2.6809208,1.9256871,1
gacs_movie_trailers_03_-sAOWhvh_s0067,gacs_movie_trailers_03_-sAOWhvh,movie_trailers,gloomy,24.08886,16.247728,5.331144,3.9415047,-5.9605813,7.2143846,4.044653,2.0841568,4.239043,1.4722588,-4.108919,0.9621541,-2.004873,-0.0021975937,0
gacs_movie_trailers_03_-sAOWhvh_s0068,gacs_movie_trailers_03_-sAOWhvh,movie_trailers,emotional,23.827274,-2.1627584,8.645132,0.71185213,3.757549,-3.6798549,-6.7687235,6.4096146,1.0210681,-2.24455,4.8806186,0.9232359,-0.97232056,-1.1513253,1
gacs_movie_trailers_03_-sAOWhvh_s0069,gacs_movie_trailers_03_-sAOWhvh,movie_trailers,tense,27.061949,-8.926176,13.820056,-5.2773633,-1.7251974,3.5318453,-3.882867,1.4633598,1.1264595,0.32683113,0.9678151,-2.9735675,-0.06824541,-0.34314173,1
gacs_movie_trailers_03_-sAOWhvh_s0070,gacs_movie_trailers_03_-sAOWhvh,movie_trailers,dark,23.803425,0.6437356,10.507801,-3.093548,-0.033842664,4.347295,3.0938632,2.0256073,2.7528598,9.772043,-1.8848727,3.46506,0.6544683,0.055921998,1
gacs_movie_trailers_03_-sAOWhvh_s0071,gacs_movie_trailers_03_-sAOWhvh,movie_trailers,determined,5.1664085,-5.9403334,-14.804365,-3.3366022,-1.4604107,-5.2218914,1.4224942,0.50531584,3.962823,-0.3616858,1.1511985,0.45346448,1.7298814,1.3228065,1
gacs_movie_trailers_03_-sAOWhvh_s0072,gacs_movie_trailers_03_-sAOWhvh,movie_trailers,desolate,24.131018,9.486824,9.396519,-1.4513472,1.2957124,2.9568417,4.767591,3.1246674,3.461204,4.5384283,0.5899762,0.5334825,-0.15158346,0.06584671,1
gacs_movie_trailers_03_-sAOWhvh_s0073,gacs_movie_trailers_03_-sAOWhvh,movie_trailers,intense,25.076597,-11.931943,5.9280086,0.24202485,10.017469,2.610362,-7.28848,0.40016368,3.1908934,-4.0537596,5.5716324,-3.174591,1.0586569,-2.002819,1
gacs_movie_trailers_03_-sAOWhvh_s0074,gacs_movie_trailers_03_-sAOWhvh,movie_trailers,bold,2.1428304,-9.8564415,-6.242387,13.779326,-0.6961235,-7.8318768,0.21732272,-2.1339247,3.459463,-0.21631221,0.7490099,-2.5220268,4.83769,0.96070486,2
gacs_movie_trailers_03_-sAOWhvh_s0075,gacs_movie_trailers_03_-sAOWhvh,movie_trailers,bold,-3.0451758,-4.3406534,-11.467418,1.8976163,-5.4254246,-4.7533875,2.086046,-0.43408743,8.336465,3.4140627,4.521062,-1.4796137,-1.4497012,0.13698712,2
gacs_movie_trailers_03_-sAOWhvh_s0076,gacs_movie_trailers_03_-sAOWhvh,movie_trailers,exciting,-7.1121955,-9.859718,2.4512753,10.440003,-2.0133553,-4.7919893,-3.4052162,4.4533763,2.0551388,2.4082916,-0.9292106,-2.9726253,0.8650278,0.6962808,2
gacs_movie_trailers_03_-sAOWhvh_s0077,gacs_movie_trailers_03_-sAOWhvh,movie_trailers,happy,-9.236851,12.851708,-0.6382673,16.888737,-3.3311896,2.6365125,-2.5578592,2.37654,0.4241874,5.0699706,1.1444788,2.7048223,2.2491288,-1.7833387,2
gacs_movie_trailers_04_LhRXf-yE_s0000,gacs_movie_trailers_04_LhRXf-yE,movie_trailers,confident,-16.098295,-4.426767,0.28782383,-1.8828689,-3.4532106,-1.4478124,-1.2632654,3.7669892,2.2489352,1.0939006,0.93129414,0.3396881,2.021535,-0.6536735,2
gacs_movie_trailers_04_LhRXf-yE_s0001,gacs_movie_trailers_04_LhRXf-yE,movie_trailers,energetic,-1.7755599,-6.5189586,-8.346614,8.551093,-1.018186,-7.7825418,6.4221416,0.4649431,0.53229254,-1.0238842,1.1373723,2.9090302,5.2281036,-1.4281437,2
gacs_movie_trailers_04_LhRXf-yE_s0002,gacs_movie_trailers_04_LhRXf-yE,movie_trailers,serene,-13.974934,7.7862935,10.033429,-9.348836,4.360238,-0.8230027,1.5322945,-5.3019614,1.7090386,-2.145147,3.2938673,0.006775199,1.3168699,-0.06997326,2
gacs_movie_trailers_04_LhRXf-yE_s0003,gacs_movie_trailers_04_LhRXf-yE,movie_trailers,thoughtful,-4.7616124,8.183011,1.258354,-10.384095,0.23240134,-8.112541,-7.6594,-5.318842,-1.0701514,1.0040789,1.41024,0.25637454,1.5075351,-0.2205601,2
gacs_movie_trailers_04_LhRXf-yE_s0004,gacs_movie_trailers_04_LhRXf-yE,movie_trailers,pensive,-13.685501,11.971575,7.515458,-10.465917,4.8758087,-0.6066981,-2.231012,-5.386388,1.1447158,-0.64283437,1.9514247,-0.11974048,3.1305053,1.0567337,2
gacs_movie_trailers_04_LhRXf-yE_s0005,gacs_movie_trailers_04_LhRXf-yE,movie_trailers,nostalgic,-1.5494884,27.93905,1.463943,7.364929,0.3648152,-1.0568284,0.46202672,-1.832747,0.37485316,-2.920224,1.9178284,-1.991821,2.8840432,0.48996505,0
gacs_movie_trailers_04_LhRXf-yE_s0006,gacs_movie_trailers_04_LhRXf-yE,movie_trailers,serene,-12.746582,12.854706,7.0458264,-7.7123,0.79525906,-1.2763909,-0.48354068,-6.481379,2.2687793,-1.1807518,1.6894078,0.18140963,2.4069955,-0.089471154,2
gacs_movie_trailers_04_LhRXf-yE_s0007,gacs_movie_trailers_04_LhRXf-yE,movie_trailers,serious,-2.4595323,26.553333,-1.667344,2.9061246,0.016206201,-2.7873068,-3.775035,-3.4027464,1.2508667,1.2565267,1.5272877,-2.2271733,3.997504,0.3006461,0
gacs_movie_trailers_04_LhRXf-yE_s0008,gacs_movie_trailers_04_LhRXf-yE,movie_trailers,thoughtful,-11.199819,10.621942,9.029892,-9.813221,3.619447,-2.2975242,-2.4657402,-5.752645,0.76177996,-2.7481608,1.7683041,-0.28748184,3.5012712,-0.07584203,2
gacs_movie_trailers_04_LhRXf-yE_s0009,gacs_movie_trailers_04_LhRXf-yE,movie_trailers,calm,-16.713957,7.014373,7.738006,-10.197667,4.9040995,1.0464059,-1.099026,-4.6737337,2.7048264,-1.4900442,1.8774757,0.510018,2.6466749,0.27452976,2
gacs_movie_trailers_04_LhRXf-yE_s0010,gacs_movie_trailers_04_LhRXf-yE,movie_trailers,majestic,-5.209216,-7.721619,-1.5972565,11.26522,1.0430825,-6.3181796,1.4986148,-0.04841581,1.7940102,2.6458404,2.0263588,0.6950112,-1.5859189,3.06291,2
gacs_movie_trailers_04_LhRXf-yE_s0011,gacs_movie_trailers_04_LhRXf-yE,movie_trailers,curious,9.018709,-7.9731364,-16.121235,2.5336158,2.9297092,-1.1812937,0.45567542,-3.7082372,-2.576489,2.1854606,-2.5185192,-2.9886475,-1.7364386,3.7136638,1
gacs_movie_trailers_04_LhRXf-yE_s0012,gacs_movie_trailers_04_LhRXf-yE,movie_trailers,reflective,8.099095,30.3539,-2.8083944,8.472176,-0.6646751,1.1181566,-0.5571114,-0.3192514,2.9906578,-1.7379972,-0.32821706,-3.3209627,2.5323966,-0.07243078,0
gacs_movie_trailers_04_LhRXf-yE_s0013,gacs_movie_trailers_04_LhRXf-yE,movie_trailers,urban,10.23501,29.877834,-5.2277026,6.401876,0.15658964,5.8120427,4.3922806,1.9469509,4.223522,-0.6196719,-1.7215058,-1.2960552,-1.2302442,0.45535308,0
gacs_movie_trailers_04_LhRXf-yE_s0014,gacs_movie_trailers_04_LhRXf-yE,movie_trailers,energetic,-8.973831,-2.6904733,-4.4116273,-1.4314569,0.81406504,-2.7673807,4.383101,5.0207167,-4.025212,0.716645,-2.6534452,-0.058551196,-2.610924,-6.749888,2
gacs_movie_trailers_04_LhRXf-yE_s0015,gacs_movie_trailers_04_LhRXf-yE,movie_trailers,busy,-0.20727566,-2.8748882,-14.621418,0.36021566,-5.4665046,-1.6769711,-6.434936,-1.8903389,4.1790376,0.8216238,-0.8347088,1.9067855,-3.4879825,-1.1780208,2
gacs_movie_trailers_04_LhRXf-yE_s0016,gacs_movie_trailers_04_LhRXf-yE,movie_trailers,serious,10.280594,30.94136,-2.8950665,8.687324,3.2987518,2.0248861,-0.23893234,1.351879,2.4481087,-1.0114611,-0.94190496,-3.4405317,-0.4686636,-0.5038596,0
gacs_movie_trailers_04_LhRXf-yE_s0017,gacs_movie_trailers_04_LhRXf-yE,movie_trailers,concerned,16.217012,-4.5969667,-3.263455,-2.7813377,-0.42960078,-1.3535422,-9.799098,2.092569,1.221788,1.4537997,2.870804,-2.43709,-3.948369,1.5859963,1
gacs_movie_trailers_04_LhRXf-yE_s0018,gacs_movie_trailers_04_LhRXf-yE,movie_trailers,curious,7.903276,-12.2402525,-13.414699,3.3211672,-3.529166,-0.8162166,-7.5261006,-4.222999,0.06243928,0.20073152,-1.9068689,-5.9004636,1.3280973,2.544615,1
gacs_movie_trailers_04_LhRXf-yE_s0019,gacs_movie_trailers_04_LhRXf-yE,movie_trailers,focused,-16.494513,1.4154571,1.7542763,-8.037302,2.1863267,1.4395214,-3.5311239,0.2611516,-1.1429274,0.73515123,-1.4287281,-2.5258303,3.3045545,-2.4397075,2
gacs_movie_trailers_04_LhRXf-yE_s0020,gacs_movie_trailers_04_LhRXf-yE,movie_trailers,quiet,-10.109743,6.76119,-6.0255866,-5.4357452,-8.52645,1.4753904,-3.6798878,-2.5815525,0.24168317,2.500613,0.19896527,-0.7431138,5.7968674,-4.649016,2
gacs_movie_trailers_04_LhRXf-yE_s0021,gacs_movie_trailers_04_LhRXf-yE,movie_trailers,casual,-15.369111,-0.12824403,-1.2465858,-7.719227,-3.7062926,3.0399277,-0.21225604,-1.3203559,-3.4118068,0.4814296,1.563868,0.2972539,1.1705302,-4.2983327,2
gacs_movie_trailers_04_LhRXf-yE_s0022,gacs_movie_trailers_04_LhRXf-yE,movie_trailers,calm,1.5985363,7.2511525,-0.73346955,-12.006383,-5.3742704,-6.2641234,-1.2765362,-3.7619846,-8.584362,-1.408024,1.9246181,-1.2277172,2.7699234,-2.6850438,2
gacs_movie_trailers_04_LhRXf-yE_s0023,gacs_movie_trailers_04_LhRXf-yE,movie_trailers,calm,-19.668724,-0.18538973,2.947958,-4.3308196,0.74889445,1.8657718,-1.2041531,-0.86676025,0.6788128,2.5304005,0.71541923,0.5814377,0.5134169,-1.2949626,2
gacs_movie_trailers_04_LhRXf-yE_s0024,gacs_movie_trailers_04_LhRXf-yE,movie_trailers,thoughtful,1.1646432,5.188326,-4.5162354,-10.933442,-4.0253267,-3.3792694,0.11704622,-2.5779414,-10.672367,-0.5802527,1.8063323,0.8701408,1.4060476,-2.1582332,2
gacs_movie_trailers_04_LhRXf-yE_s0025,gacs_movie_trailers_04_LhRXf-yE,movie_trailers,chaotic,-6.45548,-10.391211,-2.0082595,8.826785,-1.0597206,-4.143162,3.24734,-0.13838017,-0.09328761,-2.555757,-1.3305714,0.15189506,0.22659849,-3.6633232,2
gacs_movie_trailers_04_LhRXf-yE_s0026,gacs_movie_trailers_04_LhRXf-yE,movie_trailers,busy,13.4482155,-7.8788333,-5.3849387,10.327273,10.250666,1.2812451,-1.2111611,-2.9215045,-0.7880119,-2.6115158,1.9960508,3.33569,-0.8757535,-4.860189,1
gacs_movie_trailers_04_LhRXf-yE_s0027,gacs_movie_trailers_04_LhRXf-yE,movie_trailers,curious,-14.053394,-4.9930406,-2.8881416,-3.6874344,0.6972525,3.8752165,1.5942178,2.5392175,-5.2289147,-2.1499195,-4.632595,-5.5616884,-0.24797763,-3.2964637,2
gacs_movie_trailers_04_LhRXf-yE_s0028,gacs_movie_trailers_04_LhRXf-yE,movie_trailers,dynamic,-0.12054387,-4.8227596,-13.209412,3.966225,2.5237262,-3.1606853,1.1396769,1.0539594,2.7235186,-1.8952088,-3.9454734,-1.2395272,1.3843114,-3.064788,2
gacs_movie_trailers_04_LhRXf-yE_s0029,gacs_movie_trailers_04_LhRXf-yE,movie_trailers,calm,-15.382421,-4.0815187,0.0151209,-6.415715,-0.59519756,1.048747,-2.7370293,0.8388555,-0.0018698621,-0.84614295,-2.363819,-4.3927875,1.6583558,-2.4880738,2
gacs_movie_trailers_04_LhRXf-yE_s0030,gacs_movie_trailers_04_LhRXf-yE,movie_trailers,focused,-1.0294355,-2.8872955,-11.260749,0.45316675,1.3898697,-4.7326694,-1.8220586,2.8069916,-0.6384221,0.16462697,-2.7645369,0.057163954,1.1224053,-4.5517745,2
gacs_movie_trailers_04_LhRXf-yE_s0031,gacs_movie_trailers_04_LhRXf-yE,movie_trailers,intense,5.51539,-12.288119,-12.468487,-2.692907,12.729173,-4.0890155,0.9165982,1.9395899,1.7012519,1.1233048,-3.0596986,-1.9720479,2.2600129,0.03403086,1
gacs_movie_trailers_04_LhRXf-yE_s0032,gacs_movie_trailers_04_LhRXf-yE,movie_trailers,victorious,-5.4081254,-5.4097996,-6.2104692,8.13045,8.9456215,-6.4789057,0.6378939,3.5109625,-2.4226396,-0.15703867,-4.269506,0.06995993,2.7716565,-2.1710532,2
gacs_movie_trailers_04_LhRXf-yE_s0033,gacs_movie_trailers_04_LhRXf-yE,movie_trailers,intense,9.5654545,-6.483076,-12.760738,0.9221483,9.586572,-5.04604,1.6077327,0.31779754,1.5794069,0.9070549,-1.6338807,0.034137543,2.0947099,-1.905088,1
gacs_movie_trailers_04_LhRXf-yE_s0034,gacs_movie_trailers_04_LhRXf-yE,movie_trailers,curious,-16.760727,-1.2879646,2.793563,-3.9230394,3.8373203,-0.45070902,-2.0717876,-1.4405736,-4.4761424,0.16152479,-1.4124321,-5.037106,-0.7598344,-4.1848383,2
gacs_movie_trailers_04_LhRXf-yE_s0035,gacs_movie_trailers_04_LhRXf-yE,movie_trailers,cheerful,-18.696795,-1.0901119,1.6123434,-4.6834135,2.082534,5.225843,-0.05244881,3.0760927,-1.7101829,0.37425828,-1.5069482,-3.0744827,1.2036012,-1.8800282,2
gacs_movie_trailers_04_LhRXf-yE_s0036,gacs_movie_trailers_04_LhRXf-yE,movie_trailers,happy,-19.061474,-3.7152126,3.9502742,7.1326547,-0.45237708,3.9897811,-3.1277058,1.253546,0.62721753,2.3405159,-0.30593228,-0.7787136,1.68769,-2.6492622,2
gacs_movie_trailers_04_LhRXf-yE_s0037,gacs_movie_trailers_04_LhRXf-yE,movie_trailers,intense,1.5175517,10.838339,-9.285778,-0.8320749,6.4946904,-7.132607,-2.8154335,0.70088035,-1.6860577,10.030603,-3.6115425,4.279923,-3.3599977,-4.721881,0
gacs_movie_trailers_04_LhRXf-yE_s0038,gacs_movie_trailers_04_LhRXf-yE,movie_trailers,intense,10.59466,-5.397188,-21.909,1.2917082,3.2627697,1.2372315,-1.0490997,-5.6916513,0.74771976,-0.7557806,1.4185606,4.8311734,-2.420127,0.79628015,1
gacs_movie_trailers_04_LhRXf-yE_s0039,gacs_movie_trailers_04_LhRXf-yE,movie_trailers,majestic,-0.38183,-8.503319,-4.926926,8.919591,1.6926444,-6.461606,5.019022,-1.3212714,2.2729263,0.7667553,3.0524592,-1.1122342,-1.562788,2.0077457,2
gacs_movie_trailers_04_LhRXf-yE_s0040,gacs_movie_trailers_04_LhRXf-yE,movie_trailers,tense,24.437643,-10.9094715,4.211757,-9.043138,11.021469,1.2045147,-1.1742778,2.6966534,-2.1284413,-2.2533333,0.8825537,-1.6490164,-0.31528634,-2.6998422,1
gacs_movie_trailers_04_LhRXf-yE_s0041,gacs_movie_trailers_04_LhRXf-yE,movie_trailers,unimpressed,1.9034593,15.086116,-13.790809,3.0021122,1.2733934,-1.1501987,-2.7100482,-5.844678,-1.6834968,6.0922093,-0.6839131,3.6680875,-5.7484794,-4.3667274,0
gacs_movie_trailers_04_LhRXf-yE_s0042,gacs_movie_trailers_04_LhRXf-yE,movie_trailers,tense,12.70626,-12.644567,-10.342536,-0.38710526,24.248806,-1.5785897,-0.9046797,1.1112235,-1.4595946,2.9207451,-2.9199576,-2.1645832,0.46779335,-1.6921103,1
gacs_movie_trailers_04_LhRXf-yE_s0043,gacs_movie_trailers_04_LhRXf-yE,movie_trailers,calm,-11.50564,9.86798,6.5752234,-9.327872,3.720461,-2.6991482,-2.0206397,-7.7827535,4.541771,0.38129482,2.4933233,0.9168904,2.725204,0.36661068,2
gacs_movie_trailers_04_LhRXf-yE_s0044,gacs_movie_trailers_04_LhRXf-yE,movie_trailers,somber,4.9377155,20.320618,-3.3602066,10.173281,11.957603,-5.3643327,-1.4588643,3.5465314,-5.8178544,3.9203913,1.0511338,0.2261271,-1.2525135,-1.8057586,0
gacs_movie_trailers_04_LhRXf-yE_s0045,gacs_movie_trailers_04_LhRXf-yE,movie_trailers,tense,13.082813,-10.844093,-12.153625,-1.2901835,-9.542063,3.8982456,2.1519856,-7.2658362,-3.8487878,-0.81047875,-0.76621366,-0.9669026,0.79065126,-0.24758258,1
gacs_movie_trailers_04_LhRXf-yE_s0046,gacs_movie_trailers_04_LhRXf-yE,movie_trailers,determined,5.0594125,-4.8001065,-7.009437,6.3211246,-5.9496922,-5.188516,3.0733252,-1.9751449,0.14541143,5.6401505,-3.425994,2.155137,0.22158429,-2.3570442,1
gacs_movie_trailers_04_LhRXf-yE_s0047,gacs_movie_trailers_04_LhRXf-yE,movie_trailers,tense,14.304133,-11.038531,-11.206352,-0.23108588,17.327957,-3.1751504,0.91081923,-0.9392789,-0.21129653,0.117080875,-0.36829638,-2.0026882,3.5548944,-2.8008633,1
gacs_movie_trailers_04_LhRXf-yE_s0048,gacs_movie_trailers_04_LhRXf-yE,movie_trailers,curious,5.5877385,-9.5058155,-12.900315,20.78583,-11.491463,5.155548,-5.4732943,-13.551875,-4.314847,-2.2890487,1.7160825,-4.900992,2.4222813,-0.7195347,1
gacs_movie_trailers_04_LhRXf-yE_s0049,gacs_movie_trailers_04_LhRXf-yE,movie_trailers,intense,4.0304303,-9.623267,-12.100389,-4.7705135,12.164315,-4.472804,2.9789567,3.747024,0.89543,2.1997106,-5.1859355,-2.8478825,0.47481078,-3.113667,1
gacs_movie_trailers_04_LhRXf-yE_s0050,gacs_movie_trailers_04_LhRXf-yE,movie_trailers,painful,24.076641,1.4289609,5.0376983,-1.4427378,0.028043155,-2.463115,-3.4168117,6.505836,0.59759784,-4.19238,0.7684995,2.4681046,0.80321944,0.25400108,1
gacs_movie_trailers_04_LhRXf-yE_s0051,gacs_movie_trailers_04_LhRXf-yE,movie_trailers,tense,7.9308996,-12.137284,-11.747891,21.272558,-10.710255,8.723175,-1.4247245,-15.053712,-2.0369203,-5.177772,3.4144828,-6.294136,4.9323006,0.9002442,1
gacs_movie_trailers_04_LhRXf-yE_s0052,gacs_movie_trailers_04_LhRXf-yE,movie_trailers,determined,4.7392216,28.820978,-3.6727114,9.967361,0.70311654,0.31529364,0.6671607,2.2901762,2.008685,0.11702793,0.106542766,-3.386726,2.602196,-0.04623417,0
gacs_movie_trailers_04_LhRXf-yE_s0053,gacs_movie_trailers_04_LhRXf-yE,movie_trailers,curious,-7.0352597,-9.131959,-14.387975,1.6892785,6.9684973,0.045780685,-0.13166997,-0.9322919,-2.9375203,4.0020013,-4.010162,-4.686825,-2.074335,1.3203175,2
gacs_movie_trailers_04_LhRXf-yE_s0054,gacs_movie_trailers_04_LhRXf-yE,movie_trailers,pensive,19.893787,5.905013,7.348599,-6.9586368,-0.6064868,-5.6936073,-4.6163583,0.82931554,-3.6412537,-1.0267634,0.3283219,0.8344945,-3.9076436,-1.7987725,1
gacs_movie_trailers_04_LhRXf-yE_s0055,gacs_movie_trailers_04_LhRXf-yE,movie_trailers,calm,-16.26461,8.6466675,9.648856,-8.379101,5.855694,1.6223087,-0.29768392,-5.788729,3.8567169,-2.1623428,2.1190097,0.26058164,2.2342894,-0.96242046,2
gacs_movie_trailers_04_LhRXf-yE_s0056,gacs_movie_trailers_04_LhRXf-yE,movie_trailers,reflective,-3.8390746,8.563386,-0.9999525,-9.260541,-6.084285,-3.6522608,-1.2233568,-4.3877087,-5.349592,-0.99162173,0.9170162,0.27085498,-0.04864092,0.30368033,2
gacs_movie_trailers_04_LhRXf-yE_s0057,gacs_movie_trailers_04_LhRXf-yE,movie_trailers,moody,-11.613919,-4.3727527,9.026393,5.1428967,2.6835086,-4.9283757,5.5736575,1.6305075,0.43593058,-0.14111757,2.9420102,2.7573302,-1.4933753,-1.8075544,2
gacs_movie_trailers_04_LhRXf-yE_s0058,gacs_movie_trailers_04_LhRXf-yE,movie_trailers,reflective,-15.053832,10.071614,7.962308,-9.359708,4.3176165,-0.036443967,-1.0809115,-5.842944,2.2523124,0.42826906,1.8101205,-0.13760191,1.4558431,-0.5829637,2
gacs_movie_trailers_04_LhRXf-yE_s0059,gacs_movie_trailers_04_LhRXf-yE,movie_trailers,joyful,-18.53933,-1.2812097,12.473653,5.067059,4.7519255,3.7293868,0.8865607,-0.8157032,1.7260115,-0.39110368,1.7088853,3.4168096,-1.8205444,-0.9930753,2
gacs_movie_trailers_04_LhRXf-yE_s0060,gacs_movie_trailers_04_LhRXf-yE,movie_trailers,curious,-15.261154,-3.1849341,-2.212227,-4.760205,-3.0315204,3.083439,-1.5920622,0.41665152,-2.323981,-0.12862702,-6.4405866,-5.8836527,-0.72464895,-0.7206432,2
gacs_movie_trailers_04_LhRXf-yE_s0061,gacs_movie_trailers_04_LhRXf-yE,movie_trailers,calm,-12.992159,10.928336,1.1567396,-10.233624,1.0452217,-0.98145103,-6.698294,-6.2913246,2.5682902,2.374376,-0.5161129,0.1071087,2.974387,0.18331662,2
gacs_movie_trailers_04_LhRXf-yE_s0062,gacs_movie_trailers_04_LhRXf-yE,movie_trailers,anxious,20.802383,-4.344525,8.527258,-3.1995165,1.1069245,-5.133077,-7.731637,1.3642261,-1.9325389,0.88264436,2.7548037,-0.28840965,-4.5682135,-1.3566053,1
gacs_movie_trailers_04_LhRXf-yE_s0063,gacs_movie_trailers_04_LhRXf-yE,movie_trailers,tense,13.082436,-0.8253191,-14.686053,0.75405854,6.360029,-2.0838375,-0.94879746,-6.229091,-0.19167343,2.0967188,-1.2326856,4.470332,-5.688114,-2.6971133,1
gacs_movie_trailers_04_LhRXf-yE_s0064,gacs_movie_trailers_04_LhRXf-yE,movie_trailers,reflective,-14.982722,11.839067,7.4889474,-6.9316125,2.9433231,-0.6271288,-1.5282634,-5.75934,0.32552698,-1.3905998,1.5585897,-0.40383217,2.2095215,-0.83594775,2
gacs_movie_trailers_04_LhRXf-yE_s0065,gacs_movie_trailers_04_LhRXf-yE,movie_trailers,calm,7.101982,18.611946,3.1403449,-3.8341258,-1.5193962,-8.090302,-7.2333193,-7.1714196,-4.318066,3.5882108,-0.9820125,0.6061251,0.48206353,-3.9630737,0
gacs_movie_trailers_04_LhRXf-yE_s0066,gacs_movie_trailers_04_LhRXf-yE,movie_trailers,reflective,-3.9626129,15.837963,2.1753619,-13.22003,-3.3855917,0.06514755,1.4966347,-3.483704,-6.1728487,-0.5853715,2.769538,-0.1574355,4.337599,1.9770819,2
gacs_movie_trailers_04_LhRXf-yE_s0067,gacs_movie_trailers_04_LhRXf-yE,movie_trailers,nostalgic,-17.804293,4.644288,9.355085,-3.2005394,1.651595,2.3522182,0.7095755,-2.3495162,2.328187,-2.412806,0.54587924,0.83212733,0.4927055,-3.3547678,2
gacs_movie_trailers_04_LhRXf-yE_s0068,gacs_movie_trailers_04_LhRXf-yE,movie_trailers,calm,-14.692007,9.097761,7.206336,-10.127354,4.1023974,-1.2135313,-2.317459,-5.584424,0.98164946,-1.9136066,1.2144592,0.023610158,2.4877782,0.7336048,2
gacs_movie_trailers_04_LhRXf-yE_s0069,gacs_movie_trailers_04_LhRXf-yE,movie_trailers,thoughtful,13.758367,28.67497,-2.5358043,10.631331,-2.5592132,1.9740062,0.711177,1.2157613,2.0413613,-2.7762644,-0.79573995,-3.9716883,1.5318493,-0.30810702,0
gacs_movie_trailers_04_LhRXf-yE_s0070,gacs_movie_trailers_04_LhRXf-yE,movie_trailers,reflective,-4.223159,24.388668,2.965718,0.07903761,-0.38096067,-2.6682074,-2.1737666,-3.36955,2.1000228,-1.0637937,0.85154355,-3.0531526,3.8806412,0.9440387,0
gacs_movie_trailers_04_LhRXf-yE_s0071,gacs_movie_trailers_04_LhRXf-yE,movie_trailers,nostalgic,-14.686882,8.325912,9.276014,-11.197753,2.7220266,-0.4374042,0.6527291,-4.3394427,0.3449656,-4.8292365,1.3809584,0.17003593,1.448645,0.043501534,2
gacs_movie_trailers_04_LhRXf-yE_s0072,gacs_movie_trailers_04_LhRXf-yE,movie_trailers,calm,-17.578445,6.981346,5.679656,-10.380411,5.2749686,2.9900205,-1.2126945,-3.2933865,1.8858116,-0.47420484,1.1171588,-0.3185317,3.6650891,-0.6183437,2
gacs_movie_trailers_04_LhRXf-yE_s0073,gacs_movie_trailers_04_LhRXf-yE,movie_trailers,calm,-15.65811,9.893704,7.6036854,-10.028407,5.4213405,0.4430839,-1.1354076,-4.955788,0.6538323,-0.9485045,1.6067634,-0.24978031,3.4280527,0.24405637,2
gacs_movie_trailers_04_LhRXf-yE_s0074,gacs_movie_trailers_04_LhRXf-yE,movie_trailers,calm,-15.014303,8.252463,1.5288652,-9.929232,0.9918406,-0.4689148,-5.779973,-4.3523173,0.8740903,1.9895557,-0.08026734,-3.403298,3.0409489,-2.1035998,2
gacs_movie_trailers_04_LhRXf-yE_s0075,gacs_movie_trailers_04_LhRXf-yE,movie_trailers,calm,-16.371931,8.972274,7.6690884,-9.728123,4.6710515,1.4663538,-1.5093522,-5.3166375,2.7904422,-0.9169925,1.2587496,-1.1088533,2.8631535,-0.6253139,2
gacs_movie_trailers_04_LhRXf-yE_s0076,gacs_movie_trailers_04_LhRXf-yE,movie_trailers,urban,7.0882864,6.6167283,-7.4994845,5.9615216,2.055268,-2.0356166,4.4935045,-1.8388245,-0.60383725,3.8236668,3.1083343,6.4913287,-2.817041,-6.272833,0
gacs_movie_trailers_04_LhRXf-yE_s0077,gacs_movie_trailers_04_LhRXf-yE,movie_trailers,peaceful,-17.455595,4.272268,8.393536,-7.166747,5.140125,2.5923705,-0.9217618,-4.793705,5.199849,-1.5020014,1.0808803,0.5871805,1.3497074,0.14401878,2
gacs_movie_trailers_04_LhRXf-yE_s0078,gacs_movie_trailers_04_LhRXf-yE,movie_trailers,focused,-0.68811035,-4.711487,-15.955686,3.4511213,2.8263843,-1.3483995,-1.6660489,-1.4458832,3.315679,-1.4128294,-3.3818052,1.0077358,0.117647305,1.9460909,2
gacs_movie_trailers_04_LhRXf-yE_s0079,gacs_movie_trailers_04_LhRXf-yE,movie_trailers,dynamic,6.4548807,-5.4830875,-16.737398,1.6839522,0.9322219,-1.5933726,1.5865617,-4.6413727,2.8366587,-1.9912308,-0.5256642,2.3275087,-1.9562093,-0.72724843,1
gacs_movie_trailers_04_LhRXf-yE_s0080,gacs_movie_trailers_04_LhRXf-yE,movie_trailers,chaotic,9.121845,-9.509439,-16.039976,4.6421537,17.99811,2.37675,0.253837,-5.275789,-0.008858826,0.19501838,-3.3131351,-1.8763831,-0.30002838,-0.99321413,1
gacs_movie_trailers_04_LhRXf-yE_s0081,gacs_movie_trailers_04_LhRXf-yE,movie_trailers,intense,-3.6152272,-9.119641,-11.997679,3.4619064,7.0100813,-4.8764977,1.4869491,0.7466491,2.097777,1.9138402,-3.4178584,-2.801287,2.158451,-1.9760906,2
gacs_movie_trailers_04_LhRXf-yE_s0082,gacs_movie_trailers_04_LhRXf-yE,movie_trailers,calm,-19.579552,5.1775208,5.4263186,-3.8621914,3.086825,1.7496766,-1.4351243,-3.7238324,3.866744,0.9366546,0.70406455,-0.26078004,1.1735055,-0.79976547,2
gacs_movie_trailers_04_LhRXf-yE_s0083,gacs_movie_trailers_04_LhRXf-yE,movie_trailers,content,-19.069899,4.6640334,8.448836,-6.2256246,3.5206566,2.786521,1.3328272,-3.3760395,4.3336854,-1.9436527,1.0810223,1.853177,0.78144854,-0.8577033,2
gacs_movie_trailers_04_LhRXf-yE_s0084,gacs_movie_trailers_04_LhRXf-yE,movie_trailers,reflective,-16.375538,7.218425,4.4416485,-9.838783,3.2805963,0.453453,-2.6603048,-4.985288,4.4012527,0.45662686,1.2922701,-0.0911254,1.8714092,0.9655941,2
gacs_movie_trailers_04_LhRXf-yE_s0085,gacs_movie_trailers_04_LhRXf-yE,movie_trailers,reflective,-7.8449044,1.8747385,-7.437286,-10.731625,5.3092422,-2.0933998,-5.117174,-2.1956656,0.42889258,5.3434124,2.305977,-0.78966385,0.189487,4.871983,2
gacs_movie_trailers_04_LhRXf-yE_s0086,gacs_movie_trailers_04_LhRXf-yE,movie_trailers,energetic,-14.903359,-5.139918,0.2903839,5.2922835,3.4615378,-0.884769,2.0970862,1.2381916,1.5301297,0.7817007,0.8256066,0.76926005,1.146965,-2.009776,2
gacs_movie_trailers_04_LhRXf-yE_s0087,gacs_movie_trailers_04_LhRXf-yE,movie_trailers,suspenseful,26.02493,-9.419964,6.944183,-1.5787361,-4.8395953,3.890617,2.6251547,-2.6417105,1.5991066,3.7118278,0.36577517,-1.1515969,5.2552805,-0.53126276,1
gacs_movie_trailers_04_LhRXf-yE_s0088,gacs_movie_trailers_04_LhRXf-yE,movie_trailers,energetic,-4.41336,-5.565995,-8.026109,-1.6106027,-7.617446,-2.2652004,3.5111294,-0.7958153,1.5327607,-1.0153441,-0.7444409,3.6782148,1.3375262,1.5482591,2
gacs_movie_trailers_04_LhRXf-yE_s0089,gacs_movie_trailers_04_LhRXf-yE,movie_trailers,focused,-16.007402,4.7391405,3.9414523,-9.282667,2.047437,1.0320654,-0.9763987,-2.640221,3.3260813,-1.0797001,-0.6308335,0.73787016,1.6432238,1.3411958,2
gacs_movie_trailers_04_LhRXf-yE_s0090,gacs_movie_trailers_04_LhRXf-yE,movie_trailers,contemplative,-14.990871,9.691399,5.801431,-12.116897,4.8823028,1.6334618,-1.0179529,-4.308798,0.8249648,-0.9880405,1.1480201,-1.7822424,2.2423286,-3.4017806,2
gacs_movie_trailers_04_LhRXf-yE_s0091,gacs_movie_trailers_04_LhRXf-yE,movie_trailers,serious,-3.151606,-4.277877,-15.940792,-5.039395,-2.5936723,-1.200974,-4.4226637,-0.21661349,-0.9730875,1.0410571,-3.8164515,-1.0116965,0.702029,1.7780578,2
gacs_movie_trailers_04_LhRXf-yE_s0092,gacs_movie_trailers_04_LhRXf-yE,movie_trailers,chaotic,-1.6092912,-10.330455,-13.0921955,1.5642805,4.9967723,-4.8724527,2.0488896,2.685451,1.5683597,1.5790825,-4.6097145,-1.2074969,2.0774832,-3.4207737,2
gacs_movie_trailers_04_LhRXf-yE_s0093,gacs_movie_trailers_04_LhRXf-yE,movie_trailers,intense,-0.49382162,-8.563606,-15.8467045,0.91821676,7.450519,0.6756849,-1.0497324,-2.6329656,1.6574306,-1.6399645,-3.6258569,0.1665991,-0.0012575102,1.4959377,2
gacs_movie_trailers_04_LhRXf-yE_s0094,gacs_movie_trailers_04_LhRXf-yE,movie_trailers,determined,-0.33099023,-3.5267568,-10.932296,4.096336,0.21994868,-5.264526,2.4951758,-1.7907488,2.6924043,0.973933,2.286872,5.7731457,0.11412155,-5.38518,2
gacs_movie_trailers_04_LhRXf-yE_s0095,gacs_movie_trailers_04_LhRXf-yE,movie_trailers,pensive,-16.30733,7.9272833,2.2920542,-9.4434185,4.1086855,-1.1138244,-2.681342,-3.1177523,-2.1476176,3.0511346,2.35972,-1.0115615,-0.21021728,-2.3101912,2
gacs_movie_trailers_04_LhRXf-yE_s0096,gacs_movie_trailers_04_LhRXf-yE,movie_trailers,curious,1.1561929,-11.718428,-10.75064,20.448486,-10.147231,6.845969,-5.9941034,-12.637875,-3.9586432,-1.5940062,2.2076595,-6.082972,2.082538,-1.5910261,2
gacs_movie_trailers_04_LhRXf-yE_s0097,gacs_movie_trailers_04_LhRXf-yE,movie_trailers,vibrant,-12.9414,-2.9626985,5.9103494,5.028077,2.315986,-4.4885006,5.253773,-0.45604423,2.3434575,1.5142593,2.9112995,0.7516222,-0.9184955,-1.8087562,2
gacs_movie_trailers_04_LhRXf-yE_s0098,gacs_movie_trailers_04_LhRXf-yE,movie_trailers,mysterious,4.7005334,7.305171,4.7081065,4.0071645,-8.803102,-6.1257863,1.0976869,-5.6634,-11.513421,2.4123135,-2.241399,3.4026418,-2.6397402,-1.2450764,0
gacs_movie_trailers_04_LhRXf-yE_s0099,gacs_movie_trailers_04_LhRXf-yE,movie_trailers,serene,-9.498137,15.193652,4.4858055,-10.726677,-1.5056294,-0.84694904,-2.8553138,-7.419653,-1.3504052,-1.4329487,1.3401115,-0.1493778,1.1154329,-0.2760142,2
gacs_movie_trailers_04_LhRXf-yE_s0100,gacs_movie_trailers_04_LhRXf-yE,movie_trailers,energetic,-19.66231,-0.24900483,4.6199255,-2.189796,3.8059957,4.01012,-0.5371929,0.7159338,1.3883302,0.30521715,0.25339887,-0.12185202,1.4178282,-3.5644245,2
gacs_movie_trailers_04_LhRXf-yE_s0101,gacs_movie_trailers_04_LhRXf-yE,movie_trailers,reflective,-5.8889017,6.70588,-4.6932607,-10.995051,-3.5494394,-2.646987,-0.5653957,-0.11620133,-7.857407,-0.11379993,1.7280225,0.14829691,4.614338,1.3842976,2
gacs_movie_trailers_04_LhRXf-yE_s0102,gacs_movie_trailers_04_LhRXf-yE,movie_trailers,reflective,-18.206558,2.0452363,5.549862,-9.826169,1.5335958,2.9940405,0.70934945,-1.8300153,1.9352304,-2.3204,0.6044757,-1.695246,0.5471763,-2.1603286,2
gacs_movie_trailers_04_LhRXf-yE_s0103,gacs_movie_trailers_04_LhRXf-yE,movie_trailers,calm,-0.82651347,15.799334,5.2872243,-10.280281,-0.859366,-6.9190035,-7.932925,-7.2837186,-2.5041103,-0.022558836,-0.20973952,-1.6221898,3.268878,-2.6791818,0
gacs_movie_trailers_04_LhRXf-yE_s0104,gacs_movie_trailers_04_LhRXf-yE,movie_trailers,intense,10.110872,-6.918502,-11.529488,4.8286195,15.691331,-3.8329644,0.4711633,0.19893041,0.2947729,4.679821,-3.6537094,-1.3022139,3.9761736,-3.4591477,1
gacs_movie_trailers_04_LhRXf-yE_s0105,gacs_movie_trailers_04_LhRXf-yE,movie_trailers,excited,-7.0737157,-10.592751,-0.1624987,13.266162,7.593364,-1.8005519,-3.065624,1.508741,-1.5986406,2.7813392,-1.1697516,-3.0461938,-0.50595975,-3.8424394,2
gacs_movie_trailers_04_LhRXf-yE_s0106,gacs_movie_trailers_04_LhRXf-yE,movie_trailers,dynamic,-10.97987,-5.3845506,-6.7531514,2.0947516,1.221371,-1.9841125,-0.9873507,1.3521249,2.6659918,2.6304488,-1.137749,-1.1195283,-0.030855836,1.1985624,2
gacs_movie_trailers_04_LhRXf-yE_s0107,gacs_movie_trailers_04_LhRXf-yE,movie_trailers,somber,-8.418568,8.547408,-0.89436275,1.3240376,-5.4828815,-2.3245718,-0.33490676,-0.5873499,-4.0869884,1.560266,-0.2885721,0.39411193,0.4241122,-1.8059714,2
gacs_movie_trailers_04_LhRXf-yE_s0108,gacs_movie_trailers_04_LhRXf-yE,movie_trailers,traditional,8.080605,28.431759,-2.9706385,4.007593,-3.2930622,2.5944934,4.4876013,1.1981754,2.8202362,-1.2367417,-0.4783142,-2.4648345,1.6593809,0.38489228,0
gacs_movie_trailers_04_LhRXf-yE_s0109,gacs_movie_trailers_04_LhRXf-yE,movie_trailers,dynamic,2.618034,-3.2022753,-13.051276,1.6285888,2.2840083,-3.0851963,1.956764,-0.33980793,2.2351477,-1.0458817,-2.10003,-0.6163407,2.127968,0.40046644,2
gacs_movie_trailers_04_LhRXf-yE_s0110,gacs_movie_trailers_04_LhRXf-yE,movie_trailers,chaotic,21.464615,-7.2053566,-4.912301,0.06470141,5.852783,-1.9042108,0.5564105,0.57769555,2.5167747,-0.40697965,-4.075874,0.9910203,1.2382649,-4.2001424,1
gacs_movie_trailers_04_LhRXf-yE_s0111,gacs_movie_trailers_04_LhRXf-yE,movie_trailers,comforting,7.9249573,15.417381,-0.57416105,-3.2822654,-5.450199,-0.5437786,1.8272684,2.718348,-8.545439,-1.0244672,2.4258533,5.789071,0.96767396,1.723413,0
gacs_movie_trailers_04_LhRXf-yE_s0112,gacs_movie_trailers_04_LhRXf-yE,movie_trailers,excited,-12.793233,-8.826984,3.9287956,13.814371,4.2159896,-0.56401205,-0.73834443,1.4678593,0.9708573,1.3661177,1.8300818,-0.6885111,-0.34979844,-0.59781766,2
gacs_movie_trailers_04_LhRXf-yE_s0113,gacs_movie_trailers_04_LhRXf-yE,movie_trailers,intense,-3.7700613,-4.100775,-12.250365,3.551179,2.508892,-6.61707,-0.07026824,1.9392606,3.491142,4.806593,-0.7492991,-0.57633394,3.0704527,-2.5161326,2
gacs_movie_trailers_04_LhRXf-yE_s0114,gacs_movie_trailers_04_LhRXf-yE,movie_trailers,exciting,-6.057401,-11.492929,0.8036419,10.797812,4.16949,-4.0994005,-0.36596614,2.59052,2.284488,-0.705265,-1.9726446,-2.4895852,1.8503335,-2.9638186,2
gacs_movie_trailers_04_LhRXf-yE_s0115,gacs_movie_trailers_04_LhRXf-yE,movie_trailers,nostalgic,-4.24885,-0.14886664,4.9238153,15.785071,-4.9126225,-4.4259624,1.7452826,1.5469443,-0.87758356,-1.2105521,-1.14121,1.535769,0.23841198,0.37540138,2
gacs_movie_trailers_04_LhRXf-yE_s0116,gacs_movie_trailers_04_LhRXf-yE,movie_trailers,anticipatory,8.55975,-8.895945,2.3764033,3.29584,-7.761993,-6.0240617,1.6132323,0.7985358,0.05225712,1.8611425,1.2315089,-2.8671134,0.020052606,3.2242277,1
gacs_movie_trailers_04_LhRXf-yE_s0117,gacs_movie_trailers_04_LhRXf-yE,movie_trailers,determined,-6.031179,-2.1423588,-1.8181034,10.209016,-3.6066864,-6.240237,-1.9827894,2.9210496,1.9576226,2.317984,-2.78161,1.1037526,-0.18287791,0.5018596,2
