scene_id,video_name,start_time,end_time,duration,frame_count,rep_frame_path,method
16,gacs_advertisements_00_-avONMmQ.mp4,128.0,136.0,8.0,18,data\scenes\gacs_advertisements_00_-avONMmQ_scene_16.jpg,fixed_8s
13,gacs_advertisements_01_jBnseji3.mp4,104.0,112.0,8.0,17,data\scenes\gacs_advertisements_01_jBnseji3_scene_13.jpg,fixed_8s
14,gacs_advertisements_01_jBnseji3.mp4,112.0,120.0,8.0,17,data\scenes\gacs_advertisements_01_jBnseji3_scene_14.jpg,fixed_8s
15,gacs_animations_00_WIPV1iwz.mp4,128.0,136.0,8.0,18,data\scenes\gacs_animations_00_WIPV1iwz_scene_15.jpg,fixed_8s
16,gacs_animations_00_WIPV1iwz.mp4,136.0,144.0,8.0,17,data\scenes\gacs_animations_00_WIPV1iwz_scene_16.jpg,fixed_8s
17,gacs_animations_00_WIPV1iwz.mp4,144.0,152.0,8.0,18,data\scenes\gacs_animations_00_WIPV1iwz_scene_17.jpg,fixed_8s
18,gacs_animations_00_WIPV1iwz.mp4,152.0,160.0,8.0,17,data\scenes\gacs_animations_00_WIPV1iwz_scene_18.jpg,fixed_8s
19,gacs_animations_00_WIPV1iwz.mp4,160.0,168.0,8.0,18,data\scenes\gacs_animations_00_WIPV1iwz_scene_19.jpg,fixed_8s
20,gacs_animations_00_WIPV1iwz.mp4,168.0,176.0,8.0,17,data\scenes\gacs_animations_00_WIPV1iwz_scene_20.jpg,fixed_8s
21,gacs_animations_00_WIPV1iwz.mp4,192.0,200.0,8.0,17,data\scenes\gacs_animations_00_WIPV1iwz_scene_21.jpg,fixed_8s
16,gacs_animations_02_qLGNj-xr.mp4,128.0,136.0,8.0,16,data\scenes\gacs_animations_02_qLGNj-xr_scene_16.jpg,fixed_8s
17,gacs_animations_02_qLGNj-xr.mp4,136.0,144.0,8.0,16,data\scenes\gacs_animations_02_qLGNj-xr_scene_17.jpg,fixed_8s
18,gacs_animations_02_qLGNj-xr.mp4,144.0,152.0,8.0,16,data\scenes\gacs_animations_02_qLGNj-xr_scene_18.jpg,fixed_8s
19,gacs_animations_02_qLGNj-xr.mp4,152.0,160.0,8.0,16,data\scenes\gacs_animations_02_qLGNj-xr_scene_19.jpg,fixed_8s
15,gacs_emotional_shorts_00_WAmw-erI.mp4,120.0,128.0,8.0,17,data\scenes\gacs_emotional_shorts_00_WAmw-erI_scene_15.jpg,fixed_8s
16,gacs_emotional_shorts_00_WAmw-erI.mp4,128.0,136.0,8.0,17,data\scenes\gacs_emotional_shorts_00_WAmw-erI_scene_16.jpg,fixed_8s
17,gacs_emotional_shorts_00_WAmw-erI.mp4,136.0,144.0,8.0,16,data\scenes\gacs_emotional_shorts_00_WAmw-erI_scene_17.jpg,fixed_8s
18,gacs_emotional_shorts_00_WAmw-erI.mp4,144.0,152.0,8.0,17,data\scenes\gacs_emotional_shorts_00_WAmw-erI_scene_18.jpg,fixed_8s
19,gacs_emotional_shorts_00_WAmw-erI.mp4,152.0,160.0,8.0,17,data\scenes\gacs_emotional_shorts_00_WAmw-erI_scene_19.jpg,fixed_8s
20,gacs_emotional_shorts_00_WAmw-erI.mp4,160.0,168.0,8.0,16,data\scenes\gacs_emotional_shorts_00_WAmw-erI_scene_20.jpg,fixed_8s
21,gacs_emotional_shorts_00_WAmw-erI.mp4,168.0,176.0,8.0,17,data\scenes\gacs_emotional_shorts_00_WAmw-erI_scene_21.jpg,fixed_8s
22,gacs_emotional_shorts_00_WAmw-erI.mp4,176.0,184.0,8.0,17,data\scenes\gacs_emotional_shorts_00_WAmw-erI_scene_22.jpg,fixed_8s
23,gacs_emotional_shorts_00_WAmw-erI.mp4,184.0,192.0,8.0,16,data\scenes\gacs_emotional_shorts_00_WAmw-erI_scene_23.jpg,fixed_8s
24,gacs_emotional_shorts_00_WAmw-erI.mp4,192.0,200.0,8.0,17,data\scenes\gacs_emotional_shorts_00_WAmw-erI_scene_24.jpg,fixed_8s
25,gacs_emotional_shorts_00_WAmw-erI.mp4,200.0,208.0,8.0,17,data\scenes\gacs_emotional_shorts_00_WAmw-erI_scene_25.jpg,fixed_8s
26,gacs_emotional_shorts_00_WAmw-erI.mp4,208.0,216.0,8.0,16,data\scenes\gacs_emotional_shorts_00_WAmw-erI_scene_26.jpg,fixed_8s
27,gacs_emotional_shorts_00_WAmw-erI.mp4,216.0,224.0,8.0,17,data\scenes\gacs_emotional_shorts_00_WAmw-erI_scene_27.jpg,fixed_8s
28,gacs_emotional_shorts_00_WAmw-erI.mp4,224.0,232.0,8.0,17,data\scenes\gacs_emotional_shorts_00_WAmw-erI_scene_28.jpg,fixed_8s
29,gacs_emotional_shorts_00_WAmw-erI.mp4,232.0,240.0,8.0,16,data\scenes\gacs_emotional_shorts_00_WAmw-erI_scene_29.jpg,fixed_8s
30,gacs_emotional_shorts_00_WAmw-erI.mp4,240.0,248.0,8.0,17,data\scenes\gacs_emotional_shorts_00_WAmw-erI_scene_30.jpg,fixed_8s
31,gacs_emotional_shorts_00_WAmw-erI.mp4,248.0,256.0,8.0,17,data\scenes\gacs_emotional_shorts_00_WAmw-erI_scene_31.jpg,fixed_8s
32,gacs_emotional_shorts_00_WAmw-erI.mp4,256.0,264.0,8.0,16,data\scenes\gacs_emotional_shorts_00_WAmw-erI_scene_32.jpg,fixed_8s
33,gacs_emotional_shorts_00_WAmw-erI.mp4,264.0,272.0,8.0,17,data\scenes\gacs_emotional_shorts_00_WAmw-erI_scene_33.jpg,fixed_8s
34,gacs_emotional_shorts_00_WAmw-erI.mp4,272.0,280.0,8.0,17,data\scenes\gacs_emotional_shorts_00_WAmw-erI_scene_34.jpg,fixed_8s
35,gacs_emotional_shorts_00_WAmw-erI.mp4,280.0,288.0,8.0,16,data\scenes\gacs_emotional_shorts_00_WAmw-erI_scene_35.jpg,fixed_8s
36,gacs_emotional_shorts_00_WAmw-erI.mp4,288.0,296.0,8.0,17,data\scenes\gacs_emotional_shorts_00_WAmw-erI_scene_36.jpg,fixed_8s
37,gacs_emotional_shorts_00_WAmw-erI.mp4,296.0,304.0,8.0,17,data\scenes\gacs_emotional_shorts_00_WAmw-erI_scene_37.jpg,fixed_8s
38,gacs_emotional_shorts_00_WAmw-erI.mp4,304.0,312.0,8.0,16,data\scenes\gacs_emotional_shorts_00_WAmw-erI_scene_38.jpg,fixed_8s
39,gacs_emotional_shorts_00_WAmw-erI.mp4,312.0,320.0,8.0,17,data\scenes\gacs_emotional_shorts_00_WAmw-erI_scene_39.jpg,fixed_8s
40,gacs_emotional_shorts_00_WAmw-erI.mp4,320.0,328.0,8.0,17,data\scenes\gacs_emotional_shorts_00_WAmw-erI_scene_40.jpg,fixed_8s
41,gacs_emotional_shorts_00_WAmw-erI.mp4,328.0,336.0,8.0,16,data\scenes\gacs_emotional_shorts_00_WAmw-erI_scene_41.jpg,fixed_8s
42,gacs_emotional_shorts_00_WAmw-erI.mp4,336.0,344.0,8.0,17,data\scenes\gacs_emotional_shorts_00_WAmw-erI_scene_42.jpg,fixed_8s
43,gacs_emotional_shorts_00_WAmw-erI.mp4,344.0,352.0,8.0,17,data\scenes\gacs_emotional_shorts_00_WAmw-erI_scene_43.jpg,fixed_8s
44,gacs_emotional_shorts_00_WAmw-erI.mp4,352.0,360.0,8.0,16,data\scenes\gacs_emotional_shorts_00_WAmw-erI_scene_44.jpg,fixed_8s
45,gacs_emotional_shorts_00_WAmw-erI.mp4,360.0,368.0,8.0,17,data\scenes\gacs_emotional_shorts_00_WAmw-erI_scene_45.jpg,fixed_8s
46,gacs_emotional_shorts_00_WAmw-erI.mp4,368.0,376.0,8.0,17,data\scenes\gacs_emotional_shorts_00_WAmw-erI_scene_46.jpg,fixed_8s
47,gacs_emotional_shorts_00_WAmw-erI.mp4,376.0,384.0,8.0,16,data\scenes\gacs_emotional_shorts_00_WAmw-erI_scene_47.jpg,fixed_8s
48,gacs_emotional_shorts_00_WAmw-erI.mp4,384.0,392.0,8.0,17,data\scenes\gacs_emotional_shorts_00_WAmw-erI_scene_48.jpg,fixed_8s
49,gacs_emotional_shorts_00_WAmw-erI.mp4,392.0,400.0,8.0,17,data\scenes\gacs_emotional_shorts_00_WAmw-erI_scene_49.jpg,fixed_8s
50,gacs_emotional_shorts_00_WAmw-erI.mp4,400.0,408.0,8.0,16,data\scenes\gacs_emotional_shorts_00_WAmw-erI_scene_50.jpg,fixed_8s
51,gacs_emotional_shorts_00_WAmw-erI.mp4,408.0,416.0,8.0,17,data\scenes\gacs_emotional_shorts_00_WAmw-erI_scene_51.jpg,fixed_8s
52,gacs_emotional_shorts_00_WAmw-erI.mp4,416.0,424.0,8.0,17,data\scenes\gacs_emotional_shorts_00_WAmw-erI_scene_52.jpg,fixed_8s
53,gacs_emotional_shorts_00_WAmw-erI.mp4,424.0,432.0,8.0,16,data\scenes\gacs_emotional_shorts_00_WAmw-erI_scene_53.jpg,fixed_8s
54,gacs_emotional_shorts_00_WAmw-erI.mp4,432.0,440.0,8.0,17,data\scenes\gacs_emotional_shorts_00_WAmw-erI_scene_54.jpg,fixed_8s
55,gacs_emotional_shorts_00_WAmw-erI.mp4,440.0,448.0,8.0,17,data\scenes\gacs_emotional_shorts_00_WAmw-erI_scene_55.jpg,fixed_8s
56,gacs_emotional_shorts_00_WAmw-erI.mp4,448.0,456.0,8.0,16,data\scenes\gacs_emotional_shorts_00_WAmw-erI_scene_56.jpg,fixed_8s
57,gacs_emotional_shorts_00_WAmw-erI.mp4,456.0,464.0,8.0,17,data\scenes\gacs_emotional_shorts_00_WAmw-erI_scene_57.jpg,fixed_8s
58,gacs_emotional_shorts_00_WAmw-erI.mp4,464.0,472.0,8.0,17,data\scenes\gacs_emotional_shorts_00_WAmw-erI_scene_58.jpg,fixed_8s
59,gacs_emotional_shorts_00_WAmw-erI.mp4,472.0,480.0,8.0,16,data\scenes\gacs_emotional_shorts_00_WAmw-erI_scene_59.jpg,fixed_8s
60,gacs_emotional_shorts_00_WAmw-erI.mp4,480.0,488.0,8.0,17,data\scenes\gacs_emotional_shorts_00_WAmw-erI_scene_60.jpg,fixed_8s
61,gacs_emotional_shorts_00_WAmw-erI.mp4,488.0,496.0,8.0,17,data\scenes\gacs_emotional_shorts_00_WAmw-erI_scene_61.jpg,fixed_8s
62,gacs_emotional_shorts_00_WAmw-erI.mp4,496.0,504.0,8.0,16,data\scenes\gacs_emotional_shorts_00_WAmw-erI_scene_62.jpg,fixed_8s
63,gacs_emotional_shorts_00_WAmw-erI.mp4,504.0,512.0,8.0,17,data\scenes\gacs_emotional_shorts_00_WAmw-erI_scene_63.jpg,fixed_8s
64,gacs_emotional_shorts_00_WAmw-erI.mp4,512.0,520.0,8.0,17,data\scenes\gacs_emotional_shorts_00_WAmw-erI_scene_64.jpg,fixed_8s
65,gacs_emotional_shorts_00_WAmw-erI.mp4,520.0,528.0,8.0,16,data\scenes\gacs_emotional_shorts_00_WAmw-erI_scene_65.jpg,fixed_8s
66,gacs_emotional_shorts_00_WAmw-erI.mp4,528.0,536.0,8.0,17,data\scenes\gacs_emotional_shorts_00_WAmw-erI_scene_66.jpg,fixed_8s
67,gacs_emotional_shorts_00_WAmw-erI.mp4,536.0,544.0,8.0,17,data\scenes\gacs_emotional_shorts_00_WAmw-erI_scene_67.jpg,fixed_8s
68,gacs_emotional_shorts_00_WAmw-erI.mp4,544.0,552.0,8.0,16,data\scenes\gacs_emotional_shorts_00_WAmw-erI_scene_68.jpg,fixed_8s
69,gacs_emotional_shorts_00_WAmw-erI.mp4,552.0,560.0,8.0,17,data\scenes\gacs_emotional_shorts_00_WAmw-erI_scene_69.jpg,fixed_8s
70,gacs_emotional_shorts_00_WAmw-erI.mp4,560.0,568.0,8.0,17,data\scenes\gacs_emotional_shorts_00_WAmw-erI_scene_70.jpg,fixed_8s
71,gacs_emotional_shorts_00_WAmw-erI.mp4,568.0,576.0,8.0,16,data\scenes\gacs_emotional_shorts_00_WAmw-erI_scene_71.jpg,fixed_8s
72,gacs_emotional_shorts_00_WAmw-erI.mp4,576.0,584.0,8.0,17,data\scenes\gacs_emotional_shorts_00_WAmw-erI_scene_72.jpg,fixed_8s
73,gacs_emotional_shorts_00_WAmw-erI.mp4,584.0,592.0,8.0,17,data\scenes\gacs_emotional_shorts_00_WAmw-erI_scene_73.jpg,fixed_8s
74,gacs_emotional_shorts_00_WAmw-erI.mp4,592.0,600.0,8.0,16,data\scenes\gacs_emotional_shorts_00_WAmw-erI_scene_74.jpg,fixed_8s
75,gacs_emotional_shorts_00_WAmw-erI.mp4,600.0,608.0,8.0,17,data\scenes\gacs_emotional_shorts_00_WAmw-erI_scene_75.jpg,fixed_8s
76,gacs_emotional_shorts_00_WAmw-erI.mp4,608.0,616.0,8.0,17,data\scenes\gacs_emotional_shorts_00_WAmw-erI_scene_76.jpg,fixed_8s
77,gacs_emotional_shorts_00_WAmw-erI.mp4,616.0,624.0,8.0,16,data\scenes\gacs_emotional_shorts_00_WAmw-erI_scene_77.jpg,fixed_8s
78,gacs_emotional_shorts_00_WAmw-erI.mp4,624.0,632.0,8.0,17,data\scenes\gacs_emotional_shorts_00_WAmw-erI_scene_78.jpg,fixed_8s
79,gacs_emotional_shorts_00_WAmw-erI.mp4,632.0,640.0,8.0,17,data\scenes\gacs_emotional_shorts_00_WAmw-erI_scene_79.jpg,fixed_8s
80,gacs_emotional_shorts_00_WAmw-erI.mp4,640.0,648.0,8.0,16,data\scenes\gacs_emotional_shorts_00_WAmw-erI_scene_80.jpg,fixed_8s
81,gacs_emotional_shorts_00_WAmw-erI.mp4,648.0,656.0,8.0,17,data\scenes\gacs_emotional_shorts_00_WAmw-erI_scene_81.jpg,fixed_8s
82,gacs_emotional_shorts_00_WAmw-erI.mp4,656.0,664.0,8.0,17,data\scenes\gacs_emotional_shorts_00_WAmw-erI_scene_82.jpg,fixed_8s
83,gacs_emotional_shorts_00_WAmw-erI.mp4,664.0,672.0,8.0,16,data\scenes\gacs_emotional_shorts_00_WAmw-erI_scene_83.jpg,fixed_8s
84,gacs_emotional_shorts_00_WAmw-erI.mp4,672.0,680.0,8.0,17,data\scenes\gacs_emotional_shorts_00_WAmw-erI_scene_84.jpg,fixed_8s
85,gacs_emotional_shorts_00_WAmw-erI.mp4,680.0,688.0,8.0,17,data\scenes\gacs_emotional_shorts_00_WAmw-erI_scene_85.jpg,fixed_8s
86,gacs_emotional_shorts_00_WAmw-erI.mp4,688.0,696.0,8.0,16,data\scenes\gacs_emotional_shorts_00_WAmw-erI_scene_86.jpg,fixed_8s
87,gacs_emotional_shorts_00_WAmw-erI.mp4,696.0,704.0,8.0,17,data\scenes\gacs_emotional_shorts_00_WAmw-erI_scene_87.jpg,fixed_8s
88,gacs_emotional_shorts_00_WAmw-erI.mp4,704.0,712.0,8.0,17,data\scenes\gacs_emotional_shorts_00_WAmw-erI_scene_88.jpg,fixed_8s
89,gacs_emotional_shorts_00_WAmw-erI.mp4,712.0,720.0,8.0,16,data\scenes\gacs_emotional_shorts_00_WAmw-erI_scene_89.jpg,fixed_8s
90,gacs_emotional_shorts_00_WAmw-erI.mp4,720.0,728.0,8.0,17,data\scenes\gacs_emotional_shorts_00_WAmw-erI_scene_90.jpg,fixed_8s
91,gacs_emotional_shorts_00_WAmw-erI.mp4,728.0,736.0,8.0,17,data\scenes\gacs_emotional_shorts_00_WAmw-erI_scene_91.jpg,fixed_8s
92,gacs_emotional_shorts_00_WAmw-erI.mp4,736.0,744.0,8.0,16,data\scenes\gacs_emotional_shorts_00_WAmw-erI_scene_92.jpg,fixed_8s
93,gacs_emotional_shorts_00_WAmw-erI.mp4,744.0,752.0,8.0,17,data\scenes\gacs_emotional_shorts_00_WAmw-erI_scene_93.jpg,fixed_8s
94,gacs_emotional_shorts_00_WAmw-erI.mp4,752.0,760.0,8.0,17,data\scenes\gacs_emotional_shorts_00_WAmw-erI_scene_94.jpg,fixed_8s
95,gacs_emotional_shorts_00_WAmw-erI.mp4,760.0,768.0,8.0,16,data\scenes\gacs_emotional_shorts_00_WAmw-erI_scene_95.jpg,fixed_8s
96,gacs_emotional_shorts_00_WAmw-erI.mp4,768.0,776.0,8.0,17,data\scenes\gacs_emotional_shorts_00_WAmw-erI_scene_96.jpg,fixed_8s
97,gacs_emotional_shorts_00_WAmw-erI.mp4,776.0,784.0,8.0,17,data\scenes\gacs_emotional_shorts_00_WAmw-erI_scene_97.jpg,fixed_8s
98,gacs_emotional_shorts_00_WAmw-erI.mp4,784.0,792.0,8.0,16,data\scenes\gacs_emotional_shorts_00_WAmw-erI_scene_98.jpg,fixed_8s
99,gacs_emotional_shorts_00_WAmw-erI.mp4,792.0,800.0,8.0,17,data\scenes\gacs_emotional_shorts_00_WAmw-erI_scene_99.jpg,fixed_8s
100,gacs_emotional_shorts_00_WAmw-erI.mp4,800.0,808.0,8.0,17,data\scenes\gacs_emotional_shorts_00_WAmw-erI_scene_100.jpg,fixed_8s
101,gacs_emotional_shorts_00_WAmw-erI.mp4,808.0,816.0,8.0,16,data\scenes\gacs_emotional_shorts_00_WAmw-erI_scene_101.jpg,fixed_8s
102,gacs_emotional_shorts_00_WAmw-erI.mp4,816.0,824.0,8.0,17,data\scenes\gacs_emotional_shorts_00_WAmw-erI_scene_102.jpg,fixed_8s
103,gacs_emotional_shorts_00_WAmw-erI.mp4,824.0,832.0,8.0,17,data\scenes\gacs_emotional_shorts_00_WAmw-erI_scene_103.jpg,fixed_8s
104,gacs_emotional_shorts_00_WAmw-erI.mp4,832.0,840.0,8.0,16,data\scenes\gacs_emotional_shorts_00_WAmw-erI_scene_104.jpg,fixed_8s
105,gacs_emotional_shorts_00_WAmw-erI.mp4,840.0,848.0,8.0,17,data\scenes\gacs_emotional_shorts_00_WAmw-erI_scene_105.jpg,fixed_8s
106,gacs_emotional_shorts_00_WAmw-erI.mp4,848.0,856.0,8.0,17,data\scenes\gacs_emotional_shorts_00_WAmw-erI_scene_106.jpg,fixed_8s
107,gacs_emotional_shorts_00_WAmw-erI.mp4,856.0,864.0,8.0,16,data\scenes\gacs_emotional_shorts_00_WAmw-erI_scene_107.jpg,fixed_8s
108,gacs_emotional_shorts_00_WAmw-erI.mp4,864.0,872.0,8.0,17,data\scenes\gacs_emotional_shorts_00_WAmw-erI_scene_108.jpg,fixed_8s
109,gacs_emotional_shorts_00_WAmw-erI.mp4,872.0,880.0,8.0,17,data\scenes\gacs_emotional_shorts_00_WAmw-erI_scene_109.jpg,fixed_8s
110,gacs_emotional_shorts_00_WAmw-erI.mp4,880.0,888.0,8.0,16,data\scenes\gacs_emotional_shorts_00_WAmw-erI_scene_110.jpg,fixed_8s
111,gacs_emotional_shorts_00_WAmw-erI.mp4,888.0,896.0,8.0,17,data\scenes\gacs_emotional_shorts_00_WAmw-erI_scene_111.jpg,fixed_8s
112,gacs_emotional_shorts_00_WAmw-erI.mp4,896.0,904.0,8.0,17,data\scenes\gacs_emotional_shorts_00_WAmw-erI_scene_112.jpg,fixed_8s
113,gacs_emotional_shorts_00_WAmw-erI.mp4,904.0,912.0,8.0,16,data\scenes\gacs_emotional_shorts_00_WAmw-erI_scene_113.jpg,fixed_8s
114,gacs_emotional_shorts_00_WAmw-erI.mp4,912.0,920.0,8.0,17,data\scenes\gacs_emotional_shorts_00_WAmw-erI_scene_114.jpg,fixed_8s
115,gacs_emotional_shorts_00_WAmw-erI.mp4,920.0,928.0,8.0,17,data\scenes\gacs_emotional_shorts_00_WAmw-erI_scene_115.jpg,fixed_8s
116,gacs_emotional_shorts_00_WAmw-erI.mp4,928.0,936.0,8.0,16,data\scenes\gacs_emotional_shorts_00_WAmw-erI_scene_116.jpg,fixed_8s
117,gacs_emotional_shorts_00_WAmw-erI.mp4,936.0,944.0,8.0,17,data\scenes\gacs_emotional_shorts_00_WAmw-erI_scene_117.jpg,fixed_8s
118,gacs_emotional_shorts_00_WAmw-erI.mp4,944.0,952.0,8.0,17,data\scenes\gacs_emotional_shorts_00_WAmw-erI_scene_118.jpg,fixed_8s
119,gacs_emotional_shorts_00_WAmw-erI.mp4,952.0,960.0,8.0,16,data\scenes\gacs_emotional_shorts_00_WAmw-erI_scene_119.jpg,fixed_8s
120,gacs_emotional_shorts_00_WAmw-erI.mp4,960.0,968.0,8.0,17,data\scenes\gacs_emotional_shorts_00_WAmw-erI_scene_120.jpg,fixed_8s
121,gacs_emotional_shorts_00_WAmw-erI.mp4,968.0,976.0,8.0,17,data\scenes\gacs_emotional_shorts_00_WAmw-erI_scene_121.jpg,fixed_8s
122,gacs_emotional_shorts_00_WAmw-erI.mp4,976.0,984.0,8.0,16,data\scenes\gacs_emotional_shorts_00_WAmw-erI_scene_122.jpg,fixed_8s
123,gacs_emotional_shorts_00_WAmw-erI.mp4,984.0,992.0,8.0,17,data\scenes\gacs_emotional_shorts_00_WAmw-erI_scene_123.jpg,fixed_8s
124,gacs_emotional_shorts_00_WAmw-erI.mp4,992.0,1000.0,8.0,17,data\scenes\gacs_emotional_shorts_00_WAmw-erI_scene_124.jpg,fixed_8s
125,gacs_emotional_shorts_00_WAmw-erI.mp4,1000.0,1008.0,8.0,16,data\scenes\gacs_emotional_shorts_00_WAmw-erI_scene_125.jpg,fixed_8s
126,gacs_emotional_shorts_00_WAmw-erI.mp4,1008.0,1016.0,8.0,17,data\scenes\gacs_emotional_shorts_00_WAmw-erI_scene_126.jpg,fixed_8s
127,gacs_emotional_shorts_00_WAmw-erI.mp4,1016.0,1024.0,8.0,17,data\scenes\gacs_emotional_shorts_00_WAmw-erI_scene_127.jpg,fixed_8s
128,gacs_emotional_shorts_00_WAmw-erI.mp4,1024.0,1032.0,8.0,16,data\scenes\gacs_emotional_shorts_00_WAmw-erI_scene_128.jpg,fixed_8s
129,gacs_emotional_shorts_00_WAmw-erI.mp4,1032.0,1040.0,8.0,17,data\scenes\gacs_emotional_shorts_00_WAmw-erI_scene_129.jpg,fixed_8s
130,gacs_emotional_shorts_00_WAmw-erI.mp4,1040.0,1048.0,8.0,17,data\scenes\gacs_emotional_shorts_00_WAmw-erI_scene_130.jpg,fixed_8s
131,gacs_emotional_shorts_00_WAmw-erI.mp4,1048.0,1056.0,8.0,16,data\scenes\gacs_emotional_shorts_00_WAmw-erI_scene_131.jpg,fixed_8s
132,gacs_emotional_shorts_00_WAmw-erI.mp4,1056.0,1064.0,8.0,17,data\scenes\gacs_emotional_shorts_00_WAmw-erI_scene_132.jpg,fixed_8s
133,gacs_emotional_shorts_00_WAmw-erI.mp4,1064.0,1072.0,8.0,17,data\scenes\gacs_emotional_shorts_00_WAmw-erI_scene_133.jpg,fixed_8s
134,gacs_emotional_shorts_00_WAmw-erI.mp4,1080.0,1088.0,8.0,17,data\scenes\gacs_emotional_shorts_00_WAmw-erI_scene_134.jpg,fixed_8s
135,gacs_emotional_shorts_00_WAmw-erI.mp4,1088.0,1096.0,8.0,17,data\scenes\gacs_emotional_shorts_00_WAmw-erI_scene_135.jpg,fixed_8s
136,gacs_emotional_shorts_00_WAmw-erI.mp4,1096.0,1104.0,8.0,16,data\scenes\gacs_emotional_shorts_00_WAmw-erI_scene_136.jpg,fixed_8s
137,gacs_emotional_shorts_00_WAmw-erI.mp4,1104.0,1112.0,8.0,17,data\scenes\gacs_emotional_shorts_00_WAmw-erI_scene_137.jpg,fixed_8s
138,gacs_emotional_shorts_00_WAmw-erI.mp4,1112.0,1120.0,8.0,17,data\scenes\gacs_emotional_shorts_00_WAmw-erI_scene_138.jpg,fixed_8s
139,gacs_emotional_shorts_00_WAmw-erI.mp4,1120.0,1128.0,8.0,16,data\scenes\gacs_emotional_shorts_00_WAmw-erI_scene_139.jpg,fixed_8s
140,gacs_emotional_shorts_00_WAmw-erI.mp4,1128.0,1136.0,8.0,17,data\scenes\gacs_emotional_shorts_00_WAmw-erI_scene_140.jpg,fixed_8s
141,gacs_emotional_shorts_00_WAmw-erI.mp4,1136.0,1144.0,8.0,17,data\scenes\gacs_emotional_shorts_00_WAmw-erI_scene_141.jpg,fixed_8s
142,gacs_emotional_shorts_00_WAmw-erI.mp4,1144.0,1152.0,8.0,16,data\scenes\gacs_emotional_shorts_00_WAmw-erI_scene_142.jpg,fixed_8s
143,gacs_emotional_shorts_00_WAmw-erI.mp4,1152.0,1160.0,8.0,17,data\scenes\gacs_emotional_shorts_00_WAmw-erI_scene_143.jpg,fixed_8s
144,gacs_emotional_shorts_00_WAmw-erI.mp4,1160.0,1168.0,8.0,17,data\scenes\gacs_emotional_shorts_00_WAmw-erI_scene_144.jpg,fixed_8s
15,gacs_emotional_shorts_01_LIed92r8.mp4,120.0,128.0,8.0,17,data\scenes\gacs_emotional_shorts_01_LIed92r8_scene_15.jpg,fixed_8s
16,gacs_emotional_shorts_01_LIed92r8.mp4,128.0,136.0,8.0,17,data\scenes\gacs_emotional_shorts_01_LIed92r8_scene_16.jpg,fixed_8s
17,gacs_emotional_shorts_01_LIed92r8.mp4,136.0,144.0,8.0,16,data\scenes\gacs_emotional_shorts_01_LIed92r8_scene_17.jpg,fixed_8s
18,gacs_emotional_shorts_01_LIed92r8.mp4,144.0,152.0,8.0,17,data\scenes\gacs_emotional_shorts_01_LIed92r8_scene_18.jpg,fixed_8s
19,gacs_emotional_shorts_01_LIed92r8.mp4,152.0,160.0,8.0,17,data\scenes\gacs_emotional_shorts_01_LIed92r8_scene_19.jpg,fixed_8s
20,gacs_emotional_shorts_01_LIed92r8.mp4,160.0,168.0,8.0,16,data\scenes\gacs_emotional_shorts_01_LIed92r8_scene_20.jpg,fixed_8s
21,gacs_emotional_shorts_01_LIed92r8.mp4,168.0,176.0,8.0,17,data\scenes\gacs_emotional_shorts_01_LIed92r8_scene_21.jpg,fixed_8s
22,gacs_emotional_shorts_01_LIed92r8.mp4,176.0,184.0,8.0,17,data\scenes\gacs_emotional_shorts_01_LIed92r8_scene_22.jpg,fixed_8s
7,gacs_emotional_shorts_02_DZQtVmKM.mp4,56.0,64.0,8.0,16,data\scenes\gacs_emotional_shorts_02_DZQtVmKM_scene_07.jpg,fixed_8s
8,gacs_emotional_shorts_02_DZQtVmKM.mp4,64.0,72.0,8.0,16,data\scenes\gacs_emotional_shorts_02_DZQtVmKM_scene_08.jpg,fixed_8s
9,gacs_emotional_shorts_02_DZQtVmKM.mp4,72.0,80.0,8.0,16,data\scenes\gacs_emotional_shorts_02_DZQtVmKM_scene_09.jpg,fixed_8s
10,gacs_emotional_shorts_02_DZQtVmKM.mp4,80.0,88.0,8.0,16,data\scenes\gacs_emotional_shorts_02_DZQtVmKM_scene_10.jpg,fixed_8s
11,gacs_emotional_shorts_02_DZQtVmKM.mp4,88.0,96.0,8.0,16,data\scenes\gacs_emotional_shorts_02_DZQtVmKM_scene_11.jpg,fixed_8s
12,gacs_emotional_shorts_02_DZQtVmKM.mp4,96.0,104.0,8.0,16,data\scenes\gacs_emotional_shorts_02_DZQtVmKM_scene_12.jpg,fixed_8s
13,gacs_emotional_shorts_02_DZQtVmKM.mp4,104.0,112.0,8.0,16,data\scenes\gacs_emotional_shorts_02_DZQtVmKM_scene_13.jpg,fixed_8s
14,gacs_emotional_shorts_02_DZQtVmKM.mp4,112.0,120.0,8.0,16,data\scenes\gacs_emotional_shorts_02_DZQtVmKM_scene_14.jpg,fixed_8s
15,gacs_emotional_shorts_02_DZQtVmKM.mp4,120.0,128.0,8.0,16,data\scenes\gacs_emotional_shorts_02_DZQtVmKM_scene_15.jpg,fixed_8s
16,gacs_emotional_shorts_02_DZQtVmKM.mp4,128.0,136.0,8.0,16,data\scenes\gacs_emotional_shorts_02_DZQtVmKM_scene_16.jpg,fixed_8s
17,gacs_emotional_shorts_02_DZQtVmKM.mp4,136.0,144.0,8.0,16,data\scenes\gacs_emotional_shorts_02_DZQtVmKM_scene_17.jpg,fixed_8s
18,gacs_emotional_shorts_02_DZQtVmKM.mp4,144.0,152.0,8.0,16,data\scenes\gacs_emotional_shorts_02_DZQtVmKM_scene_18.jpg,fixed_8s
19,gacs_emotional_shorts_02_DZQtVmKM.mp4,152.0,160.0,8.0,16,data\scenes\gacs_emotional_shorts_02_DZQtVmKM_scene_19.jpg,fixed_8s
20,gacs_emotional_shorts_02_DZQtVmKM.mp4,160.0,168.0,8.0,16,data\scenes\gacs_emotional_shorts_02_DZQtVmKM_scene_20.jpg,fixed_8s
21,gacs_emotional_shorts_02_DZQtVmKM.mp4,168.0,176.0,8.0,16,data\scenes\gacs_emotional_shorts_02_DZQtVmKM_scene_21.jpg,fixed_8s
22,gacs_emotional_shorts_02_DZQtVmKM.mp4,176.0,184.0,8.0,16,data\scenes\gacs_emotional_shorts_02_DZQtVmKM_scene_22.jpg,fixed_8s
23,gacs_emotional_shorts_02_DZQtVmKM.mp4,184.0,192.0,8.0,16,data\scenes\gacs_emotional_shorts_02_DZQtVmKM_scene_23.jpg,fixed_8s
24,gacs_emotional_shorts_02_DZQtVmKM.mp4,192.0,200.0,8.0,16,data\scenes\gacs_emotional_shorts_02_DZQtVmKM_scene_24.jpg,fixed_8s
25,gacs_emotional_shorts_02_DZQtVmKM.mp4,200.0,208.0,8.0,16,data\scenes\gacs_emotional_shorts_02_DZQtVmKM_scene_25.jpg,fixed_8s
26,gacs_emotional_shorts_02_DZQtVmKM.mp4,208.0,216.0,8.0,16,data\scenes\gacs_emotional_shorts_02_DZQtVmKM_scene_26.jpg,fixed_8s
27,gacs_emotional_shorts_02_DZQtVmKM.mp4,216.0,224.0,8.0,16,data\scenes\gacs_emotional_shorts_02_DZQtVmKM_scene_27.jpg,fixed_8s
28,gacs_emotional_shorts_02_DZQtVmKM.mp4,224.0,232.0,8.0,16,data\scenes\gacs_emotional_shorts_02_DZQtVmKM_scene_28.jpg,fixed_8s
29,gacs_emotional_shorts_02_DZQtVmKM.mp4,232.0,240.0,8.0,16,data\scenes\gacs_emotional_shorts_02_DZQtVmKM_scene_29.jpg,fixed_8s
30,gacs_emotional_shorts_02_DZQtVmKM.mp4,240.0,248.0,8.0,16,data\scenes\gacs_emotional_shorts_02_DZQtVmKM_scene_30.jpg,fixed_8s
31,gacs_emotional_shorts_02_DZQtVmKM.mp4,248.0,256.0,8.0,16,data\scenes\gacs_emotional_shorts_02_DZQtVmKM_scene_31.jpg,fixed_8s
32,gacs_emotional_shorts_02_DZQtVmKM.mp4,256.0,264.0,8.0,16,data\scenes\gacs_emotional_shorts_02_DZQtVmKM_scene_32.jpg,fixed_8s
33,gacs_emotional_shorts_02_DZQtVmKM.mp4,264.0,272.0,8.0,16,data\scenes\gacs_emotional_shorts_02_DZQtVmKM_scene_33.jpg,fixed_8s
34,gacs_emotional_shorts_02_DZQtVmKM.mp4,272.0,280.0,8.0,16,data\scenes\gacs_emotional_shorts_02_DZQtVmKM_scene_34.jpg,fixed_8s
35,gacs_emotional_shorts_02_DZQtVmKM.mp4,280.0,288.0,8.0,16,data\scenes\gacs_emotional_shorts_02_DZQtVmKM_scene_35.jpg,fixed_8s
36,gacs_emotional_shorts_02_DZQtVmKM.mp4,288.0,296.0,8.0,16,data\scenes\gacs_emotional_shorts_02_DZQtVmKM_scene_36.jpg,fixed_8s
37,gacs_emotional_shorts_02_DZQtVmKM.mp4,296.0,304.0,8.0,16,data\scenes\gacs_emotional_shorts_02_DZQtVmKM_scene_37.jpg,fixed_8s
38,gacs_emotional_shorts_02_DZQtVmKM.mp4,320.0,328.0,8.0,16,data\scenes\gacs_emotional_shorts_02_DZQtVmKM_scene_38.jpg,fixed_8s
39,gacs_emotional_shorts_02_DZQtVmKM.mp4,328.0,336.0,8.0,16,data\scenes\gacs_emotional_shorts_02_DZQtVmKM_scene_39.jpg,fixed_8s
40,gacs_emotional_shorts_02_DZQtVmKM.mp4,336.0,344.0,8.0,16,data\scenes\gacs_emotional_shorts_02_DZQtVmKM_scene_40.jpg,fixed_8s
41,gacs_emotional_shorts_02_DZQtVmKM.mp4,344.0,352.0,8.0,16,data\scenes\gacs_emotional_shorts_02_DZQtVmKM_scene_41.jpg,fixed_8s
42,gacs_emotional_shorts_02_DZQtVmKM.mp4,352.0,360.0,8.0,16,data\scenes\gacs_emotional_shorts_02_DZQtVmKM_scene_42.jpg,fixed_8s
43,gacs_emotional_shorts_02_DZQtVmKM.mp4,360.0,368.0,8.0,16,data\scenes\gacs_emotional_shorts_02_DZQtVmKM_scene_43.jpg,fixed_8s
44,gacs_emotional_shorts_02_DZQtVmKM.mp4,368.0,376.0,8.0,16,data\scenes\gacs_emotional_shorts_02_DZQtVmKM_scene_44.jpg,fixed_8s
45,gacs_emotional_shorts_02_DZQtVmKM.mp4,376.0,384.0,8.0,16,data\scenes\gacs_emotional_shorts_02_DZQtVmKM_scene_45.jpg,fixed_8s
46,gacs_emotional_shorts_02_DZQtVmKM.mp4,384.0,392.0,8.0,16,data\scenes\gacs_emotional_shorts_02_DZQtVmKM_scene_46.jpg,fixed_8s
47,gacs_emotional_shorts_02_DZQtVmKM.mp4,392.0,400.0,8.0,16,data\scenes\gacs_emotional_shorts_02_DZQtVmKM_scene_47.jpg,fixed_8s
48,gacs_emotional_shorts_02_DZQtVmKM.mp4,400.0,408.0,8.0,16,data\scenes\gacs_emotional_shorts_02_DZQtVmKM_scene_48.jpg,fixed_8s
49,gacs_emotional_shorts_02_DZQtVmKM.mp4,408.0,416.0,8.0,16,data\scenes\gacs_emotional_shorts_02_DZQtVmKM_scene_49.jpg,fixed_8s
50,gacs_emotional_shorts_02_DZQtVmKM.mp4,416.0,424.0,8.0,16,data\scenes\gacs_emotional_shorts_02_DZQtVmKM_scene_50.jpg,fixed_8s
51,gacs_emotional_shorts_02_DZQtVmKM.mp4,424.0,432.0,8.0,16,data\scenes\gacs_emotional_shorts_02_DZQtVmKM_scene_51.jpg,fixed_8s
52,gacs_emotional_shorts_02_DZQtVmKM.mp4,432.0,440.0,8.0,16,data\scenes\gacs_emotional_shorts_02_DZQtVmKM_scene_52.jpg,fixed_8s
53,gacs_emotional_shorts_02_DZQtVmKM.mp4,440.0,448.0,8.0,16,data\scenes\gacs_emotional_shorts_02_DZQtVmKM_scene_53.jpg,fixed_8s
54,gacs_emotional_shorts_02_DZQtVmKM.mp4,448.0,456.0,8.0,16,data\scenes\gacs_emotional_shorts_02_DZQtVmKM_scene_54.jpg,fixed_8s
55,gacs_emotional_shorts_02_DZQtVmKM.mp4,456.0,464.0,8.0,16,data\scenes\gacs_emotional_shorts_02_DZQtVmKM_scene_55.jpg,fixed_8s
56,gacs_emotional_shorts_02_DZQtVmKM.mp4,464.0,472.0,8.0,16,data\scenes\gacs_emotional_shorts_02_DZQtVmKM_scene_56.jpg,fixed_8s
57,gacs_emotional_shorts_02_DZQtVmKM.mp4,472.0,480.0,8.0,16,data\scenes\gacs_emotional_shorts_02_DZQtVmKM_scene_57.jpg,fixed_8s
58,gacs_emotional_shorts_02_DZQtVmKM.mp4,480.0,488.0,8.0,16,data\scenes\gacs_emotional_shorts_02_DZQtVmKM_scene_58.jpg,fixed_8s
59,gacs_emotional_shorts_02_DZQtVmKM.mp4,488.0,496.0,8.0,16,data\scenes\gacs_emotional_shorts_02_DZQtVmKM_scene_59.jpg,fixed_8s
60,gacs_emotional_shorts_02_DZQtVmKM.mp4,496.0,504.0,8.0,16,data\scenes\gacs_emotional_shorts_02_DZQtVmKM_scene_60.jpg,fixed_8s
61,gacs_emotional_shorts_02_DZQtVmKM.mp4,504.0,512.0,8.0,16,data\scenes\gacs_emotional_shorts_02_DZQtVmKM_scene_61.jpg,fixed_8s
62,gacs_emotional_shorts_02_DZQtVmKM.mp4,512.0,520.0,8.0,16,data\scenes\gacs_emotional_shorts_02_DZQtVmKM_scene_62.jpg,fixed_8s
63,gacs_emotional_shorts_02_DZQtVmKM.mp4,520.0,528.0,8.0,16,data\scenes\gacs_emotional_shorts_02_DZQtVmKM_scene_63.jpg,fixed_8s
64,gacs_emotional_shorts_02_DZQtVmKM.mp4,528.0,536.0,8.0,16,data\scenes\gacs_emotional_shorts_02_DZQtVmKM_scene_64.jpg,fixed_8s
65,gacs_emotional_shorts_02_DZQtVmKM.mp4,536.0,544.0,8.0,16,data\scenes\gacs_emotional_shorts_02_DZQtVmKM_scene_65.jpg,fixed_8s
66,gacs_emotional_shorts_02_DZQtVmKM.mp4,544.0,552.0,8.0,16,data\scenes\gacs_emotional_shorts_02_DZQtVmKM_scene_66.jpg,fixed_8s
67,gacs_emotional_shorts_02_DZQtVmKM.mp4,552.0,560.0,8.0,16,data\scenes\gacs_emotional_shorts_02_DZQtVmKM_scene_67.jpg,fixed_8s
68,gacs_emotional_shorts_02_DZQtVmKM.mp4,560.0,568.0,8.0,16,data\scenes\gacs_emotional_shorts_02_DZQtVmKM_scene_68.jpg,fixed_8s
69,gacs_emotional_shorts_02_DZQtVmKM.mp4,568.0,576.0,8.0,16,data\scenes\gacs_emotional_shorts_02_DZQtVmKM_scene_69.jpg,fixed_8s
70,gacs_emotional_shorts_02_DZQtVmKM.mp4,576.0,584.0,8.0,16,data\scenes\gacs_emotional_shorts_02_DZQtVmKM_scene_70.jpg,fixed_8s
71,gacs_emotional_shorts_02_DZQtVmKM.mp4,584.0,592.0,8.0,16,data\scenes\gacs_emotional_shorts_02_DZQtVmKM_scene_71.jpg,fixed_8s
72,gacs_emotional_shorts_02_DZQtVmKM.mp4,592.0,600.0,8.0,16,data\scenes\gacs_emotional_shorts_02_DZQtVmKM_scene_72.jpg,fixed_8s
73,gacs_emotional_shorts_02_DZQtVmKM.mp4,600.0,608.0,8.0,16,data\scenes\gacs_emotional_shorts_02_DZQtVmKM_scene_73.jpg,fixed_8s
74,gacs_emotional_shorts_02_DZQtVmKM.mp4,608.0,616.0,8.0,16,data\scenes\gacs_emotional_shorts_02_DZQtVmKM_scene_74.jpg,fixed_8s
75,gacs_emotional_shorts_02_DZQtVmKM.mp4,616.0,624.0,8.0,16,data\scenes\gacs_emotional_shorts_02_DZQtVmKM_scene_75.jpg,fixed_8s
76,gacs_emotional_shorts_02_DZQtVmKM.mp4,624.0,632.0,8.0,16,data\scenes\gacs_emotional_shorts_02_DZQtVmKM_scene_76.jpg,fixed_8s
77,gacs_emotional_shorts_02_DZQtVmKM.mp4,632.0,640.0,8.0,16,data\scenes\gacs_emotional_shorts_02_DZQtVmKM_scene_77.jpg,fixed_8s
78,gacs_emotional_shorts_02_DZQtVmKM.mp4,640.0,648.0,8.0,16,data\scenes\gacs_emotional_shorts_02_DZQtVmKM_scene_78.jpg,fixed_8s
79,gacs_emotional_shorts_02_DZQtVmKM.mp4,648.0,656.0,8.0,16,data\scenes\gacs_emotional_shorts_02_DZQtVmKM_scene_79.jpg,fixed_8s
80,gacs_emotional_shorts_02_DZQtVmKM.mp4,656.0,664.0,8.0,16,data\scenes\gacs_emotional_shorts_02_DZQtVmKM_scene_80.jpg,fixed_8s
81,gacs_emotional_shorts_02_DZQtVmKM.mp4,664.0,672.0,8.0,16,data\scenes\gacs_emotional_shorts_02_DZQtVmKM_scene_81.jpg,fixed_8s
82,gacs_emotional_shorts_02_DZQtVmKM.mp4,672.0,680.0,8.0,16,data\scenes\gacs_emotional_shorts_02_DZQtVmKM_scene_82.jpg,fixed_8s
83,gacs_emotional_shorts_02_DZQtVmKM.mp4,680.0,688.0,8.0,16,data\scenes\gacs_emotional_shorts_02_DZQtVmKM_scene_83.jpg,fixed_8s
84,gacs_emotional_shorts_02_DZQtVmKM.mp4,688.0,696.0,8.0,16,data\scenes\gacs_emotional_shorts_02_DZQtVmKM_scene_84.jpg,fixed_8s
85,gacs_emotional_shorts_02_DZQtVmKM.mp4,696.0,704.0,8.0,16,data\scenes\gacs_emotional_shorts_02_DZQtVmKM_scene_85.jpg,fixed_8s
86,gacs_emotional_shorts_02_DZQtVmKM.mp4,704.0,712.0,8.0,16,data\scenes\gacs_emotional_shorts_02_DZQtVmKM_scene_86.jpg,fixed_8s
87,gacs_emotional_shorts_02_DZQtVmKM.mp4,712.0,720.0,8.0,16,data\scenes\gacs_emotional_shorts_02_DZQtVmKM_scene_87.jpg,fixed_8s
88,gacs_emotional_shorts_02_DZQtVmKM.mp4,720.0,728.0,8.0,16,data\scenes\gacs_emotional_shorts_02_DZQtVmKM_scene_88.jpg,fixed_8s
89,gacs_emotional_shorts_02_DZQtVmKM.mp4,728.0,736.0,8.0,16,data\scenes\gacs_emotional_shorts_02_DZQtVmKM_scene_89.jpg,fixed_8s
90,gacs_emotional_shorts_02_DZQtVmKM.mp4,736.0,744.0,8.0,16,data\scenes\gacs_emotional_shorts_02_DZQtVmKM_scene_90.jpg,fixed_8s
91,gacs_emotional_shorts_02_DZQtVmKM.mp4,744.0,752.0,8.0,16,data\scenes\gacs_emotional_shorts_02_DZQtVmKM_scene_91.jpg,fixed_8s
92,gacs_emotional_shorts_02_DZQtVmKM.mp4,752.0,760.0,8.0,16,data\scenes\gacs_emotional_shorts_02_DZQtVmKM_scene_92.jpg,fixed_8s
93,gacs_emotional_shorts_02_DZQtVmKM.mp4,760.0,768.0,8.0,16,data\scenes\gacs_emotional_shorts_02_DZQtVmKM_scene_93.jpg,fixed_8s
94,gacs_emotional_shorts_02_DZQtVmKM.mp4,768.0,776.0,8.0,16,data\scenes\gacs_emotional_shorts_02_DZQtVmKM_scene_94.jpg,fixed_8s
95,gacs_emotional_shorts_02_DZQtVmKM.mp4,776.0,784.0,8.0,16,data\scenes\gacs_emotional_shorts_02_DZQtVmKM_scene_95.jpg,fixed_8s
96,gacs_emotional_shorts_02_DZQtVmKM.mp4,784.0,792.0,8.0,16,data\scenes\gacs_emotional_shorts_02_DZQtVmKM_scene_96.jpg,fixed_8s
97,gacs_emotional_shorts_02_DZQtVmKM.mp4,792.0,800.0,8.0,16,data\scenes\gacs_emotional_shorts_02_DZQtVmKM_scene_97.jpg,fixed_8s
98,gacs_emotional_shorts_02_DZQtVmKM.mp4,800.0,808.0,8.0,16,data\scenes\gacs_emotional_shorts_02_DZQtVmKM_scene_98.jpg,fixed_8s
99,gacs_emotional_shorts_02_DZQtVmKM.mp4,808.0,816.0,8.0,16,data\scenes\gacs_emotional_shorts_02_DZQtVmKM_scene_99.jpg,fixed_8s
100,gacs_emotional_shorts_02_DZQtVmKM.mp4,816.0,824.0,8.0,16,data\scenes\gacs_emotional_shorts_02_DZQtVmKM_scene_100.jpg,fixed_8s
101,gacs_emotional_shorts_02_DZQtVmKM.mp4,824.0,832.0,8.0,16,data\scenes\gacs_emotional_shorts_02_DZQtVmKM_scene_101.jpg,fixed_8s
102,gacs_emotional_shorts_02_DZQtVmKM.mp4,832.0,840.0,8.0,16,data\scenes\gacs_emotional_shorts_02_DZQtVmKM_scene_102.jpg,fixed_8s
103,gacs_emotional_shorts_02_DZQtVmKM.mp4,840.0,848.0,8.0,16,data\scenes\gacs_emotional_shorts_02_DZQtVmKM_scene_103.jpg,fixed_8s
104,gacs_emotional_shorts_02_DZQtVmKM.mp4,848.0,856.0,8.0,16,data\scenes\gacs_emotional_shorts_02_DZQtVmKM_scene_104.jpg,fixed_8s
105,gacs_emotional_shorts_02_DZQtVmKM.mp4,856.0,864.0,8.0,16,data\scenes\gacs_emotional_shorts_02_DZQtVmKM_scene_105.jpg,fixed_8s
106,gacs_emotional_shorts_02_DZQtVmKM.mp4,864.0,872.0,8.0,16,data\scenes\gacs_emotional_shorts_02_DZQtVmKM_scene_106.jpg,fixed_8s
107,gacs_emotional_shorts_02_DZQtVmKM.mp4,872.0,880.0,8.0,16,data\scenes\gacs_emotional_shorts_02_DZQtVmKM_scene_107.jpg,fixed_8s
108,gacs_emotional_shorts_02_DZQtVmKM.mp4,880.0,888.0,8.0,16,data\scenes\gacs_emotional_shorts_02_DZQtVmKM_scene_108.jpg,fixed_8s
109,gacs_emotional_shorts_02_DZQtVmKM.mp4,888.0,896.0,8.0,16,data\scenes\gacs_emotional_shorts_02_DZQtVmKM_scene_109.jpg,fixed_8s
110,gacs_emotional_shorts_02_DZQtVmKM.mp4,896.0,904.0,8.0,16,data\scenes\gacs_emotional_shorts_02_DZQtVmKM_scene_110.jpg,fixed_8s
111,gacs_emotional_shorts_02_DZQtVmKM.mp4,904.0,912.0,8.0,16,data\scenes\gacs_emotional_shorts_02_DZQtVmKM_scene_111.jpg,fixed_8s
112,gacs_emotional_shorts_02_DZQtVmKM.mp4,912.0,920.0,8.0,16,data\scenes\gacs_emotional_shorts_02_DZQtVmKM_scene_112.jpg,fixed_8s
113,gacs_emotional_shorts_02_DZQtVmKM.mp4,920.0,928.0,8.0,16,data\scenes\gacs_emotional_shorts_02_DZQtVmKM_scene_113.jpg,fixed_8s
114,gacs_emotional_shorts_02_DZQtVmKM.mp4,928.0,936.0,8.0,16,data\scenes\gacs_emotional_shorts_02_DZQtVmKM_scene_114.jpg,fixed_8s
115,gacs_emotional_shorts_02_DZQtVmKM.mp4,936.0,944.0,8.0,16,data\scenes\gacs_emotional_shorts_02_DZQtVmKM_scene_115.jpg,fixed_8s
116,gacs_emotional_shorts_02_DZQtVmKM.mp4,944.0,952.0,8.0,16,data\scenes\gacs_emotional_shorts_02_DZQtVmKM_scene_116.jpg,fixed_8s
117,gacs_emotional_shorts_02_DZQtVmKM.mp4,952.0,960.0,8.0,16,data\scenes\gacs_emotional_shorts_02_DZQtVmKM_scene_117.jpg,fixed_8s
118,gacs_emotional_shorts_02_DZQtVmKM.mp4,960.0,968.0,8.0,16,data\scenes\gacs_emotional_shorts_02_DZQtVmKM_scene_118.jpg,fixed_8s
119,gacs_emotional_shorts_02_DZQtVmKM.mp4,968.0,976.0,8.0,16,data\scenes\gacs_emotional_shorts_02_DZQtVmKM_scene_119.jpg,fixed_8s
120,gacs_emotional_shorts_02_DZQtVmKM.mp4,976.0,984.0,8.0,16,data\scenes\gacs_emotional_shorts_02_DZQtVmKM_scene_120.jpg,fixed_8s
121,gacs_emotional_shorts_02_DZQtVmKM.mp4,984.0,992.0,8.0,16,data\scenes\gacs_emotional_shorts_02_DZQtVmKM_scene_121.jpg,fixed_8s
122,gacs_emotional_shorts_02_DZQtVmKM.mp4,992.0,1000.0,8.0,16,data\scenes\gacs_emotional_shorts_02_DZQtVmKM_scene_122.jpg,fixed_8s
123,gacs_emotional_shorts_02_DZQtVmKM.mp4,1000.0,1008.0,8.0,16,data\scenes\gacs_emotional_shorts_02_DZQtVmKM_scene_123.jpg,fixed_8s
124,gacs_emotional_shorts_02_DZQtVmKM.mp4,1008.0,1016.0,8.0,16,data\scenes\gacs_emotional_shorts_02_DZQtVmKM_scene_124.jpg,fixed_8s
125,gacs_emotional_shorts_02_DZQtVmKM.mp4,1016.0,1024.0,8.0,16,data\scenes\gacs_emotional_shorts_02_DZQtVmKM_scene_125.jpg,fixed_8s
126,gacs_emotional_shorts_02_DZQtVmKM.mp4,1024.0,1032.0,8.0,16,data\scenes\gacs_emotional_shorts_02_DZQtVmKM_scene_126.jpg,fixed_8s
127,gacs_emotional_shorts_02_DZQtVmKM.mp4,1032.0,1040.0,8.0,16,data\scenes\gacs_emotional_shorts_02_DZQtVmKM_scene_127.jpg,fixed_8s
128,gacs_emotional_shorts_02_DZQtVmKM.mp4,1040.0,1048.0,8.0,16,data\scenes\gacs_emotional_shorts_02_DZQtVmKM_scene_128.jpg,fixed_8s
129,gacs_emotional_shorts_02_DZQtVmKM.mp4,1048.0,1056.0,8.0,16,data\scenes\gacs_emotional_shorts_02_DZQtVmKM_scene_129.jpg,fixed_8s
130,gacs_emotional_shorts_02_DZQtVmKM.mp4,1056.0,1064.0,8.0,16,data\scenes\gacs_emotional_shorts_02_DZQtVmKM_scene_130.jpg,fixed_8s
131,gacs_emotional_shorts_02_DZQtVmKM.mp4,1064.0,1072.0,8.0,16,data\scenes\gacs_emotional_shorts_02_DZQtVmKM_scene_131.jpg,fixed_8s
132,gacs_emotional_shorts_02_DZQtVmKM.mp4,1072.0,1080.0,8.0,16,data\scenes\gacs_emotional_shorts_02_DZQtVmKM_scene_132.jpg,fixed_8s
133,gacs_emotional_shorts_02_DZQtVmKM.mp4,1080.0,1088.0,8.0,16,data\scenes\gacs_emotional_shorts_02_DZQtVmKM_scene_133.jpg,fixed_8s
134,gacs_emotional_shorts_02_DZQtVmKM.mp4,1088.0,1096.0,8.0,16,data\scenes\gacs_emotional_shorts_02_DZQtVmKM_scene_134.jpg,fixed_8s
135,gacs_emotional_shorts_02_DZQtVmKM.mp4,1096.0,1104.0,8.0,16,data\scenes\gacs_emotional_shorts_02_DZQtVmKM_scene_135.jpg,fixed_8s
136,gacs_emotional_shorts_02_DZQtVmKM.mp4,1104.0,1112.0,8.0,16,data\scenes\gacs_emotional_shorts_02_DZQtVmKM_scene_136.jpg,fixed_8s
137,gacs_emotional_shorts_02_DZQtVmKM.mp4,1112.0,1120.0,8.0,16,data\scenes\gacs_emotional_shorts_02_DZQtVmKM_scene_137.jpg,fixed_8s
138,gacs_emotional_shorts_02_DZQtVmKM.mp4,1120.0,1128.0,8.0,16,data\scenes\gacs_emotional_shorts_02_DZQtVmKM_scene_138.jpg,fixed_8s
139,gacs_emotional_shorts_02_DZQtVmKM.mp4,1128.0,1136.0,8.0,16,data\scenes\gacs_emotional_shorts_02_DZQtVmKM_scene_139.jpg,fixed_8s
140,gacs_emotional_shorts_02_DZQtVmKM.mp4,1136.0,1144.0,8.0,16,data\scenes\gacs_emotional_shorts_02_DZQtVmKM_scene_140.jpg,fixed_8s
141,gacs_emotional_shorts_02_DZQtVmKM.mp4,1144.0,1152.0,8.0,16,data\scenes\gacs_emotional_shorts_02_DZQtVmKM_scene_141.jpg,fixed_8s
142,gacs_emotional_shorts_02_DZQtVmKM.mp4,1152.0,1160.0,8.0,16,data\scenes\gacs_emotional_shorts_02_DZQtVmKM_scene_142.jpg,fixed_8s
143,gacs_emotional_shorts_02_DZQtVmKM.mp4,1160.0,1168.0,8.0,16,data\scenes\gacs_emotional_shorts_02_DZQtVmKM_scene_143.jpg,fixed_8s
144,gacs_emotional_shorts_02_DZQtVmKM.mp4,1168.0,1176.0,8.0,16,data\scenes\gacs_emotional_shorts_02_DZQtVmKM_scene_144.jpg,fixed_8s
145,gacs_emotional_shorts_02_DZQtVmKM.mp4,1176.0,1184.0,8.0,16,data\scenes\gacs_emotional_shorts_02_DZQtVmKM_scene_145.jpg,fixed_8s
146,gacs_emotional_shorts_02_DZQtVmKM.mp4,1184.0,1192.0,8.0,16,data\scenes\gacs_emotional_shorts_02_DZQtVmKM_scene_146.jpg,fixed_8s
147,gacs_emotional_shorts_02_DZQtVmKM.mp4,1192.0,1200.0,8.0,16,data\scenes\gacs_emotional_shorts_02_DZQtVmKM_scene_147.jpg,fixed_8s
148,gacs_emotional_shorts_02_DZQtVmKM.mp4,1200.0,1208.0,8.0,16,data\scenes\gacs_emotional_shorts_02_DZQtVmKM_scene_148.jpg,fixed_8s
149,gacs_emotional_shorts_02_DZQtVmKM.mp4,1208.0,1216.0,8.0,16,data\scenes\gacs_emotional_shorts_02_DZQtVmKM_scene_149.jpg,fixed_8s
150,gacs_emotional_shorts_02_DZQtVmKM.mp4,1216.0,1224.0,8.0,16,data\scenes\gacs_emotional_shorts_02_DZQtVmKM_scene_150.jpg,fixed_8s
151,gacs_emotional_shorts_02_DZQtVmKM.mp4,1224.0,1232.0,8.0,16,data\scenes\gacs_emotional_shorts_02_DZQtVmKM_scene_151.jpg,fixed_8s
152,gacs_emotional_shorts_02_DZQtVmKM.mp4,1232.0,1240.0,8.0,16,data\scenes\gacs_emotional_shorts_02_DZQtVmKM_scene_152.jpg,fixed_8s
153,gacs_emotional_shorts_02_DZQtVmKM.mp4,1240.0,1248.0,8.0,16,data\scenes\gacs_emotional_shorts_02_DZQtVmKM_scene_153.jpg,fixed_8s
154,gacs_emotional_shorts_02_DZQtVmKM.mp4,1248.0,1256.0,8.0,16,data\scenes\gacs_emotional_shorts_02_DZQtVmKM_scene_154.jpg,fixed_8s
155,gacs_emotional_shorts_02_DZQtVmKM.mp4,1256.0,1264.0,8.0,16,data\scenes\gacs_emotional_shorts_02_DZQtVmKM_scene_155.jpg,fixed_8s
156,gacs_emotional_shorts_02_DZQtVmKM.mp4,1264.0,1272.0,8.0,16,data\scenes\gacs_emotional_shorts_02_DZQtVmKM_scene_156.jpg,fixed_8s
157,gacs_emotional_shorts_02_DZQtVmKM.mp4,1272.0,1280.0,8.0,16,data\scenes\gacs_emotional_shorts_02_DZQtVmKM_scene_157.jpg,fixed_8s
158,gacs_emotional_shorts_02_DZQtVmKM.mp4,1280.0,1288.0,8.0,16,data\scenes\gacs_emotional_shorts_02_DZQtVmKM_scene_158.jpg,fixed_8s
159,gacs_emotional_shorts_02_DZQtVmKM.mp4,1288.0,1296.0,8.0,16,data\scenes\gacs_emotional_shorts_02_DZQtVmKM_scene_159.jpg,fixed_8s
160,gacs_emotional_shorts_02_DZQtVmKM.mp4,1296.0,1304.0,8.0,16,data\scenes\gacs_emotional_shorts_02_DZQtVmKM_scene_160.jpg,fixed_8s
161,gacs_emotional_shorts_02_DZQtVmKM.mp4,1304.0,1312.0,8.0,16,data\scenes\gacs_emotional_shorts_02_DZQtVmKM_scene_161.jpg,fixed_8s
162,gacs_emotional_shorts_02_DZQtVmKM.mp4,1312.0,1320.0,8.0,16,data\scenes\gacs_emotional_shorts_02_DZQtVmKM_scene_162.jpg,fixed_8s
163,gacs_emotional_shorts_02_DZQtVmKM.mp4,1320.0,1328.0,8.0,16,data\scenes\gacs_emotional_shorts_02_DZQtVmKM_scene_163.jpg,fixed_8s
164,gacs_emotional_shorts_02_DZQtVmKM.mp4,1328.0,1336.0,8.0,16,data\scenes\gacs_emotional_shorts_02_DZQtVmKM_scene_164.jpg,fixed_8s
165,gacs_emotional_shorts_02_DZQtVmKM.mp4,1336.0,1344.0,8.0,16,data\scenes\gacs_emotional_shorts_02_DZQtVmKM_scene_165.jpg,fixed_8s
166,gacs_emotional_shorts_02_DZQtVmKM.mp4,1344.0,1352.0,8.0,16,data\scenes\gacs_emotional_shorts_02_DZQtVmKM_scene_166.jpg,fixed_8s
167,gacs_emotional_shorts_02_DZQtVmKM.mp4,1352.0,1360.0,8.0,16,data\scenes\gacs_emotional_shorts_02_DZQtVmKM_scene_167.jpg,fixed_8s
168,gacs_emotional_shorts_02_DZQtVmKM.mp4,1360.0,1368.0,8.0,16,data\scenes\gacs_emotional_shorts_02_DZQtVmKM_scene_168.jpg,fixed_8s
169,gacs_emotional_shorts_02_DZQtVmKM.mp4,1368.0,1376.0,8.0,16,data\scenes\gacs_emotional_shorts_02_DZQtVmKM_scene_169.jpg,fixed_8s
170,gacs_emotional_shorts_02_DZQtVmKM.mp4,1376.0,1384.0,8.0,16,data\scenes\gacs_emotional_shorts_02_DZQtVmKM_scene_170.jpg,fixed_8s
171,gacs_emotional_shorts_02_DZQtVmKM.mp4,1384.0,1392.0,8.0,16,data\scenes\gacs_emotional_shorts_02_DZQtVmKM_scene_171.jpg,fixed_8s
172,gacs_emotional_shorts_02_DZQtVmKM.mp4,1392.0,1400.0,8.0,16,data\scenes\gacs_emotional_shorts_02_DZQtVmKM_scene_172.jpg,fixed_8s
173,gacs_emotional_shorts_02_DZQtVmKM.mp4,1400.0,1408.0,8.0,16,data\scenes\gacs_emotional_shorts_02_DZQtVmKM_scene_173.jpg,fixed_8s
174,gacs_emotional_shorts_02_DZQtVmKM.mp4,1408.0,1416.0,8.0,16,data\scenes\gacs_emotional_shorts_02_DZQtVmKM_scene_174.jpg,fixed_8s
175,gacs_emotional_shorts_02_DZQtVmKM.mp4,1416.0,1424.0,8.0,16,data\scenes\gacs_emotional_shorts_02_DZQtVmKM_scene_175.jpg,fixed_8s
176,gacs_emotional_shorts_02_DZQtVmKM.mp4,1424.0,1432.0,8.0,16,data\scenes\gacs_emotional_shorts_02_DZQtVmKM_scene_176.jpg,fixed_8s
177,gacs_emotional_shorts_02_DZQtVmKM.mp4,1432.0,1440.0,8.0,16,data\scenes\gacs_emotional_shorts_02_DZQtVmKM_scene_177.jpg,fixed_8s
178,gacs_emotional_shorts_02_DZQtVmKM.mp4,1440.0,1448.0,8.0,16,data\scenes\gacs_emotional_shorts_02_DZQtVmKM_scene_178.jpg,fixed_8s
179,gacs_emotional_shorts_02_DZQtVmKM.mp4,1448.0,1456.0,8.0,16,data\scenes\gacs_emotional_shorts_02_DZQtVmKM_scene_179.jpg,fixed_8s
180,gacs_emotional_shorts_02_DZQtVmKM.mp4,1456.0,1464.0,8.0,16,data\scenes\gacs_emotional_shorts_02_DZQtVmKM_scene_180.jpg,fixed_8s
181,gacs_emotional_shorts_02_DZQtVmKM.mp4,1464.0,1472.0,8.0,16,data\scenes\gacs_emotional_shorts_02_DZQtVmKM_scene_181.jpg,fixed_8s
182,gacs_emotional_shorts_02_DZQtVmKM.mp4,1472.0,1480.0,8.0,16,data\scenes\gacs_emotional_shorts_02_DZQtVmKM_scene_182.jpg,fixed_8s
183,gacs_emotional_shorts_02_DZQtVmKM.mp4,1480.0,1488.0,8.0,16,data\scenes\gacs_emotional_shorts_02_DZQtVmKM_scene_183.jpg,fixed_8s
184,gacs_emotional_shorts_02_DZQtVmKM.mp4,1488.0,1496.0,8.0,16,data\scenes\gacs_emotional_shorts_02_DZQtVmKM_scene_184.jpg,fixed_8s
185,gacs_emotional_shorts_02_DZQtVmKM.mp4,1496.0,1504.0,8.0,16,data\scenes\gacs_emotional_shorts_02_DZQtVmKM_scene_185.jpg,fixed_8s
186,gacs_emotional_shorts_02_DZQtVmKM.mp4,1504.0,1512.0,8.0,16,data\scenes\gacs_emotional_shorts_02_DZQtVmKM_scene_186.jpg,fixed_8s
187,gacs_emotional_shorts_02_DZQtVmKM.mp4,1512.0,1520.0,8.0,16,data\scenes\gacs_emotional_shorts_02_DZQtVmKM_scene_187.jpg,fixed_8s
188,gacs_emotional_shorts_02_DZQtVmKM.mp4,1520.0,1528.0,8.0,16,data\scenes\gacs_emotional_shorts_02_DZQtVmKM_scene_188.jpg,fixed_8s
189,gacs_emotional_shorts_02_DZQtVmKM.mp4,1528.0,1536.0,8.0,16,data\scenes\gacs_emotional_shorts_02_DZQtVmKM_scene_189.jpg,fixed_8s
190,gacs_emotional_shorts_02_DZQtVmKM.mp4,1536.0,1544.0,8.0,16,data\scenes\gacs_emotional_shorts_02_DZQtVmKM_scene_190.jpg,fixed_8s
191,gacs_emotional_shorts_02_DZQtVmKM.mp4,1544.0,1552.0,8.0,16,data\scenes\gacs_emotional_shorts_02_DZQtVmKM_scene_191.jpg,fixed_8s
192,gacs_emotional_shorts_02_DZQtVmKM.mp4,1552.0,1560.0,8.0,16,data\scenes\gacs_emotional_shorts_02_DZQtVmKM_scene_192.jpg,fixed_8s
193,gacs_emotional_shorts_02_DZQtVmKM.mp4,1560.0,1568.0,8.0,16,data\scenes\gacs_emotional_shorts_02_DZQtVmKM_scene_193.jpg,fixed_8s
194,gacs_emotional_shorts_02_DZQtVmKM.mp4,1568.0,1576.0,8.0,16,data\scenes\gacs_emotional_shorts_02_DZQtVmKM_scene_194.jpg,fixed_8s
195,gacs_emotional_shorts_02_DZQtVmKM.mp4,1576.0,1584.0,8.0,16,data\scenes\gacs_emotional_shorts_02_DZQtVmKM_scene_195.jpg,fixed_8s
196,gacs_emotional_shorts_02_DZQtVmKM.mp4,1584.0,1592.0,8.0,16,data\scenes\gacs_emotional_shorts_02_DZQtVmKM_scene_196.jpg,fixed_8s
197,gacs_emotional_shorts_02_DZQtVmKM.mp4,1592.0,1600.0,8.0,16,data\scenes\gacs_emotional_shorts_02_DZQtVmKM_scene_197.jpg,fixed_8s
198,gacs_emotional_shorts_02_DZQtVmKM.mp4,1600.0,1608.0,8.0,16,data\scenes\gacs_emotional_shorts_02_DZQtVmKM_scene_198.jpg,fixed_8s
199,gacs_emotional_shorts_02_DZQtVmKM.mp4,1608.0,1616.0,8.0,16,data\scenes\gacs_emotional_shorts_02_DZQtVmKM_scene_199.jpg,fixed_8s
200,gacs_emotional_shorts_02_DZQtVmKM.mp4,1616.0,1624.0,8.0,16,data\scenes\gacs_emotional_shorts_02_DZQtVmKM_scene_200.jpg,fixed_8s
201,gacs_emotional_shorts_02_DZQtVmKM.mp4,1624.0,1632.0,8.0,16,data\scenes\gacs_emotional_shorts_02_DZQtVmKM_scene_201.jpg,fixed_8s
202,gacs_emotional_shorts_02_DZQtVmKM.mp4,1632.0,1640.0,8.0,16,data\scenes\gacs_emotional_shorts_02_DZQtVmKM_scene_202.jpg,fixed_8s
203,gacs_emotional_shorts_02_DZQtVmKM.mp4,1640.0,1648.0,8.0,16,data\scenes\gacs_emotional_shorts_02_DZQtVmKM_scene_203.jpg,fixed_8s
204,gacs_emotional_shorts_02_DZQtVmKM.mp4,1648.0,1656.0,8.0,16,data\scenes\gacs_emotional_shorts_02_DZQtVmKM_scene_204.jpg,fixed_8s
205,gacs_emotional_shorts_02_DZQtVmKM.mp4,1656.0,1664.0,8.0,16,data\scenes\gacs_emotional_shorts_02_DZQtVmKM_scene_205.jpg,fixed_8s
206,gacs_emotional_shorts_02_DZQtVmKM.mp4,1664.0,1672.0,8.0,16,data\scenes\gacs_emotional_shorts_02_DZQtVmKM_scene_206.jpg,fixed_8s
207,gacs_emotional_shorts_02_DZQtVmKM.mp4,1672.0,1680.0,8.0,16,data\scenes\gacs_emotional_shorts_02_DZQtVmKM_scene_207.jpg,fixed_8s
208,gacs_emotional_shorts_02_DZQtVmKM.mp4,1680.0,1688.0,8.0,16,data\scenes\gacs_emotional_shorts_02_DZQtVmKM_scene_208.jpg,fixed_8s
209,gacs_emotional_shorts_02_DZQtVmKM.mp4,1688.0,1696.0,8.0,16,data\scenes\gacs_emotional_shorts_02_DZQtVmKM_scene_209.jpg,fixed_8s
210,gacs_emotional_shorts_02_DZQtVmKM.mp4,1696.0,1704.0,8.0,16,data\scenes\gacs_emotional_shorts_02_DZQtVmKM_scene_210.jpg,fixed_8s
211,gacs_emotional_shorts_02_DZQtVmKM.mp4,1704.0,1712.0,8.0,16,data\scenes\gacs_emotional_shorts_02_DZQtVmKM_scene_211.jpg,fixed_8s
212,gacs_emotional_shorts_02_DZQtVmKM.mp4,1712.0,1720.0,8.0,16,data\scenes\gacs_emotional_shorts_02_DZQtVmKM_scene_212.jpg,fixed_8s
213,gacs_emotional_shorts_02_DZQtVmKM.mp4,1720.0,1728.0,8.0,16,data\scenes\gacs_emotional_shorts_02_DZQtVmKM_scene_213.jpg,fixed_8s
214,gacs_emotional_shorts_02_DZQtVmKM.mp4,1728.0,1736.0,8.0,16,data\scenes\gacs_emotional_shorts_02_DZQtVmKM_scene_214.jpg,fixed_8s
215,gacs_emotional_shorts_02_DZQtVmKM.mp4,1736.0,1744.0,8.0,16,data\scenes\gacs_emotional_shorts_02_DZQtVmKM_scene_215.jpg,fixed_8s
216,gacs_emotional_shorts_02_DZQtVmKM.mp4,1744.0,1752.0,8.0,16,data\scenes\gacs_emotional_shorts_02_DZQtVmKM_scene_216.jpg,fixed_8s
217,gacs_emotional_shorts_02_DZQtVmKM.mp4,1752.0,1760.0,8.0,16,data\scenes\gacs_emotional_shorts_02_DZQtVmKM_scene_217.jpg,fixed_8s
218,gacs_emotional_shorts_02_DZQtVmKM.mp4,1760.0,1768.0,8.0,16,data\scenes\gacs_emotional_shorts_02_DZQtVmKM_scene_218.jpg,fixed_8s
6,gacs_movie_trailers_01_n9xhJrPX.mp4,128.0,136.0,8.0,18,data\scenes\gacs_movie_trailers_01_n9xhJrPX_scene_06.jpg,fixed_8s
7,gacs_movie_trailers_01_n9xhJrPX.mp4,136.0,144.0,8.0,17,data\scenes\gacs_movie_trailers_01_n9xhJrPX_scene_07.jpg,fixed_8s
8,gacs_movie_trailers_01_n9xhJrPX.mp4,144.0,152.0,8.0,18,data\scenes\gacs_movie_trailers_01_n9xhJrPX_scene_08.jpg,fixed_8s
10,gacs_movie_trailers_02_uYPbbksJ.mp4,128.0,136.0,8.0,18,data\scenes\gacs_movie_trailers_02_uYPbbksJ_scene_10.jpg,fixed_8s
11,gacs_movie_trailers_02_uYPbbksJ.mp4,136.0,144.0,8.0,17,data\scenes\gacs_movie_trailers_02_uYPbbksJ_scene_11.jpg,fixed_8s
12,gacs_movie_trailers_02_uYPbbksJ.mp4,144.0,152.0,8.0,18,data\scenes\gacs_movie_trailers_02_uYPbbksJ_scene_12.jpg,fixed_8s
13,gacs_movie_trailers_02_uYPbbksJ.mp4,152.0,160.0,8.0,17,data\scenes\gacs_movie_trailers_02_uYPbbksJ_scene_13.jpg,fixed_8s
14,gacs_movie_trailers_02_uYPbbksJ.mp4,160.0,168.0,8.0,18,data\scenes\gacs_movie_trailers_02_uYPbbksJ_scene_14.jpg,fixed_8s
15,gacs_movie_trailers_02_uYPbbksJ.mp4,168.0,176.0,8.0,17,data\scenes\gacs_movie_trailers_02_uYPbbksJ_scene_15.jpg,fixed_8s
8,ready_or_not_trailer.mp4,120.0,128.0,8.0,17,data\scenes\ready_or_not_trailer_scene_08.jpg,fixed_8s
9,ready_or_not_trailer.mp4,128.0,136.0,8.0,18,data\scenes\ready_or_not_trailer_scene_09.jpg,fixed_8s
0,gacs_advertisements_00_-avONMmQ.mp4,0.0,8.0,8.0,18,data\scenes\gacs_advertisements_00_-avONMmQ_scene_00.jpg,fixed_8s_opencv
1,gacs_advertisements_00_-avONMmQ.mp4,8.0,16.0,8.0,17,data\scenes\gacs_advertisements_00_-avONMmQ_scene_01.jpg,fixed_8s_opencv
2,gacs_advertisements_00_-avONMmQ.mp4,16.0,24.0,8.0,18,data\scenes\gacs_advertisements_00_-avONMmQ_scene_02.jpg,fixed_8s_opencv
3,gacs_advertisements_00_-avONMmQ.mp4,24.0,32.0,8.0,17,data\scenes\gacs_advertisements_00_-avONMmQ_scene_03.jpg,fixed_8s_opencv
4,gacs_advertisements_00_-avONMmQ.mp4,32.0,40.0,8.0,18,data\scenes\gacs_advertisements_00_-avONMmQ_scene_04.jpg,fixed_8s_opencv
5,gacs_advertisements_00_-avONMmQ.mp4,40.0,48.0,8.0,17,data\scenes\gacs_advertisements_00_-avONMmQ_scene_05.jpg,fixed_8s_opencv
6,gacs_advertisements_00_-avONMmQ.mp4,48.0,56.0,8.0,18,data\scenes\gacs_advertisements_00_-avONMmQ_scene_06.jpg,fixed_8s_opencv
7,gacs_advertisements_00_-avONMmQ.mp4,56.0,64.0,8.0,17,data\scenes\gacs_advertisements_00_-avONMmQ_scene_07.jpg,fixed_8s_opencv
8,gacs_advertisements_00_-avONMmQ.mp4,64.0,72.0,8.0,17,data\scenes\gacs_advertisements_00_-avONMmQ_scene_08.jpg,fixed_8s_opencv
9,gacs_advertisements_00_-avONMmQ.mp4,72.0,80.0,8.0,18,data\scenes\gacs_advertisements_00_-avONMmQ_scene_09.jpg,fixed_8s_opencv
10,gacs_advertisements_00_-avONMmQ.mp4,80.0,88.0,8.0,17,data\scenes\gacs_advertisements_00_-avONMmQ_scene_10.jpg,fixed_8s_opencv
11,gacs_advertisements_00_-avONMmQ.mp4,88.0,96.0,8.0,18,data\scenes\gacs_advertisements_00_-avONMmQ_scene_11.jpg,fixed_8s_opencv
12,gacs_advertisements_00_-avONMmQ.mp4,96.0,104.0,8.0,17,data\scenes\gacs_advertisements_00_-avONMmQ_scene_12.jpg,fixed_8s_opencv
13,gacs_advertisements_00_-avONMmQ.mp4,104.0,112.0,8.0,18,data\scenes\gacs_advertisements_00_-avONMmQ_scene_13.jpg,fixed_8s_opencv
14,gacs_advertisements_00_-avONMmQ.mp4,112.0,120.0,8.0,17,data\scenes\gacs_advertisements_00_-avONMmQ_scene_14.jpg,fixed_8s_opencv
15,gacs_advertisements_00_-avONMmQ.mp4,120.0,124.7913333,4.791333333,11,data\scenes\gacs_advertisements_00_-avONMmQ_scene_15.jpg,fixed_8s_opencv
0,gacs_advertisements_00_F4sJLG2z.mp4,0.0,8.0,8.0,16,data\scenes\gacs_advertisements_00_F4sJLG2z_scene_00.jpg,fixed_8s_opencv
1,gacs_advertisements_00_F4sJLG2z.mp4,24.0,32.0,8.0,16,data\scenes\gacs_advertisements_00_F4sJLG2z_scene_01.jpg,fixed_8s_opencv
2,gacs_advertisements_00_F4sJLG2z.mp4,48.0,49.5,1.5,4,data\scenes\gacs_advertisements_00_F4sJLG2z_scene_02.jpg,fixed_8s_opencv
0,gacs_advertisements_01_9G5luoju.mp4,0.0,8.0,8.0,16,data\scenes\gacs_advertisements_01_9G5luoju_scene_00.jpg,fixed_8s_opencv
1,gacs_advertisements_01_9G5luoju.mp4,8.0,16.0,8.0,16,data\scenes\gacs_advertisements_01_9G5luoju_scene_01.jpg,fixed_8s_opencv
2,gacs_advertisements_01_9G5luoju.mp4,16.0,24.0,8.0,16,data\scenes\gacs_advertisements_01_9G5luoju_scene_02.jpg,fixed_8s_opencv
3,gacs_advertisements_01_9G5luoju.mp4,24.0,32.0,8.0,16,data\scenes\gacs_advertisements_01_9G5luoju_scene_03.jpg,fixed_8s_opencv
4,gacs_advertisements_01_9G5luoju.mp4,32.0,40.0,8.0,16,data\scenes\gacs_advertisements_01_9G5luoju_scene_04.jpg,fixed_8s_opencv
5,gacs_advertisements_01_9G5luoju.mp4,40.0,48.0,8.0,16,data\scenes\gacs_advertisements_01_9G5luoju_scene_05.jpg,fixed_8s_opencv
6,gacs_advertisements_01_9G5luoju.mp4,48.0,56.0,8.0,16,data\scenes\gacs_advertisements_01_9G5luoju_scene_06.jpg,fixed_8s_opencv
7,gacs_advertisements_01_9G5luoju.mp4,56.0,64.0,8.0,16,data\scenes\gacs_advertisements_01_9G5luoju_scene_07.jpg,fixed_8s_opencv
8,gacs_advertisements_01_9G5luoju.mp4,64.0,72.0,8.0,16,data\scenes\gacs_advertisements_01_9G5luoju_scene_08.jpg,fixed_8s_opencv
9,gacs_advertisements_01_9G5luoju.mp4,72.0,80.0,8.0,16,data\scenes\gacs_advertisements_01_9G5luoju_scene_09.jpg,fixed_8s_opencv
10,gacs_advertisements_01_9G5luoju.mp4,80.0,88.0,8.0,16,data\scenes\gacs_advertisements_01_9G5luoju_scene_10.jpg,fixed_8s_opencv
11,gacs_advertisements_01_9G5luoju.mp4,88.0,96.0,8.0,16,data\scenes\gacs_advertisements_01_9G5luoju_scene_11.jpg,fixed_8s_opencv
12,gacs_advertisements_01_9G5luoju.mp4,96.0,99.5,3.5,8,data\scenes\gacs_advertisements_01_9G5luoju_scene_12.jpg,fixed_8s_opencv
0,gacs_advertisements_01_jBnseji3.mp4,0.0,8.0,8.0,18,data\scenes\gacs_advertisements_01_jBnseji3_scene_00.jpg,fixed_8s_opencv
1,gacs_advertisements_01_jBnseji3.mp4,8.0,16.0,8.0,17,data\scenes\gacs_advertisements_01_jBnseji3_scene_01.jpg,fixed_8s_opencv
2,gacs_advertisements_01_jBnseji3.mp4,16.0,24.0,8.0,17,data\scenes\gacs_advertisements_01_jBnseji3_scene_02.jpg,fixed_8s_opencv
3,gacs_advertisements_01_jBnseji3.mp4,24.0,32.0,8.0,17,data\scenes\gacs_advertisements_01_jBnseji3_scene_03.jpg,fixed_8s_opencv
4,gacs_advertisements_01_jBnseji3.mp4,32.0,40.0,8.0,17,data\scenes\gacs_advertisements_01_jBnseji3_scene_04.jpg,fixed_8s_opencv
5,gacs_advertisements_01_jBnseji3.mp4,40.0,48.0,8.0,17,data\scenes\gacs_advertisements_01_jBnseji3_scene_05.jpg,fixed_8s_opencv
6,gacs_advertisements_01_jBnseji3.mp4,48.0,56.0,8.0,17,data\scenes\gacs_advertisements_01_jBnseji3_scene_06.jpg,fixed_8s_opencv
7,gacs_advertisements_01_jBnseji3.mp4,56.0,64.0,8.0,18,data\scenes\gacs_advertisements_01_jBnseji3_scene_07.jpg,fixed_8s_opencv
8,gacs_advertisements_01_jBnseji3.mp4,64.0,72.0,8.0,17,data\scenes\gacs_advertisements_01_jBnseji3_scene_08.jpg,fixed_8s_opencv
9,gacs_advertisements_01_jBnseji3.mp4,72.0,80.0,8.0,17,data\scenes\gacs_advertisements_01_jBnseji3_scene_09.jpg,fixed_8s_opencv
10,gacs_advertisements_01_jBnseji3.mp4,80.0,88.0,8.0,17,data\scenes\gacs_advertisements_01_jBnseji3_scene_10.jpg,fixed_8s_opencv
11,gacs_advertisements_01_jBnseji3.mp4,88.0,96.0,8.0,17,data\scenes\gacs_advertisements_01_jBnseji3_scene_11.jpg,fixed_8s_opencv
12,gacs_advertisements_01_jBnseji3.mp4,96.0,99.96653333,3.966533333,9,data\scenes\gacs_advertisements_01_jBnseji3_scene_12.jpg,fixed_8s_opencv
0,gacs_advertisements_02_VGa1imAp.mp4,0.0,8.0,8.0,17,data\scenes\gacs_advertisements_02_VGa1imAp_scene_00.jpg,fixed_8s_opencv
1,gacs_advertisements_02_VGa1imAp.mp4,8.0,16.0,8.0,17,data\scenes\gacs_advertisements_02_VGa1imAp_scene_01.jpg,fixed_8s_opencv
2,gacs_advertisements_02_VGa1imAp.mp4,16.0,24.0,8.0,16,data\scenes\gacs_advertisements_02_VGa1imAp_scene_02.jpg,fixed_8s_opencv
3,gacs_advertisements_02_VGa1imAp.mp4,24.0,32.0,8.0,17,data\scenes\gacs_advertisements_02_VGa1imAp_scene_03.jpg,fixed_8s_opencv
4,gacs_advertisements_02_VGa1imAp.mp4,32.0,40.0,8.0,17,data\scenes\gacs_advertisements_02_VGa1imAp_scene_04.jpg,fixed_8s_opencv
5,gacs_advertisements_02_VGa1imAp.mp4,40.0,48.0,8.0,16,data\scenes\gacs_advertisements_02_VGa1imAp_scene_05.jpg,fixed_8s_opencv
6,gacs_advertisements_02_VGa1imAp.mp4,48.0,56.0,8.0,17,data\scenes\gacs_advertisements_02_VGa1imAp_scene_06.jpg,fixed_8s_opencv
7,gacs_advertisements_02_VGa1imAp.mp4,56.0,64.0,8.0,17,data\scenes\gacs_advertisements_02_VGa1imAp_scene_07.jpg,fixed_8s_opencv
8,gacs_advertisements_02_VGa1imAp.mp4,64.0,72.0,8.0,16,data\scenes\gacs_advertisements_02_VGa1imAp_scene_08.jpg,fixed_8s_opencv
9,gacs_advertisements_02_VGa1imAp.mp4,72.0,80.0,8.0,17,data\scenes\gacs_advertisements_02_VGa1imAp_scene_09.jpg,fixed_8s_opencv
10,gacs_advertisements_02_VGa1imAp.mp4,80.0,88.0,8.0,17,data\scenes\gacs_advertisements_02_VGa1imAp_scene_10.jpg,fixed_8s_opencv
11,gacs_advertisements_02_VGa1imAp.mp4,88.0,96.0,8.0,16,data\scenes\gacs_advertisements_02_VGa1imAp_scene_11.jpg,fixed_8s_opencv
12,gacs_advertisements_02_VGa1imAp.mp4,96.0,104.0,8.0,17,data\scenes\gacs_advertisements_02_VGa1imAp_scene_12.jpg,fixed_8s_opencv
13,gacs_advertisements_02_VGa1imAp.mp4,104.0,111.84,7.84,17,data\scenes\gacs_advertisements_02_VGa1imAp_scene_13.jpg,fixed_8s_opencv
0,gacs_advertisements_02_WDld_tTL.mp4,0.0,8.0,8.0,17,data\scenes\gacs_advertisements_02_WDld_tTL_scene_00.jpg,fixed_8s_opencv
1,gacs_advertisements_02_WDld_tTL.mp4,8.0,16.0,8.0,17,data\scenes\gacs_advertisements_02_WDld_tTL_scene_01.jpg,fixed_8s_opencv
2,gacs_advertisements_02_WDld_tTL.mp4,16.0,24.0,8.0,16,data\scenes\gacs_advertisements_02_WDld_tTL_scene_02.jpg,fixed_8s_opencv
3,gacs_advertisements_02_WDld_tTL.mp4,24.0,32.0,8.0,17,data\scenes\gacs_advertisements_02_WDld_tTL_scene_03.jpg,fixed_8s_opencv
4,gacs_advertisements_02_WDld_tTL.mp4,32.0,36.48,4.48,10,data\scenes\gacs_advertisements_02_WDld_tTL_scene_04.jpg,fixed_8s_opencv
0,gacs_animations_00_-HMqv0zl.mp4,40.0,48.0,8.0,16,data\scenes\gacs_animations_00_-HMqv0zl_scene_00.jpg,fixed_8s_opencv
1,gacs_animations_00_-HMqv0zl.mp4,104.0,112.0,8.0,17,data\scenes\gacs_animations_00_-HMqv0zl_scene_01.jpg,fixed_8s_opencv
0,gacs_animations_00_WIPV1iwz.mp4,8.0,16.0,8.0,17,data\scenes\gacs_animations_00_WIPV1iwz_scene_00.jpg,fixed_8s_opencv
1,gacs_animations_00_WIPV1iwz.mp4,16.0,24.0,8.0,18,data\scenes\gacs_animations_00_WIPV1iwz_scene_01.jpg,fixed_8s_opencv
2,gacs_animations_00_WIPV1iwz.mp4,24.0,32.0,8.0,17,data\scenes\gacs_animations_00_WIPV1iwz_scene_02.jpg,fixed_8s_opencv
3,gacs_animations_00_WIPV1iwz.mp4,32.0,40.0,8.0,18,data\scenes\gacs_animations_00_WIPV1iwz_scene_03.jpg,fixed_8s_opencv
4,gacs_animations_00_WIPV1iwz.mp4,40.0,48.0,8.0,17,data\scenes\gacs_animations_00_WIPV1iwz_scene_04.jpg,fixed_8s_opencv
5,gacs_animations_00_WIPV1iwz.mp4,48.0,56.0,8.0,18,data\scenes\gacs_animations_00_WIPV1iwz_scene_05.jpg,fixed_8s_opencv
6,gacs_animations_00_WIPV1iwz.mp4,56.0,64.0,8.0,17,data\scenes\gacs_animations_00_WIPV1iwz_scene_06.jpg,fixed_8s_opencv
7,gacs_animations_00_WIPV1iwz.mp4,64.0,72.0,8.0,17,data\scenes\gacs_animations_00_WIPV1iwz_scene_07.jpg,fixed_8s_opencv
8,gacs_animations_00_WIPV1iwz.mp4,72.0,80.0,8.0,18,data\scenes\gacs_animations_00_WIPV1iwz_scene_08.jpg,fixed_8s_opencv
9,gacs_animations_00_WIPV1iwz.mp4,80.0,88.0,8.0,17,data\scenes\gacs_animations_00_WIPV1iwz_scene_09.jpg,fixed_8s_opencv
10,gacs_animations_00_WIPV1iwz.mp4,88.0,96.0,8.0,18,data\scenes\gacs_animations_00_WIPV1iwz_scene_10.jpg,fixed_8s_opencv
11,gacs_animations_00_WIPV1iwz.mp4,96.0,104.0,8.0,17,data\scenes\gacs_animations_00_WIPV1iwz_scene_11.jpg,fixed_8s_opencv
12,gacs_animations_00_WIPV1iwz.mp4,104.0,112.0,8.0,18,data\scenes\gacs_animations_00_WIPV1iwz_scene_12.jpg,fixed_8s_opencv
13,gacs_animations_00_WIPV1iwz.mp4,112.0,120.0,8.0,17,data\scenes\gacs_animations_00_WIPV1iwz_scene_13.jpg,fixed_8s_opencv
14,gacs_animations_00_WIPV1iwz.mp4,120.0,124.7913333,4.791333333,11,data\scenes\gacs_animations_00_WIPV1iwz_scene_14.jpg,fixed_8s_opencv
0,gacs_animations_01_CWnqX41J.mp4,8.0,16.0,8.0,16,data\scenes\gacs_animations_01_CWnqX41J_scene_00.jpg,fixed_8s_opencv
1,gacs_animations_01_CWnqX41J.mp4,16.0,24.0,8.0,16,data\scenes\gacs_animations_01_CWnqX41J_scene_01.jpg,fixed_8s_opencv
2,gacs_animations_01_CWnqX41J.mp4,24.0,32.0,8.0,16,data\scenes\gacs_animations_01_CWnqX41J_scene_02.jpg,fixed_8s_opencv
3,gacs_animations_01_CWnqX41J.mp4,32.0,40.0,8.0,16,data\scenes\gacs_animations_01_CWnqX41J_scene_03.jpg,fixed_8s_opencv
4,gacs_animations_01_CWnqX41J.mp4,40.0,48.0,8.0,16,data\scenes\gacs_animations_01_CWnqX41J_scene_04.jpg,fixed_8s_opencv
5,gacs_animations_01_CWnqX41J.mp4,48.0,56.0,8.0,16,data\scenes\gacs_animations_01_CWnqX41J_scene_05.jpg,fixed_8s_opencv
6,gacs_animations_01_CWnqX41J.mp4,56.0,64.0,8.0,16,data\scenes\gacs_animations_01_CWnqX41J_scene_06.jpg,fixed_8s_opencv
7,gacs_animations_01_CWnqX41J.mp4,64.0,72.0,8.0,16,data\scenes\gacs_animations_01_CWnqX41J_scene_07.jpg,fixed_8s_opencv
8,gacs_animations_01_CWnqX41J.mp4,72.0,80.0,8.0,16,data\scenes\gacs_animations_01_CWnqX41J_scene_08.jpg,fixed_8s_opencv
9,gacs_animations_01_CWnqX41J.mp4,80.0,88.0,8.0,16,data\scenes\gacs_animations_01_CWnqX41J_scene_09.jpg,fixed_8s_opencv
10,gacs_animations_01_CWnqX41J.mp4,88.0,96.0,8.0,16,data\scenes\gacs_animations_01_CWnqX41J_scene_10.jpg,fixed_8s_opencv
11,gacs_animations_01_CWnqX41J.mp4,96.0,99.5,3.5,8,data\scenes\gacs_animations_01_CWnqX41J_scene_11.jpg,fixed_8s_opencv
0,gacs_animations_01_hJnAHzo4.mp4,0.0,8.0,8.0,18,data\scenes\gacs_animations_01_hJnAHzo4_scene_00.jpg,fixed_8s_opencv
1,gacs_animations_01_hJnAHzo4.mp4,8.0,16.0,8.0,17,data\scenes\gacs_animations_01_hJnAHzo4_scene_01.jpg,fixed_8s_opencv
2,gacs_animations_01_hJnAHzo4.mp4,16.0,24.0,8.0,18,data\scenes\gacs_animations_01_hJnAHzo4_scene_02.jpg,fixed_8s_opencv
3,gacs_animations_01_hJnAHzo4.mp4,24.0,32.0,8.0,17,data\scenes\gacs_animations_01_hJnAHzo4_scene_03.jpg,fixed_8s_opencv
4,gacs_animations_01_hJnAHzo4.mp4,32.0,40.0,8.0,18,data\scenes\gacs_animations_01_hJnAHzo4_scene_04.jpg,fixed_8s_opencv
5,gacs_animations_01_hJnAHzo4.mp4,40.0,48.0,8.0,17,data\scenes\gacs_animations_01_hJnAHzo4_scene_05.jpg,fixed_8s_opencv
6,gacs_animations_01_hJnAHzo4.mp4,48.0,56.0,8.0,18,data\scenes\gacs_animations_01_hJnAHzo4_scene_06.jpg,fixed_8s_opencv
7,gacs_animations_01_hJnAHzo4.mp4,56.0,64.0,8.0,17,data\scenes\gacs_animations_01_hJnAHzo4_scene_07.jpg,fixed_8s_opencv
8,gacs_animations_01_hJnAHzo4.mp4,64.0,72.0,8.0,17,data\scenes\gacs_animations_01_hJnAHzo4_scene_08.jpg,fixed_8s_opencv
9,gacs_animations_01_hJnAHzo4.mp4,72.0,80.0,8.0,18,data\scenes\gacs_animations_01_hJnAHzo4_scene_09.jpg,fixed_8s_opencv
10,gacs_animations_01_hJnAHzo4.mp4,80.0,88.0,8.0,17,data\scenes\gacs_animations_01_hJnAHzo4_scene_10.jpg,fixed_8s_opencv
11,gacs_animations_01_hJnAHzo4.mp4,88.0,96.0,8.0,18,data\scenes\gacs_animations_01_hJnAHzo4_scene_11.jpg,fixed_8s_opencv
12,gacs_animations_01_hJnAHzo4.mp4,96.0,104.0,8.0,17,data\scenes\gacs_animations_01_hJnAHzo4_scene_12.jpg,fixed_8s_opencv
13,gacs_animations_01_hJnAHzo4.mp4,104.0,112.0,8.0,18,data\scenes\gacs_animations_01_hJnAHzo4_scene_13.jpg,fixed_8s_opencv
0,gacs_animations_02_lTxn2Buq.mp4,0.0,8.0,8.0,16,data\scenes\gacs_animations_02_lTxn2Buq_scene_00.jpg,fixed_8s_opencv
1,gacs_animations_02_lTxn2Buq.mp4,8.0,16.0,8.0,16,data\scenes\gacs_animations_02_lTxn2Buq_scene_01.jpg,fixed_8s_opencv
2,gacs_animations_02_lTxn2Buq.mp4,16.0,24.0,8.0,16,data\scenes\gacs_animations_02_lTxn2Buq_scene_02.jpg,fixed_8s_opencv
3,gacs_animations_02_lTxn2Buq.mp4,24.0,32.0,8.0,16,data\scenes\gacs_animations_02_lTxn2Buq_scene_03.jpg,fixed_8s_opencv
4,gacs_animations_02_lTxn2Buq.mp4,32.0,40.0,8.0,16,data\scenes\gacs_animations_02_lTxn2Buq_scene_04.jpg,fixed_8s_opencv
5,gacs_animations_02_lTxn2Buq.mp4,40.0,48.0,8.0,16,data\scenes\gacs_animations_02_lTxn2Buq_scene_05.jpg,fixed_8s_opencv
6,gacs_animations_02_lTxn2Buq.mp4,48.0,56.0,8.0,16,data\scenes\gacs_animations_02_lTxn2Buq_scene_06.jpg,fixed_8s_opencv
7,gacs_animations_02_lTxn2Buq.mp4,56.0,64.0,8.0,16,data\scenes\gacs_animations_02_lTxn2Buq_scene_07.jpg,fixed_8s_opencv
8,gacs_animations_02_lTxn2Buq.mp4,64.0,72.0,8.0,16,data\scenes\gacs_animations_02_lTxn2Buq_scene_08.jpg,fixed_8s_opencv
9,gacs_animations_02_lTxn2Buq.mp4,72.0,80.0,8.0,16,data\scenes\gacs_animations_02_lTxn2Buq_scene_09.jpg,fixed_8s_opencv
10,gacs_animations_02_lTxn2Buq.mp4,80.0,88.0,8.0,16,data\scenes\gacs_animations_02_lTxn2Buq_scene_10.jpg,fixed_8s_opencv
11,gacs_animations_02_lTxn2Buq.mp4,88.0,96.0,8.0,16,data\scenes\gacs_animations_02_lTxn2Buq_scene_11.jpg,fixed_8s_opencv
12,gacs_animations_02_lTxn2Buq.mp4,96.0,104.0,8.0,16,data\scenes\gacs_animations_02_lTxn2Buq_scene_12.jpg,fixed_8s_opencv
13,gacs_animations_02_lTxn2Buq.mp4,104.0,112.0,8.0,16,data\scenes\gacs_animations_02_lTxn2Buq_scene_13.jpg,fixed_8s_opencv
14,gacs_animations_02_lTxn2Buq.mp4,112.0,120.0,8.0,16,data\scenes\gacs_animations_02_lTxn2Buq_scene_14.jpg,fixed_8s_opencv
15,gacs_animations_02_lTxn2Buq.mp4,120.0,124.5,4.5,10,data\scenes\gacs_animations_02_lTxn2Buq_scene_15.jpg,fixed_8s_opencv
0,gacs_animations_02_qLGNj-xr.mp4,0.0,8.0,8.0,16,data\scenes\gacs_animations_02_qLGNj-xr_scene_00.jpg,fixed_8s_opencv
1,gacs_animations_02_qLGNj-xr.mp4,8.0,16.0,8.0,16,data\scenes\gacs_animations_02_qLGNj-xr_scene_01.jpg,fixed_8s_opencv
2,gacs_animations_02_qLGNj-xr.mp4,16.0,24.0,8.0,16,data\scenes\gacs_animations_02_qLGNj-xr_scene_02.jpg,fixed_8s_opencv
3,gacs_animations_02_qLGNj-xr.mp4,24.0,32.0,8.0,16,data\scenes\gacs_animations_02_qLGNj-xr_scene_03.jpg,fixed_8s_opencv
4,gacs_animations_02_qLGNj-xr.mp4,32.0,40.0,8.0,16,data\scenes\gacs_animations_02_qLGNj-xr_scene_04.jpg,fixed_8s_opencv
5,gacs_animations_02_qLGNj-xr.mp4,40.0,48.0,8.0,16,data\scenes\gacs_animations_02_qLGNj-xr_scene_05.jpg,fixed_8s_opencv
6,gacs_animations_02_qLGNj-xr.mp4,48.0,56.0,8.0,16,data\scenes\gacs_animations_02_qLGNj-xr_scene_06.jpg,fixed_8s_opencv
7,gacs_animations_02_qLGNj-xr.mp4,56.0,64.0,8.0,16,data\scenes\gacs_animations_02_qLGNj-xr_scene_07.jpg,fixed_8s_opencv
8,gacs_animations_02_qLGNj-xr.mp4,64.0,72.0,8.0,16,data\scenes\gacs_animations_02_qLGNj-xr_scene_08.jpg,fixed_8s_opencv
9,gacs_animations_02_qLGNj-xr.mp4,72.0,80.0,8.0,16,data\scenes\gacs_animations_02_qLGNj-xr_scene_09.jpg,fixed_8s_opencv
10,gacs_animations_02_qLGNj-xr.mp4,80.0,88.0,8.0,16,data\scenes\gacs_animations_02_qLGNj-xr_scene_10.jpg,fixed_8s_opencv
11,gacs_animations_02_qLGNj-xr.mp4,88.0,96.0,8.0,16,data\scenes\gacs_animations_02_qLGNj-xr_scene_11.jpg,fixed_8s_opencv
12,gacs_animations_02_qLGNj-xr.mp4,96.0,104.0,8.0,16,data\scenes\gacs_animations_02_qLGNj-xr_scene_12.jpg,fixed_8s_opencv
13,gacs_animations_02_qLGNj-xr.mp4,104.0,112.0,8.0,16,data\scenes\gacs_animations_02_qLGNj-xr_scene_13.jpg,fixed_8s_opencv
14,gacs_animations_02_qLGNj-xr.mp4,112.0,120.0,8.0,16,data\scenes\gacs_animations_02_qLGNj-xr_scene_14.jpg,fixed_8s_opencv
15,gacs_animations_02_qLGNj-xr.mp4,120.0,124.5,4.5,10,data\scenes\gacs_animations_02_qLGNj-xr_scene_15.jpg,fixed_8s_opencv
0,gacs_emotional_shorts_00_44buVmzh.mp4,0.0,8.0,8.0,17,data\scenes\gacs_emotional_shorts_00_44buVmzh_scene_00.jpg,fixed_8s_opencv
1,gacs_emotional_shorts_00_44buVmzh.mp4,8.0,16.0,8.0,17,data\scenes\gacs_emotional_shorts_00_44buVmzh_scene_01.jpg,fixed_8s_opencv
2,gacs_emotional_shorts_00_44buVmzh.mp4,16.0,24.0,8.0,16,data\scenes\gacs_emotional_shorts_00_44buVmzh_scene_02.jpg,fixed_8s_opencv
3,gacs_emotional_shorts_00_44buVmzh.mp4,24.0,32.0,8.0,17,data\scenes\gacs_emotional_shorts_00_44buVmzh_scene_03.jpg,fixed_8s_opencv
4,gacs_emotional_shorts_00_44buVmzh.mp4,32.0,40.0,8.0,17,data\scenes\gacs_emotional_shorts_00_44buVmzh_scene_04.jpg,fixed_8s_opencv
5,gacs_emotional_shorts_00_44buVmzh.mp4,40.0,48.0,8.0,16,data\scenes\gacs_emotional_shorts_00_44buVmzh_scene_05.jpg,fixed_8s_opencv
6,gacs_emotional_shorts_00_44buVmzh.mp4,48.0,56.0,8.0,17,data\scenes\gacs_emotional_shorts_00_44buVmzh_scene_06.jpg,fixed_8s_opencv
7,gacs_emotional_shorts_00_44buVmzh.mp4,56.0,64.0,8.0,17,data\scenes\gacs_emotional_shorts_00_44buVmzh_scene_07.jpg,fixed_8s_opencv
8,gacs_emotional_shorts_00_44buVmzh.mp4,64.0,72.0,8.0,16,data\scenes\gacs_emotional_shorts_00_44buVmzh_scene_08.jpg,fixed_8s_opencv
9,gacs_emotional_shorts_00_44buVmzh.mp4,72.0,80.0,8.0,17,data\scenes\gacs_emotional_shorts_00_44buVmzh_scene_09.jpg,fixed_8s_opencv
10,gacs_emotional_shorts_00_44buVmzh.mp4,80.0,88.0,8.0,17,data\scenes\gacs_emotional_shorts_00_44buVmzh_scene_10.jpg,fixed_8s_opencv
11,gacs_emotional_shorts_00_44buVmzh.mp4,88.0,96.0,8.0,16,data\scenes\gacs_emotional_shorts_00_44buVmzh_scene_11.jpg,fixed_8s_opencv
12,gacs_emotional_shorts_00_44buVmzh.mp4,96.0,104.0,8.0,17,data\scenes\gacs_emotional_shorts_00_44buVmzh_scene_12.jpg,fixed_8s_opencv
13,gacs_emotional_shorts_00_44buVmzh.mp4,104.0,112.0,8.0,17,data\scenes\gacs_emotional_shorts_00_44buVmzh_scene_13.jpg,fixed_8s_opencv
14,gacs_emotional_shorts_00_44buVmzh.mp4,112.0,119.52,7.52,16,data\scenes\gacs_emotional_shorts_00_44buVmzh_scene_14.jpg,fixed_8s_opencv
0,gacs_emotional_shorts_00_WAmw-erI.mp4,0.0,8.0,8.0,17,data\scenes\gacs_emotional_shorts_00_WAmw-erI_scene_00.jpg,fixed_8s_opencv
1,gacs_emotional_shorts_00_WAmw-erI.mp4,8.0,16.0,8.0,17,data\scenes\gacs_emotional_shorts_00_WAmw-erI_scene_01.jpg,fixed_8s_opencv
2,gacs_emotional_shorts_00_WAmw-erI.mp4,16.0,24.0,8.0,16,data\scenes\gacs_emotional_shorts_00_WAmw-erI_scene_02.jpg,fixed_8s_opencv
3,gacs_emotional_shorts_00_WAmw-erI.mp4,24.0,32.0,8.0,17,data\scenes\gacs_emotional_shorts_00_WAmw-erI_scene_03.jpg,fixed_8s_opencv
4,gacs_emotional_shorts_00_WAmw-erI.mp4,32.0,40.0,8.0,17,data\scenes\gacs_emotional_shorts_00_WAmw-erI_scene_04.jpg,fixed_8s_opencv
5,gacs_emotional_shorts_00_WAmw-erI.mp4,40.0,48.0,8.0,16,data\scenes\gacs_emotional_shorts_00_WAmw-erI_scene_05.jpg,fixed_8s_opencv
6,gacs_emotional_shorts_00_WAmw-erI.mp4,48.0,56.0,8.0,17,data\scenes\gacs_emotional_shorts_00_WAmw-erI_scene_06.jpg,fixed_8s_opencv
7,gacs_emotional_shorts_00_WAmw-erI.mp4,56.0,64.0,8.0,17,data\scenes\gacs_emotional_shorts_00_WAmw-erI_scene_07.jpg,fixed_8s_opencv
8,gacs_emotional_shorts_00_WAmw-erI.mp4,64.0,72.0,8.0,16,data\scenes\gacs_emotional_shorts_00_WAmw-erI_scene_08.jpg,fixed_8s_opencv
9,gacs_emotional_shorts_00_WAmw-erI.mp4,72.0,80.0,8.0,17,data\scenes\gacs_emotional_shorts_00_WAmw-erI_scene_09.jpg,fixed_8s_opencv
10,gacs_emotional_shorts_00_WAmw-erI.mp4,80.0,88.0,8.0,17,data\scenes\gacs_emotional_shorts_00_WAmw-erI_scene_10.jpg,fixed_8s_opencv
11,gacs_emotional_shorts_00_WAmw-erI.mp4,88.0,96.0,8.0,16,data\scenes\gacs_emotional_shorts_00_WAmw-erI_scene_11.jpg,fixed_8s_opencv
12,gacs_emotional_shorts_00_WAmw-erI.mp4,96.0,104.0,8.0,17,data\scenes\gacs_emotional_shorts_00_WAmw-erI_scene_12.jpg,fixed_8s_opencv
13,gacs_emotional_shorts_00_WAmw-erI.mp4,104.0,112.0,8.0,17,data\scenes\gacs_emotional_shorts_00_WAmw-erI_scene_13.jpg,fixed_8s_opencv
14,gacs_emotional_shorts_00_WAmw-erI.mp4,112.0,119.52,7.52,16,data\scenes\gacs_emotional_shorts_00_WAmw-erI_scene_14.jpg,fixed_8s_opencv
0,gacs_emotional_shorts_01_Jzt3pQmF.mp4,0.0,8.0,8.0,16,data\scenes\gacs_emotional_shorts_01_Jzt3pQmF_scene_00.jpg,fixed_8s_opencv
1,gacs_emotional_shorts_01_Jzt3pQmF.mp4,8.0,16.0,8.0,16,data\scenes\gacs_emotional_shorts_01_Jzt3pQmF_scene_01.jpg,fixed_8s_opencv
2,gacs_emotional_shorts_01_Jzt3pQmF.mp4,16.0,20.5,4.5,10,data\scenes\gacs_emotional_shorts_01_Jzt3pQmF_scene_02.jpg,fixed_8s_opencv
0,gacs_emotional_shorts_01_LIed92r8.mp4,0.0,8.0,8.0,17,data\scenes\gacs_emotional_shorts_01_LIed92r8_scene_00.jpg,fixed_8s_opencv
1,gacs_emotional_shorts_01_LIed92r8.mp4,8.0,16.0,8.0,17,data\scenes\gacs_emotional_shorts_01_LIed92r8_scene_01.jpg,fixed_8s_opencv
2,gacs_emotional_shorts_01_LIed92r8.mp4,16.0,24.0,8.0,16,data\scenes\gacs_emotional_shorts_01_LIed92r8_scene_02.jpg,fixed_8s_opencv
3,gacs_emotional_shorts_01_LIed92r8.mp4,24.0,32.0,8.0,17,data\scenes\gacs_emotional_shorts_01_LIed92r8_scene_03.jpg,fixed_8s_opencv
4,gacs_emotional_shorts_01_LIed92r8.mp4,32.0,40.0,8.0,17,data\scenes\gacs_emotional_shorts_01_LIed92r8_scene_04.jpg,fixed_8s_opencv
5,gacs_emotional_shorts_01_LIed92r8.mp4,40.0,48.0,8.0,16,data\scenes\gacs_emotional_shorts_01_LIed92r8_scene_05.jpg,fixed_8s_opencv
6,gacs_emotional_shorts_01_LIed92r8.mp4,48.0,56.0,8.0,17,data\scenes\gacs_emotional_shorts_01_LIed92r8_scene_06.jpg,fixed_8s_opencv
7,gacs_emotional_shorts_01_LIed92r8.mp4,56.0,64.0,8.0,17,data\scenes\gacs_emotional_shorts_01_LIed92r8_scene_07.jpg,fixed_8s_opencv
8,gacs_emotional_shorts_01_LIed92r8.mp4,64.0,72.0,8.0,16,data\scenes\gacs_emotional_shorts_01_LIed92r8_scene_08.jpg,fixed_8s_opencv
9,gacs_emotional_shorts_01_LIed92r8.mp4,72.0,80.0,8.0,17,data\scenes\gacs_emotional_shorts_01_LIed92r8_scene_09.jpg,fixed_8s_opencv
10,gacs_emotional_shorts_01_LIed92r8.mp4,80.0,88.0,8.0,17,data\scenes\gacs_emotional_shorts_01_LIed92r8_scene_10.jpg,fixed_8s_opencv
11,gacs_emotional_shorts_01_LIed92r8.mp4,88.0,96.0,8.0,16,data\scenes\gacs_emotional_shorts_01_LIed92r8_scene_11.jpg,fixed_8s_opencv
12,gacs_emotional_shorts_01_LIed92r8.mp4,96.0,104.0,8.0,17,data\scenes\gacs_emotional_shorts_01_LIed92r8_scene_12.jpg,fixed_8s_opencv
13,gacs_emotional_shorts_01_LIed92r8.mp4,104.0,112.0,8.0,17,data\scenes\gacs_emotional_shorts_01_LIed92r8_scene_13.jpg,fixed_8s_opencv
14,gacs_emotional_shorts_01_LIed92r8.mp4,112.0,119.52,7.52,16,data\scenes\gacs_emotional_shorts_01_LIed92r8_scene_14.jpg,fixed_8s_opencv
0,gacs_emotional_shorts_02_DZQtVmKM.mp4,0.0,8.0,8.0,16,data\scenes\gacs_emotional_shorts_02_DZQtVmKM_scene_00.jpg,fixed_8s_opencv
1,gacs_emotional_shorts_02_DZQtVmKM.mp4,8.0,16.0,8.0,16,data\scenes\gacs_emotional_shorts_02_DZQtVmKM_scene_01.jpg,fixed_8s_opencv
2,gacs_emotional_shorts_02_DZQtVmKM.mp4,16.0,24.0,8.0,16,data\scenes\gacs_emotional_shorts_02_DZQtVmKM_scene_02.jpg,fixed_8s_opencv
3,gacs_emotional_shorts_02_DZQtVmKM.mp4,24.0,32.0,8.0,16,data\scenes\gacs_emotional_shorts_02_DZQtVmKM_scene_03.jpg,fixed_8s_opencv
4,gacs_emotional_shorts_02_DZQtVmKM.mp4,32.0,40.0,8.0,16,data\scenes\gacs_emotional_shorts_02_DZQtVmKM_scene_04.jpg,fixed_8s_opencv
5,gacs_emotional_shorts_02_DZQtVmKM.mp4,40.0,48.0,8.0,16,data\scenes\gacs_emotional_shorts_02_DZQtVmKM_scene_05.jpg,fixed_8s_opencv
6,gacs_emotional_shorts_02_DZQtVmKM.mp4,48.0,49.5,1.5,4,data\scenes\gacs_emotional_shorts_02_DZQtVmKM_scene_06.jpg,fixed_8s_opencv
0,gacs_emotional_shorts_02_VpkiVRxH.mp4,0.0,8.0,8.0,16,data\scenes\gacs_emotional_shorts_02_VpkiVRxH_scene_00.jpg,fixed_8s_opencv
1,gacs_emotional_shorts_02_VpkiVRxH.mp4,8.0,16.0,8.0,16,data\scenes\gacs_emotional_shorts_02_VpkiVRxH_scene_01.jpg,fixed_8s_opencv
2,gacs_emotional_shorts_02_VpkiVRxH.mp4,16.0,24.0,8.0,16,data\scenes\gacs_emotional_shorts_02_VpkiVRxH_scene_02.jpg,fixed_8s_opencv
3,gacs_emotional_shorts_02_VpkiVRxH.mp4,24.0,32.0,8.0,16,data\scenes\gacs_emotional_shorts_02_VpkiVRxH_scene_03.jpg,fixed_8s_opencv
4,gacs_emotional_shorts_02_VpkiVRxH.mp4,32.0,40.0,8.0,16,data\scenes\gacs_emotional_shorts_02_VpkiVRxH_scene_04.jpg,fixed_8s_opencv
5,gacs_emotional_shorts_02_VpkiVRxH.mp4,40.0,46.0,6.0,13,data\scenes\gacs_emotional_shorts_02_VpkiVRxH_scene_05.jpg,fixed_8s_opencv
0,gacs_movie_trailers_00_mqqft2x_.mp4,8.0,16.0,8.0,17,data\scenes\gacs_movie_trailers_00_mqqft2x__scene_00.jpg,fixed_8s_opencv
1,gacs_movie_trailers_00_mqqft2x_.mp4,88.0,96.0,8.0,18,data\scenes\gacs_movie_trailers_00_mqqft2x__scene_01.jpg,fixed_8s_opencv
2,gacs_movie_trailers_00_mqqft2x_.mp4,120.0,124.7913202,4.791320204,11,data\scenes\gacs_movie_trailers_00_mqqft2x__scene_02.jpg,fixed_8s_opencv
0,gacs_movie_trailers_00_UDfjsSqC.mp4,40.0,48.0,8.0,16,data\scenes\gacs_movie_trailers_00_UDfjsSqC_scene_00.jpg,fixed_8s_opencv
1,gacs_movie_trailers_00_UDfjsSqC.mp4,48.0,56.0,8.0,16,data\scenes\gacs_movie_trailers_00_UDfjsSqC_scene_01.jpg,fixed_8s_opencv
2,gacs_movie_trailers_00_UDfjsSqC.mp4,56.0,64.0,8.0,16,data\scenes\gacs_movie_trailers_00_UDfjsSqC_scene_02.jpg,fixed_8s_opencv
0,gacs_movie_trailers_01_fsQgc9pC.mp4,0.0,8.0,8.0,18,data\scenes\gacs_movie_trailers_01_fsQgc9pC_scene_00.jpg,fixed_8s_opencv
1,gacs_movie_trailers_01_fsQgc9pC.mp4,8.0,16.0,8.0,17,data\scenes\gacs_movie_trailers_01_fsQgc9pC_scene_01.jpg,fixed_8s_opencv
2,gacs_movie_trailers_01_fsQgc9pC.mp4,16.0,24.0,8.0,18,data\scenes\gacs_movie_trailers_01_fsQgc9pC_scene_02.jpg,fixed_8s_opencv
3,gacs_movie_trailers_01_fsQgc9pC.mp4,24.0,32.0,8.0,17,data\scenes\gacs_movie_trailers_01_fsQgc9pC_scene_03.jpg,fixed_8s_opencv
4,gacs_movie_trailers_01_fsQgc9pC.mp4,40.0,48.0,8.0,17,data\scenes\gacs_movie_trailers_01_fsQgc9pC_scene_04.jpg,fixed_8s_opencv
5,gacs_movie_trailers_01_fsQgc9pC.mp4,48.0,56.0,8.0,18,data\scenes\gacs_movie_trailers_01_fsQgc9pC_scene_05.jpg,fixed_8s_opencv
6,gacs_movie_trailers_01_fsQgc9pC.mp4,72.0,80.0,8.0,18,data\scenes\gacs_movie_trailers_01_fsQgc9pC_scene_06.jpg,fixed_8s_opencv
7,gacs_movie_trailers_01_fsQgc9pC.mp4,80.0,88.0,8.0,17,data\scenes\gacs_movie_trailers_01_fsQgc9pC_scene_07.jpg,fixed_8s_opencv
8,gacs_movie_trailers_01_fsQgc9pC.mp4,88.0,96.0,8.0,18,data\scenes\gacs_movie_trailers_01_fsQgc9pC_scene_08.jpg,fixed_8s_opencv
9,gacs_movie_trailers_01_fsQgc9pC.mp4,96.0,104.0,8.0,17,data\scenes\gacs_movie_trailers_01_fsQgc9pC_scene_09.jpg,fixed_8s_opencv
10,gacs_movie_trailers_01_fsQgc9pC.mp4,120.0,124.7913232,4.791323247,11,data\scenes\gacs_movie_trailers_01_fsQgc9pC_scene_10.jpg,fixed_8s_opencv
0,gacs_movie_trailers_01_n9xhJrPX.mp4,8.0,16.0,8.0,17,data\scenes\gacs_movie_trailers_01_n9xhJrPX_scene_00.jpg,fixed_8s_opencv
1,gacs_movie_trailers_01_n9xhJrPX.mp4,56.0,64.0,8.0,17,data\scenes\gacs_movie_trailers_01_n9xhJrPX_scene_01.jpg,fixed_8s_opencv
2,gacs_movie_trailers_01_n9xhJrPX.mp4,72.0,80.0,8.0,18,data\scenes\gacs_movie_trailers_01_n9xhJrPX_scene_02.jpg,fixed_8s_opencv
3,gacs_movie_trailers_01_n9xhJrPX.mp4,80.0,88.0,8.0,17,data\scenes\gacs_movie_trailers_01_n9xhJrPX_scene_03.jpg,fixed_8s_opencv
4,gacs_movie_trailers_01_n9xhJrPX.mp4,112.0,120.0,8.0,17,data\scenes\gacs_movie_trailers_01_n9xhJrPX_scene_04.jpg,fixed_8s_opencv
5,gacs_movie_trailers_01_n9xhJrPX.mp4,120.0,124.7913333,4.791333333,11,data\scenes\gacs_movie_trailers_01_n9xhJrPX_scene_05.jpg,fixed_8s_opencv
0,gacs_movie_trailers_02_nb_fFj_0.mp4,0.0,8.0,8.0,18,data\scenes\gacs_movie_trailers_02_nb_fFj_0_scene_00.jpg,fixed_8s_opencv
1,gacs_movie_trailers_02_nb_fFj_0.mp4,8.0,16.0,8.0,17,data\scenes\gacs_movie_trailers_02_nb_fFj_0_scene_01.jpg,fixed_8s_opencv
2,gacs_movie_trailers_02_nb_fFj_0.mp4,32.0,40.0,8.0,18,data\scenes\gacs_movie_trailers_02_nb_fFj_0_scene_02.jpg,fixed_8s_opencv
3,gacs_movie_trailers_02_nb_fFj_0.mp4,64.0,72.0,8.0,17,data\scenes\gacs_movie_trailers_02_nb_fFj_0_scene_03.jpg,fixed_8s_opencv
4,gacs_movie_trailers_02_nb_fFj_0.mp4,72.0,80.0,8.0,18,data\scenes\gacs_movie_trailers_02_nb_fFj_0_scene_04.jpg,fixed_8s_opencv
5,gacs_movie_trailers_02_nb_fFj_0.mp4,80.0,88.0,8.0,17,data\scenes\gacs_movie_trailers_02_nb_fFj_0_scene_05.jpg,fixed_8s_opencv
6,gacs_movie_trailers_02_nb_fFj_0.mp4,96.0,104.0,8.0,17,data\scenes\gacs_movie_trailers_02_nb_fFj_0_scene_06.jpg,fixed_8s_opencv
7,gacs_movie_trailers_02_nb_fFj_0.mp4,104.0,112.0,8.0,18,data\scenes\gacs_movie_trailers_02_nb_fFj_0_scene_07.jpg,fixed_8s_opencv
8,gacs_movie_trailers_02_nb_fFj_0.mp4,120.0,124.7913214,4.791321416,11,data\scenes\gacs_movie_trailers_02_nb_fFj_0_scene_08.jpg,fixed_8s_opencv
0,gacs_movie_trailers_02_uYPbbksJ.mp4,24.0,32.0,8.0,17,data\scenes\gacs_movie_trailers_02_uYPbbksJ_scene_00.jpg,fixed_8s_opencv
1,gacs_movie_trailers_02_uYPbbksJ.mp4,32.0,40.0,8.0,18,data\scenes\gacs_movie_trailers_02_uYPbbksJ_scene_01.jpg,fixed_8s_opencv
2,gacs_movie_trailers_02_uYPbbksJ.mp4,40.0,48.0,8.0,17,data\scenes\gacs_movie_trailers_02_uYPbbksJ_scene_02.jpg,fixed_8s_opencv
3,gacs_movie_trailers_02_uYPbbksJ.mp4,48.0,56.0,8.0,18,data\scenes\gacs_movie_trailers_02_uYPbbksJ_scene_03.jpg,fixed_8s_opencv
4,gacs_movie_trailers_02_uYPbbksJ.mp4,64.0,72.0,8.0,17,data\scenes\gacs_movie_trailers_02_uYPbbksJ_scene_04.jpg,fixed_8s_opencv
5,gacs_movie_trailers_02_uYPbbksJ.mp4,72.0,80.0,8.0,18,data\scenes\gacs_movie_trailers_02_uYPbbksJ_scene_05.jpg,fixed_8s_opencv
6,gacs_movie_trailers_02_uYPbbksJ.mp4,80.0,88.0,8.0,17,data\scenes\gacs_movie_trailers_02_uYPbbksJ_scene_06.jpg,fixed_8s_opencv
7,gacs_movie_trailers_02_uYPbbksJ.mp4,88.0,96.0,8.0,18,data\scenes\gacs_movie_trailers_02_uYPbbksJ_scene_07.jpg,fixed_8s_opencv
8,gacs_movie_trailers_02_uYPbbksJ.mp4,112.0,120.0,8.0,17,data\scenes\gacs_movie_trailers_02_uYPbbksJ_scene_08.jpg,fixed_8s_opencv
9,gacs_movie_trailers_02_uYPbbksJ.mp4,120.0,124.7913333,4.791333333,11,data\scenes\gacs_movie_trailers_02_uYPbbksJ_scene_09.jpg,fixed_8s_opencv
0,gacs_advertisements_01_DnWykPvf.mp4,0.0,8.0,8.0,18,data\scenes\gacs_advertisements_01_DnWykPvf_scene_00.jpg,fixed_8s_opencv
1,gacs_advertisements_01_DnWykPvf.mp4,8.0,16.0,8.0,17,data\scenes\gacs_advertisements_01_DnWykPvf_scene_01.jpg,fixed_8s_opencv
2,gacs_advertisements_01_DnWykPvf.mp4,16.0,24.0,8.0,18,data\scenes\gacs_advertisements_01_DnWykPvf_scene_02.jpg,fixed_8s_opencv
3,gacs_advertisements_01_DnWykPvf.mp4,24.0,32.0,8.0,17,data\scenes\gacs_advertisements_01_DnWykPvf_scene_03.jpg,fixed_8s_opencv
4,gacs_advertisements_01_DnWykPvf.mp4,32.0,40.0,8.0,18,data\scenes\gacs_advertisements_01_DnWykPvf_scene_04.jpg,fixed_8s_opencv
5,gacs_advertisements_01_DnWykPvf.mp4,40.0,48.0,8.0,17,data\scenes\gacs_advertisements_01_DnWykPvf_scene_05.jpg,fixed_8s_opencv
6,gacs_advertisements_01_DnWykPvf.mp4,48.0,56.0,8.0,18,data\scenes\gacs_advertisements_01_DnWykPvf_scene_06.jpg,fixed_8s_opencv
0,gacs_advertisements_02_DsonSEll.mp4,8.0,16.0,8.0,17,data\scenes\gacs_advertisements_02_DsonSEll_scene_00.jpg,fixed_8s_opencv
1,gacs_advertisements_02_DsonSEll.mp4,16.0,24.0,8.0,18,data\scenes\gacs_advertisements_02_DsonSEll_scene_01.jpg,fixed_8s_opencv
2,gacs_advertisements_02_DsonSEll.mp4,32.0,40.0,8.0,18,data\scenes\gacs_advertisements_02_DsonSEll_scene_02.jpg,fixed_8s_opencv
3,gacs_advertisements_02_DsonSEll.mp4,40.0,48.0,8.0,17,data\scenes\gacs_advertisements_02_DsonSEll_scene_03.jpg,fixed_8s_opencv
4,gacs_advertisements_02_DsonSEll.mp4,48.0,56.0,8.0,18,data\scenes\gacs_advertisements_02_DsonSEll_scene_04.jpg,fixed_8s_opencv
5,gacs_advertisements_02_DsonSEll.mp4,56.0,64.0,8.0,17,data\scenes\gacs_advertisements_02_DsonSEll_scene_05.jpg,fixed_8s_opencv
6,gacs_advertisements_02_DsonSEll.mp4,72.0,80.0,8.0,18,data\scenes\gacs_advertisements_02_DsonSEll_scene_06.jpg,fixed_8s_opencv
7,gacs_advertisements_02_DsonSEll.mp4,80.0,88.0,8.0,17,data\scenes\gacs_advertisements_02_DsonSEll_scene_07.jpg,fixed_8s_opencv
8,gacs_advertisements_02_DsonSEll.mp4,88.0,96.0,8.0,18,data\scenes\gacs_advertisements_02_DsonSEll_scene_08.jpg,fixed_8s_opencv
9,gacs_advertisements_02_DsonSEll.mp4,96.0,104.0,8.0,17,data\scenes\gacs_advertisements_02_DsonSEll_scene_09.jpg,fixed_8s_opencv
10,gacs_advertisements_02_DsonSEll.mp4,104.0,110.56878059314954,6.56878059314954,15,data\scenes\gacs_advertisements_02_DsonSEll_scene_10.jpg,fixed_8s_opencv
0,gacs_advertisements_03_peuPOPIh.mp4,16.0,24.0,8.0,16,data\scenes\gacs_advertisements_03_peuPOPIh_scene_00.jpg,fixed_8s_opencv
1,gacs_advertisements_03_peuPOPIh.mp4,24.0,32.0,8.0,16,data\scenes\gacs_advertisements_03_peuPOPIh_scene_01.jpg,fixed_8s_opencv
2,gacs_advertisements_03_peuPOPIh.mp4,32.0,40.0,8.0,16,data\scenes\gacs_advertisements_03_peuPOPIh_scene_02.jpg,fixed_8s_opencv
3,gacs_advertisements_03_peuPOPIh.mp4,40.0,48.0,8.0,16,data\scenes\gacs_advertisements_03_peuPOPIh_scene_03.jpg,fixed_8s_opencv
4,gacs_advertisements_03_peuPOPIh.mp4,48.0,56.0,8.0,16,data\scenes\gacs_advertisements_03_peuPOPIh_scene_04.jpg,fixed_8s_opencv
5,gacs_advertisements_03_peuPOPIh.mp4,56.0,64.0,8.0,16,data\scenes\gacs_advertisements_03_peuPOPIh_scene_05.jpg,fixed_8s_opencv
6,gacs_advertisements_03_peuPOPIh.mp4,64.0,72.0,8.0,16,data\scenes\gacs_advertisements_03_peuPOPIh_scene_06.jpg,fixed_8s_opencv
7,gacs_advertisements_03_peuPOPIh.mp4,72.0,80.0,8.0,16,data\scenes\gacs_advertisements_03_peuPOPIh_scene_07.jpg,fixed_8s_opencv
8,gacs_advertisements_03_peuPOPIh.mp4,88.0,96.0,8.0,16,data\scenes\gacs_advertisements_03_peuPOPIh_scene_08.jpg,fixed_8s_opencv
9,gacs_advertisements_03_peuPOPIh.mp4,96.0,99.5,3.5,8,data\scenes\gacs_advertisements_03_peuPOPIh_scene_09.jpg,fixed_8s_opencv
0,gacs_animations_00_hXzcyx9V.mp4,0.0,8.0,8.0,18,data\scenes\gacs_animations_00_hXzcyx9V_scene_00.jpg,fixed_8s_opencv
1,gacs_animations_00_hXzcyx9V.mp4,8.0,16.0,8.0,17,data\scenes\gacs_animations_00_hXzcyx9V_scene_01.jpg,fixed_8s_opencv
2,gacs_animations_00_hXzcyx9V.mp4,16.0,24.0,8.0,18,data\scenes\gacs_animations_00_hXzcyx9V_scene_02.jpg,fixed_8s_opencv
3,gacs_animations_00_hXzcyx9V.mp4,24.0,32.0,8.0,17,data\scenes\gacs_animations_00_hXzcyx9V_scene_03.jpg,fixed_8s_opencv
4,gacs_animations_00_hXzcyx9V.mp4,32.0,40.0,8.0,18,data\scenes\gacs_animations_00_hXzcyx9V_scene_04.jpg,fixed_8s_opencv
5,gacs_animations_00_hXzcyx9V.mp4,40.0,48.0,8.0,17,data\scenes\gacs_animations_00_hXzcyx9V_scene_05.jpg,fixed_8s_opencv
6,gacs_animations_00_hXzcyx9V.mp4,48.0,56.0,8.0,18,data\scenes\gacs_animations_00_hXzcyx9V_scene_06.jpg,fixed_8s_opencv
7,gacs_animations_00_hXzcyx9V.mp4,64.0,72.0,8.0,17,data\scenes\gacs_animations_00_hXzcyx9V_scene_07.jpg,fixed_8s_opencv
8,gacs_animations_00_hXzcyx9V.mp4,72.0,80.0,8.0,18,data\scenes\gacs_animations_00_hXzcyx9V_scene_08.jpg,fixed_8s_opencv
9,gacs_animations_00_hXzcyx9V.mp4,80.0,88.0,8.0,17,data\scenes\gacs_animations_00_hXzcyx9V_scene_09.jpg,fixed_8s_opencv
10,gacs_animations_00_hXzcyx9V.mp4,88.0,96.0,8.0,18,data\scenes\gacs_animations_00_hXzcyx9V_scene_10.jpg,fixed_8s_opencv
11,gacs_animations_00_hXzcyx9V.mp4,96.0,104.0,8.0,17,data\scenes\gacs_animations_00_hXzcyx9V_scene_11.jpg,fixed_8s_opencv
12,gacs_animations_00_hXzcyx9V.mp4,104.0,112.0,8.0,18,data\scenes\gacs_animations_00_hXzcyx9V_scene_12.jpg,fixed_8s_opencv
13,gacs_animations_00_hXzcyx9V.mp4,112.0,120.0,8.0,17,data\scenes\gacs_animations_00_hXzcyx9V_scene_13.jpg,fixed_8s_opencv
14,gacs_animations_00_hXzcyx9V.mp4,120.0,124.79132336797228,4.791323367972282,11,data\scenes\gacs_animations_00_hXzcyx9V_scene_14.jpg,fixed_8s_opencv
0,gacs_animations_01_O515YeHQ.mp4,24.0,32.0,8.0,16,data\scenes\gacs_animations_01_O515YeHQ_scene_00.jpg,fixed_8s_opencv
1,gacs_animations_01_O515YeHQ.mp4,32.0,40.0,8.0,17,data\scenes\gacs_animations_01_O515YeHQ_scene_01.jpg,fixed_8s_opencv
2,gacs_animations_01_O515YeHQ.mp4,40.0,48.0,8.0,16,data\scenes\gacs_animations_01_O515YeHQ_scene_02.jpg,fixed_8s_opencv
3,gacs_animations_01_O515YeHQ.mp4,56.0,64.0,8.0,16,data\scenes\gacs_animations_01_O515YeHQ_scene_03.jpg,fixed_8s_opencv
4,gacs_animations_01_O515YeHQ.mp4,64.0,72.0,8.0,16,data\scenes\gacs_animations_01_O515YeHQ_scene_04.jpg,fixed_8s_opencv
5,gacs_animations_01_O515YeHQ.mp4,72.0,80.0,8.0,17,data\scenes\gacs_animations_01_O515YeHQ_scene_05.jpg,fixed_8s_opencv
6,gacs_animations_01_O515YeHQ.mp4,80.0,88.0,8.0,16,data\scenes\gacs_animations_01_O515YeHQ_scene_06.jpg,fixed_8s_opencv
7,gacs_animations_01_O515YeHQ.mp4,88.0,96.0,8.0,17,data\scenes\gacs_animations_01_O515YeHQ_scene_07.jpg,fixed_8s_opencv
8,gacs_animations_01_O515YeHQ.mp4,96.0,104.0,8.0,16,data\scenes\gacs_animations_01_O515YeHQ_scene_08.jpg,fixed_8s_opencv
9,gacs_animations_01_O515YeHQ.mp4,104.0,112.0,8.0,17,data\scenes\gacs_animations_01_O515YeHQ_scene_09.jpg,fixed_8s_opencv
10,gacs_animations_01_O515YeHQ.mp4,112.0,120.0,8.0,16,data\scenes\gacs_animations_01_O515YeHQ_scene_10.jpg,fixed_8s_opencv
11,gacs_animations_01_O515YeHQ.mp4,120.0,121.16695757282729,1.166957572827272,3,data\scenes\gacs_animations_01_O515YeHQ_scene_11.jpg,fixed_8s_opencv
0,gacs_animations_02_1o8GWhoD.mp4,0.0,8.0,8.0,18,data\scenes\gacs_animations_02_1o8GWhoD_scene_00.jpg,fixed_8s_opencv
1,gacs_animations_02_1o8GWhoD.mp4,8.0,16.0,8.0,17,data\scenes\gacs_animations_02_1o8GWhoD_scene_01.jpg,fixed_8s_opencv
2,gacs_animations_02_1o8GWhoD.mp4,16.0,24.0,8.0,18,data\scenes\gacs_animations_02_1o8GWhoD_scene_02.jpg,fixed_8s_opencv
3,gacs_animations_02_1o8GWhoD.mp4,24.0,32.0,8.0,17,data\scenes\gacs_animations_02_1o8GWhoD_scene_03.jpg,fixed_8s_opencv
4,gacs_animations_02_1o8GWhoD.mp4,32.0,40.0,8.0,18,data\scenes\gacs_animations_02_1o8GWhoD_scene_04.jpg,fixed_8s_opencv
5,gacs_animations_02_1o8GWhoD.mp4,40.0,48.0,8.0,17,data\scenes\gacs_animations_02_1o8GWhoD_scene_05.jpg,fixed_8s_opencv
6,gacs_animations_02_1o8GWhoD.mp4,48.0,56.0,8.0,18,data\scenes\gacs_animations_02_1o8GWhoD_scene_06.jpg,fixed_8s_opencv
7,gacs_animations_02_1o8GWhoD.mp4,56.0,64.0,8.0,17,data\scenes\gacs_animations_02_1o8GWhoD_scene_07.jpg,fixed_8s_opencv
8,gacs_animations_02_1o8GWhoD.mp4,64.0,72.0,8.0,17,data\scenes\gacs_animations_02_1o8GWhoD_scene_08.jpg,fixed_8s_opencv
9,gacs_animations_02_1o8GWhoD.mp4,72.0,80.0,8.0,18,data\scenes\gacs_animations_02_1o8GWhoD_scene_09.jpg,fixed_8s_opencv
10,gacs_animations_02_1o8GWhoD.mp4,80.0,88.0,8.0,17,data\scenes\gacs_animations_02_1o8GWhoD_scene_10.jpg,fixed_8s_opencv
11,gacs_animations_02_1o8GWhoD.mp4,88.0,96.0,8.0,18,data\scenes\gacs_animations_02_1o8GWhoD_scene_11.jpg,fixed_8s_opencv
12,gacs_animations_02_1o8GWhoD.mp4,96.0,104.0,8.0,17,data\scenes\gacs_animations_02_1o8GWhoD_scene_12.jpg,fixed_8s_opencv
13,gacs_animations_02_1o8GWhoD.mp4,104.0,112.0,8.0,18,data\scenes\gacs_animations_02_1o8GWhoD_scene_13.jpg,fixed_8s_opencv
14,gacs_animations_02_1o8GWhoD.mp4,112.0,120.0,8.0,17,data\scenes\gacs_animations_02_1o8GWhoD_scene_14.jpg,fixed_8s_opencv
15,gacs_animations_02_1o8GWhoD.mp4,120.0,124.791329136509,4.791329136509006,11,data\scenes\gacs_animations_02_1o8GWhoD_scene_15.jpg,fixed_8s_opencv
0,gacs_animations_03_VWavstJy.mp4,0.0,8.0,8.0,18,data\scenes\gacs_animations_03_VWavstJy_scene_00.jpg,fixed_8s_opencv
1,gacs_animations_03_VWavstJy.mp4,8.0,16.0,8.0,17,data\scenes\gacs_animations_03_VWavstJy_scene_01.jpg,fixed_8s_opencv
2,gacs_animations_03_VWavstJy.mp4,32.0,40.0,8.0,18,data\scenes\gacs_animations_03_VWavstJy_scene_02.jpg,fixed_8s_opencv
3,gacs_animations_03_VWavstJy.mp4,40.0,48.0,8.0,17,data\scenes\gacs_animations_03_VWavstJy_scene_03.jpg,fixed_8s_opencv
4,gacs_animations_03_VWavstJy.mp4,48.0,56.0,8.0,18,data\scenes\gacs_animations_03_VWavstJy_scene_04.jpg,fixed_8s_opencv
5,gacs_animations_03_VWavstJy.mp4,56.0,64.0,8.0,17,data\scenes\gacs_animations_03_VWavstJy_scene_05.jpg,fixed_8s_opencv
6,gacs_animations_03_VWavstJy.mp4,64.0,72.0,8.0,17,data\scenes\gacs_animations_03_VWavstJy_scene_06.jpg,fixed_8s_opencv
7,gacs_animations_03_VWavstJy.mp4,72.0,80.0,8.0,18,data\scenes\gacs_animations_03_VWavstJy_scene_07.jpg,fixed_8s_opencv
8,gacs_animations_03_VWavstJy.mp4,80.0,88.0,8.0,17,data\scenes\gacs_animations_03_VWavstJy_scene_08.jpg,fixed_8s_opencv
9,gacs_animations_03_VWavstJy.mp4,88.0,89.92315557613169,1.9231555761316912,5,data\scenes\gacs_animations_03_VWavstJy_scene_09.jpg,fixed_8s_opencv
0,gacs_animations_04_cqGjhVJW.mp4,0.0,8.0,8.0,18,data\scenes\gacs_animations_04_cqGjhVJW_scene_00.jpg,fixed_8s_opencv
1,gacs_animations_04_cqGjhVJW.mp4,40.0,48.0,8.0,17,data\scenes\gacs_animations_04_cqGjhVJW_scene_01.jpg,fixed_8s_opencv
2,gacs_animations_04_cqGjhVJW.mp4,48.0,56.0,8.0,18,data\scenes\gacs_animations_04_cqGjhVJW_scene_02.jpg,fixed_8s_opencv
3,gacs_animations_04_cqGjhVJW.mp4,56.0,64.0,8.0,17,data\scenes\gacs_animations_04_cqGjhVJW_scene_03.jpg,fixed_8s_opencv
4,gacs_animations_04_cqGjhVJW.mp4,64.0,72.0,8.0,17,data\scenes\gacs_animations_04_cqGjhVJW_scene_04.jpg,fixed_8s_opencv
5,gacs_animations_04_cqGjhVJW.mp4,72.0,80.0,8.0,18,data\scenes\gacs_animations_04_cqGjhVJW_scene_05.jpg,fixed_8s_opencv
6,gacs_animations_04_cqGjhVJW.mp4,80.0,88.0,8.0,17,data\scenes\gacs_animations_04_cqGjhVJW_scene_06.jpg,fixed_8s_opencv
7,gacs_animations_04_cqGjhVJW.mp4,112.0,120.0,8.0,17,data\scenes\gacs_animations_04_cqGjhVJW_scene_07.jpg,fixed_8s_opencv
0,gacs_emotional_shorts_00_qm5hen3q.mp4,0.0,8.0,8.0,18,data\scenes\gacs_emotional_shorts_00_qm5hen3q_scene_00.jpg,fixed_8s_opencv
1,gacs_emotional_shorts_00_qm5hen3q.mp4,8.0,16.0,8.0,17,data\scenes\gacs_emotional_shorts_00_qm5hen3q_scene_01.jpg,fixed_8s_opencv
2,gacs_emotional_shorts_00_qm5hen3q.mp4,16.0,24.0,8.0,17,data\scenes\gacs_emotional_shorts_00_qm5hen3q_scene_02.jpg,fixed_8s_opencv
3,gacs_emotional_shorts_00_qm5hen3q.mp4,24.0,32.0,8.0,17,data\scenes\gacs_emotional_shorts_00_qm5hen3q_scene_03.jpg,fixed_8s_opencv
4,gacs_emotional_shorts_00_qm5hen3q.mp4,32.0,40.0,8.0,17,data\scenes\gacs_emotional_shorts_00_qm5hen3q_scene_04.jpg,fixed_8s_opencv
5,gacs_emotional_shorts_00_qm5hen3q.mp4,40.0,48.0,8.0,17,data\scenes\gacs_emotional_shorts_00_qm5hen3q_scene_05.jpg,fixed_8s_opencv
6,gacs_emotional_shorts_00_qm5hen3q.mp4,48.0,56.0,8.0,17,data\scenes\gacs_emotional_shorts_00_qm5hen3q_scene_06.jpg,fixed_8s_opencv
7,gacs_emotional_shorts_00_qm5hen3q.mp4,56.0,64.0,8.0,18,data\scenes\gacs_emotional_shorts_00_qm5hen3q_scene_07.jpg,fixed_8s_opencv
8,gacs_emotional_shorts_00_qm5hen3q.mp4,64.0,72.0,8.0,17,data\scenes\gacs_emotional_shorts_00_qm5hen3q_scene_08.jpg,fixed_8s_opencv
9,gacs_emotional_shorts_00_qm5hen3q.mp4,72.0,79.41266666666667,7.412666666666666,16,data\scenes\gacs_emotional_shorts_00_qm5hen3q_scene_09.jpg,fixed_8s_opencv
0,gacs_emotional_shorts_01_hCOOAE_s.mp4,0.0,8.0,8.0,17,data\scenes\gacs_emotional_shorts_01_hCOOAE_s_scene_00.jpg,fixed_8s_opencv
1,gacs_emotional_shorts_01_hCOOAE_s.mp4,8.0,16.0,8.0,17,data\scenes\gacs_emotional_shorts_01_hCOOAE_s_scene_01.jpg,fixed_8s_opencv
2,gacs_emotional_shorts_01_hCOOAE_s.mp4,16.0,24.0,8.0,17,data\scenes\gacs_emotional_shorts_01_hCOOAE_s_scene_02.jpg,fixed_8s_opencv
3,gacs_emotional_shorts_01_hCOOAE_s.mp4,24.0,32.0,8.0,17,data\scenes\gacs_emotional_shorts_01_hCOOAE_s_scene_03.jpg,fixed_8s_opencv
4,gacs_emotional_shorts_01_hCOOAE_s.mp4,32.0,40.0,8.0,17,data\scenes\gacs_emotional_shorts_01_hCOOAE_s_scene_04.jpg,fixed_8s_opencv
5,gacs_emotional_shorts_01_hCOOAE_s.mp4,40.0,48.0,8.0,16,data\scenes\gacs_emotional_shorts_01_hCOOAE_s_scene_05.jpg,fixed_8s_opencv
6,gacs_emotional_shorts_01_hCOOAE_s.mp4,48.0,56.0,8.0,17,data\scenes\gacs_emotional_shorts_01_hCOOAE_s_scene_06.jpg,fixed_8s_opencv
7,gacs_emotional_shorts_01_hCOOAE_s.mp4,56.0,64.0,8.0,17,data\scenes\gacs_emotional_shorts_01_hCOOAE_s_scene_07.jpg,fixed_8s_opencv
8,gacs_emotional_shorts_01_hCOOAE_s.mp4,64.0,72.0,8.0,17,data\scenes\gacs_emotional_shorts_01_hCOOAE_s_scene_08.jpg,fixed_8s_opencv
9,gacs_emotional_shorts_01_hCOOAE_s.mp4,72.0,80.0,8.0,17,data\scenes\gacs_emotional_shorts_01_hCOOAE_s_scene_09.jpg,fixed_8s_opencv
10,gacs_emotional_shorts_01_hCOOAE_s.mp4,80.0,88.0,8.0,17,data\scenes\gacs_emotional_shorts_01_hCOOAE_s_scene_10.jpg,fixed_8s_opencv
11,gacs_emotional_shorts_01_hCOOAE_s.mp4,88.0,96.0,8.0,16,data\scenes\gacs_emotional_shorts_01_hCOOAE_s_scene_11.jpg,fixed_8s_opencv
12,gacs_emotional_shorts_01_hCOOAE_s.mp4,96.0,101.78188656900194,5.781886569001941,13,data\scenes\gacs_emotional_shorts_01_hCOOAE_s_scene_12.jpg,fixed_8s_opencv
0,gacs_emotional_shorts_02_R2KyQF34.mp4,0.0,8.0,8.0,17,data\scenes\gacs_emotional_shorts_02_R2KyQF34_scene_00.jpg,fixed_8s_opencv
1,gacs_emotional_shorts_02_R2KyQF34.mp4,24.0,32.0,8.0,16,data\scenes\gacs_emotional_shorts_02_R2KyQF34_scene_01.jpg,fixed_8s_opencv
2,gacs_emotional_shorts_02_R2KyQF34.mp4,32.0,40.0,8.0,17,data\scenes\gacs_emotional_shorts_02_R2KyQF34_scene_02.jpg,fixed_8s_opencv
3,gacs_emotional_shorts_02_R2KyQF34.mp4,40.0,48.0,8.0,16,data\scenes\gacs_emotional_shorts_02_R2KyQF34_scene_03.jpg,fixed_8s_opencv
4,gacs_emotional_shorts_02_R2KyQF34.mp4,48.0,50.72898550724638,2.728985507246378,6,data\scenes\gacs_emotional_shorts_02_R2KyQF34_scene_04.jpg,fixed_8s_opencv
0,gacs_emotional_shorts_03_NEpfRHly.mp4,0.0,8.0,8.0,18,data\scenes\gacs_emotional_shorts_03_NEpfRHly_scene_00.jpg,fixed_8s_opencv
1,gacs_emotional_shorts_03_NEpfRHly.mp4,8.0,16.0,8.0,17,data\scenes\gacs_emotional_shorts_03_NEpfRHly_scene_01.jpg,fixed_8s_opencv
2,gacs_emotional_shorts_03_NEpfRHly.mp4,16.0,24.0,8.0,17,data\scenes\gacs_emotional_shorts_03_NEpfRHly_scene_02.jpg,fixed_8s_opencv
3,gacs_emotional_shorts_03_NEpfRHly.mp4,24.0,32.0,8.0,17,data\scenes\gacs_emotional_shorts_03_NEpfRHly_scene_03.jpg,fixed_8s_opencv
4,gacs_emotional_shorts_03_NEpfRHly.mp4,32.0,40.0,8.0,17,data\scenes\gacs_emotional_shorts_03_NEpfRHly_scene_04.jpg,fixed_8s_opencv
5,gacs_emotional_shorts_03_NEpfRHly.mp4,40.0,43.46600760456274,3.4660076045627406,8,data\scenes\gacs_emotional_shorts_03_NEpfRHly_scene_05.jpg,fixed_8s_opencv
0,gacs_emotional_shorts_04_C2RsYF1B.mp4,0.0,8.0,8.0,18,data\scenes\gacs_emotional_shorts_04_C2RsYF1B_scene_00.jpg,fixed_8s_opencv
1,gacs_emotional_shorts_04_C2RsYF1B.mp4,8.0,16.0,8.0,17,data\scenes\gacs_emotional_shorts_04_C2RsYF1B_scene_01.jpg,fixed_8s_opencv
2,gacs_emotional_shorts_04_C2RsYF1B.mp4,16.0,24.0,8.0,17,data\scenes\gacs_emotional_shorts_04_C2RsYF1B_scene_02.jpg,fixed_8s_opencv
3,gacs_emotional_shorts_04_C2RsYF1B.mp4,24.0,32.0,8.0,17,data\scenes\gacs_emotional_shorts_04_C2RsYF1B_scene_03.jpg,fixed_8s_opencv
4,gacs_emotional_shorts_04_C2RsYF1B.mp4,32.0,40.0,8.0,17,data\scenes\gacs_emotional_shorts_04_C2RsYF1B_scene_04.jpg,fixed_8s_opencv
5,gacs_emotional_shorts_04_C2RsYF1B.mp4,40.0,48.0,8.0,17,data\scenes\gacs_emotional_shorts_04_C2RsYF1B_scene_05.jpg,fixed_8s_opencv
6,gacs_emotional_shorts_04_C2RsYF1B.mp4,48.0,56.0,8.0,17,data\scenes\gacs_emotional_shorts_04_C2RsYF1B_scene_06.jpg,fixed_8s_opencv
7,gacs_emotional_shorts_04_C2RsYF1B.mp4,56.0,64.0,8.0,18,data\scenes\gacs_emotional_shorts_04_C2RsYF1B_scene_07.jpg,fixed_8s_opencv
8,gacs_emotional_shorts_04_C2RsYF1B.mp4,64.0,71.00426666666667,7.004266666666666,15,data\scenes\gacs_emotional_shorts_04_C2RsYF1B_scene_08.jpg,fixed_8s_opencv
0,gacs_movie_trailers_00_ew7aQG7a.mp4,0.0,8.0,8.0,16,data\scenes\gacs_movie_trailers_00_ew7aQG7a_scene_00.jpg,fixed_8s_opencv
1,gacs_movie_trailers_00_ew7aQG7a.mp4,24.0,32.0,8.0,16,data\scenes\gacs_movie_trailers_00_ew7aQG7a_scene_01.jpg,fixed_8s_opencv
2,gacs_movie_trailers_00_ew7aQG7a.mp4,40.0,48.0,8.0,16,data\scenes\gacs_movie_trailers_00_ew7aQG7a_scene_02.jpg,fixed_8s_opencv
3,gacs_movie_trailers_00_ew7aQG7a.mp4,48.0,49.5,1.5,4,data\scenes\gacs_movie_trailers_00_ew7aQG7a_scene_03.jpg,fixed_8s_opencv
0,gacs_movie_trailers_01_JfVOs4VS.mp4,8.0,16.0,8.0,17,data\scenes\gacs_movie_trailers_01_JfVOs4VS_scene_00.jpg,fixed_8s_opencv
1,gacs_movie_trailers_01_JfVOs4VS.mp4,16.0,24.0,8.0,18,data\scenes\gacs_movie_trailers_01_JfVOs4VS_scene_01.jpg,fixed_8s_opencv
2,gacs_movie_trailers_01_JfVOs4VS.mp4,24.0,32.0,8.0,17,data\scenes\gacs_movie_trailers_01_JfVOs4VS_scene_02.jpg,fixed_8s_opencv
3,gacs_movie_trailers_01_JfVOs4VS.mp4,40.0,48.0,8.0,17,data\scenes\gacs_movie_trailers_01_JfVOs4VS_scene_03.jpg,fixed_8s_opencv
4,gacs_movie_trailers_01_JfVOs4VS.mp4,48.0,56.0,8.0,18,data\scenes\gacs_movie_trailers_01_JfVOs4VS_scene_04.jpg,fixed_8s_opencv
5,gacs_movie_trailers_01_JfVOs4VS.mp4,56.0,64.0,8.0,17,data\scenes\gacs_movie_trailers_01_JfVOs4VS_scene_05.jpg,fixed_8s_opencv
6,gacs_movie_trailers_01_JfVOs4VS.mp4,72.0,80.0,8.0,18,data\scenes\gacs_movie_trailers_01_JfVOs4VS_scene_06.jpg,fixed_8s_opencv
7,gacs_movie_trailers_01_JfVOs4VS.mp4,80.0,88.0,8.0,17,data\scenes\gacs_movie_trailers_01_JfVOs4VS_scene_07.jpg,fixed_8s_opencv
8,gacs_movie_trailers_01_JfVOs4VS.mp4,88.0,96.0,8.0,18,data\scenes\gacs_movie_trailers_01_JfVOs4VS_scene_08.jpg,fixed_8s_opencv
9,gacs_movie_trailers_01_JfVOs4VS.mp4,96.0,104.0,8.0,17,data\scenes\gacs_movie_trailers_01_JfVOs4VS_scene_09.jpg,fixed_8s_opencv
10,gacs_movie_trailers_01_JfVOs4VS.mp4,120.0,124.79132391244111,4.791323912441129,11,data\scenes\gacs_movie_trailers_01_JfVOs4VS_scene_10.jpg,fixed_8s_opencv
0,gacs_movie_trailers_02_32RAq6Jz.mp4,0.0,8.0,8.0,18,data\scenes\gacs_movie_trailers_02_32RAq6Jz_scene_00.jpg,fixed_8s_opencv
1,gacs_movie_trailers_02_32RAq6Jz.mp4,32.0,40.0,8.0,18,data\scenes\gacs_movie_trailers_02_32RAq6Jz_scene_01.jpg,fixed_8s_opencv
2,gacs_movie_trailers_02_32RAq6Jz.mp4,40.0,48.0,8.0,17,data\scenes\gacs_movie_trailers_02_32RAq6Jz_scene_02.jpg,fixed_8s_opencv
3,gacs_movie_trailers_02_32RAq6Jz.mp4,48.0,56.0,8.0,18,data\scenes\gacs_movie_trailers_02_32RAq6Jz_scene_03.jpg,fixed_8s_opencv
4,gacs_movie_trailers_02_32RAq6Jz.mp4,64.0,72.0,8.0,17,data\scenes\gacs_movie_trailers_02_32RAq6Jz_scene_04.jpg,fixed_8s_opencv
5,gacs_movie_trailers_02_32RAq6Jz.mp4,80.0,88.0,8.0,17,data\scenes\gacs_movie_trailers_02_32RAq6Jz_scene_05.jpg,fixed_8s_opencv
6,gacs_movie_trailers_02_32RAq6Jz.mp4,88.0,96.0,8.0,18,data\scenes\gacs_movie_trailers_02_32RAq6Jz_scene_06.jpg,fixed_8s_opencv
7,gacs_movie_trailers_02_32RAq6Jz.mp4,96.0,104.0,8.0,17,data\scenes\gacs_movie_trailers_02_32RAq6Jz_scene_07.jpg,fixed_8s_opencv
8,gacs_movie_trailers_02_32RAq6Jz.mp4,104.0,112.0,8.0,18,data\scenes\gacs_movie_trailers_02_32RAq6Jz_scene_08.jpg,fixed_8s_opencv
0,gacs_movie_trailers_03__Z3QKkl1.mp4,0.0,8.0,8.0,18,data\scenes\gacs_movie_trailers_03__Z3QKkl1_scene_00.jpg,fixed_8s_opencv
1,gacs_movie_trailers_03__Z3QKkl1.mp4,16.0,24.0,8.0,18,data\scenes\gacs_movie_trailers_03__Z3QKkl1_scene_01.jpg,fixed_8s_opencv
2,gacs_movie_trailers_03__Z3QKkl1.mp4,24.0,32.0,8.0,17,data\scenes\gacs_movie_trailers_03__Z3QKkl1_scene_02.jpg,fixed_8s_opencv
3,gacs_movie_trailers_03__Z3QKkl1.mp4,64.0,72.0,8.0,17,data\scenes\gacs_movie_trailers_03__Z3QKkl1_scene_03.jpg,fixed_8s_opencv
4,gacs_movie_trailers_03__Z3QKkl1.mp4,72.0,80.0,8.0,18,data\scenes\gacs_movie_trailers_03__Z3QKkl1_scene_04.jpg,fixed_8s_opencv
5,gacs_movie_trailers_03__Z3QKkl1.mp4,88.0,96.0,8.0,18,data\scenes\gacs_movie_trailers_03__Z3QKkl1_scene_05.jpg,fixed_8s_opencv
0,gacs_movie_trailers_04_qSqVVswa.mp4,8.0,16.0,8.0,17,data\scenes\gacs_movie_trailers_04_qSqVVswa_scene_00.jpg,fixed_8s_opencv
1,gacs_movie_trailers_04_qSqVVswa.mp4,16.0,24.0,8.0,18,data\scenes\gacs_movie_trailers_04_qSqVVswa_scene_01.jpg,fixed_8s_opencv
2,gacs_movie_trailers_04_qSqVVswa.mp4,24.0,32.0,8.0,17,data\scenes\gacs_movie_trailers_04_qSqVVswa_scene_02.jpg,fixed_8s_opencv
3,gacs_movie_trailers_04_qSqVVswa.mp4,32.0,40.0,8.0,18,data\scenes\gacs_movie_trailers_04_qSqVVswa_scene_03.jpg,fixed_8s_opencv
4,gacs_movie_trailers_04_qSqVVswa.mp4,40.0,48.0,8.0,17,data\scenes\gacs_movie_trailers_04_qSqVVswa_scene_04.jpg,fixed_8s_opencv
5,gacs_movie_trailers_04_qSqVVswa.mp4,64.0,72.0,8.0,17,data\scenes\gacs_movie_trailers_04_qSqVVswa_scene_05.jpg,fixed_8s_opencv
6,gacs_movie_trailers_04_qSqVVswa.mp4,72.0,80.0,8.0,18,data\scenes\gacs_movie_trailers_04_qSqVVswa_scene_06.jpg,fixed_8s_opencv
7,gacs_movie_trailers_04_qSqVVswa.mp4,96.0,104.0,8.0,17,data\scenes\gacs_movie_trailers_04_qSqVVswa_scene_07.jpg,fixed_8s_opencv
8,gacs_movie_trailers_04_qSqVVswa.mp4,104.0,112.0,8.0,18,data\scenes\gacs_movie_trailers_04_qSqVVswa_scene_08.jpg,fixed_8s_opencv
9,gacs_movie_trailers_04_qSqVVswa.mp4,112.0,120.0,8.0,17,data\scenes\gacs_movie_trailers_04_qSqVVswa_scene_09.jpg,fixed_8s_opencv
10,gacs_movie_trailers_04_qSqVVswa.mp4,120.0,124.79131758264896,4.791317582648972,11,data\scenes\gacs_movie_trailers_04_qSqVVswa_scene_10.jpg,fixed_8s_opencv
0,gacs_advertisements_00_fo4LLux-.mp4,0.0,8.0,8.0,17,data\scenes\gacs_advertisements_00_fo4LLux-_scene_00.jpg,fixed_8s_opencv
1,gacs_advertisements_00_fo4LLux-.mp4,8.0,16.0,8.0,17,data\scenes\gacs_advertisements_00_fo4LLux-_scene_01.jpg,fixed_8s_opencv
2,gacs_advertisements_00_fo4LLux-.mp4,16.0,24.0,8.0,16,data\scenes\gacs_advertisements_00_fo4LLux-_scene_02.jpg,fixed_8s_opencv
3,gacs_advertisements_00_fo4LLux-.mp4,24.0,32.0,8.0,17,data\scenes\gacs_advertisements_00_fo4LLux-_scene_03.jpg,fixed_8s_opencv
4,gacs_advertisements_00_fo4LLux-.mp4,32.0,40.0,8.0,17,data\scenes\gacs_advertisements_00_fo4LLux-_scene_04.jpg,fixed_8s_opencv
5,gacs_advertisements_00_fo4LLux-.mp4,40.0,48.0,8.0,16,data\scenes\gacs_advertisements_00_fo4LLux-_scene_05.jpg,fixed_8s_opencv
6,gacs_advertisements_00_fo4LLux-.mp4,48.0,56.0,8.0,17,data\scenes\gacs_advertisements_00_fo4LLux-_scene_06.jpg,fixed_8s_opencv
7,gacs_advertisements_00_fo4LLux-.mp4,56.0,64.0,8.0,17,data\scenes\gacs_advertisements_00_fo4LLux-_scene_07.jpg,fixed_8s_opencv
8,gacs_advertisements_00_fo4LLux-.mp4,64.0,72.0,8.0,16,data\scenes\gacs_advertisements_00_fo4LLux-_scene_08.jpg,fixed_8s_opencv
9,gacs_advertisements_00_fo4LLux-.mp4,72.0,80.0,8.0,17,data\scenes\gacs_advertisements_00_fo4LLux-_scene_09.jpg,fixed_8s_opencv
10,gacs_advertisements_00_fo4LLux-.mp4,80.0,88.0,8.0,17,data\scenes\gacs_advertisements_00_fo4LLux-_scene_10.jpg,fixed_8s_opencv
11,gacs_advertisements_00_fo4LLux-.mp4,88.0,96.0,8.0,16,data\scenes\gacs_advertisements_00_fo4LLux-_scene_11.jpg,fixed_8s_opencv
12,gacs_advertisements_00_fo4LLux-.mp4,96.0,104.0,8.0,17,data\scenes\gacs_advertisements_00_fo4LLux-_scene_12.jpg,fixed_8s_opencv
13,gacs_advertisements_00_fo4LLux-.mp4,104.0,112.0,8.0,17,data\scenes\gacs_advertisements_00_fo4LLux-_scene_13.jpg,fixed_8s_opencv
14,gacs_advertisements_00_fo4LLux-.mp4,112.0,119.52,7.519999999999996,16,data\scenes\gacs_advertisements_00_fo4LLux-_scene_14.jpg,fixed_8s_opencv
0,gacs_advertisements_02_YG8kLlRw.mp4,0.0,8.0,8.0,17,data\scenes\gacs_advertisements_02_YG8kLlRw_scene_00.jpg,fixed_8s_opencv
1,gacs_advertisements_02_YG8kLlRw.mp4,8.0,16.0,8.0,17,data\scenes\gacs_advertisements_02_YG8kLlRw_scene_01.jpg,fixed_8s_opencv
2,gacs_advertisements_02_YG8kLlRw.mp4,16.0,24.0,8.0,16,data\scenes\gacs_advertisements_02_YG8kLlRw_scene_02.jpg,fixed_8s_opencv
3,gacs_advertisements_02_YG8kLlRw.mp4,24.0,32.0,8.0,17,data\scenes\gacs_advertisements_02_YG8kLlRw_scene_03.jpg,fixed_8s_opencv
4,gacs_advertisements_02_YG8kLlRw.mp4,32.0,40.0,8.0,17,data\scenes\gacs_advertisements_02_YG8kLlRw_scene_04.jpg,fixed_8s_opencv
5,gacs_advertisements_02_YG8kLlRw.mp4,40.0,48.0,8.0,16,data\scenes\gacs_advertisements_02_YG8kLlRw_scene_05.jpg,fixed_8s_opencv
6,gacs_advertisements_02_YG8kLlRw.mp4,48.0,56.0,8.0,17,data\scenes\gacs_advertisements_02_YG8kLlRw_scene_06.jpg,fixed_8s_opencv
7,gacs_advertisements_02_YG8kLlRw.mp4,56.0,64.0,8.0,17,data\scenes\gacs_advertisements_02_YG8kLlRw_scene_07.jpg,fixed_8s_opencv
8,gacs_advertisements_02_YG8kLlRw.mp4,64.0,72.0,8.0,16,data\scenes\gacs_advertisements_02_YG8kLlRw_scene_08.jpg,fixed_8s_opencv
9,gacs_advertisements_02_YG8kLlRw.mp4,72.0,80.0,8.0,17,data\scenes\gacs_advertisements_02_YG8kLlRw_scene_09.jpg,fixed_8s_opencv
10,gacs_advertisements_02_YG8kLlRw.mp4,80.0,88.0,8.0,17,data\scenes\gacs_advertisements_02_YG8kLlRw_scene_10.jpg,fixed_8s_opencv
11,gacs_advertisements_02_YG8kLlRw.mp4,88.0,96.0,8.0,16,data\scenes\gacs_advertisements_02_YG8kLlRw_scene_11.jpg,fixed_8s_opencv
12,gacs_advertisements_02_YG8kLlRw.mp4,96.0,104.0,8.0,17,data\scenes\gacs_advertisements_02_YG8kLlRw_scene_12.jpg,fixed_8s_opencv
13,gacs_advertisements_02_YG8kLlRw.mp4,104.0,112.0,8.0,17,data\scenes\gacs_advertisements_02_YG8kLlRw_scene_13.jpg,fixed_8s_opencv
14,gacs_advertisements_02_YG8kLlRw.mp4,112.0,119.52,7.519999999999996,16,data\scenes\gacs_advertisements_02_YG8kLlRw_scene_14.jpg,fixed_8s_opencv
0,gacs_advertisements_03_mC-NysO3.mp4,0.0,8.0,8.0,17,data\scenes\gacs_advertisements_03_mC-NysO3_scene_00.jpg,fixed_8s_opencv
1,gacs_advertisements_03_mC-NysO3.mp4,8.0,16.0,8.0,17,data\scenes\gacs_advertisements_03_mC-NysO3_scene_01.jpg,fixed_8s_opencv
2,gacs_advertisements_03_mC-NysO3.mp4,16.0,24.0,8.0,16,data\scenes\gacs_advertisements_03_mC-NysO3_scene_02.jpg,fixed_8s_opencv
0,gacs_advertisements_04_YU7TcxwF.mp4,0.0,8.0,8.0,17,data\scenes\gacs_advertisements_04_YU7TcxwF_scene_00.jpg,fixed_8s_opencv
1,gacs_advertisements_04_YU7TcxwF.mp4,8.0,16.0,8.0,17,data\scenes\gacs_advertisements_04_YU7TcxwF_scene_01.jpg,fixed_8s_opencv
2,gacs_advertisements_04_YU7TcxwF.mp4,24.0,32.0,8.0,17,data\scenes\gacs_advertisements_04_YU7TcxwF_scene_02.jpg,fixed_8s_opencv
3,gacs_advertisements_04_YU7TcxwF.mp4,32.0,40.0,8.0,17,data\scenes\gacs_advertisements_04_YU7TcxwF_scene_03.jpg,fixed_8s_opencv
4,gacs_advertisements_04_YU7TcxwF.mp4,40.0,48.0,8.0,16,data\scenes\gacs_advertisements_04_YU7TcxwF_scene_04.jpg,fixed_8s_opencv
5,gacs_advertisements_04_YU7TcxwF.mp4,48.0,56.0,8.0,17,data\scenes\gacs_advertisements_04_YU7TcxwF_scene_05.jpg,fixed_8s_opencv
6,gacs_advertisements_04_YU7TcxwF.mp4,56.0,64.0,8.0,17,data\scenes\gacs_advertisements_04_YU7TcxwF_scene_06.jpg,fixed_8s_opencv
7,gacs_advertisements_04_YU7TcxwF.mp4,64.0,72.0,8.0,16,data\scenes\gacs_advertisements_04_YU7TcxwF_scene_07.jpg,fixed_8s_opencv
8,gacs_advertisements_04_YU7TcxwF.mp4,72.0,80.0,8.0,17,data\scenes\gacs_advertisements_04_YU7TcxwF_scene_08.jpg,fixed_8s_opencv
9,gacs_advertisements_04_YU7TcxwF.mp4,80.0,88.0,8.0,17,data\scenes\gacs_advertisements_04_YU7TcxwF_scene_09.jpg,fixed_8s_opencv
10,gacs_advertisements_04_YU7TcxwF.mp4,88.0,96.0,8.0,16,data\scenes\gacs_advertisements_04_YU7TcxwF_scene_10.jpg,fixed_8s_opencv
11,gacs_advertisements_04_YU7TcxwF.mp4,96.0,104.0,8.0,17,data\scenes\gacs_advertisements_04_YU7TcxwF_scene_11.jpg,fixed_8s_opencv
12,gacs_advertisements_04_YU7TcxwF.mp4,112.0,119.52,7.519999999999996,16,data\scenes\gacs_advertisements_04_YU7TcxwF_scene_12.jpg,fixed_8s_opencv
0,gacs_animations_00_ysqiEC6b.mp4,32.0,40.0,8.0,16,data\scenes\gacs_animations_00_ysqiEC6b_scene_00.jpg,fixed_8s_opencv
1,gacs_animations_00_ysqiEC6b.mp4,40.0,48.0,8.0,16,data\scenes\gacs_animations_00_ysqiEC6b_scene_01.jpg,fixed_8s_opencv
2,gacs_animations_00_ysqiEC6b.mp4,56.0,64.0,8.0,16,data\scenes\gacs_animations_00_ysqiEC6b_scene_02.jpg,fixed_8s_opencv
3,gacs_animations_00_ysqiEC6b.mp4,64.0,72.0,8.0,16,data\scenes\gacs_animations_00_ysqiEC6b_scene_03.jpg,fixed_8s_opencv
4,gacs_animations_00_ysqiEC6b.mp4,80.0,88.0,8.0,16,data\scenes\gacs_animations_00_ysqiEC6b_scene_04.jpg,fixed_8s_opencv
5,gacs_animations_00_ysqiEC6b.mp4,96.0,104.0,8.0,16,data\scenes\gacs_animations_00_ysqiEC6b_scene_05.jpg,fixed_8s_opencv
6,gacs_animations_00_ysqiEC6b.mp4,112.0,120.0,8.0,16,data\scenes\gacs_animations_00_ysqiEC6b_scene_06.jpg,fixed_8s_opencv
0,gacs_animations_01_taE3Pwur.mp4,0.0,8.0,8.0,18,data\scenes\gacs_animations_01_taE3Pwur_scene_00.jpg,fixed_8s_opencv
1,gacs_animations_01_taE3Pwur.mp4,8.0,16.0,8.0,17,data\scenes\gacs_animations_01_taE3Pwur_scene_01.jpg,fixed_8s_opencv
2,gacs_animations_01_taE3Pwur.mp4,40.0,48.0,8.0,17,data\scenes\gacs_animations_01_taE3Pwur_scene_02.jpg,fixed_8s_opencv
3,gacs_animations_01_taE3Pwur.mp4,48.0,56.0,8.0,17,data\scenes\gacs_animations_01_taE3Pwur_scene_03.jpg,fixed_8s_opencv
4,gacs_animations_01_taE3Pwur.mp4,56.0,64.0,8.0,18,data\scenes\gacs_animations_01_taE3Pwur_scene_04.jpg,fixed_8s_opencv
5,gacs_animations_01_taE3Pwur.mp4,64.0,72.0,8.0,17,data\scenes\gacs_animations_01_taE3Pwur_scene_05.jpg,fixed_8s_opencv
6,gacs_animations_01_taE3Pwur.mp4,72.0,80.0,8.0,17,data\scenes\gacs_animations_01_taE3Pwur_scene_06.jpg,fixed_8s_opencv
7,gacs_animations_01_taE3Pwur.mp4,80.0,88.0,8.0,17,data\scenes\gacs_animations_01_taE3Pwur_scene_07.jpg,fixed_8s_opencv
8,gacs_animations_01_taE3Pwur.mp4,88.0,96.0,8.0,17,data\scenes\gacs_animations_01_taE3Pwur_scene_08.jpg,fixed_8s_opencv
9,gacs_animations_01_taE3Pwur.mp4,96.0,99.96653333333332,3.966533333333331,9,data\scenes\gacs_animations_01_taE3Pwur_scene_09.jpg,fixed_8s_opencv
0,gacs_animations_02_shW9i6k8.mp4,0.0,8.0,8.0,18,data\scenes\gacs_animations_02_shW9i6k8_scene_00.jpg,fixed_8s_opencv
1,gacs_animations_02_shW9i6k8.mp4,8.0,16.0,8.0,17,data\scenes\gacs_animations_02_shW9i6k8_scene_01.jpg,fixed_8s_opencv
2,gacs_animations_02_shW9i6k8.mp4,16.0,24.0,8.0,18,data\scenes\gacs_animations_02_shW9i6k8_scene_02.jpg,fixed_8s_opencv
3,gacs_animations_02_shW9i6k8.mp4,24.0,32.0,8.0,17,data\scenes\gacs_animations_02_shW9i6k8_scene_03.jpg,fixed_8s_opencv
4,gacs_animations_02_shW9i6k8.mp4,32.0,40.0,8.0,18,data\scenes\gacs_animations_02_shW9i6k8_scene_04.jpg,fixed_8s_opencv
5,gacs_animations_02_shW9i6k8.mp4,40.0,48.0,8.0,17,data\scenes\gacs_animations_02_shW9i6k8_scene_05.jpg,fixed_8s_opencv
6,gacs_animations_02_shW9i6k8.mp4,48.0,56.0,8.0,18,data\scenes\gacs_animations_02_shW9i6k8_scene_06.jpg,fixed_8s_opencv
7,gacs_animations_02_shW9i6k8.mp4,56.0,64.0,8.0,17,data\scenes\gacs_animations_02_shW9i6k8_scene_07.jpg,fixed_8s_opencv
8,gacs_animations_02_shW9i6k8.mp4,64.0,72.0,8.0,17,data\scenes\gacs_animations_02_shW9i6k8_scene_08.jpg,fixed_8s_opencv
9,gacs_animations_02_shW9i6k8.mp4,104.0,112.0,8.0,18,data\scenes\gacs_animations_02_shW9i6k8_scene_09.jpg,fixed_8s_opencv
10,gacs_animations_02_shW9i6k8.mp4,112.0,120.0,8.0,17,data\scenes\gacs_animations_02_shW9i6k8_scene_10.jpg,fixed_8s_opencv
0,gacs_animations_03_xOsLIiBS.mp4,16.0,24.0,8.0,18,data\scenes\gacs_animations_03_xOsLIiBS_scene_00.jpg,fixed_8s_opencv
1,gacs_animations_03_xOsLIiBS.mp4,32.0,40.0,8.0,18,data\scenes\gacs_animations_03_xOsLIiBS_scene_01.jpg,fixed_8s_opencv
2,gacs_animations_03_xOsLIiBS.mp4,40.0,48.0,8.0,17,data\scenes\gacs_animations_03_xOsLIiBS_scene_02.jpg,fixed_8s_opencv
3,gacs_animations_03_xOsLIiBS.mp4,56.0,64.0,8.0,17,data\scenes\gacs_animations_03_xOsLIiBS_scene_03.jpg,fixed_8s_opencv
4,gacs_animations_03_xOsLIiBS.mp4,64.0,72.0,8.0,17,data\scenes\gacs_animations_03_xOsLIiBS_scene_04.jpg,fixed_8s_opencv
5,gacs_animations_03_xOsLIiBS.mp4,72.0,80.0,8.0,18,data\scenes\gacs_animations_03_xOsLIiBS_scene_05.jpg,fixed_8s_opencv
6,gacs_animations_03_xOsLIiBS.mp4,80.0,88.0,8.0,17,data\scenes\gacs_animations_03_xOsLIiBS_scene_06.jpg,fixed_8s_opencv
7,gacs_animations_03_xOsLIiBS.mp4,88.0,96.0,8.0,18,data\scenes\gacs_animations_03_xOsLIiBS_scene_07.jpg,fixed_8s_opencv
8,gacs_animations_03_xOsLIiBS.mp4,96.0,104.0,8.0,17,data\scenes\gacs_animations_03_xOsLIiBS_scene_08.jpg,fixed_8s_opencv
9,gacs_animations_03_xOsLIiBS.mp4,112.0,120.0,8.0,17,data\scenes\gacs_animations_03_xOsLIiBS_scene_09.jpg,fixed_8s_opencv
0,gacs_animations_04_h9h-2ENa.mp4,0.0,8.0,8.0,16,data\scenes\gacs_animations_04_h9h-2ENa_scene_00.jpg,fixed_8s_opencv
1,gacs_animations_04_h9h-2ENa.mp4,8.0,16.0,8.0,16,data\scenes\gacs_animations_04_h9h-2ENa_scene_01.jpg,fixed_8s_opencv
2,gacs_animations_04_h9h-2ENa.mp4,16.0,24.0,8.0,16,data\scenes\gacs_animations_04_h9h-2ENa_scene_02.jpg,fixed_8s_opencv
3,gacs_animations_04_h9h-2ENa.mp4,24.0,26.5,2.5,6,data\scenes\gacs_animations_04_h9h-2ENa_scene_03.jpg,fixed_8s_opencv
0,gacs_emotional_shorts_00_78hzXX60.mp4,0.0,8.0,8.0,16,data\scenes\gacs_emotional_shorts_00_78hzXX60_scene_00.jpg,fixed_8s_opencv
1,gacs_emotional_shorts_00_78hzXX60.mp4,8.0,16.0,8.0,16,data\scenes\gacs_emotional_shorts_00_78hzXX60_scene_01.jpg,fixed_8s_opencv
2,gacs_emotional_shorts_00_78hzXX60.mp4,16.0,24.0,8.0,16,data\scenes\gacs_emotional_shorts_00_78hzXX60_scene_02.jpg,fixed_8s_opencv
3,gacs_emotional_shorts_00_78hzXX60.mp4,24.0,32.0,8.0,16,data\scenes\gacs_emotional_shorts_00_78hzXX60_scene_03.jpg,fixed_8s_opencv
4,gacs_emotional_shorts_00_78hzXX60.mp4,32.0,40.0,8.0,16,data\scenes\gacs_emotional_shorts_00_78hzXX60_scene_04.jpg,fixed_8s_opencv
5,gacs_emotional_shorts_00_78hzXX60.mp4,40.0,48.0,8.0,16,data\scenes\gacs_emotional_shorts_00_78hzXX60_scene_05.jpg,fixed_8s_opencv
6,gacs_emotional_shorts_00_78hzXX60.mp4,48.0,56.0,8.0,16,data\scenes\gacs_emotional_shorts_00_78hzXX60_scene_06.jpg,fixed_8s_opencv
7,gacs_emotional_shorts_00_78hzXX60.mp4,56.0,64.0,8.0,16,data\scenes\gacs_emotional_shorts_00_78hzXX60_scene_07.jpg,fixed_8s_opencv
8,gacs_emotional_shorts_00_78hzXX60.mp4,64.0,72.0,8.0,16,data\scenes\gacs_emotional_shorts_00_78hzXX60_scene_08.jpg,fixed_8s_opencv
9,gacs_emotional_shorts_00_78hzXX60.mp4,72.0,80.0,8.0,16,data\scenes\gacs_emotional_shorts_00_78hzXX60_scene_09.jpg,fixed_8s_opencv
10,gacs_emotional_shorts_00_78hzXX60.mp4,80.0,88.0,8.0,16,data\scenes\gacs_emotional_shorts_00_78hzXX60_scene_10.jpg,fixed_8s_opencv
11,gacs_emotional_shorts_00_78hzXX60.mp4,88.0,96.0,8.0,16,data\scenes\gacs_emotional_shorts_00_78hzXX60_scene_11.jpg,fixed_8s_opencv
12,gacs_emotional_shorts_00_78hzXX60.mp4,96.0,99.5,3.5,8,data\scenes\gacs_emotional_shorts_00_78hzXX60_scene_12.jpg,fixed_8s_opencv
0,gacs_emotional_shorts_01_n5U8Z7VY.mp4,0.0,8.0,8.0,18,data\scenes\gacs_emotional_shorts_01_n5U8Z7VY_scene_00.jpg,fixed_8s_opencv
1,gacs_emotional_shorts_01_n5U8Z7VY.mp4,8.0,16.0,8.0,17,data\scenes\gacs_emotional_shorts_01_n5U8Z7VY_scene_01.jpg,fixed_8s_opencv
2,gacs_emotional_shorts_01_n5U8Z7VY.mp4,16.0,24.0,8.0,17,data\scenes\gacs_emotional_shorts_01_n5U8Z7VY_scene_02.jpg,fixed_8s_opencv
3,gacs_emotional_shorts_01_n5U8Z7VY.mp4,24.0,32.0,8.0,17,data\scenes\gacs_emotional_shorts_01_n5U8Z7VY_scene_03.jpg,fixed_8s_opencv
4,gacs_emotional_shorts_01_n5U8Z7VY.mp4,32.0,40.0,8.0,17,data\scenes\gacs_emotional_shorts_01_n5U8Z7VY_scene_04.jpg,fixed_8s_opencv
5,gacs_emotional_shorts_01_n5U8Z7VY.mp4,40.0,48.0,8.0,17,data\scenes\gacs_emotional_shorts_01_n5U8Z7VY_scene_05.jpg,fixed_8s_opencv
6,gacs_emotional_shorts_01_n5U8Z7VY.mp4,48.0,56.0,8.0,17,data\scenes\gacs_emotional_shorts_01_n5U8Z7VY_scene_06.jpg,fixed_8s_opencv
7,gacs_emotional_shorts_01_n5U8Z7VY.mp4,56.0,64.0,8.0,18,data\scenes\gacs_emotional_shorts_01_n5U8Z7VY_scene_07.jpg,fixed_8s_opencv
8,gacs_emotional_shorts_01_n5U8Z7VY.mp4,64.0,72.0,8.0,17,data\scenes\gacs_emotional_shorts_01_n5U8Z7VY_scene_08.jpg,fixed_8s_opencv
9,gacs_emotional_shorts_01_n5U8Z7VY.mp4,72.0,80.0,8.0,17,data\scenes\gacs_emotional_shorts_01_n5U8Z7VY_scene_09.jpg,fixed_8s_opencv
10,gacs_emotional_shorts_01_n5U8Z7VY.mp4,80.0,88.0,8.0,17,data\scenes\gacs_emotional_shorts_01_n5U8Z7VY_scene_10.jpg,fixed_8s_opencv
11,gacs_emotional_shorts_01_n5U8Z7VY.mp4,88.0,96.0,8.0,17,data\scenes\gacs_emotional_shorts_01_n5U8Z7VY_scene_11.jpg,fixed_8s_opencv
12,gacs_emotional_shorts_01_n5U8Z7VY.mp4,96.0,99.96653333333332,3.966533333333331,9,data\scenes\gacs_emotional_shorts_01_n5U8Z7VY_scene_12.jpg,fixed_8s_opencv
0,gacs_emotional_shorts_03_lEDHRh8g.mp4,0.0,8.0,8.0,16,data\scenes\gacs_emotional_shorts_03_lEDHRh8g_scene_00.jpg,fixed_8s_opencv
1,gacs_emotional_shorts_03_lEDHRh8g.mp4,8.0,16.0,8.0,16,data\scenes\gacs_emotional_shorts_03_lEDHRh8g_scene_01.jpg,fixed_8s_opencv
2,gacs_emotional_shorts_03_lEDHRh8g.mp4,16.0,24.0,8.0,16,data\scenes\gacs_emotional_shorts_03_lEDHRh8g_scene_02.jpg,fixed_8s_opencv
3,gacs_emotional_shorts_03_lEDHRh8g.mp4,24.0,32.0,8.0,16,data\scenes\gacs_emotional_shorts_03_lEDHRh8g_scene_03.jpg,fixed_8s_opencv
4,gacs_emotional_shorts_03_lEDHRh8g.mp4,32.0,40.0,8.0,16,data\scenes\gacs_emotional_shorts_03_lEDHRh8g_scene_04.jpg,fixed_8s_opencv
5,gacs_emotional_shorts_03_lEDHRh8g.mp4,40.0,48.0,8.0,16,data\scenes\gacs_emotional_shorts_03_lEDHRh8g_scene_05.jpg,fixed_8s_opencv
6,gacs_emotional_shorts_03_lEDHRh8g.mp4,48.0,56.0,8.0,16,data\scenes\gacs_emotional_shorts_03_lEDHRh8g_scene_06.jpg,fixed_8s_opencv
7,gacs_emotional_shorts_03_lEDHRh8g.mp4,56.0,64.0,8.0,16,data\scenes\gacs_emotional_shorts_03_lEDHRh8g_scene_07.jpg,fixed_8s_opencv
8,gacs_emotional_shorts_03_lEDHRh8g.mp4,64.0,72.0,8.0,16,data\scenes\gacs_emotional_shorts_03_lEDHRh8g_scene_08.jpg,fixed_8s_opencv
9,gacs_emotional_shorts_03_lEDHRh8g.mp4,72.0,80.0,8.0,16,data\scenes\gacs_emotional_shorts_03_lEDHRh8g_scene_09.jpg,fixed_8s_opencv
10,gacs_emotional_shorts_03_lEDHRh8g.mp4,80.0,88.0,8.0,16,data\scenes\gacs_emotional_shorts_03_lEDHRh8g_scene_10.jpg,fixed_8s_opencv
11,gacs_emotional_shorts_03_lEDHRh8g.mp4,88.0,96.0,8.0,16,data\scenes\gacs_emotional_shorts_03_lEDHRh8g_scene_11.jpg,fixed_8s_opencv
12,gacs_emotional_shorts_03_lEDHRh8g.mp4,96.0,99.5,3.5,8,data\scenes\gacs_emotional_shorts_03_lEDHRh8g_scene_12.jpg,fixed_8s_opencv
0,gacs_movie_trailers_01_9ix7TUGV.mp4,0.0,8.0,8.0,18,data\scenes\gacs_movie_trailers_01_9ix7TUGV_scene_00.jpg,fixed_8s_opencv
1,gacs_movie_trailers_01_9ix7TUGV.mp4,8.0,16.0,8.0,17,data\scenes\gacs_movie_trailers_01_9ix7TUGV_scene_01.jpg,fixed_8s_opencv
2,gacs_movie_trailers_01_9ix7TUGV.mp4,32.0,40.0,8.0,18,data\scenes\gacs_movie_trailers_01_9ix7TUGV_scene_02.jpg,fixed_8s_opencv
3,gacs_movie_trailers_01_9ix7TUGV.mp4,40.0,48.0,8.0,17,data\scenes\gacs_movie_trailers_01_9ix7TUGV_scene_03.jpg,fixed_8s_opencv
4,gacs_movie_trailers_01_9ix7TUGV.mp4,48.0,56.0,8.0,18,data\scenes\gacs_movie_trailers_01_9ix7TUGV_scene_04.jpg,fixed_8s_opencv
5,gacs_movie_trailers_01_9ix7TUGV.mp4,56.0,64.0,8.0,17,data\scenes\gacs_movie_trailers_01_9ix7TUGV_scene_05.jpg,fixed_8s_opencv
6,gacs_movie_trailers_01_9ix7TUGV.mp4,64.0,72.0,8.0,17,data\scenes\gacs_movie_trailers_01_9ix7TUGV_scene_06.jpg,fixed_8s_opencv
7,gacs_movie_trailers_01_9ix7TUGV.mp4,96.0,104.0,8.0,17,data\scenes\gacs_movie_trailers_01_9ix7TUGV_scene_07.jpg,fixed_8s_opencv
8,gacs_movie_trailers_01_9ix7TUGV.mp4,104.0,112.0,8.0,18,data\scenes\gacs_movie_trailers_01_9ix7TUGV_scene_08.jpg,fixed_8s_opencv
9,gacs_movie_trailers_01_9ix7TUGV.mp4,112.0,120.0,8.0,17,data\scenes\gacs_movie_trailers_01_9ix7TUGV_scene_09.jpg,fixed_8s_opencv
10,gacs_movie_trailers_01_9ix7TUGV.mp4,120.0,124.7913252799311,4.791325279931101,11,data\scenes\gacs_movie_trailers_01_9ix7TUGV_scene_10.jpg,fixed_8s_opencv
0,gacs_movie_trailers_02_aWzlQ2N6.mp4,24.0,32.0,8.0,17,data\scenes\gacs_movie_trailers_02_aWzlQ2N6_scene_00.jpg,fixed_8s_opencv
1,gacs_movie_trailers_02_aWzlQ2N6.mp4,40.0,48.0,8.0,17,data\scenes\gacs_movie_trailers_02_aWzlQ2N6_scene_01.jpg,fixed_8s_opencv
2,gacs_movie_trailers_02_aWzlQ2N6.mp4,48.0,56.0,8.0,18,data\scenes\gacs_movie_trailers_02_aWzlQ2N6_scene_02.jpg,fixed_8s_opencv
3,gacs_movie_trailers_02_aWzlQ2N6.mp4,64.0,72.0,8.0,17,data\scenes\gacs_movie_trailers_02_aWzlQ2N6_scene_03.jpg,fixed_8s_opencv
4,gacs_movie_trailers_02_aWzlQ2N6.mp4,80.0,88.0,8.0,17,data\scenes\gacs_movie_trailers_02_aWzlQ2N6_scene_04.jpg,fixed_8s_opencv
5,gacs_movie_trailers_02_aWzlQ2N6.mp4,96.0,104.0,8.0,17,data\scenes\gacs_movie_trailers_02_aWzlQ2N6_scene_05.jpg,fixed_8s_opencv
6,gacs_movie_trailers_02_aWzlQ2N6.mp4,112.0,120.0,8.0,17,data\scenes\gacs_movie_trailers_02_aWzlQ2N6_scene_06.jpg,fixed_8s_opencv
0,gacs_movie_trailers_03_Go8nTmfr.mp4,0.0,8.0,8.0,18,data\scenes\gacs_movie_trailers_03_Go8nTmfr_scene_00.jpg,fixed_8s_opencv
1,gacs_movie_trailers_03_Go8nTmfr.mp4,8.0,16.0,8.0,17,data\scenes\gacs_movie_trailers_03_Go8nTmfr_scene_01.jpg,fixed_8s_opencv
2,gacs_movie_trailers_03_Go8nTmfr.mp4,16.0,24.0,8.0,18,data\scenes\gacs_movie_trailers_03_Go8nTmfr_scene_02.jpg,fixed_8s_opencv
3,gacs_movie_trailers_03_Go8nTmfr.mp4,32.0,40.0,8.0,18,data\scenes\gacs_movie_trailers_03_Go8nTmfr_scene_03.jpg,fixed_8s_opencv
4,gacs_movie_trailers_03_Go8nTmfr.mp4,48.0,56.0,8.0,18,data\scenes\gacs_movie_trailers_03_Go8nTmfr_scene_04.jpg,fixed_8s_opencv
5,gacs_movie_trailers_03_Go8nTmfr.mp4,72.0,80.0,8.0,18,data\scenes\gacs_movie_trailers_03_Go8nTmfr_scene_05.jpg,fixed_8s_opencv
6,gacs_movie_trailers_03_Go8nTmfr.mp4,80.0,88.0,8.0,17,data\scenes\gacs_movie_trailers_03_Go8nTmfr_scene_06.jpg,fixed_8s_opencv
7,gacs_movie_trailers_03_Go8nTmfr.mp4,96.0,104.0,8.0,17,data\scenes\gacs_movie_trailers_03_Go8nTmfr_scene_07.jpg,fixed_8s_opencv
8,gacs_movie_trailers_03_Go8nTmfr.mp4,104.0,112.0,8.0,18,data\scenes\gacs_movie_trailers_03_Go8nTmfr_scene_08.jpg,fixed_8s_opencv
9,gacs_movie_trailers_03_Go8nTmfr.mp4,112.0,120.0,8.0,17,data\scenes\gacs_movie_trailers_03_Go8nTmfr_scene_09.jpg,fixed_8s_opencv
10,gacs_movie_trailers_03_Go8nTmfr.mp4,120.0,124.79132311056443,4.791323110564434,11,data\scenes\gacs_movie_trailers_03_Go8nTmfr_scene_10.jpg,fixed_8s_opencv
0,gacs_movie_trailers_04_x_me3xsv.mp4,0.0,8.0,8.0,18,data\scenes\gacs_movie_trailers_04_x_me3xsv_scene_00.jpg,fixed_8s_opencv
1,gacs_movie_trailers_04_x_me3xsv.mp4,8.0,16.0,8.0,17,data\scenes\gacs_movie_trailers_04_x_me3xsv_scene_01.jpg,fixed_8s_opencv
2,gacs_movie_trailers_04_x_me3xsv.mp4,32.0,40.0,8.0,18,data\scenes\gacs_movie_trailers_04_x_me3xsv_scene_02.jpg,fixed_8s_opencv
3,gacs_movie_trailers_04_x_me3xsv.mp4,48.0,56.0,8.0,18,data\scenes\gacs_movie_trailers_04_x_me3xsv_scene_03.jpg,fixed_8s_opencv
4,gacs_movie_trailers_04_x_me3xsv.mp4,56.0,64.0,8.0,17,data\scenes\gacs_movie_trailers_04_x_me3xsv_scene_04.jpg,fixed_8s_opencv
5,gacs_movie_trailers_04_x_me3xsv.mp4,64.0,72.0,8.0,17,data\scenes\gacs_movie_trailers_04_x_me3xsv_scene_05.jpg,fixed_8s_opencv
6,gacs_movie_trailers_04_x_me3xsv.mp4,80.0,88.0,8.0,17,data\scenes\gacs_movie_trailers_04_x_me3xsv_scene_06.jpg,fixed_8s_opencv
7,gacs_movie_trailers_04_x_me3xsv.mp4,88.0,96.0,8.0,18,data\scenes\gacs_movie_trailers_04_x_me3xsv_scene_07.jpg,fixed_8s_opencv
8,gacs_movie_trailers_04_x_me3xsv.mp4,104.0,112.0,8.0,18,data\scenes\gacs_movie_trailers_04_x_me3xsv_scene_08.jpg,fixed_8s_opencv
9,gacs_movie_trailers_04_x_me3xsv.mp4,120.0,124.79132525645178,4.791325256451785,11,data\scenes\gacs_movie_trailers_04_x_me3xsv_scene_09.jpg,fixed_8s_opencv
0,gacs_advertisements_03_9Bo2OIxp.mp4,0.0,8.0,8.0,16,data\scenes\gacs_advertisements_03_9Bo2OIxp_scene_00.jpg,fixed_8s_opencv
1,gacs_advertisements_03_9Bo2OIxp.mp4,8.0,16.0,8.0,16,data\scenes\gacs_advertisements_03_9Bo2OIxp_scene_01.jpg,fixed_8s_opencv
2,gacs_advertisements_03_9Bo2OIxp.mp4,16.0,24.0,8.0,16,data\scenes\gacs_advertisements_03_9Bo2OIxp_scene_02.jpg,fixed_8s_opencv
3,gacs_advertisements_03_9Bo2OIxp.mp4,24.0,32.0,8.0,16,data\scenes\gacs_advertisements_03_9Bo2OIxp_scene_03.jpg,fixed_8s_opencv
4,gacs_advertisements_03_9Bo2OIxp.mp4,32.0,40.0,8.0,16,data\scenes\gacs_advertisements_03_9Bo2OIxp_scene_04.jpg,fixed_8s_opencv
5,gacs_advertisements_03_9Bo2OIxp.mp4,40.0,48.0,8.0,16,data\scenes\gacs_advertisements_03_9Bo2OIxp_scene_05.jpg,fixed_8s_opencv
6,gacs_advertisements_03_9Bo2OIxp.mp4,48.0,56.0,8.0,16,data\scenes\gacs_advertisements_03_9Bo2OIxp_scene_06.jpg,fixed_8s_opencv
7,gacs_advertisements_03_9Bo2OIxp.mp4,56.0,64.0,8.0,16,data\scenes\gacs_advertisements_03_9Bo2OIxp_scene_07.jpg,fixed_8s_opencv
8,gacs_advertisements_03_9Bo2OIxp.mp4,64.0,72.0,8.0,16,data\scenes\gacs_advertisements_03_9Bo2OIxp_scene_08.jpg,fixed_8s_opencv
9,gacs_advertisements_03_9Bo2OIxp.mp4,72.0,80.0,8.0,16,data\scenes\gacs_advertisements_03_9Bo2OIxp_scene_09.jpg,fixed_8s_opencv
10,gacs_advertisements_03_9Bo2OIxp.mp4,80.0,88.0,8.0,16,data\scenes\gacs_advertisements_03_9Bo2OIxp_scene_10.jpg,fixed_8s_opencv
11,gacs_advertisements_03_9Bo2OIxp.mp4,88.0,96.0,8.0,16,data\scenes\gacs_advertisements_03_9Bo2OIxp_scene_11.jpg,fixed_8s_opencv
12,gacs_advertisements_03_9Bo2OIxp.mp4,96.0,99.5,3.5,8,data\scenes\gacs_advertisements_03_9Bo2OIxp_scene_12.jpg,fixed_8s_opencv
0,gacs_emotional_shorts_03_KnEBs_-j.mp4,0.0,8.0,8.0,18,data\scenes\gacs_emotional_shorts_03_KnEBs_-j_scene_00.jpg,fixed_8s_opencv
1,gacs_emotional_shorts_03_KnEBs_-j.mp4,8.0,16.0,8.0,17,data\scenes\gacs_emotional_shorts_03_KnEBs_-j_scene_01.jpg,fixed_8s_opencv
2,gacs_emotional_shorts_03_KnEBs_-j.mp4,16.0,24.0,8.0,17,data\scenes\gacs_emotional_shorts_03_KnEBs_-j_scene_02.jpg,fixed_8s_opencv
3,gacs_emotional_shorts_03_KnEBs_-j.mp4,24.0,32.0,8.0,17,data\scenes\gacs_emotional_shorts_03_KnEBs_-j_scene_03.jpg,fixed_8s_opencv
4,gacs_emotional_shorts_03_KnEBs_-j.mp4,32.0,40.0,8.0,17,data\scenes\gacs_emotional_shorts_03_KnEBs_-j_scene_04.jpg,fixed_8s_opencv
5,gacs_emotional_shorts_03_KnEBs_-j.mp4,40.0,48.0,8.0,17,data\scenes\gacs_emotional_shorts_03_KnEBs_-j_scene_05.jpg,fixed_8s_opencv
6,gacs_emotional_shorts_03_KnEBs_-j.mp4,48.0,49.983266666666665,1.9832666666666647,5,data\scenes\gacs_emotional_shorts_03_KnEBs_-j_scene_06.jpg,fixed_8s_opencv
0,gacs_emotional_shorts_04_fz6ylIim.mp4,0.0,8.0,8.0,17,data\scenes\gacs_emotional_shorts_04_fz6ylIim_scene_00.jpg,fixed_8s_opencv
1,gacs_emotional_shorts_04_fz6ylIim.mp4,8.0,16.0,8.0,17,data\scenes\gacs_emotional_shorts_04_fz6ylIim_scene_01.jpg,fixed_8s_opencv
2,gacs_emotional_shorts_04_fz6ylIim.mp4,16.0,24.0,8.0,16,data\scenes\gacs_emotional_shorts_04_fz6ylIim_scene_02.jpg,fixed_8s_opencv
3,gacs_emotional_shorts_04_fz6ylIim.mp4,24.0,32.0,8.0,17,data\scenes\gacs_emotional_shorts_04_fz6ylIim_scene_03.jpg,fixed_8s_opencv
4,gacs_emotional_shorts_04_fz6ylIim.mp4,32.0,40.0,8.0,17,data\scenes\gacs_emotional_shorts_04_fz6ylIim_scene_04.jpg,fixed_8s_opencv
5,gacs_emotional_shorts_04_fz6ylIim.mp4,40.0,48.0,8.0,16,data\scenes\gacs_emotional_shorts_04_fz6ylIim_scene_05.jpg,fixed_8s_opencv
6,gacs_emotional_shorts_04_fz6ylIim.mp4,48.0,56.0,8.0,17,data\scenes\gacs_emotional_shorts_04_fz6ylIim_scene_06.jpg,fixed_8s_opencv
7,gacs_emotional_shorts_04_fz6ylIim.mp4,56.0,64.0,8.0,17,data\scenes\gacs_emotional_shorts_04_fz6ylIim_scene_07.jpg,fixed_8s_opencv
8,gacs_emotional_shorts_04_fz6ylIim.mp4,64.0,72.0,8.0,16,data\scenes\gacs_emotional_shorts_04_fz6ylIim_scene_08.jpg,fixed_8s_opencv
9,gacs_emotional_shorts_04_fz6ylIim.mp4,72.0,80.0,8.0,17,data\scenes\gacs_emotional_shorts_04_fz6ylIim_scene_09.jpg,fixed_8s_opencv
10,gacs_emotional_shorts_04_fz6ylIim.mp4,80.0,88.0,8.0,17,data\scenes\gacs_emotional_shorts_04_fz6ylIim_scene_10.jpg,fixed_8s_opencv
11,gacs_emotional_shorts_04_fz6ylIim.mp4,88.0,96.0,8.0,16,data\scenes\gacs_emotional_shorts_04_fz6ylIim_scene_11.jpg,fixed_8s_opencv
12,gacs_emotional_shorts_04_fz6ylIim.mp4,96.0,104.0,8.0,17,data\scenes\gacs_emotional_shorts_04_fz6ylIim_scene_12.jpg,fixed_8s_opencv
13,gacs_emotional_shorts_04_fz6ylIim.mp4,104.0,112.0,8.0,17,data\scenes\gacs_emotional_shorts_04_fz6ylIim_scene_13.jpg,fixed_8s_opencv
14,gacs_emotional_shorts_04_fz6ylIim.mp4,112.0,119.52,7.519999999999996,16,data\scenes\gacs_emotional_shorts_04_fz6ylIim_scene_14.jpg,fixed_8s_opencv
0,gacs_movie_trailers_00_Way9Dexn.mp4,0.0,8.0,8.0,18,data\scenes\gacs_movie_trailers_00_Way9Dexn_scene_00.jpg,fixed_8s_opencv
1,gacs_movie_trailers_00_Way9Dexn.mp4,8.0,16.0,8.0,17,data\scenes\gacs_movie_trailers_00_Way9Dexn_scene_01.jpg,fixed_8s_opencv
2,gacs_movie_trailers_00_Way9Dexn.mp4,16.0,24.0,8.0,18,data\scenes\gacs_movie_trailers_00_Way9Dexn_scene_02.jpg,fixed_8s_opencv
3,gacs_movie_trailers_00_Way9Dexn.mp4,24.0,32.0,8.0,17,data\scenes\gacs_movie_trailers_00_Way9Dexn_scene_03.jpg,fixed_8s_opencv
4,gacs_movie_trailers_00_Way9Dexn.mp4,32.0,40.0,8.0,18,data\scenes\gacs_movie_trailers_00_Way9Dexn_scene_04.jpg,fixed_8s_opencv
5,gacs_movie_trailers_00_Way9Dexn.mp4,40.0,48.0,8.0,17,data\scenes\gacs_movie_trailers_00_Way9Dexn_scene_05.jpg,fixed_8s_opencv
6,gacs_movie_trailers_00_Way9Dexn.mp4,48.0,56.0,8.0,18,data\scenes\gacs_movie_trailers_00_Way9Dexn_scene_06.jpg,fixed_8s_opencv
7,gacs_movie_trailers_00_Way9Dexn.mp4,56.0,64.0,8.0,17,data\scenes\gacs_movie_trailers_00_Way9Dexn_scene_07.jpg,fixed_8s_opencv
8,gacs_movie_trailers_00_Way9Dexn.mp4,64.0,72.0,8.0,17,data\scenes\gacs_movie_trailers_00_Way9Dexn_scene_08.jpg,fixed_8s_opencv
9,gacs_movie_trailers_00_Way9Dexn.mp4,72.0,80.0,8.0,18,data\scenes\gacs_movie_trailers_00_Way9Dexn_scene_09.jpg,fixed_8s_opencv
10,gacs_movie_trailers_00_Way9Dexn.mp4,80.0,88.0,8.0,17,data\scenes\gacs_movie_trailers_00_Way9Dexn_scene_10.jpg,fixed_8s_opencv
11,gacs_movie_trailers_00_Way9Dexn.mp4,88.0,96.0,8.0,18,data\scenes\gacs_movie_trailers_00_Way9Dexn_scene_11.jpg,fixed_8s_opencv
12,gacs_movie_trailers_00_Way9Dexn.mp4,104.0,112.0,8.0,18,data\scenes\gacs_movie_trailers_00_Way9Dexn_scene_12.jpg,fixed_8s_opencv
13,gacs_movie_trailers_00_Way9Dexn.mp4,112.0,120.0,8.0,17,data\scenes\gacs_movie_trailers_00_Way9Dexn_scene_13.jpg,fixed_8s_opencv
14,gacs_movie_trailers_00_Way9Dexn.mp4,120.0,124.79132371399176,4.791323713991773,11,data\scenes\gacs_movie_trailers_00_Way9Dexn_scene_14.jpg,fixed_8s_opencv
0,gacs_movie_trailers_02_wxN1T1ux.mp4,0.0,8.0,8.0,18,data\scenes\gacs_movie_trailers_02_wxN1T1ux_scene_00.jpg,fixed_8s_opencv
1,gacs_movie_trailers_02_wxN1T1ux.mp4,8.0,16.0,8.0,17,data\scenes\gacs_movie_trailers_02_wxN1T1ux_scene_01.jpg,fixed_8s_opencv
2,gacs_movie_trailers_02_wxN1T1ux.mp4,16.0,24.0,8.0,18,data\scenes\gacs_movie_trailers_02_wxN1T1ux_scene_02.jpg,fixed_8s_opencv
3,gacs_movie_trailers_02_wxN1T1ux.mp4,24.0,32.0,8.0,17,data\scenes\gacs_movie_trailers_02_wxN1T1ux_scene_03.jpg,fixed_8s_opencv
4,gacs_movie_trailers_02_wxN1T1ux.mp4,32.0,40.0,8.0,18,data\scenes\gacs_movie_trailers_02_wxN1T1ux_scene_04.jpg,fixed_8s_opencv
5,gacs_movie_trailers_02_wxN1T1ux.mp4,40.0,48.0,8.0,17,data\scenes\gacs_movie_trailers_02_wxN1T1ux_scene_05.jpg,fixed_8s_opencv
6,gacs_movie_trailers_02_wxN1T1ux.mp4,48.0,56.0,8.0,18,data\scenes\gacs_movie_trailers_02_wxN1T1ux_scene_06.jpg,fixed_8s_opencv
7,gacs_movie_trailers_02_wxN1T1ux.mp4,56.0,64.0,8.0,17,data\scenes\gacs_movie_trailers_02_wxN1T1ux_scene_07.jpg,fixed_8s_opencv
8,gacs_movie_trailers_02_wxN1T1ux.mp4,72.0,80.0,8.0,18,data\scenes\gacs_movie_trailers_02_wxN1T1ux_scene_08.jpg,fixed_8s_opencv
9,gacs_movie_trailers_02_wxN1T1ux.mp4,88.0,96.0,8.0,18,data\scenes\gacs_movie_trailers_02_wxN1T1ux_scene_09.jpg,fixed_8s_opencv
10,gacs_movie_trailers_02_wxN1T1ux.mp4,96.0,104.0,8.0,17,data\scenes\gacs_movie_trailers_02_wxN1T1ux_scene_10.jpg,fixed_8s_opencv
11,gacs_movie_trailers_02_wxN1T1ux.mp4,112.0,120.0,8.0,17,data\scenes\gacs_movie_trailers_02_wxN1T1ux_scene_11.jpg,fixed_8s_opencv
0,gacs_movie_trailers_03_GY4BgdUS.mp4,8.0,16.0,8.0,16,data\scenes\gacs_movie_trailers_03_GY4BgdUS_scene_00.jpg,fixed_8s_opencv
1,gacs_movie_trailers_03_GY4BgdUS.mp4,16.0,24.0,8.0,16,data\scenes\gacs_movie_trailers_03_GY4BgdUS_scene_01.jpg,fixed_8s_opencv
2,gacs_movie_trailers_03_GY4BgdUS.mp4,24.0,32.0,8.0,16,data\scenes\gacs_movie_trailers_03_GY4BgdUS_scene_02.jpg,fixed_8s_opencv
3,gacs_movie_trailers_03_GY4BgdUS.mp4,32.0,40.0,8.0,16,data\scenes\gacs_movie_trailers_03_GY4BgdUS_scene_03.jpg,fixed_8s_opencv
4,gacs_movie_trailers_03_GY4BgdUS.mp4,40.0,48.0,8.0,16,data\scenes\gacs_movie_trailers_03_GY4BgdUS_scene_04.jpg,fixed_8s_opencv
5,gacs_movie_trailers_03_GY4BgdUS.mp4,48.0,56.0,8.0,16,data\scenes\gacs_movie_trailers_03_GY4BgdUS_scene_05.jpg,fixed_8s_opencv
6,gacs_movie_trailers_03_GY4BgdUS.mp4,56.0,64.0,8.0,16,data\scenes\gacs_movie_trailers_03_GY4BgdUS_scene_06.jpg,fixed_8s_opencv
7,gacs_movie_trailers_03_GY4BgdUS.mp4,64.0,72.0,8.0,16,data\scenes\gacs_movie_trailers_03_GY4BgdUS_scene_07.jpg,fixed_8s_opencv
8,gacs_movie_trailers_03_GY4BgdUS.mp4,72.0,80.0,8.0,16,data\scenes\gacs_movie_trailers_03_GY4BgdUS_scene_08.jpg,fixed_8s_opencv
9,gacs_movie_trailers_03_GY4BgdUS.mp4,80.0,88.0,8.0,16,data\scenes\gacs_movie_trailers_03_GY4BgdUS_scene_09.jpg,fixed_8s_opencv
10,gacs_movie_trailers_03_GY4BgdUS.mp4,88.0,96.0,8.0,16,data\scenes\gacs_movie_trailers_03_GY4BgdUS_scene_10.jpg,fixed_8s_opencv
11,gacs_movie_trailers_03_GY4BgdUS.mp4,96.0,104.0,8.0,16,data\scenes\gacs_movie_trailers_03_GY4BgdUS_scene_11.jpg,fixed_8s_opencv
12,gacs_movie_trailers_03_GY4BgdUS.mp4,112.0,120.0,8.0,16,data\scenes\gacs_movie_trailers_03_GY4BgdUS_scene_12.jpg,fixed_8s_opencv
13,gacs_movie_trailers_03_GY4BgdUS.mp4,120.0,124.5,4.5,10,data\scenes\gacs_movie_trailers_03_GY4BgdUS_scene_13.jpg,fixed_8s_opencv
0,gacs_advertisements_00_-P6q0A9K.mp4,0.0,8.0,8.0,17,data\scenes\gacs_advertisements_00_-P6q0A9K_scene_00.jpg,fixed_8s_opencv
1,gacs_advertisements_00_-P6q0A9K.mp4,8.0,16.0,8.0,17,data\scenes\gacs_advertisements_00_-P6q0A9K_scene_01.jpg,fixed_8s_opencv
2,gacs_advertisements_00_-P6q0A9K.mp4,16.0,24.0,8.0,16,data\scenes\gacs_advertisements_00_-P6q0A9K_scene_02.jpg,fixed_8s_opencv
3,gacs_advertisements_00_-P6q0A9K.mp4,32.0,40.0,8.0,17,data\scenes\gacs_advertisements_00_-P6q0A9K_scene_03.jpg,fixed_8s_opencv
4,gacs_advertisements_00_-P6q0A9K.mp4,40.0,48.0,8.0,16,data\scenes\gacs_advertisements_00_-P6q0A9K_scene_04.jpg,fixed_8s_opencv
5,gacs_advertisements_00_-P6q0A9K.mp4,48.0,56.0,8.0,17,data\scenes\gacs_advertisements_00_-P6q0A9K_scene_05.jpg,fixed_8s_opencv
6,gacs_advertisements_00_-P6q0A9K.mp4,56.0,64.0,8.0,17,data\scenes\gacs_advertisements_00_-P6q0A9K_scene_06.jpg,fixed_8s_opencv
7,gacs_advertisements_00_-P6q0A9K.mp4,64.0,72.0,8.0,16,data\scenes\gacs_advertisements_00_-P6q0A9K_scene_07.jpg,fixed_8s_opencv
8,gacs_advertisements_00_-P6q0A9K.mp4,72.0,80.0,8.0,17,data\scenes\gacs_advertisements_00_-P6q0A9K_scene_08.jpg,fixed_8s_opencv
9,gacs_advertisements_00_-P6q0A9K.mp4,80.0,88.0,8.0,17,data\scenes\gacs_advertisements_00_-P6q0A9K_scene_09.jpg,fixed_8s_opencv
10,gacs_advertisements_00_-P6q0A9K.mp4,88.0,96.0,8.0,16,data\scenes\gacs_advertisements_00_-P6q0A9K_scene_10.jpg,fixed_8s_opencv
11,gacs_advertisements_00_-P6q0A9K.mp4,104.0,112.0,8.0,17,data\scenes\gacs_advertisements_00_-P6q0A9K_scene_11.jpg,fixed_8s_opencv
12,gacs_advertisements_00_-P6q0A9K.mp4,112.0,119.52,7.519999999999996,16,data\scenes\gacs_advertisements_00_-P6q0A9K_scene_12.jpg,fixed_8s_opencv
0,gacs_advertisements_01_aDoT6K3B.mp4,24.0,32.0,8.0,17,data\scenes\gacs_advertisements_01_aDoT6K3B_scene_00.jpg,fixed_8s_opencv
1,gacs_advertisements_01_aDoT6K3B.mp4,32.0,40.0,8.0,18,data\scenes\gacs_advertisements_01_aDoT6K3B_scene_01.jpg,fixed_8s_opencv
2,gacs_advertisements_01_aDoT6K3B.mp4,40.0,48.0,8.0,17,data\scenes\gacs_advertisements_01_aDoT6K3B_scene_02.jpg,fixed_8s_opencv
3,gacs_advertisements_01_aDoT6K3B.mp4,48.0,56.0,8.0,18,data\scenes\gacs_advertisements_01_aDoT6K3B_scene_03.jpg,fixed_8s_opencv
4,gacs_advertisements_01_aDoT6K3B.mp4,56.0,64.0,8.0,17,data\scenes\gacs_advertisements_01_aDoT6K3B_scene_04.jpg,fixed_8s_opencv
5,gacs_advertisements_01_aDoT6K3B.mp4,64.0,72.0,8.0,17,data\scenes\gacs_advertisements_01_aDoT6K3B_scene_05.jpg,fixed_8s_opencv
6,gacs_advertisements_01_aDoT6K3B.mp4,72.0,80.0,8.0,18,data\scenes\gacs_advertisements_01_aDoT6K3B_scene_06.jpg,fixed_8s_opencv
0,gacs_animations_03_f_fuHRyQ.mp4,16.0,24.0,8.0,16,data\scenes\gacs_animations_03_f_fuHRyQ_scene_00.jpg,fixed_8s_opencv
1,gacs_animations_03_f_fuHRyQ.mp4,40.0,48.0,8.0,16,data\scenes\gacs_animations_03_f_fuHRyQ_scene_01.jpg,fixed_8s_opencv
2,gacs_animations_03_f_fuHRyQ.mp4,48.0,56.0,8.0,16,data\scenes\gacs_animations_03_f_fuHRyQ_scene_02.jpg,fixed_8s_opencv
3,gacs_animations_03_f_fuHRyQ.mp4,56.0,64.0,8.0,16,data\scenes\gacs_animations_03_f_fuHRyQ_scene_03.jpg,fixed_8s_opencv
4,gacs_animations_03_f_fuHRyQ.mp4,64.0,72.0,8.0,16,data\scenes\gacs_animations_03_f_fuHRyQ_scene_04.jpg,fixed_8s_opencv
5,gacs_animations_03_f_fuHRyQ.mp4,72.0,80.0,8.0,16,data\scenes\gacs_animations_03_f_fuHRyQ_scene_05.jpg,fixed_8s_opencv
6,gacs_animations_03_f_fuHRyQ.mp4,80.0,88.0,8.0,16,data\scenes\gacs_animations_03_f_fuHRyQ_scene_06.jpg,fixed_8s_opencv
7,gacs_animations_03_f_fuHRyQ.mp4,88.0,96.0,8.0,16,data\scenes\gacs_animations_03_f_fuHRyQ_scene_07.jpg,fixed_8s_opencv
8,gacs_animations_03_f_fuHRyQ.mp4,96.0,104.0,8.0,16,data\scenes\gacs_animations_03_f_fuHRyQ_scene_08.jpg,fixed_8s_opencv
9,gacs_animations_03_f_fuHRyQ.mp4,104.0,112.0,8.0,16,data\scenes\gacs_animations_03_f_fuHRyQ_scene_09.jpg,fixed_8s_opencv
10,gacs_animations_03_f_fuHRyQ.mp4,112.0,120.0,8.0,16,data\scenes\gacs_animations_03_f_fuHRyQ_scene_10.jpg,fixed_8s_opencv
0,gacs_emotional_shorts_01_ShIa60uL.mp4,0.0,8.0,8.0,18,data\scenes\gacs_emotional_shorts_01_ShIa60uL_scene_00.jpg,fixed_8s_opencv
1,gacs_emotional_shorts_01_ShIa60uL.mp4,8.0,16.0,8.0,17,data\scenes\gacs_emotional_shorts_01_ShIa60uL_scene_01.jpg,fixed_8s_opencv
2,gacs_emotional_shorts_01_ShIa60uL.mp4,16.0,24.0,8.0,17,data\scenes\gacs_emotional_shorts_01_ShIa60uL_scene_02.jpg,fixed_8s_opencv
3,gacs_emotional_shorts_01_ShIa60uL.mp4,24.0,32.0,8.0,17,data\scenes\gacs_emotional_shorts_01_ShIa60uL_scene_03.jpg,fixed_8s_opencv
4,gacs_emotional_shorts_01_ShIa60uL.mp4,32.0,40.0,8.0,17,data\scenes\gacs_emotional_shorts_01_ShIa60uL_scene_04.jpg,fixed_8s_opencv
5,gacs_emotional_shorts_01_ShIa60uL.mp4,40.0,48.0,8.0,17,data\scenes\gacs_emotional_shorts_01_ShIa60uL_scene_05.jpg,fixed_8s_opencv
6,gacs_emotional_shorts_01_ShIa60uL.mp4,48.0,56.0,8.0,17,data\scenes\gacs_emotional_shorts_01_ShIa60uL_scene_06.jpg,fixed_8s_opencv
7,gacs_emotional_shorts_01_ShIa60uL.mp4,56.0,64.0,8.0,18,data\scenes\gacs_emotional_shorts_01_ShIa60uL_scene_07.jpg,fixed_8s_opencv
8,gacs_emotional_shorts_01_ShIa60uL.mp4,64.0,72.0,8.0,17,data\scenes\gacs_emotional_shorts_01_ShIa60uL_scene_08.jpg,fixed_8s_opencv
9,gacs_emotional_shorts_01_ShIa60uL.mp4,72.0,80.0,8.0,17,data\scenes\gacs_emotional_shorts_01_ShIa60uL_scene_09.jpg,fixed_8s_opencv
10,gacs_emotional_shorts_01_ShIa60uL.mp4,80.0,88.0,8.0,17,data\scenes\gacs_emotional_shorts_01_ShIa60uL_scene_10.jpg,fixed_8s_opencv
11,gacs_emotional_shorts_01_ShIa60uL.mp4,88.0,96.0,8.0,17,data\scenes\gacs_emotional_shorts_01_ShIa60uL_scene_11.jpg,fixed_8s_opencv
12,gacs_emotional_shorts_01_ShIa60uL.mp4,96.0,99.96653333333332,3.966533333333331,9,data\scenes\gacs_emotional_shorts_01_ShIa60uL_scene_12.jpg,fixed_8s_opencv
0,gacs_emotional_shorts_02_VSj0URO1.mp4,0.0,8.0,8.0,18,data\scenes\gacs_emotional_shorts_02_VSj0URO1_scene_00.jpg,fixed_8s_opencv
1,gacs_emotional_shorts_02_VSj0URO1.mp4,8.0,16.0,8.0,17,data\scenes\gacs_emotional_shorts_02_VSj0URO1_scene_01.jpg,fixed_8s_opencv
2,gacs_emotional_shorts_02_VSj0URO1.mp4,16.0,24.0,8.0,17,data\scenes\gacs_emotional_shorts_02_VSj0URO1_scene_02.jpg,fixed_8s_opencv
3,gacs_emotional_shorts_02_VSj0URO1.mp4,24.0,32.0,8.0,17,data\scenes\gacs_emotional_shorts_02_VSj0URO1_scene_03.jpg,fixed_8s_opencv
4,gacs_emotional_shorts_02_VSj0URO1.mp4,32.0,40.0,8.0,17,data\scenes\gacs_emotional_shorts_02_VSj0URO1_scene_04.jpg,fixed_8s_opencv
5,gacs_emotional_shorts_02_VSj0URO1.mp4,40.0,48.0,8.0,17,data\scenes\gacs_emotional_shorts_02_VSj0URO1_scene_05.jpg,fixed_8s_opencv
6,gacs_emotional_shorts_02_VSj0URO1.mp4,48.0,56.0,8.0,17,data\scenes\gacs_emotional_shorts_02_VSj0URO1_scene_06.jpg,fixed_8s_opencv
7,gacs_emotional_shorts_02_VSj0URO1.mp4,56.0,64.0,8.0,18,data\scenes\gacs_emotional_shorts_02_VSj0URO1_scene_07.jpg,fixed_8s_opencv
8,gacs_emotional_shorts_02_VSj0URO1.mp4,64.0,72.0,8.0,17,data\scenes\gacs_emotional_shorts_02_VSj0URO1_scene_08.jpg,fixed_8s_opencv
9,gacs_emotional_shorts_02_VSj0URO1.mp4,72.0,80.0,8.0,17,data\scenes\gacs_emotional_shorts_02_VSj0URO1_scene_09.jpg,fixed_8s_opencv
10,gacs_emotional_shorts_02_VSj0URO1.mp4,80.0,88.0,8.0,17,data\scenes\gacs_emotional_shorts_02_VSj0URO1_scene_10.jpg,fixed_8s_opencv
11,gacs_emotional_shorts_02_VSj0URO1.mp4,88.0,96.0,8.0,17,data\scenes\gacs_emotional_shorts_02_VSj0URO1_scene_11.jpg,fixed_8s_opencv
12,gacs_emotional_shorts_02_VSj0URO1.mp4,96.0,99.96653333333332,3.966533333333331,9,data\scenes\gacs_emotional_shorts_02_VSj0URO1_scene_12.jpg,fixed_8s_opencv
0,gacs_emotional_shorts_04_2SP-7Nm1.mp4,0.0,8.0,8.0,18,data\scenes\gacs_emotional_shorts_04_2SP-7Nm1_scene_00.jpg,fixed_8s_opencv
1,gacs_emotional_shorts_04_2SP-7Nm1.mp4,8.0,16.0,8.0,17,data\scenes\gacs_emotional_shorts_04_2SP-7Nm1_scene_01.jpg,fixed_8s_opencv
2,gacs_emotional_shorts_04_2SP-7Nm1.mp4,16.0,24.0,8.0,17,data\scenes\gacs_emotional_shorts_04_2SP-7Nm1_scene_02.jpg,fixed_8s_opencv
3,gacs_emotional_shorts_04_2SP-7Nm1.mp4,24.0,32.0,8.0,17,data\scenes\gacs_emotional_shorts_04_2SP-7Nm1_scene_03.jpg,fixed_8s_opencv
4,gacs_emotional_shorts_04_2SP-7Nm1.mp4,32.0,38.30493333333333,6.304933333333331,14,data\scenes\gacs_emotional_shorts_04_2SP-7Nm1_scene_04.jpg,fixed_8s_opencv
0,gacs_movie_trailers_00_vt98AlBD.mp4,0.0,8.0,8.0,18,data\scenes\gacs_movie_trailers_00_vt98AlBD_scene_00.jpg,fixed_8s_opencv
1,gacs_movie_trailers_00_vt98AlBD.mp4,24.0,32.0,8.0,17,data\scenes\gacs_movie_trailers_00_vt98AlBD_scene_01.jpg,fixed_8s_opencv
2,gacs_movie_trailers_00_vt98AlBD.mp4,40.0,48.0,8.0,17,data\scenes\gacs_movie_trailers_00_vt98AlBD_scene_02.jpg,fixed_8s_opencv
3,gacs_movie_trailers_00_vt98AlBD.mp4,72.0,80.0,8.0,18,data\scenes\gacs_movie_trailers_00_vt98AlBD_scene_03.jpg,fixed_8s_opencv
4,gacs_movie_trailers_00_vt98AlBD.mp4,88.0,96.0,8.0,18,data\scenes\gacs_movie_trailers_00_vt98AlBD_scene_04.jpg,fixed_8s_opencv
5,gacs_movie_trailers_00_vt98AlBD.mp4,96.0,104.0,8.0,17,data\scenes\gacs_movie_trailers_00_vt98AlBD_scene_05.jpg,fixed_8s_opencv
6,gacs_movie_trailers_00_vt98AlBD.mp4,104.0,112.0,8.0,18,data\scenes\gacs_movie_trailers_00_vt98AlBD_scene_06.jpg,fixed_8s_opencv
7,gacs_movie_trailers_00_vt98AlBD.mp4,120.0,124.791327076537,4.7913270765370015,11,data\scenes\gacs_movie_trailers_00_vt98AlBD_scene_07.jpg,fixed_8s_opencv
0,gacs_movie_trailers_03_xg88QIaj.mp4,0.0,8.0,8.0,16,data\scenes\gacs_movie_trailers_03_xg88QIaj_scene_00.jpg,fixed_8s_opencv
1,gacs_movie_trailers_03_xg88QIaj.mp4,8.0,16.0,8.0,16,data\scenes\gacs_movie_trailers_03_xg88QIaj_scene_01.jpg,fixed_8s_opencv
2,gacs_movie_trailers_03_xg88QIaj.mp4,16.0,24.0,8.0,16,data\scenes\gacs_movie_trailers_03_xg88QIaj_scene_02.jpg,fixed_8s_opencv
3,gacs_movie_trailers_03_xg88QIaj.mp4,24.0,32.0,8.0,16,data\scenes\gacs_movie_trailers_03_xg88QIaj_scene_03.jpg,fixed_8s_opencv
4,gacs_movie_trailers_03_xg88QIaj.mp4,32.0,40.0,8.0,16,data\scenes\gacs_movie_trailers_03_xg88QIaj_scene_04.jpg,fixed_8s_opencv
5,gacs_movie_trailers_03_xg88QIaj.mp4,40.0,48.0,8.0,16,data\scenes\gacs_movie_trailers_03_xg88QIaj_scene_05.jpg,fixed_8s_opencv
6,gacs_movie_trailers_03_xg88QIaj.mp4,48.0,56.0,8.0,16,data\scenes\gacs_movie_trailers_03_xg88QIaj_scene_06.jpg,fixed_8s_opencv
7,gacs_movie_trailers_03_xg88QIaj.mp4,56.0,64.0,8.0,16,data\scenes\gacs_movie_trailers_03_xg88QIaj_scene_07.jpg,fixed_8s_opencv
8,gacs_movie_trailers_03_xg88QIaj.mp4,64.0,72.0,8.0,16,data\scenes\gacs_movie_trailers_03_xg88QIaj_scene_08.jpg,fixed_8s_opencv
9,gacs_movie_trailers_03_xg88QIaj.mp4,72.0,80.0,8.0,16,data\scenes\gacs_movie_trailers_03_xg88QIaj_scene_09.jpg,fixed_8s_opencv
10,gacs_movie_trailers_03_xg88QIaj.mp4,80.0,88.0,8.0,16,data\scenes\gacs_movie_trailers_03_xg88QIaj_scene_10.jpg,fixed_8s_opencv
11,gacs_movie_trailers_03_xg88QIaj.mp4,88.0,96.0,8.0,16,data\scenes\gacs_movie_trailers_03_xg88QIaj_scene_11.jpg,fixed_8s_opencv
12,gacs_movie_trailers_03_xg88QIaj.mp4,96.0,99.5,3.5,8,data\scenes\gacs_movie_trailers_03_xg88QIaj_scene_12.jpg,fixed_8s_opencv
0,gacs_advertisements_01_gl2tglNL.mp4,16.0,24.0,8.0,16,data\scenes\gacs_advertisements_01_gl2tglNL_scene_00.jpg,fixed_8s_opencv
1,gacs_advertisements_01_gl2tglNL.mp4,24.0,32.0,8.0,16,data\scenes\gacs_advertisements_01_gl2tglNL_scene_01.jpg,fixed_8s_opencv
2,gacs_advertisements_01_gl2tglNL.mp4,32.0,40.0,8.0,16,data\scenes\gacs_advertisements_01_gl2tglNL_scene_02.jpg,fixed_8s_opencv
3,gacs_advertisements_01_gl2tglNL.mp4,48.0,56.0,8.0,16,data\scenes\gacs_advertisements_01_gl2tglNL_scene_03.jpg,fixed_8s_opencv
4,gacs_advertisements_01_gl2tglNL.mp4,64.0,72.0,8.0,16,data\scenes\gacs_advertisements_01_gl2tglNL_scene_04.jpg,fixed_8s_opencv
5,gacs_advertisements_01_gl2tglNL.mp4,72.0,80.0,8.0,16,data\scenes\gacs_advertisements_01_gl2tglNL_scene_05.jpg,fixed_8s_opencv
0,gacs_advertisements_03_Uoj6rlUk.mp4,0.0,8.0,8.0,17,data\scenes\gacs_advertisements_03_Uoj6rlUk_scene_00.jpg,fixed_8s_opencv
1,gacs_advertisements_03_Uoj6rlUk.mp4,8.0,16.0,8.0,17,data\scenes\gacs_advertisements_03_Uoj6rlUk_scene_01.jpg,fixed_8s_opencv
2,gacs_advertisements_03_Uoj6rlUk.mp4,16.0,24.0,8.0,16,data\scenes\gacs_advertisements_03_Uoj6rlUk_scene_02.jpg,fixed_8s_opencv
3,gacs_advertisements_03_Uoj6rlUk.mp4,24.0,32.0,8.0,17,data\scenes\gacs_advertisements_03_Uoj6rlUk_scene_03.jpg,fixed_8s_opencv
4,gacs_advertisements_03_Uoj6rlUk.mp4,32.0,40.0,8.0,17,data\scenes\gacs_advertisements_03_Uoj6rlUk_scene_04.jpg,fixed_8s_opencv
5,gacs_advertisements_03_Uoj6rlUk.mp4,40.0,48.0,8.0,16,data\scenes\gacs_advertisements_03_Uoj6rlUk_scene_05.jpg,fixed_8s_opencv
6,gacs_advertisements_03_Uoj6rlUk.mp4,48.0,56.0,8.0,17,data\scenes\gacs_advertisements_03_Uoj6rlUk_scene_06.jpg,fixed_8s_opencv
7,gacs_advertisements_03_Uoj6rlUk.mp4,56.0,64.0,8.0,17,data\scenes\gacs_advertisements_03_Uoj6rlUk_scene_07.jpg,fixed_8s_opencv
8,gacs_advertisements_03_Uoj6rlUk.mp4,64.0,72.0,8.0,16,data\scenes\gacs_advertisements_03_Uoj6rlUk_scene_08.jpg,fixed_8s_opencv
9,gacs_advertisements_03_Uoj6rlUk.mp4,72.0,80.0,8.0,17,data\scenes\gacs_advertisements_03_Uoj6rlUk_scene_09.jpg,fixed_8s_opencv
10,gacs_advertisements_03_Uoj6rlUk.mp4,80.0,88.0,8.0,17,data\scenes\gacs_advertisements_03_Uoj6rlUk_scene_10.jpg,fixed_8s_opencv
11,gacs_advertisements_03_Uoj6rlUk.mp4,88.0,91.68,3.680000000000007,8,data\scenes\gacs_advertisements_03_Uoj6rlUk_scene_11.jpg,fixed_8s_opencv
0,gacs_advertisements_04_dGFPi5sZ.mp4,0.0,8.0,8.0,18,data\scenes\gacs_advertisements_04_dGFPi5sZ_scene_00.jpg,fixed_8s_opencv
1,gacs_advertisements_04_dGFPi5sZ.mp4,8.0,16.0,8.0,17,data\scenes\gacs_advertisements_04_dGFPi5sZ_scene_01.jpg,fixed_8s_opencv
2,gacs_advertisements_04_dGFPi5sZ.mp4,16.0,24.0,8.0,17,data\scenes\gacs_advertisements_04_dGFPi5sZ_scene_02.jpg,fixed_8s_opencv
3,gacs_advertisements_04_dGFPi5sZ.mp4,24.0,32.0,8.0,17,data\scenes\gacs_advertisements_04_dGFPi5sZ_scene_03.jpg,fixed_8s_opencv
4,gacs_advertisements_04_dGFPi5sZ.mp4,32.0,40.0,8.0,17,data\scenes\gacs_advertisements_04_dGFPi5sZ_scene_04.jpg,fixed_8s_opencv
5,gacs_advertisements_04_dGFPi5sZ.mp4,40.0,48.0,8.0,17,data\scenes\gacs_advertisements_04_dGFPi5sZ_scene_05.jpg,fixed_8s_opencv
6,gacs_advertisements_04_dGFPi5sZ.mp4,48.0,56.0,8.0,17,data\scenes\gacs_advertisements_04_dGFPi5sZ_scene_06.jpg,fixed_8s_opencv
7,gacs_advertisements_04_dGFPi5sZ.mp4,56.0,64.0,8.0,18,data\scenes\gacs_advertisements_04_dGFPi5sZ_scene_07.jpg,fixed_8s_opencv
8,gacs_advertisements_04_dGFPi5sZ.mp4,64.0,72.0,8.0,17,data\scenes\gacs_advertisements_04_dGFPi5sZ_scene_08.jpg,fixed_8s_opencv
9,gacs_advertisements_04_dGFPi5sZ.mp4,72.0,80.0,8.0,17,data\scenes\gacs_advertisements_04_dGFPi5sZ_scene_09.jpg,fixed_8s_opencv
10,gacs_advertisements_04_dGFPi5sZ.mp4,80.0,88.0,8.0,17,data\scenes\gacs_advertisements_04_dGFPi5sZ_scene_10.jpg,fixed_8s_opencv
11,gacs_advertisements_04_dGFPi5sZ.mp4,88.0,96.0,8.0,17,data\scenes\gacs_advertisements_04_dGFPi5sZ_scene_11.jpg,fixed_8s_opencv
12,gacs_advertisements_04_dGFPi5sZ.mp4,96.0,99.96653333333332,3.966533333333331,9,data\scenes\gacs_advertisements_04_dGFPi5sZ_scene_12.jpg,fixed_8s_opencv
0,gacs_animations_02_wuGj4Xgb.mp4,0.0,8.0,8.0,18,data\scenes\gacs_animations_02_wuGj4Xgb_scene_00.jpg,fixed_8s_opencv
1,gacs_animations_02_wuGj4Xgb.mp4,8.0,16.0,8.0,17,data\scenes\gacs_animations_02_wuGj4Xgb_scene_01.jpg,fixed_8s_opencv
2,gacs_animations_02_wuGj4Xgb.mp4,16.0,24.0,8.0,18,data\scenes\gacs_animations_02_wuGj4Xgb_scene_02.jpg,fixed_8s_opencv
3,gacs_animations_02_wuGj4Xgb.mp4,24.0,32.0,8.0,17,data\scenes\gacs_animations_02_wuGj4Xgb_scene_03.jpg,fixed_8s_opencv
4,gacs_animations_02_wuGj4Xgb.mp4,32.0,40.0,8.0,18,data\scenes\gacs_animations_02_wuGj4Xgb_scene_04.jpg,fixed_8s_opencv
5,gacs_animations_02_wuGj4Xgb.mp4,48.0,56.0,8.0,18,data\scenes\gacs_animations_02_wuGj4Xgb_scene_05.jpg,fixed_8s_opencv
6,gacs_animations_02_wuGj4Xgb.mp4,56.0,64.0,8.0,17,data\scenes\gacs_animations_02_wuGj4Xgb_scene_06.jpg,fixed_8s_opencv
7,gacs_animations_02_wuGj4Xgb.mp4,64.0,72.0,8.0,17,data\scenes\gacs_animations_02_wuGj4Xgb_scene_07.jpg,fixed_8s_opencv
8,gacs_animations_02_wuGj4Xgb.mp4,72.0,80.0,8.0,18,data\scenes\gacs_animations_02_wuGj4Xgb_scene_08.jpg,fixed_8s_opencv
9,gacs_animations_02_wuGj4Xgb.mp4,80.0,88.0,8.0,17,data\scenes\gacs_animations_02_wuGj4Xgb_scene_09.jpg,fixed_8s_opencv
10,gacs_animations_02_wuGj4Xgb.mp4,88.0,96.0,8.0,18,data\scenes\gacs_animations_02_wuGj4Xgb_scene_10.jpg,fixed_8s_opencv
11,gacs_animations_02_wuGj4Xgb.mp4,96.0,104.0,8.0,17,data\scenes\gacs_animations_02_wuGj4Xgb_scene_11.jpg,fixed_8s_opencv
12,gacs_animations_02_wuGj4Xgb.mp4,104.0,112.0,8.0,18,data\scenes\gacs_animations_02_wuGj4Xgb_scene_12.jpg,fixed_8s_opencv
0,gacs_animations_03_NWQH8cMp.mp4,8.0,16.0,8.0,17,data\scenes\gacs_animations_03_NWQH8cMp_scene_00.jpg,fixed_8s_opencv
1,gacs_animations_03_NWQH8cMp.mp4,16.0,24.0,8.0,18,data\scenes\gacs_animations_03_NWQH8cMp_scene_01.jpg,fixed_8s_opencv
2,gacs_animations_03_NWQH8cMp.mp4,24.0,32.0,8.0,17,data\scenes\gacs_animations_03_NWQH8cMp_scene_02.jpg,fixed_8s_opencv
3,gacs_animations_03_NWQH8cMp.mp4,32.0,40.0,8.0,18,data\scenes\gacs_animations_03_NWQH8cMp_scene_03.jpg,fixed_8s_opencv
4,gacs_animations_03_NWQH8cMp.mp4,40.0,48.0,8.0,17,data\scenes\gacs_animations_03_NWQH8cMp_scene_04.jpg,fixed_8s_opencv
5,gacs_animations_03_NWQH8cMp.mp4,72.0,80.0,8.0,18,data\scenes\gacs_animations_03_NWQH8cMp_scene_05.jpg,fixed_8s_opencv
6,gacs_animations_03_NWQH8cMp.mp4,80.0,88.0,8.0,17,data\scenes\gacs_animations_03_NWQH8cMp_scene_06.jpg,fixed_8s_opencv
7,gacs_animations_03_NWQH8cMp.mp4,88.0,96.0,8.0,18,data\scenes\gacs_animations_03_NWQH8cMp_scene_07.jpg,fixed_8s_opencv
8,gacs_animations_03_NWQH8cMp.mp4,96.0,104.0,8.0,17,data\scenes\gacs_animations_03_NWQH8cMp_scene_08.jpg,fixed_8s_opencv
9,gacs_animations_03_NWQH8cMp.mp4,104.0,112.0,8.0,18,data\scenes\gacs_animations_03_NWQH8cMp_scene_09.jpg,fixed_8s_opencv
10,gacs_animations_03_NWQH8cMp.mp4,120.0,124.791324026378,4.791324026377993,11,data\scenes\gacs_animations_03_NWQH8cMp_scene_10.jpg,fixed_8s_opencv
0,gacs_emotional_shorts_01_eSNLnjeu.mp4,0.0,8.0,8.0,16,data\scenes\gacs_emotional_shorts_01_eSNLnjeu_scene_00.jpg,fixed_8s_opencv
1,gacs_emotional_shorts_01_eSNLnjeu.mp4,8.0,16.0,8.0,16,data\scenes\gacs_emotional_shorts_01_eSNLnjeu_scene_01.jpg,fixed_8s_opencv
2,gacs_emotional_shorts_01_eSNLnjeu.mp4,16.0,24.0,8.0,16,data\scenes\gacs_emotional_shorts_01_eSNLnjeu_scene_02.jpg,fixed_8s_opencv
3,gacs_emotional_shorts_01_eSNLnjeu.mp4,24.0,32.0,8.0,16,data\scenes\gacs_emotional_shorts_01_eSNLnjeu_scene_03.jpg,fixed_8s_opencv
4,gacs_emotional_shorts_01_eSNLnjeu.mp4,32.0,40.0,8.0,16,data\scenes\gacs_emotional_shorts_01_eSNLnjeu_scene_04.jpg,fixed_8s_opencv
5,gacs_emotional_shorts_01_eSNLnjeu.mp4,40.0,48.0,8.0,16,data\scenes\gacs_emotional_shorts_01_eSNLnjeu_scene_05.jpg,fixed_8s_opencv
6,gacs_emotional_shorts_01_eSNLnjeu.mp4,48.0,56.0,8.0,16,data\scenes\gacs_emotional_shorts_01_eSNLnjeu_scene_06.jpg,fixed_8s_opencv
0,gacs_emotional_shorts_02_HkidP4Ad.mp4,0.0,8.0,8.0,18,data\scenes\gacs_emotional_shorts_02_HkidP4Ad_scene_00.jpg,fixed_8s_opencv
1,gacs_emotional_shorts_02_HkidP4Ad.mp4,8.0,16.0,8.0,17,data\scenes\gacs_emotional_shorts_02_HkidP4Ad_scene_01.jpg,fixed_8s_opencv
2,gacs_emotional_shorts_02_HkidP4Ad.mp4,16.0,24.0,8.0,17,data\scenes\gacs_emotional_shorts_02_HkidP4Ad_scene_02.jpg,fixed_8s_opencv
3,gacs_emotional_shorts_02_HkidP4Ad.mp4,24.0,32.0,8.0,17,data\scenes\gacs_emotional_shorts_02_HkidP4Ad_scene_03.jpg,fixed_8s_opencv
4,gacs_emotional_shorts_02_HkidP4Ad.mp4,32.0,40.0,8.0,17,data\scenes\gacs_emotional_shorts_02_HkidP4Ad_scene_04.jpg,fixed_8s_opencv
0,gacs_emotional_shorts_03_k8-2leAo.mp4,0.0,8.0,8.0,18,data\scenes\gacs_emotional_shorts_03_k8-2leAo_scene_00.jpg,fixed_8s_opencv
1,gacs_emotional_shorts_03_k8-2leAo.mp4,8.0,16.0,8.0,17,data\scenes\gacs_emotional_shorts_03_k8-2leAo_scene_01.jpg,fixed_8s_opencv
2,gacs_emotional_shorts_03_k8-2leAo.mp4,16.0,24.0,8.0,17,data\scenes\gacs_emotional_shorts_03_k8-2leAo_scene_02.jpg,fixed_8s_opencv
3,gacs_emotional_shorts_03_k8-2leAo.mp4,24.0,32.0,8.0,17,data\scenes\gacs_emotional_shorts_03_k8-2leAo_scene_03.jpg,fixed_8s_opencv
4,gacs_emotional_shorts_03_k8-2leAo.mp4,32.0,40.0,8.0,17,data\scenes\gacs_emotional_shorts_03_k8-2leAo_scene_04.jpg,fixed_8s_opencv
5,gacs_emotional_shorts_03_k8-2leAo.mp4,40.0,48.0,8.0,17,data\scenes\gacs_emotional_shorts_03_k8-2leAo_scene_05.jpg,fixed_8s_opencv
6,gacs_emotional_shorts_03_k8-2leAo.mp4,48.0,56.0,8.0,17,data\scenes\gacs_emotional_shorts_03_k8-2leAo_scene_06.jpg,fixed_8s_opencv
7,gacs_emotional_shorts_03_k8-2leAo.mp4,56.0,64.0,8.0,18,data\scenes\gacs_emotional_shorts_03_k8-2leAo_scene_07.jpg,fixed_8s_opencv
8,gacs_emotional_shorts_03_k8-2leAo.mp4,64.0,72.0,8.0,17,data\scenes\gacs_emotional_shorts_03_k8-2leAo_scene_08.jpg,fixed_8s_opencv
9,gacs_emotional_shorts_03_k8-2leAo.mp4,72.0,80.0,8.0,17,data\scenes\gacs_emotional_shorts_03_k8-2leAo_scene_09.jpg,fixed_8s_opencv
10,gacs_emotional_shorts_03_k8-2leAo.mp4,80.0,88.0,8.0,17,data\scenes\gacs_emotional_shorts_03_k8-2leAo_scene_10.jpg,fixed_8s_opencv
11,gacs_emotional_shorts_03_k8-2leAo.mp4,88.0,96.0,8.0,17,data\scenes\gacs_emotional_shorts_03_k8-2leAo_scene_11.jpg,fixed_8s_opencv
12,gacs_emotional_shorts_03_k8-2leAo.mp4,96.0,99.96653333333332,3.966533333333331,9,data\scenes\gacs_emotional_shorts_03_k8-2leAo_scene_12.jpg,fixed_8s_opencv
0,gacs_movie_trailers_01_OzY2r2JX.mp4,96.0,104.0,8.0,17,data\scenes\gacs_movie_trailers_01_OzY2r2JX_scene_00.jpg,fixed_8s_opencv
1,gacs_movie_trailers_01_OzY2r2JX.mp4,104.0,112.0,8.0,18,data\scenes\gacs_movie_trailers_01_OzY2r2JX_scene_01.jpg,fixed_8s_opencv
0,gacs_movie_trailers_02_EOwTdTZA.mp4,0.0,8.0,8.0,18,data\scenes\gacs_movie_trailers_02_EOwTdTZA_scene_00.jpg,fixed_8s_opencv
1,gacs_movie_trailers_02_EOwTdTZA.mp4,8.0,16.0,8.0,17,data\scenes\gacs_movie_trailers_02_EOwTdTZA_scene_01.jpg,fixed_8s_opencv
2,gacs_movie_trailers_02_EOwTdTZA.mp4,16.0,24.0,8.0,18,data\scenes\gacs_movie_trailers_02_EOwTdTZA_scene_02.jpg,fixed_8s_opencv
3,gacs_movie_trailers_02_EOwTdTZA.mp4,40.0,48.0,8.0,17,data\scenes\gacs_movie_trailers_02_EOwTdTZA_scene_03.jpg,fixed_8s_opencv
4,gacs_movie_trailers_02_EOwTdTZA.mp4,48.0,56.0,8.0,18,data\scenes\gacs_movie_trailers_02_EOwTdTZA_scene_04.jpg,fixed_8s_opencv
5,gacs_movie_trailers_02_EOwTdTZA.mp4,64.0,72.0,8.0,17,data\scenes\gacs_movie_trailers_02_EOwTdTZA_scene_05.jpg,fixed_8s_opencv
6,gacs_movie_trailers_02_EOwTdTZA.mp4,72.0,80.0,8.0,18,data\scenes\gacs_movie_trailers_02_EOwTdTZA_scene_06.jpg,fixed_8s_opencv
7,gacs_movie_trailers_02_EOwTdTZA.mp4,80.0,88.0,8.0,17,data\scenes\gacs_movie_trailers_02_EOwTdTZA_scene_07.jpg,fixed_8s_opencv
8,gacs_movie_trailers_02_EOwTdTZA.mp4,88.0,96.0,8.0,18,data\scenes\gacs_movie_trailers_02_EOwTdTZA_scene_08.jpg,fixed_8s_opencv
9,gacs_movie_trailers_02_EOwTdTZA.mp4,120.0,124.79132242636337,4.791322426363365,11,data\scenes\gacs_movie_trailers_02_EOwTdTZA_scene_09.jpg,fixed_8s_opencv
0,gacs_advertisements_04_w7oDM_as.mp4,0.0,8.0,8.0,17,data\scenes\gacs_advertisements_04_w7oDM_as_scene_00.jpg,fixed_8s_opencv
1,gacs_advertisements_04_w7oDM_as.mp4,8.0,16.0,8.0,17,data\scenes\gacs_advertisements_04_w7oDM_as_scene_01.jpg,fixed_8s_opencv
2,gacs_advertisements_04_w7oDM_as.mp4,16.0,24.0,8.0,16,data\scenes\gacs_advertisements_04_w7oDM_as_scene_02.jpg,fixed_8s_opencv
3,gacs_advertisements_04_w7oDM_as.mp4,24.0,32.0,8.0,17,data\scenes\gacs_advertisements_04_w7oDM_as_scene_03.jpg,fixed_8s_opencv
4,gacs_advertisements_04_w7oDM_as.mp4,32.0,40.0,8.0,17,data\scenes\gacs_advertisements_04_w7oDM_as_scene_04.jpg,fixed_8s_opencv
5,gacs_advertisements_04_w7oDM_as.mp4,40.0,48.0,8.0,16,data\scenes\gacs_advertisements_04_w7oDM_as_scene_05.jpg,fixed_8s_opencv
6,gacs_advertisements_04_w7oDM_as.mp4,48.0,56.0,8.0,17,data\scenes\gacs_advertisements_04_w7oDM_as_scene_06.jpg,fixed_8s_opencv
7,gacs_advertisements_04_w7oDM_as.mp4,56.0,64.0,8.0,17,data\scenes\gacs_advertisements_04_w7oDM_as_scene_07.jpg,fixed_8s_opencv
8,gacs_advertisements_04_w7oDM_as.mp4,64.0,72.0,8.0,16,data\scenes\gacs_advertisements_04_w7oDM_as_scene_08.jpg,fixed_8s_opencv
9,gacs_advertisements_04_w7oDM_as.mp4,72.0,80.0,8.0,17,data\scenes\gacs_advertisements_04_w7oDM_as_scene_09.jpg,fixed_8s_opencv
10,gacs_advertisements_04_w7oDM_as.mp4,80.0,88.0,8.0,17,data\scenes\gacs_advertisements_04_w7oDM_as_scene_10.jpg,fixed_8s_opencv
11,gacs_advertisements_04_w7oDM_as.mp4,88.0,96.0,8.0,16,data\scenes\gacs_advertisements_04_w7oDM_as_scene_11.jpg,fixed_8s_opencv
12,gacs_advertisements_04_w7oDM_as.mp4,96.0,98.88,2.8799999999999955,7,data\scenes\gacs_advertisements_04_w7oDM_as_scene_12.jpg,fixed_8s_opencv
0,gacs_advertisements_04_w7oDM_as.temp.mp4,0.0,8.0,8.0,17,data\scenes\gacs_advertisements_04_w7oDM_as.temp_scene_00.jpg,fixed_8s_opencv
1,gacs_advertisements_04_w7oDM_as.temp.mp4,8.0,16.0,8.0,17,data\scenes\gacs_advertisements_04_w7oDM_as.temp_scene_01.jpg,fixed_8s_opencv
2,gacs_advertisements_04_w7oDM_as.temp.mp4,16.0,24.0,8.0,16,data\scenes\gacs_advertisements_04_w7oDM_as.temp_scene_02.jpg,fixed_8s_opencv
3,gacs_advertisements_04_w7oDM_as.temp.mp4,24.0,32.0,8.0,17,data\scenes\gacs_advertisements_04_w7oDM_as.temp_scene_03.jpg,fixed_8s_opencv
4,gacs_advertisements_04_w7oDM_as.temp.mp4,32.0,40.0,8.0,17,data\scenes\gacs_advertisements_04_w7oDM_as.temp_scene_04.jpg,fixed_8s_opencv
5,gacs_advertisements_04_w7oDM_as.temp.mp4,40.0,48.0,8.0,16,data\scenes\gacs_advertisements_04_w7oDM_as.temp_scene_05.jpg,fixed_8s_opencv
6,gacs_advertisements_04_w7oDM_as.temp.mp4,48.0,56.0,8.0,17,data\scenes\gacs_advertisements_04_w7oDM_as.temp_scene_06.jpg,fixed_8s_opencv
7,gacs_advertisements_04_w7oDM_as.temp.mp4,56.0,64.0,8.0,17,data\scenes\gacs_advertisements_04_w7oDM_as.temp_scene_07.jpg,fixed_8s_opencv
8,gacs_advertisements_04_w7oDM_as.temp.mp4,64.0,72.0,8.0,16,data\scenes\gacs_advertisements_04_w7oDM_as.temp_scene_08.jpg,fixed_8s_opencv
9,gacs_advertisements_04_w7oDM_as.temp.mp4,72.0,80.0,8.0,17,data\scenes\gacs_advertisements_04_w7oDM_as.temp_scene_09.jpg,fixed_8s_opencv
10,gacs_advertisements_04_w7oDM_as.temp.mp4,80.0,88.0,8.0,17,data\scenes\gacs_advertisements_04_w7oDM_as.temp_scene_10.jpg,fixed_8s_opencv
11,gacs_advertisements_04_w7oDM_as.temp.mp4,88.0,96.0,8.0,16,data\scenes\gacs_advertisements_04_w7oDM_as.temp_scene_11.jpg,fixed_8s_opencv
12,gacs_advertisements_04_w7oDM_as.temp.mp4,96.0,98.88,2.8799999999999955,7,data\scenes\gacs_advertisements_04_w7oDM_as.temp_scene_12.jpg,fixed_8s_opencv
0,gacs_animations_01_xo4rkcC7.mp4,0.0,8.0,8.0,18,data\scenes\gacs_animations_01_xo4rkcC7_scene_00.jpg,fixed_8s_opencv
1,gacs_animations_01_xo4rkcC7.mp4,16.0,24.0,8.0,18,data\scenes\gacs_animations_01_xo4rkcC7_scene_01.jpg,fixed_8s_opencv
2,gacs_animations_01_xo4rkcC7.mp4,24.0,32.0,8.0,17,data\scenes\gacs_animations_01_xo4rkcC7_scene_02.jpg,fixed_8s_opencv
3,gacs_animations_01_xo4rkcC7.mp4,32.0,40.0,8.0,18,data\scenes\gacs_animations_01_xo4rkcC7_scene_03.jpg,fixed_8s_opencv
4,gacs_animations_01_xo4rkcC7.mp4,40.0,48.0,8.0,17,data\scenes\gacs_animations_01_xo4rkcC7_scene_04.jpg,fixed_8s_opencv
5,gacs_animations_01_xo4rkcC7.mp4,48.0,56.0,8.0,18,data\scenes\gacs_animations_01_xo4rkcC7_scene_05.jpg,fixed_8s_opencv
6,gacs_animations_01_xo4rkcC7.mp4,56.0,64.0,8.0,17,data\scenes\gacs_animations_01_xo4rkcC7_scene_06.jpg,fixed_8s_opencv
7,gacs_animations_01_xo4rkcC7.mp4,64.0,72.0,8.0,17,data\scenes\gacs_animations_01_xo4rkcC7_scene_07.jpg,fixed_8s_opencv
8,gacs_animations_01_xo4rkcC7.mp4,80.0,82.5825,2.582499999999996,6,data\scenes\gacs_animations_01_xo4rkcC7_scene_08.jpg,fixed_8s_opencv
0,gacs_animations_01_xo4rkcC7.temp.mp4,0.0,8.0,8.0,18,data\scenes\gacs_animations_01_xo4rkcC7.temp_scene_00.jpg,fixed_8s_opencv
1,gacs_animations_01_xo4rkcC7.temp.mp4,16.0,24.0,8.0,18,data\scenes\gacs_animations_01_xo4rkcC7.temp_scene_01.jpg,fixed_8s_opencv
2,gacs_animations_01_xo4rkcC7.temp.mp4,24.0,32.0,8.0,17,data\scenes\gacs_animations_01_xo4rkcC7.temp_scene_02.jpg,fixed_8s_opencv
3,gacs_animations_01_xo4rkcC7.temp.mp4,32.0,40.0,8.0,18,data\scenes\gacs_animations_01_xo4rkcC7.temp_scene_03.jpg,fixed_8s_opencv
4,gacs_animations_01_xo4rkcC7.temp.mp4,40.0,48.0,8.0,17,data\scenes\gacs_animations_01_xo4rkcC7.temp_scene_04.jpg,fixed_8s_opencv
5,gacs_animations_01_xo4rkcC7.temp.mp4,48.0,56.0,8.0,18,data\scenes\gacs_animations_01_xo4rkcC7.temp_scene_05.jpg,fixed_8s_opencv
6,gacs_animations_01_xo4rkcC7.temp.mp4,56.0,64.0,8.0,17,data\scenes\gacs_animations_01_xo4rkcC7.temp_scene_06.jpg,fixed_8s_opencv
7,gacs_animations_01_xo4rkcC7.temp.mp4,64.0,72.0,8.0,17,data\scenes\gacs_animations_01_xo4rkcC7.temp_scene_07.jpg,fixed_8s_opencv
8,gacs_animations_01_xo4rkcC7.temp.mp4,80.0,82.58249168765742,2.5824916876574235,6,data\scenes\gacs_animations_01_xo4rkcC7.temp_scene_08.jpg,fixed_8s_opencv
0,man_vs_baby_trailer.mp4,0.0,8.0,8.0,17,data\scenes\man_vs_baby_trailer_scene_00.jpg,fixed_8s_opencv
1,man_vs_baby_trailer.mp4,8.0,16.0,8.0,17,data\scenes\man_vs_baby_trailer_scene_01.jpg,fixed_8s_opencv
2,man_vs_baby_trailer.mp4,24.0,32.0,8.0,17,data\scenes\man_vs_baby_trailer_scene_02.jpg,fixed_8s_opencv
3,man_vs_baby_trailer.mp4,32.0,40.0,8.0,17,data\scenes\man_vs_baby_trailer_scene_03.jpg,fixed_8s_opencv
4,man_vs_baby_trailer.mp4,40.0,48.0,8.0,16,data\scenes\man_vs_baby_trailer_scene_04.jpg,fixed_8s_opencv
5,man_vs_baby_trailer.mp4,48.0,56.0,8.0,17,data\scenes\man_vs_baby_trailer_scene_05.jpg,fixed_8s_opencv
6,man_vs_baby_trailer.mp4,56.0,64.0,8.0,17,data\scenes\man_vs_baby_trailer_scene_06.jpg,fixed_8s_opencv
7,man_vs_baby_trailer.mp4,64.0,72.0,8.0,16,data\scenes\man_vs_baby_trailer_scene_07.jpg,fixed_8s_opencv
8,man_vs_baby_trailer.mp4,72.0,80.0,8.0,17,data\scenes\man_vs_baby_trailer_scene_08.jpg,fixed_8s_opencv
9,man_vs_baby_trailer.mp4,88.0,96.0,8.0,16,data\scenes\man_vs_baby_trailer_scene_09.jpg,fixed_8s_opencv
10,man_vs_baby_trailer.mp4,96.0,104.0,8.0,17,data\scenes\man_vs_baby_trailer_scene_10.jpg,fixed_8s_opencv
0,ready_or_not_trailer.mp4,0.0,8.0,8.0,18,data\scenes\ready_or_not_trailer_scene_00.jpg,fixed_8s_opencv
1,ready_or_not_trailer.mp4,8.0,16.0,8.0,17,data\scenes\ready_or_not_trailer_scene_01.jpg,fixed_8s_opencv
2,ready_or_not_trailer.mp4,16.0,24.0,8.0,18,data\scenes\ready_or_not_trailer_scene_02.jpg,fixed_8s_opencv
3,ready_or_not_trailer.mp4,24.0,32.0,8.0,17,data\scenes\ready_or_not_trailer_scene_03.jpg,fixed_8s_opencv
4,ready_or_not_trailer.mp4,40.0,48.0,8.0,17,data\scenes\ready_or_not_trailer_scene_04.jpg,fixed_8s_opencv
5,ready_or_not_trailer.mp4,56.0,64.0,8.0,17,data\scenes\ready_or_not_trailer_scene_05.jpg,fixed_8s_opencv
6,ready_or_not_trailer.mp4,96.0,104.0,8.0,17,data\scenes\ready_or_not_trailer_scene_06.jpg,fixed_8s_opencv
7,ready_or_not_trailer.mp4,104.0,112.0,8.0,18,data\scenes\ready_or_not_trailer_scene_07.jpg,fixed_8s_opencv
0,toy_story_5_trailer.mp4,0.0,8.0,8.0,18,data\scenes\toy_story_5_trailer_scene_00.jpg,fixed_8s_opencv
1,toy_story_5_trailer.mp4,8.0,16.0,8.0,17,data\scenes\toy_story_5_trailer_scene_01.jpg,fixed_8s_opencv
2,toy_story_5_trailer.mp4,16.0,24.0,8.0,18,data\scenes\toy_story_5_trailer_scene_02.jpg,fixed_8s_opencv
3,toy_story_5_trailer.mp4,24.0,32.0,8.0,17,data\scenes\toy_story_5_trailer_scene_03.jpg,fixed_8s_opencv
4,toy_story_5_trailer.mp4,40.0,48.0,8.0,17,data\scenes\toy_story_5_trailer_scene_04.jpg,fixed_8s_opencv
