scene_id,video_id
gacs_advertisements_00_-avONMmQ_s0016,gacs_advertisements_00_-avONMmQ
gacs_advertisements_01_jBnseji3_s0013,gacs_advertisements_01_jBnseji3
gacs_advertisements_01_jBnseji3_s0014,gacs_advertisements_01_jBnseji3
gacs_animations_00_WIPV1iwz_s0015,gacs_animations_00_WIPV1iwz
gacs_animations_00_WIPV1iwz_s0016,gacs_animations_00_WIPV1iwz
gacs_animations_00_WIPV1iwz_s0017,gacs_animations_00_WIPV1iwz
gacs_animations_00_WIPV1iwz_s0018,gacs_animations_00_WIPV1iwz
gacs_animations_00_WIPV1iwz_s0019,gacs_animations_00_WIPV1iwz
gacs_animations_00_WIPV1iwz_s0020,gacs_animations_00_WIPV1iwz
gacs_animations_00_WIPV1iwz_s0021,gacs_animations_00_WIPV1iwz
gacs_animations_02_qLGNj-xr_s0016,gacs_animations_02_qLGNj-xr
gacs_animations_02_qLGNj-xr_s0017,gacs_animations_02_qLGNj-xr
gacs_animations_02_qLGNj-xr_s0018,gacs_animations_02_qLGNj-xr
gacs_animations_02_qLGNj-xr_s0019,gacs_animations_02_qLGNj-xr
gacs_emotional_shorts_00_WAmw-erI_s0015,gacs_emotional_shorts_00_WAmw-erI
gacs_emotional_shorts_00_WAmw-erI_s0016,gacs_emotional_shorts_00_WAmw-erI
gacs_emotional_shorts_00_WAmw-erI_s0017,gacs_emotional_shorts_00_WAmw-erI
gacs_emotional_shorts_00_WAmw-erI_s0018,gacs_emotional_shorts_00_WAmw-erI
gacs_emotional_shorts_00_WAmw-erI_s0019,gacs_emotional_shorts_00_WAmw-erI
gacs_emotional_shorts_00_WAmw-erI_s0020,gacs_emotional_shorts_00_WAmw-erI
gacs_emotional_shorts_00_WAmw-erI_s0021,gacs_emotional_shorts_00_WAmw-erI
gacs_emotional_shorts_00_WAmw-erI_s0022,gacs_emotional_shorts_00_WAmw-erI
gacs_emotional_shorts_00_WAmw-erI_s0023,gacs_emotional_shorts_00_WAmw-erI
gacs_emotional_shorts_00_WAmw-erI_s0024,gacs_emotional_shorts_00_WAmw-erI
gacs_emotional_shorts_00_WAmw-erI_s0025,gacs_emotional_shorts_00_WAmw-erI
gacs_emotional_shorts_00_WAmw-erI_s0026,gacs_emotional_shorts_00_WAmw-erI
gacs_emotional_shorts_00_WAmw-erI_s0027,gacs_emotional_shorts_00_WAmw-erI
gacs_emotional_shorts_00_WAmw-erI_s0028,gacs_emotional_shorts_00_WAmw-erI
gacs_emotional_shorts_00_WAmw-erI_s0029,gacs_emotional_shorts_00_WAmw-erI
gacs_emotional_shorts_00_WAmw-erI_s0030,gacs_emotional_shorts_00_WAmw-erI
gacs_emotional_shorts_00_WAmw-erI_s0031,gacs_emotional_shorts_00_WAmw-erI
gacs_emotional_shorts_00_WAmw-erI_s0032,gacs_emotional_shorts_00_WAmw-erI
gacs_emotional_shorts_00_WAmw-erI_s0033,gacs_emotional_shorts_00_WAmw-erI
gacs_emotional_shorts_00_WAmw-erI_s0034,gacs_emotional_shorts_00_WAmw-erI
gacs_emotional_shorts_00_WAmw-erI_s0035,gacs_emotional_shorts_00_WAmw-erI
gacs_emotional_shorts_00_WAmw-erI_s0036,gacs_emotional_shorts_00_WAmw-erI
gacs_emotional_shorts_00_WAmw-erI_s0037,gacs_emotional_shorts_00_WAmw-erI
gacs_emotional_shorts_00_WAmw-erI_s0038,gacs_emotional_shorts_00_WAmw-erI
gacs_emotional_shorts_00_WAmw-erI_s0039,gacs_emotional_shorts_00_WAmw-erI
gacs_emotional_shorts_00_WAmw-erI_s0040,gacs_emotional_shorts_00_WAmw-erI
gacs_emotional_shorts_00_WAmw-erI_s0041,gacs_emotional_shorts_00_WAmw-erI
gacs_emotional_shorts_00_WAmw-erI_s0042,gacs_emotional_shorts_00_WAmw-erI
gacs_emotional_shorts_00_WAmw-erI_s0043,gacs_emotional_shorts_00_WAmw-erI
gacs_emotional_shorts_00_WAmw-erI_s0044,gacs_emotional_shorts_00_WAmw-erI
gacs_emotional_shorts_00_WAmw-erI_s0045,gacs_emotional_shorts_00_WAmw-erI
gacs_emotional_shorts_00_WAmw-erI_s0046,gacs_emotional_shorts_00_WAmw-erI
gacs_emotional_shorts_00_WAmw-erI_s0047,gacs_emotional_shorts_00_WAmw-erI
gacs_emotional_shorts_00_WAmw-erI_s0048,gacs_emotional_shorts_00_WAmw-erI
gacs_emotional_shorts_00_WAmw-erI_s0049,gacs_emotional_shorts_00_WAmw-erI
gacs_emotional_shorts_00_WAmw-erI_s0050,gacs_emotional_shorts_00_WAmw-erI
gacs_emotional_shorts_00_WAmw-erI_s0051,gacs_emotional_shorts_00_WAmw-erI
gacs_emotional_shorts_00_WAmw-erI_s0052,gacs_emotional_shorts_00_WAmw-erI
gacs_emotional_shorts_00_WAmw-erI_s0053,gacs_emotional_shorts_00_WAmw-erI
gacs_emotional_shorts_00_WAmw-erI_s0054,gacs_emotional_shorts_00_WAmw-erI
gacs_emotional_shorts_00_WAmw-erI_s0055,gacs_emotional_shorts_00_WAmw-erI
gacs_emotional_shorts_00_WAmw-erI_s0056,gacs_emotional_shorts_00_WAmw-erI
gacs_emotional_shorts_00_WAmw-erI_s0057,gacs_emotional_shorts_00_WAmw-erI
gacs_emotional_shorts_00_WAmw-erI_s0058,gacs_emotional_shorts_00_WAmw-erI
gacs_emotional_shorts_00_WAmw-erI_s0059,gacs_emotional_shorts_00_WAmw-erI
gacs_emotional_shorts_00_WAmw-erI_s0060,gacs_emotional_shorts_00_WAmw-erI
gacs_emotional_shorts_00_WAmw-erI_s0061,gacs_emotional_shorts_00_WAmw-erI
gacs_emotional_shorts_00_WAmw-erI_s0062,gacs_emotional_shorts_00_WAmw-erI
gacs_emotional_shorts_00_WAmw-erI_s0063,gacs_emotional_shorts_00_WAmw-erI
gacs_emotional_shorts_00_WAmw-erI_s0064,gacs_emotional_shorts_00_WAmw-erI
gacs_emotional_shorts_00_WAmw-erI_s0065,gacs_emotional_shorts_00_WAmw-erI
gacs_emotional_shorts_00_WAmw-erI_s0066,gacs_emotional_shorts_00_WAmw-erI
gacs_emotional_shorts_00_WAmw-erI_s0067,gacs_emotional_shorts_00_WAmw-erI
gacs_emotional_shorts_00_WAmw-erI_s0068,gacs_emotional_shorts_00_WAmw-erI
gacs_emotional_shorts_00_WAmw-erI_s0069,gacs_emotional_shorts_00_WAmw-erI
gacs_emotional_shorts_00_WAmw-erI_s0070,gacs_emotional_shorts_00_WAmw-erI
gacs_emotional_shorts_00_WAmw-erI_s0071,gacs_emotional_shorts_00_WAmw-erI
gacs_emotional_shorts_00_WAmw-erI_s0072,gacs_emotional_shorts_00_WAmw-erI
gacs_emotional_shorts_00_WAmw-erI_s0073,gacs_emotional_shorts_00_WAmw-erI
gacs_emotional_shorts_00_WAmw-erI_s0074,gacs_emotional_shorts_00_WAmw-erI
gacs_emotional_shorts_00_WAmw-erI_s0075,gacs_emotional_shorts_00_WAmw-erI
gacs_emotional_shorts_00_WAmw-erI_s0076,gacs_emotional_shorts_00_WAmw-erI
gacs_emotional_shorts_00_WAmw-erI_s0077,gacs_emotional_shorts_00_WAmw-erI
gacs_emotional_shorts_00_WAmw-erI_s0078,gacs_emotional_shorts_00_WAmw-erI
gacs_emotional_shorts_00_WAmw-erI_s0079,gacs_emotional_shorts_00_WAmw-erI
gacs_emotional_shorts_00_WAmw-erI_s0080,gacs_emotional_shorts_00_WAmw-erI
gacs_emotional_shorts_00_WAmw-erI_s0081,gacs_emotional_shorts_00_WAmw-erI
gacs_emotional_shorts_00_WAmw-erI_s0082,gacs_emotional_shorts_00_WAmw-erI
gacs_emotional_shorts_00_WAmw-erI_s0083,gacs_emotional_shorts_00_WAmw-erI
gacs_emotional_shorts_00_WAmw-erI_s0084,gacs_emotional_shorts_00_WAmw-erI
gacs_emotional_shorts_00_WAmw-erI_s0085,gacs_emotional_shorts_00_WAmw-erI
gacs_emotional_shorts_00_WAmw-erI_s0086,gacs_emotional_shorts_00_WAmw-erI
gacs_emotional_shorts_00_WAmw-erI_s0087,gacs_emotional_shorts_00_WAmw-erI
gacs_emotional_shorts_00_WAmw-erI_s0088,gacs_emotional_shorts_00_WAmw-erI
gacs_emotional_shorts_00_WAmw-erI_s0089,gacs_emotional_shorts_00_WAmw-erI
gacs_emotional_shorts_00_WAmw-erI_s0090,gacs_emotional_shorts_00_WAmw-erI
gacs_emotional_shorts_00_WAmw-erI_s0094,gacs_emotional_shorts_00_WAmw-erI
gacs_emotional_shorts_00_WAmw-erI_s0095,gacs_emotional_shorts_00_WAmw-erI
gacs_emotional_shorts_00_WAmw-erI_s0096,gacs_emotional_shorts_00_WAmw-erI
gacs_emotional_shorts_00_WAmw-erI_s0097,gacs_emotional_shorts_00_WAmw-erI
gacs_emotional_shorts_00_WAmw-erI_s0098,gacs_emotional_shorts_00_WAmw-erI
gacs_emotional_shorts_00_WAmw-erI_s0099,gacs_emotional_shorts_00_WAmw-erI
gacs_emotional_shorts_00_WAmw-erI_s0100,gacs_emotional_shorts_00_WAmw-erI
gacs_emotional_shorts_00_WAmw-erI_s0101,gacs_emotional_shorts_00_WAmw-erI
gacs_emotional_shorts_00_WAmw-erI_s0102,gacs_emotional_shorts_00_WAmw-erI
gacs_emotional_shorts_00_WAmw-erI_s0103,gacs_emotional_shorts_00_WAmw-erI
gacs_emotional_shorts_00_WAmw-erI_s0104,gacs_emotional_shorts_00_WAmw-erI
gacs_emotional_shorts_00_WAmw-erI_s0105,gacs_emotional_shorts_00_WAmw-erI
gacs_emotional_shorts_00_WAmw-erI_s0106,gacs_emotional_shorts_00_WAmw-erI
gacs_emotional_shorts_00_WAmw-erI_s0107,gacs_emotional_shorts_00_WAmw-erI
gacs_emotional_shorts_00_WAmw-erI_s0108,gacs_emotional_shorts_00_WAmw-erI
gacs_emotional_shorts_00_WAmw-erI_s0109,gacs_emotional_shorts_00_WAmw-erI
gacs_emotional_shorts_00_WAmw-erI_s0110,gacs_emotional_shorts_00_WAmw-erI
gacs_emotional_shorts_00_WAmw-erI_s0111,gacs_emotional_shorts_00_WAmw-erI
gacs_emotional_shorts_00_WAmw-erI_s0112,gacs_emotional_shorts_00_WAmw-erI
gacs_emotional_shorts_00_WAmw-erI_s0113,gacs_emotional_shorts_00_WAmw-erI
gacs_emotional_shorts_00_WAmw-erI_s0114,gacs_emotional_shorts_00_WAmw-erI
gacs_emotional_shorts_00_WAmw-erI_s0115,gacs_emotional_shorts_00_WAmw-erI
gacs_emotional_shorts_00_WAmw-erI_s0116,gacs_emotional_shorts_00_WAmw-erI
gacs_emotional_shorts_00_WAmw-erI_s0117,gacs_emotional_shorts_00_WAmw-erI
gacs_emotional_shorts_00_WAmw-erI_s0118,gacs_emotional_shorts_00_WAmw-erI
gacs_emotional_shorts_00_WAmw-erI_s0119,gacs_emotional_shorts_00_WAmw-erI
gacs_emotional_shorts_00_WAmw-erI_s0120,gacs_emotional_shorts_00_WAmw-erI
gacs_emotional_shorts_00_WAmw-erI_s0121,gacs_emotional_shorts_00_WAmw-erI
gacs_emotional_shorts_00_WAmw-erI_s0122,gacs_emotional_shorts_00_WAmw-erI
gacs_emotional_shorts_00_WAmw-erI_s0123,gacs_emotional_shorts_00_WAmw-erI
gacs_emotional_shorts_00_WAmw-erI_s0124,gacs_emotional_shorts_00_WAmw-erI
gacs_emotional_shorts_00_WAmw-erI_s0125,gacs_emotional_shorts_00_WAmw-erI
gacs_emotional_shorts_00_WAmw-erI_s0126,gacs_emotional_shorts_00_WAmw-erI
gacs_emotional_shorts_00_WAmw-erI_s0127,gacs_emotional_shorts_00_WAmw-erI
gacs_emotional_shorts_00_WAmw-erI_s0128,gacs_emotional_shorts_00_WAmw-erI
gacs_emotional_shorts_00_WAmw-erI_s0129,gacs_emotional_shorts_00_WAmw-erI
gacs_emotional_shorts_00_WAmw-erI_s0130,gacs_emotional_shorts_00_WAmw-erI
gacs_emotional_shorts_00_WAmw-erI_s0131,gacs_emotional_shorts_00_WAmw-erI
gacs_emotional_shorts_00_WAmw-erI_s0132,gacs_emotional_shorts_00_WAmw-erI
gacs_emotional_shorts_00_WAmw-erI_s0133,gacs_emotional_shorts_00_WAmw-erI
gacs_emotional_shorts_00_WAmw-erI_s0134,gacs_emotional_shorts_00_WAmw-erI
gacs_emotional_shorts_00_WAmw-erI_s0135,gacs_emotional_shorts_00_WAmw-erI
gacs_emotional_shorts_00_WAmw-erI_s0136,gacs_emotional_shorts_00_WAmw-erI
gacs_emotional_shorts_00_WAmw-erI_s0137,gacs_emotional_shorts_00_WAmw-erI
gacs_emotional_shorts_00_WAmw-erI_s0138,gacs_emotional_shorts_00_WAmw-erI
gacs_emotional_shorts_00_WAmw-erI_s0139,gacs_emotional_shorts_00_WAmw-erI
gacs_emotional_shorts_00_WAmw-erI_s0140,gacs_emotional_shorts_00_WAmw-erI
gacs_emotional_shorts_00_WAmw-erI_s0141,gacs_emotional_shorts_00_WAmw-erI
gacs_emotional_shorts_00_WAmw-erI_s0142,gacs_emotional_shorts_00_WAmw-erI
gacs_emotional_shorts_00_WAmw-erI_s0143,gacs_emotional_shorts_00_WAmw-erI
gacs_emotional_shorts_00_WAmw-erI_s0144,gacs_emotional_shorts_00_WAmw-erI
gacs_emotional_shorts_01_LIed92r8_s0015,gacs_emotional_shorts_01_LIed92r8
gacs_emotional_shorts_01_LIed92r8_s0016,gacs_emotional_shorts_01_LIed92r8
gacs_emotional_shorts_01_LIed92r8_s0017,gacs_emotional_shorts_01_LIed92r8
gacs_emotional_shorts_01_LIed92r8_s0018,gacs_emotional_shorts_01_LIed92r8
gacs_emotional_shorts_01_LIed92r8_s0019,gacs_emotional_shorts_01_LIed92r8
gacs_emotional_shorts_01_LIed92r8_s0020,gacs_emotional_shorts_01_LIed92r8
gacs_emotional_shorts_01_LIed92r8_s0021,gacs_emotional_shorts_01_LIed92r8
gacs_emotional_shorts_01_LIed92r8_s0022,gacs_emotional_shorts_01_LIed92r8
gacs_emotional_shorts_02_DZQtVmKM_s0007,gacs_emotional_shorts_02_DZQtVmKM
gacs_emotional_shorts_02_DZQtVmKM_s0008,gacs_emotional_shorts_02_DZQtVmKM
gacs_emotional_shorts_02_DZQtVmKM_s0009,gacs_emotional_shorts_02_DZQtVmKM
gacs_emotional_shorts_02_DZQtVmKM_s0010,gacs_emotional_shorts_02_DZQtVmKM
gacs_emotional_shorts_02_DZQtVmKM_s0011,gacs_emotional_shorts_02_DZQtVmKM
gacs_emotional_shorts_02_DZQtVmKM_s0012,gacs_emotional_shorts_02_DZQtVmKM
gacs_emotional_shorts_02_DZQtVmKM_s0013,gacs_emotional_shorts_02_DZQtVmKM
gacs_emotional_shorts_02_DZQtVmKM_s0014,gacs_emotional_shorts_02_DZQtVmKM
gacs_emotional_shorts_02_DZQtVmKM_s0015,gacs_emotional_shorts_02_DZQtVmKM
gacs_emotional_shorts_02_DZQtVmKM_s0016,gacs_emotional_shorts_02_DZQtVmKM
gacs_emotional_shorts_02_DZQtVmKM_s0017,gacs_emotional_shorts_02_DZQtVmKM
gacs_emotional_shorts_02_DZQtVmKM_s0018,gacs_emotional_shorts_02_DZQtVmKM
gacs_emotional_shorts_02_DZQtVmKM_s0019,gacs_emotional_shorts_02_DZQtVmKM
gacs_emotional_shorts_02_DZQtVmKM_s0020,gacs_emotional_shorts_02_DZQtVmKM
gacs_emotional_shorts_02_DZQtVmKM_s0021,gacs_emotional_shorts_02_DZQtVmKM
gacs_emotional_shorts_02_DZQtVmKM_s0022,gacs_emotional_shorts_02_DZQtVmKM
gacs_emotional_shorts_02_DZQtVmKM_s0023,gacs_emotional_shorts_02_DZQtVmKM
gacs_emotional_shorts_02_DZQtVmKM_s0024,gacs_emotional_shorts_02_DZQtVmKM
gacs_emotional_shorts_02_DZQtVmKM_s0025,gacs_emotional_shorts_02_DZQtVmKM
gacs_emotional_shorts_02_DZQtVmKM_s0026,gacs_emotional_shorts_02_DZQtVmKM
gacs_emotional_shorts_02_DZQtVmKM_s0027,gacs_emotional_shorts_02_DZQtVmKM
gacs_emotional_shorts_02_DZQtVmKM_s0028,gacs_emotional_shorts_02_DZQtVmKM
gacs_emotional_shorts_02_DZQtVmKM_s0029,gacs_emotional_shorts_02_DZQtVmKM
gacs_emotional_shorts_02_DZQtVmKM_s0030,gacs_emotional_shorts_02_DZQtVmKM
gacs_emotional_shorts_02_DZQtVmKM_s0031,gacs_emotional_shorts_02_DZQtVmKM
gacs_emotional_shorts_02_DZQtVmKM_s0032,gacs_emotional_shorts_02_DZQtVmKM
gacs_emotional_shorts_02_DZQtVmKM_s0033,gacs_emotional_shorts_02_DZQtVmKM
gacs_emotional_shorts_02_DZQtVmKM_s0034,gacs_emotional_shorts_02_DZQtVmKM
gacs_emotional_shorts_02_DZQtVmKM_s0035,gacs_emotional_shorts_02_DZQtVmKM
gacs_emotional_shorts_02_DZQtVmKM_s0036,gacs_emotional_shorts_02_DZQtVmKM
gacs_emotional_shorts_02_DZQtVmKM_s0037,gacs_emotional_shorts_02_DZQtVmKM
gacs_emotional_shorts_02_DZQtVmKM_s0038,gacs_emotional_shorts_02_DZQtVmKM
gacs_emotional_shorts_02_DZQtVmKM_s0039,gacs_emotional_shorts_02_DZQtVmKM
gacs_emotional_shorts_02_DZQtVmKM_s0040,gacs_emotional_shorts_02_DZQtVmKM
gacs_emotional_shorts_02_DZQtVmKM_s0041,gacs_emotional_shorts_02_DZQtVmKM
gacs_emotional_shorts_02_DZQtVmKM_s0042,gacs_emotional_shorts_02_DZQtVmKM
gacs_emotional_shorts_02_DZQtVmKM_s0043,gacs_emotional_shorts_02_DZQtVmKM
gacs_emotional_shorts_02_DZQtVmKM_s0044,gacs_emotional_shorts_02_DZQtVmKM
gacs_emotional_shorts_02_DZQtVmKM_s0045,gacs_emotional_shorts_02_DZQtVmKM
gacs_emotional_shorts_02_DZQtVmKM_s0046,gacs_emotional_shorts_02_DZQtVmKM
gacs_emotional_shorts_02_DZQtVmKM_s0047,gacs_emotional_shorts_02_DZQtVmKM
gacs_emotional_shorts_02_DZQtVmKM_s0048,gacs_emotional_shorts_02_DZQtVmKM
gacs_emotional_shorts_02_DZQtVmKM_s0049,gacs_emotional_shorts_02_DZQtVmKM
gacs_emotional_shorts_02_DZQtVmKM_s0050,gacs_emotional_shorts_02_DZQtVmKM
gacs_emotional_shorts_02_DZQtVmKM_s0051,gacs_emotional_shorts_02_DZQtVmKM
gacs_emotional_shorts_02_DZQtVmKM_s0052,gacs_emotional_shorts_02_DZQtVmKM
gacs_emotional_shorts_02_DZQtVmKM_s0053,gacs_emotional_shorts_02_DZQtVmKM
gacs_emotional_shorts_02_DZQtVmKM_s0054,gacs_emotional_shorts_02_DZQtVmKM
gacs_emotional_shorts_02_DZQtVmKM_s0055,gacs_emotional_shorts_02_DZQtVmKM
gacs_emotional_shorts_02_DZQtVmKM_s0056,gacs_emotional_shorts_02_DZQtVmKM
gacs_emotional_shorts_02_DZQtVmKM_s0057,gacs_emotional_shorts_02_DZQtVmKM
gacs_emotional_shorts_02_DZQtVmKM_s0058,gacs_emotional_shorts_02_DZQtVmKM
gacs_emotional_shorts_02_DZQtVmKM_s0059,gacs_emotional_shorts_02_DZQtVmKM
gacs_emotional_shorts_02_DZQtVmKM_s0060,gacs_emotional_shorts_02_DZQtVmKM
gacs_emotional_shorts_02_DZQtVmKM_s0061,gacs_emotional_shorts_02_DZQtVmKM
gacs_emotional_shorts_02_DZQtVmKM_s0062,gacs_emotional_shorts_02_DZQtVmKM
gacs_emotional_shorts_02_DZQtVmKM_s0063,gacs_emotional_shorts_02_DZQtVmKM
gacs_emotional_shorts_02_DZQtVmKM_s0064,gacs_emotional_shorts_02_DZQtVmKM
gacs_emotional_shorts_02_DZQtVmKM_s0065,gacs_emotional_shorts_02_DZQtVmKM
gacs_emotional_shorts_02_DZQtVmKM_s0066,gacs_emotional_shorts_02_DZQtVmKM
gacs_emotional_shorts_02_DZQtVmKM_s0067,gacs_emotional_shorts_02_DZQtVmKM
gacs_emotional_shorts_02_DZQtVmKM_s0068,gacs_emotional_shorts_02_DZQtVmKM
gacs_emotional_shorts_02_DZQtVmKM_s0069,gacs_emotional_shorts_02_DZQtVmKM
gacs_emotional_shorts_02_DZQtVmKM_s0070,gacs_emotional_shorts_02_DZQtVmKM
gacs_emotional_shorts_02_DZQtVmKM_s0071,gacs_emotional_shorts_02_DZQtVmKM
gacs_emotional_shorts_02_DZQtVmKM_s0072,gacs_emotional_shorts_02_DZQtVmKM
gacs_emotional_shorts_02_DZQtVmKM_s0073,gacs_emotional_shorts_02_DZQtVmKM
gacs_emotional_shorts_02_DZQtVmKM_s0074,gacs_emotional_shorts_02_DZQtVmKM
gacs_emotional_shorts_02_DZQtVmKM_s0075,gacs_emotional_shorts_02_DZQtVmKM
gacs_emotional_shorts_02_DZQtVmKM_s0076,gacs_emotional_shorts_02_DZQtVmKM
gacs_emotional_shorts_02_DZQtVmKM_s0077,gacs_emotional_shorts_02_DZQtVmKM
gacs_emotional_shorts_02_DZQtVmKM_s0078,gacs_emotional_shorts_02_DZQtVmKM
gacs_emotional_shorts_02_DZQtVmKM_s0079,gacs_emotional_shorts_02_DZQtVmKM
gacs_emotional_shorts_02_DZQtVmKM_s0080,gacs_emotional_shorts_02_DZQtVmKM
gacs_emotional_shorts_02_DZQtVmKM_s0081,gacs_emotional_shorts_02_DZQtVmKM
gacs_emotional_shorts_02_DZQtVmKM_s0082,gacs_emotional_shorts_02_DZQtVmKM
gacs_emotional_shorts_02_DZQtVmKM_s0083,gacs_emotional_shorts_02_DZQtVmKM
gacs_emotional_shorts_02_DZQtVmKM_s0084,gacs_emotional_shorts_02_DZQtVmKM
gacs_emotional_shorts_02_DZQtVmKM_s0085,gacs_emotional_shorts_02_DZQtVmKM
gacs_emotional_shorts_02_DZQtVmKM_s0086,gacs_emotional_shorts_02_DZQtVmKM
gacs_emotional_shorts_02_DZQtVmKM_s0087,gacs_emotional_shorts_02_DZQtVmKM
gacs_emotional_shorts_02_DZQtVmKM_s0088,gacs_emotional_shorts_02_DZQtVmKM
gacs_emotional_shorts_02_DZQtVmKM_s0089,gacs_emotional_shorts_02_DZQtVmKM
gacs_emotional_shorts_02_DZQtVmKM_s0090,gacs_emotional_shorts_02_DZQtVmKM
gacs_emotional_shorts_02_DZQtVmKM_s0091,gacs_emotional_shorts_02_DZQtVmKM
gacs_emotional_shorts_02_DZQtVmKM_s0092,gacs_emotional_shorts_02_DZQtVmKM
gacs_emotional_shorts_02_DZQtVmKM_s0093,gacs_emotional_shorts_02_DZQtVmKM
gacs_emotional_shorts_02_DZQtVmKM_s0094,gacs_emotional_shorts_02_DZQtVmKM
gacs_emotional_shorts_02_DZQtVmKM_s0095,gacs_emotional_shorts_02_DZQtVmKM
gacs_emotional_shorts_02_DZQtVmKM_s0096,gacs_emotional_shorts_02_DZQtVmKM
gacs_emotional_shorts_02_DZQtVmKM_s0097,gacs_emotional_shorts_02_DZQtVmKM
gacs_emotional_shorts_02_DZQtVmKM_s0098,gacs_emotional_shorts_02_DZQtVmKM
gacs_emotional_shorts_02_DZQtVmKM_s0099,gacs_emotional_shorts_02_DZQtVmKM
gacs_emotional_shorts_02_DZQtVmKM_s0100,gacs_emotional_shorts_02_DZQtVmKM
gacs_emotional_shorts_02_DZQtVmKM_s0101,gacs_emotional_shorts_02_DZQtVmKM
gacs_emotional_shorts_02_DZQtVmKM_s0102,gacs_emotional_shorts_02_DZQtVmKM
gacs_emotional_shorts_02_DZQtVmKM_s0103,gacs_emotional_shorts_02_DZQtVmKM
gacs_emotional_shorts_02_DZQtVmKM_s0104,gacs_emotional_shorts_02_DZQtVmKM
gacs_emotional_shorts_02_DZQtVmKM_s0105,gacs_emotional_shorts_02_DZQtVmKM
gacs_emotional_shorts_02_DZQtVmKM_s0106,gacs_emotional_shorts_02_DZQtVmKM
gacs_emotional_shorts_02_DZQtVmKM_s0107,gacs_emotional_shorts_02_DZQtVmKM
gacs_emotional_shorts_02_DZQtVmKM_s0108,gacs_emotional_shorts_02_DZQtVmKM
gacs_emotional_shorts_02_DZQtVmKM_s0109,gacs_emotional_shorts_02_DZQtVmKM
gacs_emotional_shorts_02_DZQtVmKM_s0110,gacs_emotional_shorts_02_DZQtVmKM
gacs_emotional_shorts_02_DZQtVmKM_s0111,gacs_emotional_shorts_02_DZQtVmKM
gacs_emotional_shorts_02_DZQtVmKM_s0112,gacs_emotional_shorts_02_DZQtVmKM
gacs_emotional_shorts_02_DZQtVmKM_s0113,gacs_emotional_shorts_02_DZQtVmKM
gacs_emotional_shorts_02_DZQtVmKM_s0114,gacs_emotional_shorts_02_DZQtVmKM
gacs_emotional_shorts_02_DZQtVmKM_s0115,gacs_emotional_shorts_02_DZQtVmKM
gacs_emotional_shorts_02_DZQtVmKM_s0116,gacs_emotional_shorts_02_DZQtVmKM
gacs_emotional_shorts_02_DZQtVmKM_s0117,gacs_emotional_shorts_02_DZQtVmKM
gacs_emotional_shorts_02_DZQtVmKM_s0118,gacs_emotional_shorts_02_DZQtVmKM
gacs_emotional_shorts_02_DZQtVmKM_s0119,gacs_emotional_shorts_02_DZQtVmKM
gacs_emotional_shorts_02_DZQtVmKM_s0120,gacs_emotional_shorts_02_DZQtVmKM
gacs_emotional_shorts_02_DZQtVmKM_s0121,gacs_emotional_shorts_02_DZQtVmKM
gacs_emotional_shorts_02_DZQtVmKM_s0122,gacs_emotional_shorts_02_DZQtVmKM
gacs_emotional_shorts_02_DZQtVmKM_s0123,gacs_emotional_shorts_02_DZQtVmKM
gacs_emotional_shorts_02_DZQtVmKM_s0124,gacs_emotional_shorts_02_DZQtVmKM
gacs_emotional_shorts_02_DZQtVmKM_s0125,gacs_emotional_shorts_02_DZQtVmKM
gacs_emotional_shorts_02_DZQtVmKM_s0126,gacs_emotional_shorts_02_DZQtVmKM
gacs_emotional_shorts_02_DZQtVmKM_s0127,gacs_emotional_shorts_02_DZQtVmKM
gacs_emotional_shorts_02_DZQtVmKM_s0128,gacs_emotional_shorts_02_DZQtVmKM
gacs_emotional_shorts_02_DZQtVmKM_s0129,gacs_emotional_shorts_02_DZQtVmKM
gacs_emotional_shorts_02_DZQtVmKM_s0130,gacs_emotional_shorts_02_DZQtVmKM
gacs_emotional_shorts_02_DZQtVmKM_s0131,gacs_emotional_shorts_02_DZQtVmKM
gacs_emotional_shorts_02_DZQtVmKM_s0132,gacs_emotional_shorts_02_DZQtVmKM
gacs_emotional_shorts_02_DZQtVmKM_s0133,gacs_emotional_shorts_02_DZQtVmKM
gacs_emotional_shorts_02_DZQtVmKM_s0134,gacs_emotional_shorts_02_DZQtVmKM
gacs_emotional_shorts_02_DZQtVmKM_s0135,gacs_emotional_shorts_02_DZQtVmKM
gacs_emotional_shorts_02_DZQtVmKM_s0136,gacs_emotional_shorts_02_DZQtVmKM
gacs_emotional_shorts_02_DZQtVmKM_s0137,gacs_emotional_shorts_02_DZQtVmKM
gacs_emotional_shorts_02_DZQtVmKM_s0138,gacs_emotional_shorts_02_DZQtVmKM
gacs_emotional_shorts_02_DZQtVmKM_s0139,gacs_emotional_shorts_02_DZQtVmKM
gacs_emotional_shorts_02_DZQtVmKM_s0140,gacs_emotional_shorts_02_DZQtVmKM
gacs_emotional_shorts_02_DZQtVmKM_s0141,gacs_emotional_shorts_02_DZQtVmKM
gacs_emotional_shorts_02_DZQtVmKM_s0142,gacs_emotional_shorts_02_DZQtVmKM
gacs_emotional_shorts_02_DZQtVmKM_s0143,gacs_emotional_shorts_02_DZQtVmKM
gacs_emotional_shorts_02_DZQtVmKM_s0144,gacs_emotional_shorts_02_DZQtVmKM
gacs_emotional_shorts_02_DZQtVmKM_s0145,gacs_emotional_shorts_02_DZQtVmKM
gacs_emotional_shorts_02_DZQtVmKM_s0146,gacs_emotional_shorts_02_DZQtVmKM
gacs_emotional_shorts_02_DZQtVmKM_s0147,gacs_emotional_shorts_02_DZQtVmKM
gacs_emotional_shorts_02_DZQtVmKM_s0148,gacs_emotional_shorts_02_DZQtVmKM
gacs_emotional_shorts_02_DZQtVmKM_s0149,gacs_emotional_shorts_02_DZQtVmKM
gacs_emotional_shorts_02_DZQtVmKM_s0150,gacs_emotional_shorts_02_DZQtVmKM
gacs_emotional_shorts_02_DZQtVmKM_s0151,gacs_emotional_shorts_02_DZQtVmKM
gacs_emotional_shorts_02_DZQtVmKM_s0152,gacs_emotional_shorts_02_DZQtVmKM
gacs_emotional_shorts_02_DZQtVmKM_s0153,gacs_emotional_shorts_02_DZQtVmKM
gacs_emotional_shorts_02_DZQtVmKM_s0154,gacs_emotional_shorts_02_DZQtVmKM
gacs_emotional_shorts_02_DZQtVmKM_s0155,gacs_emotional_shorts_02_DZQtVmKM
gacs_emotional_shorts_02_DZQtVmKM_s0156,gacs_emotional_shorts_02_DZQtVmKM
gacs_emotional_shorts_02_DZQtVmKM_s0157,gacs_emotional_shorts_02_DZQtVmKM
gacs_emotional_shorts_02_DZQtVmKM_s0158,gacs_emotional_shorts_02_DZQtVmKM
gacs_emotional_shorts_02_DZQtVmKM_s0159,gacs_emotional_shorts_02_DZQtVmKM
gacs_emotional_shorts_02_DZQtVmKM_s0160,gacs_emotional_shorts_02_DZQtVmKM
gacs_emotional_shorts_02_DZQtVmKM_s0161,gacs_emotional_shorts_02_DZQtVmKM
gacs_emotional_shorts_02_DZQtVmKM_s0162,gacs_emotional_shorts_02_DZQtVmKM
gacs_emotional_shorts_02_DZQtVmKM_s0163,gacs_emotional_shorts_02_DZQtVmKM
gacs_emotional_shorts_02_DZQtVmKM_s0164,gacs_emotional_shorts_02_DZQtVmKM
gacs_emotional_shorts_02_DZQtVmKM_s0165,gacs_emotional_shorts_02_DZQtVmKM
gacs_emotional_shorts_02_DZQtVmKM_s0166,gacs_emotional_shorts_02_DZQtVmKM
gacs_emotional_shorts_02_DZQtVmKM_s0167,gacs_emotional_shorts_02_DZQtVmKM
gacs_emotional_shorts_02_DZQtVmKM_s0168,gacs_emotional_shorts_02_DZQtVmKM
gacs_emotional_shorts_02_DZQtVmKM_s0169,gacs_emotional_shorts_02_DZQtVmKM
gacs_emotional_shorts_02_DZQtVmKM_s0170,gacs_emotional_shorts_02_DZQtVmKM
gacs_emotional_shorts_02_DZQtVmKM_s0171,gacs_emotional_shorts_02_DZQtVmKM
gacs_emotional_shorts_02_DZQtVmKM_s0172,gacs_emotional_shorts_02_DZQtVmKM
gacs_emotional_shorts_02_DZQtVmKM_s0173,gacs_emotional_shorts_02_DZQtVmKM
gacs_emotional_shorts_02_DZQtVmKM_s0174,gacs_emotional_shorts_02_DZQtVmKM
gacs_emotional_shorts_02_DZQtVmKM_s0175,gacs_emotional_shorts_02_DZQtVmKM
gacs_emotional_shorts_02_DZQtVmKM_s0176,gacs_emotional_shorts_02_DZQtVmKM
gacs_emotional_shorts_02_DZQtVmKM_s0177,gacs_emotional_shorts_02_DZQtVmKM
gacs_emotional_shorts_02_DZQtVmKM_s0178,gacs_emotional_shorts_02_DZQtVmKM
gacs_emotional_shorts_02_DZQtVmKM_s0179,gacs_emotional_shorts_02_DZQtVmKM
gacs_emotional_shorts_02_DZQtVmKM_s0180,gacs_emotional_shorts_02_DZQtVmKM
gacs_emotional_shorts_02_DZQtVmKM_s0181,gacs_emotional_shorts_02_DZQtVmKM
gacs_emotional_shorts_02_DZQtVmKM_s0182,gacs_emotional_shorts_02_DZQtVmKM
gacs_emotional_shorts_02_DZQtVmKM_s0183,gacs_emotional_shorts_02_DZQtVmKM
gacs_emotional_shorts_02_DZQtVmKM_s0184,gacs_emotional_shorts_02_DZQtVmKM
gacs_emotional_shorts_02_DZQtVmKM_s0185,gacs_emotional_shorts_02_DZQtVmKM
gacs_emotional_shorts_02_DZQtVmKM_s0186,gacs_emotional_shorts_02_DZQtVmKM
gacs_emotional_shorts_02_DZQtVmKM_s0187,gacs_emotional_shorts_02_DZQtVmKM
gacs_emotional_shorts_02_DZQtVmKM_s0188,gacs_emotional_shorts_02_DZQtVmKM
gacs_emotional_shorts_02_DZQtVmKM_s0189,gacs_emotional_shorts_02_DZQtVmKM
gacs_emotional_shorts_02_DZQtVmKM_s0190,gacs_emotional_shorts_02_DZQtVmKM
gacs_emotional_shorts_02_DZQtVmKM_s0191,gacs_emotional_shorts_02_DZQtVmKM
gacs_emotional_shorts_02_DZQtVmKM_s0192,gacs_emotional_shorts_02_DZQtVmKM
gacs_emotional_shorts_02_DZQtVmKM_s0193,gacs_emotional_shorts_02_DZQtVmKM
gacs_emotional_shorts_02_DZQtVmKM_s0194,gacs_emotional_shorts_02_DZQtVmKM
gacs_emotional_shorts_02_DZQtVmKM_s0195,gacs_emotional_shorts_02_DZQtVmKM
gacs_emotional_shorts_02_DZQtVmKM_s0196,gacs_emotional_shorts_02_DZQtVmKM
gacs_emotional_shorts_02_DZQtVmKM_s0197,gacs_emotional_shorts_02_DZQtVmKM
gacs_emotional_shorts_02_DZQtVmKM_s0198,gacs_emotional_shorts_02_DZQtVmKM
gacs_emotional_shorts_02_DZQtVmKM_s0199,gacs_emotional_shorts_02_DZQtVmKM
gacs_emotional_shorts_02_DZQtVmKM_s0200,gacs_emotional_shorts_02_DZQtVmKM
gacs_emotional_shorts_02_DZQtVmKM_s0201,gacs_emotional_shorts_02_DZQtVmKM
gacs_emotional_shorts_02_DZQtVmKM_s0202,gacs_emotional_shorts_02_DZQtVmKM
gacs_emotional_shorts_02_DZQtVmKM_s0203,gacs_emotional_shorts_02_DZQtVmKM
gacs_emotional_shorts_02_DZQtVmKM_s0204,gacs_emotional_shorts_02_DZQtVmKM
gacs_emotional_shorts_02_DZQtVmKM_s0205,gacs_emotional_shorts_02_DZQtVmKM
gacs_emotional_shorts_02_DZQtVmKM_s0206,gacs_emotional_shorts_02_DZQtVmKM
gacs_emotional_shorts_02_DZQtVmKM_s0207,gacs_emotional_shorts_02_DZQtVmKM
gacs_emotional_shorts_02_DZQtVmKM_s0208,gacs_emotional_shorts_02_DZQtVmKM
gacs_emotional_shorts_02_DZQtVmKM_s0209,gacs_emotional_shorts_02_DZQtVmKM
gacs_emotional_shorts_02_DZQtVmKM_s0210,gacs_emotional_shorts_02_DZQtVmKM
gacs_emotional_shorts_02_DZQtVmKM_s0211,gacs_emotional_shorts_02_DZQtVmKM
gacs_emotional_shorts_02_DZQtVmKM_s0212,gacs_emotional_shorts_02_DZQtVmKM
gacs_emotional_shorts_02_DZQtVmKM_s0213,gacs_emotional_shorts_02_DZQtVmKM
gacs_emotional_shorts_02_DZQtVmKM_s0214,gacs_emotional_shorts_02_DZQtVmKM
gacs_emotional_shorts_02_DZQtVmKM_s0215,gacs_emotional_shorts_02_DZQtVmKM
gacs_emotional_shorts_02_DZQtVmKM_s0216,gacs_emotional_shorts_02_DZQtVmKM
gacs_emotional_shorts_02_DZQtVmKM_s0217,gacs_emotional_shorts_02_DZQtVmKM
gacs_emotional_shorts_02_DZQtVmKM_s0218,gacs_emotional_shorts_02_DZQtVmKM
gacs_movie_trailers_01_n9xhJrPX_s0006,gacs_movie_trailers_01_n9xhJrPX
gacs_movie_trailers_01_n9xhJrPX_s0007,gacs_movie_trailers_01_n9xhJrPX
gacs_movie_trailers_01_n9xhJrPX_s0008,gacs_movie_trailers_01_n9xhJrPX
gacs_movie_trailers_02_uYPbbksJ_s0010,gacs_movie_trailers_02_uYPbbksJ
gacs_movie_trailers_02_uYPbbksJ_s0011,gacs_movie_trailers_02_uYPbbksJ
gacs_movie_trailers_02_uYPbbksJ_s0012,gacs_movie_trailers_02_uYPbbksJ
gacs_movie_trailers_02_uYPbbksJ_s0013,gacs_movie_trailers_02_uYPbbksJ
gacs_movie_trailers_02_uYPbbksJ_s0014,gacs_movie_trailers_02_uYPbbksJ
gacs_movie_trailers_02_uYPbbksJ_s0015,gacs_movie_trailers_02_uYPbbksJ
gacs_advertisements_00_-avONMmQ_s0000,gacs_advertisements_00_-avONMmQ
gacs_advertisements_00_-avONMmQ_s0001,gacs_advertisements_00_-avONMmQ
gacs_advertisements_00_-avONMmQ_s0002,gacs_advertisements_00_-avONMmQ
gacs_advertisements_00_-avONMmQ_s0003,gacs_advertisements_00_-avONMmQ
gacs_advertisements_00_-avONMmQ_s0004,gacs_advertisements_00_-avONMmQ
gacs_advertisements_00_-avONMmQ_s0005,gacs_advertisements_00_-avONMmQ
gacs_advertisements_00_-avONMmQ_s0006,gacs_advertisements_00_-avONMmQ
gacs_advertisements_00_-avONMmQ_s0007,gacs_advertisements_00_-avONMmQ
gacs_advertisements_00_-avONMmQ_s0008,gacs_advertisements_00_-avONMmQ
gacs_advertisements_00_-avONMmQ_s0009,gacs_advertisements_00_-avONMmQ
gacs_advertisements_00_-avONMmQ_s0010,gacs_advertisements_00_-avONMmQ
gacs_advertisements_00_-avONMmQ_s0011,gacs_advertisements_00_-avONMmQ
gacs_advertisements_00_-avONMmQ_s0012,gacs_advertisements_00_-avONMmQ
gacs_advertisements_00_-avONMmQ_s0013,gacs_advertisements_00_-avONMmQ
gacs_advertisements_00_-avONMmQ_s0014,gacs_advertisements_00_-avONMmQ
gacs_advertisements_00_-avONMmQ_s0015,gacs_advertisements_00_-avONMmQ
gacs_advertisements_00_F4sJLG2z_s0000,gacs_advertisements_00_F4sJLG2z
gacs_advertisements_00_F4sJLG2z_s0001,gacs_advertisements_00_F4sJLG2z
gacs_advertisements_00_F4sJLG2z_s0002,gacs_advertisements_00_F4sJLG2z
gacs_advertisements_01_9G5luoju_s0000,gacs_advertisements_01_9G5luoju
gacs_advertisements_01_9G5luoju_s0001,gacs_advertisements_01_9G5luoju
gacs_advertisements_01_9G5luoju_s0002,gacs_advertisements_01_9G5luoju
gacs_advertisements_01_9G5luoju_s0003,gacs_advertisements_01_9G5luoju
gacs_advertisements_01_9G5luoju_s0004,gacs_advertisements_01_9G5luoju
gacs_advertisements_01_9G5luoju_s0005,gacs_advertisements_01_9G5luoju
gacs_advertisements_01_9G5luoju_s0006,gacs_advertisements_01_9G5luoju
gacs_advertisements_01_9G5luoju_s0007,gacs_advertisements_01_9G5luoju
gacs_advertisements_01_9G5luoju_s0008,gacs_advertisements_01_9G5luoju
gacs_advertisements_01_9G5luoju_s0009,gacs_advertisements_01_9G5luoju
gacs_advertisements_01_9G5luoju_s0010,gacs_advertisements_01_9G5luoju
gacs_advertisements_01_9G5luoju_s0011,gacs_advertisements_01_9G5luoju
gacs_advertisements_01_9G5luoju_s0012,gacs_advertisements_01_9G5luoju
gacs_advertisements_01_jBnseji3_s0000,gacs_advertisements_01_jBnseji3
gacs_advertisements_01_jBnseji3_s0001,gacs_advertisements_01_jBnseji3
gacs_advertisements_01_jBnseji3_s0002,gacs_advertisements_01_jBnseji3
gacs_advertisements_01_jBnseji3_s0003,gacs_advertisements_01_jBnseji3
gacs_advertisements_01_jBnseji3_s0004,gacs_advertisements_01_jBnseji3
gacs_advertisements_01_jBnseji3_s0005,gacs_advertisements_01_jBnseji3
gacs_advertisements_01_jBnseji3_s0006,gacs_advertisements_01_jBnseji3
gacs_advertisements_01_jBnseji3_s0007,gacs_advertisements_01_jBnseji3
gacs_advertisements_01_jBnseji3_s0008,gacs_advertisements_01_jBnseji3
gacs_advertisements_01_jBnseji3_s0009,gacs_advertisements_01_jBnseji3
gacs_advertisements_01_jBnseji3_s0010,gacs_advertisements_01_jBnseji3
gacs_advertisements_01_jBnseji3_s0011,gacs_advertisements_01_jBnseji3
gacs_advertisements_01_jBnseji3_s0012,gacs_advertisements_01_jBnseji3
gacs_advertisements_02_VGa1imAp_s0000,gacs_advertisements_02_VGa1imAp
gacs_advertisements_02_VGa1imAp_s0001,gacs_advertisements_02_VGa1imAp
gacs_advertisements_02_VGa1imAp_s0002,gacs_advertisements_02_VGa1imAp
gacs_advertisements_02_VGa1imAp_s0003,gacs_advertisements_02_VGa1imAp
gacs_advertisements_02_VGa1imAp_s0004,gacs_advertisements_02_VGa1imAp
gacs_advertisements_02_VGa1imAp_s0005,gacs_advertisements_02_VGa1imAp
gacs_advertisements_02_VGa1imAp_s0006,gacs_advertisements_02_VGa1imAp
gacs_advertisements_02_VGa1imAp_s0007,gacs_advertisements_02_VGa1imAp
gacs_advertisements_02_VGa1imAp_s0008,gacs_advertisements_02_VGa1imAp
gacs_advertisements_02_VGa1imAp_s0009,gacs_advertisements_02_VGa1imAp
gacs_advertisements_02_VGa1imAp_s0010,gacs_advertisements_02_VGa1imAp
gacs_advertisements_02_VGa1imAp_s0011,gacs_advertisements_02_VGa1imAp
gacs_advertisements_02_VGa1imAp_s0012,gacs_advertisements_02_VGa1imAp
gacs_advertisements_02_VGa1imAp_s0013,gacs_advertisements_02_VGa1imAp
gacs_advertisements_02_WDld_tTL_s0000,gacs_advertisements_02_WDld_tTL
gacs_advertisements_02_WDld_tTL_s0001,gacs_advertisements_02_WDld_tTL
gacs_advertisements_02_WDld_tTL_s0002,gacs_advertisements_02_WDld_tTL
gacs_advertisements_02_WDld_tTL_s0003,gacs_advertisements_02_WDld_tTL
gacs_advertisements_02_WDld_tTL_s0004,gacs_advertisements_02_WDld_tTL
gacs_animations_00_-HMqv0zl_s0000,gacs_animations_00_-HMqv0zl
gacs_animations_00_-HMqv0zl_s0001,gacs_animations_00_-HMqv0zl
gacs_animations_00_WIPV1iwz_s0000,gacs_animations_00_WIPV1iwz
gacs_animations_00_WIPV1iwz_s0001,gacs_animations_00_WIPV1iwz
gacs_animations_00_WIPV1iwz_s0002,gacs_animations_00_WIPV1iwz
gacs_animations_00_WIPV1iwz_s0003,gacs_animations_00_WIPV1iwz
gacs_animations_00_WIPV1iwz_s0004,gacs_animations_00_WIPV1iwz
gacs_animations_00_WIPV1iwz_s0005,gacs_animations_00_WIPV1iwz
gacs_animations_00_WIPV1iwz_s0006,gacs_animations_00_WIPV1iwz
gacs_animations_00_WIPV1iwz_s0007,gacs_animations_00_WIPV1iwz
gacs_animations_00_WIPV1iwz_s0008,gacs_animations_00_WIPV1iwz
gacs_animations_00_WIPV1iwz_s0009,gacs_animations_00_WIPV1iwz
gacs_animations_00_WIPV1iwz_s0010,gacs_animations_00_WIPV1iwz
gacs_animations_00_WIPV1iwz_s0011,gacs_animations_00_WIPV1iwz
gacs_animations_00_WIPV1iwz_s0012,gacs_animations_00_WIPV1iwz
gacs_animations_00_WIPV1iwz_s0013,gacs_animations_00_WIPV1iwz
gacs_animations_00_WIPV1iwz_s0014,gacs_animations_00_WIPV1iwz
gacs_animations_01_CWnqX41J_s0000,gacs_animations_01_CWnqX41J
gacs_animations_01_CWnqX41J_s0001,gacs_animations_01_CWnqX41J
gacs_animations_01_CWnqX41J_s0002,gacs_animations_01_CWnqX41J
gacs_animations_01_CWnqX41J_s0003,gacs_animations_01_CWnqX41J
gacs_animations_01_CWnqX41J_s0004,gacs_animations_01_CWnqX41J
gacs_animations_01_CWnqX41J_s0005,gacs_animations_01_CWnqX41J
gacs_animations_01_CWnqX41J_s0006,gacs_animations_01_CWnqX41J
gacs_animations_01_CWnqX41J_s0007,gacs_animations_01_CWnqX41J
gacs_animations_01_CWnqX41J_s0008,gacs_animations_01_CWnqX41J
gacs_animations_01_CWnqX41J_s0009,gacs_animations_01_CWnqX41J
gacs_animations_01_CWnqX41J_s0010,gacs_animations_01_CWnqX41J
gacs_animations_01_CWnqX41J_s0011,gacs_animations_01_CWnqX41J
gacs_animations_01_hJnAHzo4_s0000,gacs_animations_01_hJnAHzo4
gacs_animations_01_hJnAHzo4_s0001,gacs_animations_01_hJnAHzo4
gacs_animations_01_hJnAHzo4_s0002,gacs_animations_01_hJnAHzo4
gacs_animations_01_hJnAHzo4_s0003,gacs_animations_01_hJnAHzo4
gacs_animations_01_hJnAHzo4_s0004,gacs_animations_01_hJnAHzo4
gacs_animations_01_hJnAHzo4_s0005,gacs_animations_01_hJnAHzo4
gacs_animations_01_hJnAHzo4_s0006,gacs_animations_01_hJnAHzo4
gacs_animations_01_hJnAHzo4_s0007,gacs_animations_01_hJnAHzo4
gacs_animations_01_hJnAHzo4_s0008,gacs_animations_01_hJnAHzo4
gacs_animations_01_hJnAHzo4_s0009,gacs_animations_01_hJnAHzo4
gacs_animations_01_hJnAHzo4_s0010,gacs_animations_01_hJnAHzo4
gacs_animations_01_hJnAHzo4_s0011,gacs_animations_01_hJnAHzo4
gacs_animations_01_hJnAHzo4_s0012,gacs_animations_01_hJnAHzo4
gacs_animations_01_hJnAHzo4_s0013,gacs_animations_01_hJnAHzo4
gacs_animations_02_lTxn2Buq_s0000,gacs_animations_02_lTxn2Buq
gacs_animations_02_lTxn2Buq_s0001,gacs_animations_02_lTxn2Buq
gacs_animations_02_lTxn2Buq_s0002,gacs_animations_02_lTxn2Buq
gacs_animations_02_lTxn2Buq_s0003,gacs_animations_02_lTxn2Buq
gacs_animations_02_lTxn2Buq_s0004,gacs_animations_02_lTxn2Buq
gacs_animations_02_lTxn2Buq_s0005,gacs_animations_02_lTxn2Buq
gacs_animations_02_lTxn2Buq_s0006,gacs_animations_02_lTxn2Buq
gacs_animations_02_lTxn2Buq_s0007,gacs_animations_02_lTxn2Buq
gacs_animations_02_lTxn2Buq_s0008,gacs_animations_02_lTxn2Buq
gacs_animations_02_lTxn2Buq_s0009,gacs_animations_02_lTxn2Buq
gacs_animations_02_lTxn2Buq_s0010,gacs_animations_02_lTxn2Buq
gacs_animations_02_lTxn2Buq_s0011,gacs_animations_02_lTxn2Buq
gacs_animations_02_lTxn2Buq_s0012,gacs_animations_02_lTxn2Buq
gacs_animations_02_lTxn2Buq_s0013,gacs_animations_02_lTxn2Buq
gacs_animations_02_lTxn2Buq_s0014,gacs_animations_02_lTxn2Buq
gacs_animations_02_lTxn2Buq_s0015,gacs_animations_02_lTxn2Buq
gacs_animations_02_qLGNj-xr_s0000,gacs_animations_02_qLGNj-xr
gacs_animations_02_qLGNj-xr_s0001,gacs_animations_02_qLGNj-xr
gacs_animations_02_qLGNj-xr_s0002,gacs_animations_02_qLGNj-xr
gacs_animations_02_qLGNj-xr_s0003,gacs_animations_02_qLGNj-xr
gacs_animations_02_qLGNj-xr_s0004,gacs_animations_02_qLGNj-xr
gacs_animations_02_qLGNj-xr_s0005,gacs_animations_02_qLGNj-xr
gacs_animations_02_qLGNj-xr_s0006,gacs_animations_02_qLGNj-xr
gacs_animations_02_qLGNj-xr_s0007,gacs_animations_02_qLGNj-xr
gacs_animations_02_qLGNj-xr_s0008,gacs_animations_02_qLGNj-xr
gacs_animations_02_qLGNj-xr_s0009,gacs_animations_02_qLGNj-xr
gacs_animations_02_qLGNj-xr_s0010,gacs_animations_02_qLGNj-xr
gacs_animations_02_qLGNj-xr_s0011,gacs_animations_02_qLGNj-xr
gacs_animations_02_qLGNj-xr_s0012,gacs_animations_02_qLGNj-xr
gacs_animations_02_qLGNj-xr_s0013,gacs_animations_02_qLGNj-xr
gacs_animations_02_qLGNj-xr_s0014,gacs_animations_02_qLGNj-xr
gacs_animations_02_qLGNj-xr_s0015,gacs_animations_02_qLGNj-xr
gacs_emotional_shorts_00_44buVmzh_s0000,gacs_emotional_shorts_00_44buVmzh
gacs_emotional_shorts_00_44buVmzh_s0001,gacs_emotional_shorts_00_44buVmzh
gacs_emotional_shorts_00_44buVmzh_s0002,gacs_emotional_shorts_00_44buVmzh
gacs_emotional_shorts_00_44buVmzh_s0003,gacs_emotional_shorts_00_44buVmzh
gacs_emotional_shorts_00_44buVmzh_s0004,gacs_emotional_shorts_00_44buVmzh
gacs_emotional_shorts_00_44buVmzh_s0005,gacs_emotional_shorts_00_44buVmzh
gacs_emotional_shorts_00_44buVmzh_s0006,gacs_emotional_shorts_00_44buVmzh
gacs_emotional_shorts_00_44buVmzh_s0007,gacs_emotional_shorts_00_44buVmzh
gacs_emotional_shorts_00_44buVmzh_s0008,gacs_emotional_shorts_00_44buVmzh
gacs_emotional_shorts_00_44buVmzh_s0009,gacs_emotional_shorts_00_44buVmzh
gacs_emotional_shorts_00_44buVmzh_s0010,gacs_emotional_shorts_00_44buVmzh
gacs_emotional_shorts_00_44buVmzh_s0011,gacs_emotional_shorts_00_44buVmzh
gacs_emotional_shorts_00_44buVmzh_s0012,gacs_emotional_shorts_00_44buVmzh
gacs_emotional_shorts_00_44buVmzh_s0013,gacs_emotional_shorts_00_44buVmzh
gacs_emotional_shorts_00_44buVmzh_s0014,gacs_emotional_shorts_00_44buVmzh
gacs_emotional_shorts_00_WAmw-erI_s0000,gacs_emotional_shorts_00_WAmw-erI
gacs_emotional_shorts_00_WAmw-erI_s0001,gacs_emotional_shorts_00_WAmw-erI
gacs_emotional_shorts_00_WAmw-erI_s0002,gacs_emotional_shorts_00_WAmw-erI
gacs_emotional_shorts_00_WAmw-erI_s0003,gacs_emotional_shorts_00_WAmw-erI
gacs_emotional_shorts_00_WAmw-erI_s0004,gacs_emotional_shorts_00_WAmw-erI
gacs_emotional_shorts_00_WAmw-erI_s0005,gacs_emotional_shorts_00_WAmw-erI
gacs_emotional_shorts_00_WAmw-erI_s0006,gacs_emotional_shorts_00_WAmw-erI
gacs_emotional_shorts_00_WAmw-erI_s0007,gacs_emotional_shorts_00_WAmw-erI
gacs_emotional_shorts_00_WAmw-erI_s0008,gacs_emotional_shorts_00_WAmw-erI
gacs_emotional_shorts_00_WAmw-erI_s0009,gacs_emotional_shorts_00_WAmw-erI
gacs_emotional_shorts_00_WAmw-erI_s0010,gacs_emotional_shorts_00_WAmw-erI
gacs_emotional_shorts_00_WAmw-erI_s0011,gacs_emotional_shorts_00_WAmw-erI
gacs_emotional_shorts_00_WAmw-erI_s0012,gacs_emotional_shorts_00_WAmw-erI
gacs_emotional_shorts_00_WAmw-erI_s0013,gacs_emotional_shorts_00_WAmw-erI
gacs_emotional_shorts_00_WAmw-erI_s0014,gacs_emotional_shorts_00_WAmw-erI
gacs_emotional_shorts_01_Jzt3pQmF_s0000,gacs_emotional_shorts_01_Jzt3pQmF
gacs_emotional_shorts_01_Jzt3pQmF_s0001,gacs_emotional_shorts_01_Jzt3pQmF
gacs_emotional_shorts_01_Jzt3pQmF_s0002,gacs_emotional_shorts_01_Jzt3pQmF
gacs_emotional_shorts_01_LIed92r8_s0000,gacs_emotional_shorts_01_LIed92r8
gacs_emotional_shorts_01_LIed92r8_s0001,gacs_emotional_shorts_01_LIed92r8
gacs_emotional_shorts_01_LIed92r8_s0002,gacs_emotional_shorts_01_LIed92r8
gacs_emotional_shorts_01_LIed92r8_s0003,gacs_emotional_shorts_01_LIed92r8
gacs_emotional_shorts_01_LIed92r8_s0004,gacs_emotional_shorts_01_LIed92r8
gacs_emotional_shorts_01_LIed92r8_s0005,gacs_emotional_shorts_01_LIed92r8
gacs_emotional_shorts_01_LIed92r8_s0006,gacs_emotional_shorts_01_LIed92r8
gacs_emotional_shorts_01_LIed92r8_s0007,gacs_emotional_shorts_01_LIed92r8
gacs_emotional_shorts_01_LIed92r8_s0008,gacs_emotional_shorts_01_LIed92r8
gacs_emotional_shorts_01_LIed92r8_s0009,gacs_emotional_shorts_01_LIed92r8
gacs_emotional_shorts_01_LIed92r8_s0010,gacs_emotional_shorts_01_LIed92r8
gacs_emotional_shorts_01_LIed92r8_s0011,gacs_emotional_shorts_01_LIed92r8
gacs_emotional_shorts_01_LIed92r8_s0012,gacs_emotional_shorts_01_LIed92r8
gacs_emotional_shorts_01_LIed92r8_s0013,gacs_emotional_shorts_01_LIed92r8
gacs_emotional_shorts_01_LIed92r8_s0014,gacs_emotional_shorts_01_LIed92r8
gacs_emotional_shorts_02_DZQtVmKM_s0000,gacs_emotional_shorts_02_DZQtVmKM
gacs_emotional_shorts_02_DZQtVmKM_s0001,gacs_emotional_shorts_02_DZQtVmKM
gacs_emotional_shorts_02_DZQtVmKM_s0002,gacs_emotional_shorts_02_DZQtVmKM
gacs_emotional_shorts_02_DZQtVmKM_s0003,gacs_emotional_shorts_02_DZQtVmKM
gacs_emotional_shorts_02_DZQtVmKM_s0004,gacs_emotional_shorts_02_DZQtVmKM
gacs_emotional_shorts_02_DZQtVmKM_s0005,gacs_emotional_shorts_02_DZQtVmKM
gacs_emotional_shorts_02_DZQtVmKM_s0006,gacs_emotional_shorts_02_DZQtVmKM
gacs_emotional_shorts_02_VpkiVRxH_s0000,gacs_emotional_shorts_02_VpkiVRxH
gacs_emotional_shorts_02_VpkiVRxH_s0001,gacs_emotional_shorts_02_VpkiVRxH
gacs_emotional_shorts_02_VpkiVRxH_s0002,gacs_emotional_shorts_02_VpkiVRxH
gacs_emotional_shorts_02_VpkiVRxH_s0003,gacs_emotional_shorts_02_VpkiVRxH
gacs_emotional_shorts_02_VpkiVRxH_s0004,gacs_emotional_shorts_02_VpkiVRxH
gacs_emotional_shorts_02_VpkiVRxH_s0005,gacs_emotional_shorts_02_VpkiVRxH
gacs_movie_trailers_00_mqqft2x__s0000,gacs_movie_trailers_00_mqqft2x_
gacs_movie_trailers_00_mqqft2x__s0001,gacs_movie_trailers_00_mqqft2x_
gacs_movie_trailers_00_mqqft2x__s0002,gacs_movie_trailers_00_mqqft2x_
gacs_movie_trailers_00_UDfjsSqC_s0000,gacs_movie_trailers_00_UDfjsSqC
gacs_movie_trailers_00_UDfjsSqC_s0001,gacs_movie_trailers_00_UDfjsSqC
gacs_movie_trailers_00_UDfjsSqC_s0002,gacs_movie_trailers_00_UDfjsSqC
gacs_movie_trailers_01_fsQgc9pC_s0000,gacs_movie_trailers_01_fsQgc9pC
gacs_movie_trailers_01_fsQgc9pC_s0001,gacs_movie_trailers_01_fsQgc9pC
gacs_movie_trailers_01_fsQgc9pC_s0002,gacs_movie_trailers_01_fsQgc9pC
gacs_movie_trailers_01_fsQgc9pC_s0003,gacs_movie_trailers_01_fsQgc9pC
gacs_movie_trailers_01_fsQgc9pC_s0004,gacs_movie_trailers_01_fsQgc9pC
gacs_movie_trailers_01_fsQgc9pC_s0005,gacs_movie_trailers_01_fsQgc9pC
gacs_movie_trailers_01_fsQgc9pC_s0006,gacs_movie_trailers_01_fsQgc9pC
gacs_movie_trailers_01_fsQgc9pC_s0007,gacs_movie_trailers_01_fsQgc9pC
gacs_movie_trailers_01_fsQgc9pC_s0008,gacs_movie_trailers_01_fsQgc9pC
gacs_movie_trailers_01_fsQgc9pC_s0009,gacs_movie_trailers_01_fsQgc9pC
gacs_movie_trailers_01_fsQgc9pC_s0010,gacs_movie_trailers_01_fsQgc9pC
gacs_movie_trailers_01_n9xhJrPX_s0000,gacs_movie_trailers_01_n9xhJrPX
gacs_movie_trailers_01_n9xhJrPX_s0001,gacs_movie_trailers_01_n9xhJrPX
gacs_movie_trailers_01_n9xhJrPX_s0002,gacs_movie_trailers_01_n9xhJrPX
gacs_movie_trailers_01_n9xhJrPX_s0003,gacs_movie_trailers_01_n9xhJrPX
gacs_movie_trailers_01_n9xhJrPX_s0004,gacs_movie_trailers_01_n9xhJrPX
gacs_movie_trailers_01_n9xhJrPX_s0005,gacs_movie_trailers_01_n9xhJrPX
gacs_movie_trailers_02_nb_fFj_0_s0000,gacs_movie_trailers_02_nb_fFj_0
gacs_movie_trailers_02_nb_fFj_0_s0001,gacs_movie_trailers_02_nb_fFj_0
gacs_movie_trailers_02_nb_fFj_0_s0002,gacs_movie_trailers_02_nb_fFj_0
gacs_movie_trailers_02_nb_fFj_0_s0003,gacs_movie_trailers_02_nb_fFj_0
gacs_movie_trailers_02_nb_fFj_0_s0004,gacs_movie_trailers_02_nb_fFj_0
gacs_movie_trailers_02_nb_fFj_0_s0005,gacs_movie_trailers_02_nb_fFj_0
gacs_movie_trailers_02_nb_fFj_0_s0006,gacs_movie_trailers_02_nb_fFj_0
gacs_movie_trailers_02_nb_fFj_0_s0007,gacs_movie_trailers_02_nb_fFj_0
gacs_movie_trailers_02_nb_fFj_0_s0008,gacs_movie_trailers_02_nb_fFj_0
gacs_movie_trailers_02_uYPbbksJ_s0000,gacs_movie_trailers_02_uYPbbksJ
gacs_movie_trailers_02_uYPbbksJ_s0001,gacs_movie_trailers_02_uYPbbksJ
gacs_movie_trailers_02_uYPbbksJ_s0002,gacs_movie_trailers_02_uYPbbksJ
gacs_movie_trailers_02_uYPbbksJ_s0003,gacs_movie_trailers_02_uYPbbksJ
gacs_movie_trailers_02_uYPbbksJ_s0004,gacs_movie_trailers_02_uYPbbksJ
gacs_movie_trailers_02_uYPbbksJ_s0005,gacs_movie_trailers_02_uYPbbksJ
gacs_movie_trailers_02_uYPbbksJ_s0006,gacs_movie_trailers_02_uYPbbksJ
gacs_movie_trailers_02_uYPbbksJ_s0007,gacs_movie_trailers_02_uYPbbksJ
gacs_movie_trailers_02_uYPbbksJ_s0008,gacs_movie_trailers_02_uYPbbksJ
gacs_movie_trailers_02_uYPbbksJ_s0009,gacs_movie_trailers_02_uYPbbksJ
gacs_advertisements_01_DnWykPvf_s0000,gacs_advertisements_01_DnWykPvf
gacs_advertisements_01_DnWykPvf_s0001,gacs_advertisements_01_DnWykPvf
gacs_advertisements_01_DnWykPvf_s0002,gacs_advertisements_01_DnWykPvf
gacs_advertisements_01_DnWykPvf_s0003,gacs_advertisements_01_DnWykPvf
gacs_advertisements_01_DnWykPvf_s0004,gacs_advertisements_01_DnWykPvf
gacs_advertisements_01_DnWykPvf_s0005,gacs_advertisements_01_DnWykPvf
gacs_advertisements_01_DnWykPvf_s0006,gacs_advertisements_01_DnWykPvf
gacs_advertisements_02_DsonSEll_s0000,gacs_advertisements_02_DsonSEll
gacs_advertisements_02_DsonSEll_s0001,gacs_advertisements_02_DsonSEll
gacs_advertisements_02_DsonSEll_s0002,gacs_advertisements_02_DsonSEll
gacs_advertisements_02_DsonSEll_s0003,gacs_advertisements_02_DsonSEll
gacs_advertisements_02_DsonSEll_s0004,gacs_advertisements_02_DsonSEll
gacs_advertisements_02_DsonSEll_s0005,gacs_advertisements_02_DsonSEll
gacs_advertisements_02_DsonSEll_s0006,gacs_advertisements_02_DsonSEll
gacs_advertisements_02_DsonSEll_s0007,gacs_advertisements_02_DsonSEll
gacs_advertisements_02_DsonSEll_s0008,gacs_advertisements_02_DsonSEll
gacs_advertisements_02_DsonSEll_s0009,gacs_advertisements_02_DsonSEll
gacs_advertisements_02_DsonSEll_s0010,gacs_advertisements_02_DsonSEll
gacs_advertisements_03_peuPOPIh_s0000,gacs_advertisements_03_peuPOPIh
gacs_advertisements_03_peuPOPIh_s0001,gacs_advertisements_03_peuPOPIh
gacs_advertisements_03_peuPOPIh_s0002,gacs_advertisements_03_peuPOPIh
gacs_advertisements_03_peuPOPIh_s0003,gacs_advertisements_03_peuPOPIh
gacs_advertisements_03_peuPOPIh_s0004,gacs_advertisements_03_peuPOPIh
gacs_advertisements_03_peuPOPIh_s0005,gacs_advertisements_03_peuPOPIh
gacs_advertisements_03_peuPOPIh_s0006,gacs_advertisements_03_peuPOPIh
gacs_advertisements_03_peuPOPIh_s0007,gacs_advertisements_03_peuPOPIh
gacs_advertisements_03_peuPOPIh_s0008,gacs_advertisements_03_peuPOPIh
gacs_advertisements_03_peuPOPIh_s0009,gacs_advertisements_03_peuPOPIh
gacs_advertisements_04_w7oDM_as_s0000,gacs_advertisements_04_w7oDM_as
gacs_advertisements_04_w7oDM_as_s0001,gacs_advertisements_04_w7oDM_as
gacs_advertisements_04_w7oDM_as_s0002,gacs_advertisements_04_w7oDM_as
gacs_advertisements_04_w7oDM_as_s0003,gacs_advertisements_04_w7oDM_as
gacs_advertisements_04_w7oDM_as_s0004,gacs_advertisements_04_w7oDM_as
gacs_advertisements_04_w7oDM_as_s0005,gacs_advertisements_04_w7oDM_as
gacs_advertisements_04_w7oDM_as_s0006,gacs_advertisements_04_w7oDM_as
gacs_advertisements_04_w7oDM_as_s0007,gacs_advertisements_04_w7oDM_as
gacs_advertisements_04_w7oDM_as_s0008,gacs_advertisements_04_w7oDM_as
gacs_advertisements_04_w7oDM_as_s0009,gacs_advertisements_04_w7oDM_as
gacs_advertisements_04_w7oDM_as_s0010,gacs_advertisements_04_w7oDM_as
gacs_advertisements_04_w7oDM_as_s0011,gacs_advertisements_04_w7oDM_as
gacs_advertisements_04_w7oDM_as_s0012,gacs_advertisements_04_w7oDM_as
gacs_advertisements_04_w7oDM_as.temp_s0000,gacs_advertisements_04_w7oDM_as.temp
gacs_advertisements_04_w7oDM_as.temp_s0001,gacs_advertisements_04_w7oDM_as.temp
gacs_advertisements_04_w7oDM_as.temp_s0002,gacs_advertisements_04_w7oDM_as.temp
gacs_advertisements_04_w7oDM_as.temp_s0003,gacs_advertisements_04_w7oDM_as.temp
gacs_advertisements_04_w7oDM_as.temp_s0004,gacs_advertisements_04_w7oDM_as.temp
gacs_advertisements_04_w7oDM_as.temp_s0005,gacs_advertisements_04_w7oDM_as.temp
gacs_advertisements_04_w7oDM_as.temp_s0006,gacs_advertisements_04_w7oDM_as.temp
gacs_advertisements_04_w7oDM_as.temp_s0007,gacs_advertisements_04_w7oDM_as.temp
gacs_advertisements_04_w7oDM_as.temp_s0008,gacs_advertisements_04_w7oDM_as.temp
gacs_advertisements_04_w7oDM_as.temp_s0009,gacs_advertisements_04_w7oDM_as.temp
gacs_advertisements_04_w7oDM_as.temp_s0010,gacs_advertisements_04_w7oDM_as.temp
gacs_advertisements_04_w7oDM_as.temp_s0011,gacs_advertisements_04_w7oDM_as.temp
gacs_advertisements_04_w7oDM_as.temp_s0012,gacs_advertisements_04_w7oDM_as.temp
gacs_animations_00_hXzcyx9V_s0000,gacs_animations_00_hXzcyx9V
gacs_animations_00_hXzcyx9V_s0001,gacs_animations_00_hXzcyx9V
gacs_animations_00_hXzcyx9V_s0002,gacs_animations_00_hXzcyx9V
gacs_animations_00_hXzcyx9V_s0003,gacs_animations_00_hXzcyx9V
gacs_animations_00_hXzcyx9V_s0004,gacs_animations_00_hXzcyx9V
gacs_animations_00_hXzcyx9V_s0005,gacs_animations_00_hXzcyx9V
gacs_animations_00_hXzcyx9V_s0006,gacs_animations_00_hXzcyx9V
gacs_animations_00_hXzcyx9V_s0007,gacs_animations_00_hXzcyx9V
gacs_animations_00_hXzcyx9V_s0008,gacs_animations_00_hXzcyx9V
gacs_animations_00_hXzcyx9V_s0009,gacs_animations_00_hXzcyx9V
gacs_animations_00_hXzcyx9V_s0010,gacs_animations_00_hXzcyx9V
gacs_animations_00_hXzcyx9V_s0011,gacs_animations_00_hXzcyx9V
gacs_animations_00_hXzcyx9V_s0012,gacs_animations_00_hXzcyx9V
gacs_animations_00_hXzcyx9V_s0013,gacs_animations_00_hXzcyx9V
gacs_animations_00_hXzcyx9V_s0014,gacs_animations_00_hXzcyx9V
gacs_animations_01_O515YeHQ_s0000,gacs_animations_01_O515YeHQ
gacs_animations_01_O515YeHQ_s0001,gacs_animations_01_O515YeHQ
gacs_animations_01_O515YeHQ_s0002,gacs_animations_01_O515YeHQ
gacs_animations_01_O515YeHQ_s0003,gacs_animations_01_O515YeHQ
gacs_animations_01_O515YeHQ_s0004,gacs_animations_01_O515YeHQ
gacs_animations_01_O515YeHQ_s0005,gacs_animations_01_O515YeHQ
gacs_animations_01_O515YeHQ_s0006,gacs_animations_01_O515YeHQ
gacs_animations_01_O515YeHQ_s0007,gacs_animations_01_O515YeHQ
gacs_animations_01_O515YeHQ_s0008,gacs_animations_01_O515YeHQ
gacs_animations_01_O515YeHQ_s0009,gacs_animations_01_O515YeHQ
gacs_animations_01_O515YeHQ_s0010,gacs_animations_01_O515YeHQ
gacs_animations_01_O515YeHQ_s0011,gacs_animations_01_O515YeHQ
gacs_animations_02_1o8GWhoD_s0000,gacs_animations_02_1o8GWhoD
gacs_animations_02_1o8GWhoD_s0001,gacs_animations_02_1o8GWhoD
gacs_animations_02_1o8GWhoD_s0002,gacs_animations_02_1o8GWhoD
gacs_animations_02_1o8GWhoD_s0003,gacs_animations_02_1o8GWhoD
gacs_animations_02_1o8GWhoD_s0004,gacs_animations_02_1o8GWhoD
gacs_animations_02_1o8GWhoD_s0005,gacs_animations_02_1o8GWhoD
gacs_animations_02_1o8GWhoD_s0006,gacs_animations_02_1o8GWhoD
gacs_animations_02_1o8GWhoD_s0007,gacs_animations_02_1o8GWhoD
gacs_animations_02_1o8GWhoD_s0008,gacs_animations_02_1o8GWhoD
gacs_animations_02_1o8GWhoD_s0009,gacs_animations_02_1o8GWhoD
gacs_animations_02_1o8GWhoD_s0010,gacs_animations_02_1o8GWhoD
gacs_animations_02_1o8GWhoD_s0011,gacs_animations_02_1o8GWhoD
gacs_animations_02_1o8GWhoD_s0012,gacs_animations_02_1o8GWhoD
gacs_animations_02_1o8GWhoD_s0013,gacs_animations_02_1o8GWhoD
gacs_animations_02_1o8GWhoD_s0014,gacs_animations_02_1o8GWhoD
gacs_animations_02_1o8GWhoD_s0015,gacs_animations_02_1o8GWhoD
gacs_animations_03_VWavstJy_s0000,gacs_animations_03_VWavstJy
gacs_animations_03_VWavstJy_s0001,gacs_animations_03_VWavstJy
gacs_animations_03_VWavstJy_s0002,gacs_animations_03_VWavstJy
gacs_animations_03_VWavstJy_s0003,gacs_animations_03_VWavstJy
gacs_animations_03_VWavstJy_s0004,gacs_animations_03_VWavstJy
gacs_animations_03_VWavstJy_s0005,gacs_animations_03_VWavstJy
gacs_animations_03_VWavstJy_s0006,gacs_animations_03_VWavstJy
gacs_animations_03_VWavstJy_s0007,gacs_animations_03_VWavstJy
gacs_animations_03_VWavstJy_s0008,gacs_animations_03_VWavstJy
gacs_animations_03_VWavstJy_s0009,gacs_animations_03_VWavstJy
gacs_animations_04_cqGjhVJW_s0000,gacs_animations_04_cqGjhVJW
gacs_animations_04_cqGjhVJW_s0001,gacs_animations_04_cqGjhVJW
gacs_animations_04_cqGjhVJW_s0002,gacs_animations_04_cqGjhVJW
gacs_animations_04_cqGjhVJW_s0003,gacs_animations_04_cqGjhVJW
gacs_animations_04_cqGjhVJW_s0004,gacs_animations_04_cqGjhVJW
gacs_animations_04_cqGjhVJW_s0005,gacs_animations_04_cqGjhVJW
gacs_animations_04_cqGjhVJW_s0006,gacs_animations_04_cqGjhVJW
gacs_animations_04_cqGjhVJW_s0007,gacs_animations_04_cqGjhVJW
gacs_emotional_shorts_00_qm5hen3q_s0000,gacs_emotional_shorts_00_qm5hen3q
gacs_emotional_shorts_00_qm5hen3q_s0001,gacs_emotional_shorts_00_qm5hen3q
gacs_emotional_shorts_00_qm5hen3q_s0002,gacs_emotional_shorts_00_qm5hen3q
gacs_emotional_shorts_00_qm5hen3q_s0003,gacs_emotional_shorts_00_qm5hen3q
gacs_emotional_shorts_00_qm5hen3q_s0004,gacs_emotional_shorts_00_qm5hen3q
gacs_emotional_shorts_00_qm5hen3q_s0005,gacs_emotional_shorts_00_qm5hen3q
gacs_emotional_shorts_00_qm5hen3q_s0006,gacs_emotional_shorts_00_qm5hen3q
gacs_emotional_shorts_00_qm5hen3q_s0007,gacs_emotional_shorts_00_qm5hen3q
gacs_emotional_shorts_00_qm5hen3q_s0008,gacs_emotional_shorts_00_qm5hen3q
gacs_emotional_shorts_00_qm5hen3q_s0009,gacs_emotional_shorts_00_qm5hen3q
gacs_emotional_shorts_01_hCOOAE_s_s0000,gacs_emotional_shorts_01_hCOOAE_s
gacs_emotional_shorts_01_hCOOAE_s_s0001,gacs_emotional_shorts_01_hCOOAE_s
gacs_emotional_shorts_01_hCOOAE_s_s0002,gacs_emotional_shorts_01_hCOOAE_s
gacs_emotional_shorts_01_hCOOAE_s_s0003,gacs_emotional_shorts_01_hCOOAE_s
gacs_emotional_shorts_01_hCOOAE_s_s0004,gacs_emotional_shorts_01_hCOOAE_s
gacs_emotional_shorts_01_hCOOAE_s_s0005,gacs_emotional_shorts_01_hCOOAE_s
gacs_emotional_shorts_01_hCOOAE_s_s0006,gacs_emotional_shorts_01_hCOOAE_s
gacs_emotional_shorts_01_hCOOAE_s_s0007,gacs_emotional_shorts_01_hCOOAE_s
gacs_emotional_shorts_01_hCOOAE_s_s0008,gacs_emotional_shorts_01_hCOOAE_s
gacs_emotional_shorts_01_hCOOAE_s_s0009,gacs_emotional_shorts_01_hCOOAE_s
gacs_emotional_shorts_01_hCOOAE_s_s0010,gacs_emotional_shorts_01_hCOOAE_s
gacs_emotional_shorts_01_hCOOAE_s_s0011,gacs_emotional_shorts_01_hCOOAE_s
gacs_emotional_shorts_01_hCOOAE_s_s0012,gacs_emotional_shorts_01_hCOOAE_s
gacs_emotional_shorts_02_R2KyQF34_s0000,gacs_emotional_shorts_02_R2KyQF34
gacs_emotional_shorts_02_R2KyQF34_s0001,gacs_emotional_shorts_02_R2KyQF34
gacs_emotional_shorts_02_R2KyQF34_s0002,gacs_emotional_shorts_02_R2KyQF34
gacs_emotional_shorts_02_R2KyQF34_s0003,gacs_emotional_shorts_02_R2KyQF34
gacs_emotional_shorts_02_R2KyQF34_s0004,gacs_emotional_shorts_02_R2KyQF34
gacs_emotional_shorts_03_NEpfRHly_s0000,gacs_emotional_shorts_03_NEpfRHly
gacs_emotional_shorts_03_NEpfRHly_s0001,gacs_emotional_shorts_03_NEpfRHly
gacs_emotional_shorts_03_NEpfRHly_s0002,gacs_emotional_shorts_03_NEpfRHly
gacs_emotional_shorts_03_NEpfRHly_s0003,gacs_emotional_shorts_03_NEpfRHly
gacs_emotional_shorts_03_NEpfRHly_s0004,gacs_emotional_shorts_03_NEpfRHly
gacs_emotional_shorts_03_NEpfRHly_s0005,gacs_emotional_shorts_03_NEpfRHly
gacs_emotional_shorts_04_C2RsYF1B_s0000,gacs_emotional_shorts_04_C2RsYF1B
gacs_emotional_shorts_04_C2RsYF1B_s0001,gacs_emotional_shorts_04_C2RsYF1B
gacs_emotional_shorts_04_C2RsYF1B_s0002,gacs_emotional_shorts_04_C2RsYF1B
gacs_emotional_shorts_04_C2RsYF1B_s0003,gacs_emotional_shorts_04_C2RsYF1B
gacs_emotional_shorts_04_C2RsYF1B_s0004,gacs_emotional_shorts_04_C2RsYF1B
gacs_emotional_shorts_04_C2RsYF1B_s0005,gacs_emotional_shorts_04_C2RsYF1B
gacs_emotional_shorts_04_C2RsYF1B_s0006,gacs_emotional_shorts_04_C2RsYF1B
gacs_emotional_shorts_04_C2RsYF1B_s0007,gacs_emotional_shorts_04_C2RsYF1B
gacs_emotional_shorts_04_C2RsYF1B_s0008,gacs_emotional_shorts_04_C2RsYF1B
gacs_movie_trailers_00_ew7aQG7a_s0000,gacs_movie_trailers_00_ew7aQG7a
gacs_movie_trailers_00_ew7aQG7a_s0001,gacs_movie_trailers_00_ew7aQG7a
gacs_movie_trailers_00_ew7aQG7a_s0002,gacs_movie_trailers_00_ew7aQG7a
gacs_movie_trailers_00_ew7aQG7a_s0003,gacs_movie_trailers_00_ew7aQG7a
gacs_movie_trailers_01_JfVOs4VS_s0000,gacs_movie_trailers_01_JfVOs4VS
gacs_movie_trailers_01_JfVOs4VS_s0001,gacs_movie_trailers_01_JfVOs4VS
gacs_movie_trailers_01_JfVOs4VS_s0002,gacs_movie_trailers_01_JfVOs4VS
gacs_movie_trailers_01_JfVOs4VS_s0003,gacs_movie_trailers_01_JfVOs4VS
gacs_movie_trailers_01_JfVOs4VS_s0004,gacs_movie_trailers_01_JfVOs4VS
gacs_movie_trailers_01_JfVOs4VS_s0005,gacs_movie_trailers_01_JfVOs4VS
gacs_movie_trailers_01_JfVOs4VS_s0006,gacs_movie_trailers_01_JfVOs4VS
gacs_movie_trailers_01_JfVOs4VS_s0007,gacs_movie_trailers_01_JfVOs4VS
gacs_movie_trailers_01_JfVOs4VS_s0008,gacs_movie_trailers_01_JfVOs4VS
gacs_movie_trailers_01_JfVOs4VS_s0009,gacs_movie_trailers_01_JfVOs4VS
gacs_movie_trailers_01_JfVOs4VS_s0010,gacs_movie_trailers_01_JfVOs4VS
gacs_movie_trailers_02_32RAq6Jz_s0000,gacs_movie_trailers_02_32RAq6Jz
gacs_movie_trailers_02_32RAq6Jz_s0001,gacs_movie_trailers_02_32RAq6Jz
gacs_movie_trailers_02_32RAq6Jz_s0002,gacs_movie_trailers_02_32RAq6Jz
gacs_movie_trailers_02_32RAq6Jz_s0003,gacs_movie_trailers_02_32RAq6Jz
gacs_movie_trailers_02_32RAq6Jz_s0004,gacs_movie_trailers_02_32RAq6Jz
gacs_movie_trailers_02_32RAq6Jz_s0005,gacs_movie_trailers_02_32RAq6Jz
gacs_movie_trailers_02_32RAq6Jz_s0006,gacs_movie_trailers_02_32RAq6Jz
gacs_movie_trailers_02_32RAq6Jz_s0007,gacs_movie_trailers_02_32RAq6Jz
gacs_movie_trailers_02_32RAq6Jz_s0008,gacs_movie_trailers_02_32RAq6Jz
gacs_movie_trailers_03__Z3QKkl1_s0000,gacs_movie_trailers_03__Z3QKkl1
gacs_movie_trailers_03__Z3QKkl1_s0001,gacs_movie_trailers_03__Z3QKkl1
gacs_movie_trailers_03__Z3QKkl1_s0002,gacs_movie_trailers_03__Z3QKkl1
gacs_movie_trailers_03__Z3QKkl1_s0003,gacs_movie_trailers_03__Z3QKkl1
gacs_movie_trailers_03__Z3QKkl1_s0004,gacs_movie_trailers_03__Z3QKkl1
gacs_movie_trailers_03__Z3QKkl1_s0005,gacs_movie_trailers_03__Z3QKkl1
gacs_movie_trailers_04_qSqVVswa_s0000,gacs_movie_trailers_04_qSqVVswa
gacs_movie_trailers_04_qSqVVswa_s0001,gacs_movie_trailers_04_qSqVVswa
gacs_movie_trailers_04_qSqVVswa_s0002,gacs_movie_trailers_04_qSqVVswa
gacs_movie_trailers_04_qSqVVswa_s0003,gacs_movie_trailers_04_qSqVVswa
gacs_movie_trailers_04_qSqVVswa_s0004,gacs_movie_trailers_04_qSqVVswa
gacs_movie_trailers_04_qSqVVswa_s0005,gacs_movie_trailers_04_qSqVVswa
gacs_movie_trailers_04_qSqVVswa_s0006,gacs_movie_trailers_04_qSqVVswa
gacs_movie_trailers_04_qSqVVswa_s0007,gacs_movie_trailers_04_qSqVVswa
gacs_movie_trailers_04_qSqVVswa_s0008,gacs_movie_trailers_04_qSqVVswa
gacs_movie_trailers_04_qSqVVswa_s0009,gacs_movie_trailers_04_qSqVVswa
gacs_movie_trailers_04_qSqVVswa_s0010,gacs_movie_trailers_04_qSqVVswa
gacs_advertisements_00_fo4LLux-_s0000,gacs_advertisements_00_fo4LLux-
gacs_advertisements_00_fo4LLux-_s0001,gacs_advertisements_00_fo4LLux-
gacs_advertisements_00_fo4LLux-_s0002,gacs_advertisements_00_fo4LLux-
gacs_advertisements_00_fo4LLux-_s0003,gacs_advertisements_00_fo4LLux-
gacs_advertisements_00_fo4LLux-_s0004,gacs_advertisements_00_fo4LLux-
gacs_advertisements_00_fo4LLux-_s0005,gacs_advertisements_00_fo4LLux-
gacs_advertisements_00_fo4LLux-_s0006,gacs_advertisements_00_fo4LLux-
gacs_advertisements_00_fo4LLux-_s0007,gacs_advertisements_00_fo4LLux-
gacs_advertisements_00_fo4LLux-_s0008,gacs_advertisements_00_fo4LLux-
gacs_advertisements_00_fo4LLux-_s0009,gacs_advertisements_00_fo4LLux-
gacs_advertisements_00_fo4LLux-_s0010,gacs_advertisements_00_fo4LLux-
gacs_advertisements_00_fo4LLux-_s0011,gacs_advertisements_00_fo4LLux-
gacs_advertisements_00_fo4LLux-_s0012,gacs_advertisements_00_fo4LLux-
gacs_advertisements_00_fo4LLux-_s0013,gacs_advertisements_00_fo4LLux-
gacs_advertisements_00_fo4LLux-_s0014,gacs_advertisements_00_fo4LLux-
gacs_advertisements_02_YG8kLlRw_s0000,gacs_advertisements_02_YG8kLlRw
gacs_advertisements_02_YG8kLlRw_s0001,gacs_advertisements_02_YG8kLlRw
gacs_advertisements_02_YG8kLlRw_s0002,gacs_advertisements_02_YG8kLlRw
gacs_advertisements_02_YG8kLlRw_s0003,gacs_advertisements_02_YG8kLlRw
gacs_advertisements_02_YG8kLlRw_s0004,gacs_advertisements_02_YG8kLlRw
gacs_advertisements_02_YG8kLlRw_s0005,gacs_advertisements_02_YG8kLlRw
gacs_advertisements_02_YG8kLlRw_s0006,gacs_advertisements_02_YG8kLlRw
gacs_advertisements_02_YG8kLlRw_s0007,gacs_advertisements_02_YG8kLlRw
gacs_advertisements_02_YG8kLlRw_s0008,gacs_advertisements_02_YG8kLlRw
gacs_advertisements_02_YG8kLlRw_s0009,gacs_advertisements_02_YG8kLlRw
gacs_advertisements_02_YG8kLlRw_s0010,gacs_advertisements_02_YG8kLlRw
gacs_advertisements_02_YG8kLlRw_s0011,gacs_advertisements_02_YG8kLlRw
gacs_advertisements_02_YG8kLlRw_s0012,gacs_advertisements_02_YG8kLlRw
gacs_advertisements_02_YG8kLlRw_s0013,gacs_advertisements_02_YG8kLlRw
gacs_advertisements_02_YG8kLlRw_s0014,gacs_advertisements_02_YG8kLlRw
gacs_advertisements_03_mC-NysO3_s0000,gacs_advertisements_03_mC-NysO3
gacs_advertisements_03_mC-NysO3_s0001,gacs_advertisements_03_mC-NysO3
gacs_advertisements_03_mC-NysO3_s0002,gacs_advertisements_03_mC-NysO3
gacs_advertisements_04_YU7TcxwF_s0000,gacs_advertisements_04_YU7TcxwF
gacs_advertisements_04_YU7TcxwF_s0001,gacs_advertisements_04_YU7TcxwF
gacs_advertisements_04_YU7TcxwF_s0002,gacs_advertisements_04_YU7TcxwF
gacs_advertisements_04_YU7TcxwF_s0003,gacs_advertisements_04_YU7TcxwF
gacs_advertisements_04_YU7TcxwF_s0004,gacs_advertisements_04_YU7TcxwF
gacs_advertisements_04_YU7TcxwF_s0005,gacs_advertisements_04_YU7TcxwF
gacs_advertisements_04_YU7TcxwF_s0006,gacs_advertisements_04_YU7TcxwF
gacs_advertisements_04_YU7TcxwF_s0007,gacs_advertisements_04_YU7TcxwF
gacs_advertisements_04_YU7TcxwF_s0008,gacs_advertisements_04_YU7TcxwF
gacs_advertisements_04_YU7TcxwF_s0009,gacs_advertisements_04_YU7TcxwF
gacs_advertisements_04_YU7TcxwF_s0010,gacs_advertisements_04_YU7TcxwF
gacs_advertisements_04_YU7TcxwF_s0011,gacs_advertisements_04_YU7TcxwF
gacs_advertisements_04_YU7TcxwF_s0012,gacs_advertisements_04_YU7TcxwF
gacs_animations_00_ysqiEC6b_s0000,gacs_animations_00_ysqiEC6b
gacs_animations_00_ysqiEC6b_s0001,gacs_animations_00_ysqiEC6b
gacs_animations_00_ysqiEC6b_s0002,gacs_animations_00_ysqiEC6b
gacs_animations_00_ysqiEC6b_s0003,gacs_animations_00_ysqiEC6b
gacs_animations_00_ysqiEC6b_s0004,gacs_animations_00_ysqiEC6b
gacs_animations_00_ysqiEC6b_s0005,gacs_animations_00_ysqiEC6b
gacs_animations_00_ysqiEC6b_s0006,gacs_animations_00_ysqiEC6b
gacs_animations_01_taE3Pwur_s0000,gacs_animations_01_taE3Pwur
gacs_animations_01_taE3Pwur_s0001,gacs_animations_01_taE3Pwur
gacs_animations_01_taE3Pwur_s0002,gacs_animations_01_taE3Pwur
gacs_animations_01_taE3Pwur_s0003,gacs_animations_01_taE3Pwur
gacs_animations_01_taE3Pwur_s0004,gacs_animations_01_taE3Pwur
gacs_animations_01_taE3Pwur_s0005,gacs_animations_01_taE3Pwur
gacs_animations_01_taE3Pwur_s0006,gacs_animations_01_taE3Pwur
gacs_animations_01_taE3Pwur_s0007,gacs_animations_01_taE3Pwur
gacs_animations_01_taE3Pwur_s0009,gacs_animations_01_taE3Pwur
gacs_animations_02_shW9i6k8_s0000,gacs_animations_02_shW9i6k8
gacs_animations_02_shW9i6k8_s0001,gacs_animations_02_shW9i6k8
gacs_animations_02_shW9i6k8_s0002,gacs_animations_02_shW9i6k8
gacs_animations_02_shW9i6k8_s0003,gacs_animations_02_shW9i6k8
gacs_animations_02_shW9i6k8_s0004,gacs_animations_02_shW9i6k8
gacs_animations_02_shW9i6k8_s0005,gacs_animations_02_shW9i6k8
gacs_animations_02_shW9i6k8_s0006,gacs_animations_02_shW9i6k8
gacs_animations_02_shW9i6k8_s0007,gacs_animations_02_shW9i6k8
gacs_animations_02_shW9i6k8_s0008,gacs_animations_02_shW9i6k8
gacs_animations_02_shW9i6k8_s0009,gacs_animations_02_shW9i6k8
gacs_animations_02_shW9i6k8_s0010,gacs_animations_02_shW9i6k8
gacs_animations_03_xOsLIiBS_s0000,gacs_animations_03_xOsLIiBS
gacs_animations_03_xOsLIiBS_s0001,gacs_animations_03_xOsLIiBS
gacs_animations_03_xOsLIiBS_s0002,gacs_animations_03_xOsLIiBS
gacs_animations_03_xOsLIiBS_s0003,gacs_animations_03_xOsLIiBS
gacs_animations_03_xOsLIiBS_s0004,gacs_animations_03_xOsLIiBS
gacs_animations_03_xOsLIiBS_s0005,gacs_animations_03_xOsLIiBS
gacs_animations_03_xOsLIiBS_s0006,gacs_animations_03_xOsLIiBS
gacs_animations_03_xOsLIiBS_s0007,gacs_animations_03_xOsLIiBS
gacs_animations_03_xOsLIiBS_s0008,gacs_animations_03_xOsLIiBS
gacs_animations_03_xOsLIiBS_s0009,gacs_animations_03_xOsLIiBS
gacs_animations_04_h9h-2ENa_s0000,gacs_animations_04_h9h-2ENa
gacs_animations_04_h9h-2ENa_s0001,gacs_animations_04_h9h-2ENa
gacs_animations_04_h9h-2ENa_s0002,gacs_animations_04_h9h-2ENa
gacs_animations_04_h9h-2ENa_s0003,gacs_animations_04_h9h-2ENa
gacs_emotional_shorts_00_78hzXX60_s0000,gacs_emotional_shorts_00_78hzXX60
gacs_emotional_shorts_00_78hzXX60_s0001,gacs_emotional_shorts_00_78hzXX60
gacs_emotional_shorts_00_78hzXX60_s0002,gacs_emotional_shorts_00_78hzXX60
gacs_emotional_shorts_00_78hzXX60_s0003,gacs_emotional_shorts_00_78hzXX60
gacs_emotional_shorts_00_78hzXX60_s0004,gacs_emotional_shorts_00_78hzXX60
gacs_emotional_shorts_00_78hzXX60_s0005,gacs_emotional_shorts_00_78hzXX60
gacs_emotional_shorts_00_78hzXX60_s0006,gacs_emotional_shorts_00_78hzXX60
gacs_emotional_shorts_00_78hzXX60_s0007,gacs_emotional_shorts_00_78hzXX60
gacs_emotional_shorts_00_78hzXX60_s0008,gacs_emotional_shorts_00_78hzXX60
gacs_emotional_shorts_00_78hzXX60_s0009,gacs_emotional_shorts_00_78hzXX60
gacs_emotional_shorts_00_78hzXX60_s0010,gacs_emotional_shorts_00_78hzXX60
gacs_emotional_shorts_00_78hzXX60_s0011,gacs_emotional_shorts_00_78hzXX60
gacs_emotional_shorts_00_78hzXX60_s0012,gacs_emotional_shorts_00_78hzXX60
gacs_emotional_shorts_01_n5U8Z7VY_s0000,gacs_emotional_shorts_01_n5U8Z7VY
gacs_emotional_shorts_01_n5U8Z7VY_s0001,gacs_emotional_shorts_01_n5U8Z7VY
gacs_emotional_shorts_01_n5U8Z7VY_s0002,gacs_emotional_shorts_01_n5U8Z7VY
gacs_emotional_shorts_01_n5U8Z7VY_s0003,gacs_emotional_shorts_01_n5U8Z7VY
gacs_emotional_shorts_01_n5U8Z7VY_s0004,gacs_emotional_shorts_01_n5U8Z7VY
gacs_emotional_shorts_01_n5U8Z7VY_s0005,gacs_emotional_shorts_01_n5U8Z7VY
gacs_emotional_shorts_01_n5U8Z7VY_s0006,gacs_emotional_shorts_01_n5U8Z7VY
gacs_emotional_shorts_01_n5U8Z7VY_s0007,gacs_emotional_shorts_01_n5U8Z7VY
gacs_emotional_shorts_01_n5U8Z7VY_s0008,gacs_emotional_shorts_01_n5U8Z7VY
gacs_emotional_shorts_01_n5U8Z7VY_s0009,gacs_emotional_shorts_01_n5U8Z7VY
gacs_emotional_shorts_01_n5U8Z7VY_s0010,gacs_emotional_shorts_01_n5U8Z7VY
gacs_emotional_shorts_01_n5U8Z7VY_s0011,gacs_emotional_shorts_01_n5U8Z7VY
gacs_emotional_shorts_01_n5U8Z7VY_s0012,gacs_emotional_shorts_01_n5U8Z7VY
gacs_emotional_shorts_03_lEDHRh8g_s0000,gacs_emotional_shorts_03_lEDHRh8g
gacs_emotional_shorts_03_lEDHRh8g_s0001,gacs_emotional_shorts_03_lEDHRh8g
gacs_emotional_shorts_03_lEDHRh8g_s0002,gacs_emotional_shorts_03_lEDHRh8g
gacs_emotional_shorts_03_lEDHRh8g_s0003,gacs_emotional_shorts_03_lEDHRh8g
gacs_emotional_shorts_03_lEDHRh8g_s0004,gacs_emotional_shorts_03_lEDHRh8g
gacs_emotional_shorts_03_lEDHRh8g_s0005,gacs_emotional_shorts_03_lEDHRh8g
gacs_emotional_shorts_03_lEDHRh8g_s0006,gacs_emotional_shorts_03_lEDHRh8g
gacs_emotional_shorts_03_lEDHRh8g_s0007,gacs_emotional_shorts_03_lEDHRh8g
gacs_emotional_shorts_03_lEDHRh8g_s0008,gacs_emotional_shorts_03_lEDHRh8g
gacs_emotional_shorts_03_lEDHRh8g_s0009,gacs_emotional_shorts_03_lEDHRh8g
gacs_emotional_shorts_03_lEDHRh8g_s0010,gacs_emotional_shorts_03_lEDHRh8g
gacs_emotional_shorts_03_lEDHRh8g_s0011,gacs_emotional_shorts_03_lEDHRh8g
gacs_emotional_shorts_03_lEDHRh8g_s0012,gacs_emotional_shorts_03_lEDHRh8g
gacs_movie_trailers_01_9ix7TUGV_s0000,gacs_movie_trailers_01_9ix7TUGV
gacs_movie_trailers_01_9ix7TUGV_s0001,gacs_movie_trailers_01_9ix7TUGV
gacs_movie_trailers_01_9ix7TUGV_s0002,gacs_movie_trailers_01_9ix7TUGV
gacs_movie_trailers_01_9ix7TUGV_s0003,gacs_movie_trailers_01_9ix7TUGV
gacs_movie_trailers_01_9ix7TUGV_s0004,gacs_movie_trailers_01_9ix7TUGV
gacs_movie_trailers_01_9ix7TUGV_s0005,gacs_movie_trailers_01_9ix7TUGV
gacs_movie_trailers_01_9ix7TUGV_s0006,gacs_movie_trailers_01_9ix7TUGV
gacs_movie_trailers_01_9ix7TUGV_s0007,gacs_movie_trailers_01_9ix7TUGV
gacs_movie_trailers_01_9ix7TUGV_s0008,gacs_movie_trailers_01_9ix7TUGV
gacs_movie_trailers_01_9ix7TUGV_s0009,gacs_movie_trailers_01_9ix7TUGV
gacs_movie_trailers_01_9ix7TUGV_s0010,gacs_movie_trailers_01_9ix7TUGV
gacs_movie_trailers_02_aWzlQ2N6_s0000,gacs_movie_trailers_02_aWzlQ2N6
gacs_movie_trailers_02_aWzlQ2N6_s0001,gacs_movie_trailers_02_aWzlQ2N6
gacs_movie_trailers_02_aWzlQ2N6_s0002,gacs_movie_trailers_02_aWzlQ2N6
gacs_movie_trailers_02_aWzlQ2N6_s0003,gacs_movie_trailers_02_aWzlQ2N6
gacs_movie_trailers_02_aWzlQ2N6_s0004,gacs_movie_trailers_02_aWzlQ2N6
gacs_movie_trailers_02_aWzlQ2N6_s0005,gacs_movie_trailers_02_aWzlQ2N6
gacs_movie_trailers_02_aWzlQ2N6_s0006,gacs_movie_trailers_02_aWzlQ2N6
gacs_movie_trailers_03_Go8nTmfr_s0000,gacs_movie_trailers_03_Go8nTmfr
gacs_movie_trailers_03_Go8nTmfr_s0001,gacs_movie_trailers_03_Go8nTmfr
gacs_movie_trailers_03_Go8nTmfr_s0002,gacs_movie_trailers_03_Go8nTmfr
gacs_movie_trailers_03_Go8nTmfr_s0003,gacs_movie_trailers_03_Go8nTmfr
gacs_movie_trailers_03_Go8nTmfr_s0004,gacs_movie_trailers_03_Go8nTmfr
gacs_movie_trailers_03_Go8nTmfr_s0005,gacs_movie_trailers_03_Go8nTmfr
gacs_movie_trailers_03_Go8nTmfr_s0006,gacs_movie_trailers_03_Go8nTmfr
gacs_movie_trailers_03_Go8nTmfr_s0007,gacs_movie_trailers_03_Go8nTmfr
gacs_movie_trailers_03_Go8nTmfr_s0008,gacs_movie_trailers_03_Go8nTmfr
gacs_movie_trailers_03_Go8nTmfr_s0009,gacs_movie_trailers_03_Go8nTmfr
gacs_movie_trailers_03_Go8nTmfr_s0010,gacs_movie_trailers_03_Go8nTmfr
gacs_movie_trailers_04_x_me3xsv_s0000,gacs_movie_trailers_04_x_me3xsv
gacs_movie_trailers_04_x_me3xsv_s0001,gacs_movie_trailers_04_x_me3xsv
gacs_movie_trailers_04_x_me3xsv_s0002,gacs_movie_trailers_04_x_me3xsv
gacs_movie_trailers_04_x_me3xsv_s0003,gacs_movie_trailers_04_x_me3xsv
gacs_movie_trailers_04_x_me3xsv_s0004,gacs_movie_trailers_04_x_me3xsv
gacs_movie_trailers_04_x_me3xsv_s0005,gacs_movie_trailers_04_x_me3xsv
gacs_movie_trailers_04_x_me3xsv_s0006,gacs_movie_trailers_04_x_me3xsv
gacs_movie_trailers_04_x_me3xsv_s0007,gacs_movie_trailers_04_x_me3xsv
gacs_movie_trailers_04_x_me3xsv_s0008,gacs_movie_trailers_04_x_me3xsv
gacs_movie_trailers_04_x_me3xsv_s0009,gacs_movie_trailers_04_x_me3xsv
gacs_advertisements_03_9Bo2OIxp_s0000,gacs_advertisements_03_9Bo2OIxp
gacs_advertisements_03_9Bo2OIxp_s0001,gacs_advertisements_03_9Bo2OIxp
gacs_advertisements_03_9Bo2OIxp_s0002,gacs_advertisements_03_9Bo2OIxp
gacs_advertisements_03_9Bo2OIxp_s0003,gacs_advertisements_03_9Bo2OIxp
gacs_advertisements_03_9Bo2OIxp_s0004,gacs_advertisements_03_9Bo2OIxp
gacs_advertisements_03_9Bo2OIxp_s0005,gacs_advertisements_03_9Bo2OIxp
gacs_advertisements_03_9Bo2OIxp_s0006,gacs_advertisements_03_9Bo2OIxp
gacs_advertisements_03_9Bo2OIxp_s0007,gacs_advertisements_03_9Bo2OIxp
gacs_advertisements_03_9Bo2OIxp_s0008,gacs_advertisements_03_9Bo2OIxp
gacs_advertisements_03_9Bo2OIxp_s0009,gacs_advertisements_03_9Bo2OIxp
gacs_advertisements_03_9Bo2OIxp_s0010,gacs_advertisements_03_9Bo2OIxp
gacs_advertisements_03_9Bo2OIxp_s0011,gacs_advertisements_03_9Bo2OIxp
gacs_advertisements_03_9Bo2OIxp_s0012,gacs_advertisements_03_9Bo2OIxp
gacs_emotional_shorts_03_KnEBs_-j_s0000,gacs_emotional_shorts_03_KnEBs_-j
gacs_emotional_shorts_03_KnEBs_-j_s0001,gacs_emotional_shorts_03_KnEBs_-j
gacs_emotional_shorts_03_KnEBs_-j_s0002,gacs_emotional_shorts_03_KnEBs_-j
gacs_emotional_shorts_03_KnEBs_-j_s0003,gacs_emotional_shorts_03_KnEBs_-j
gacs_emotional_shorts_03_KnEBs_-j_s0004,gacs_emotional_shorts_03_KnEBs_-j
gacs_emotional_shorts_03_KnEBs_-j_s0005,gacs_emotional_shorts_03_KnEBs_-j
gacs_emotional_shorts_03_KnEBs_-j_s0006,gacs_emotional_shorts_03_KnEBs_-j
gacs_emotional_shorts_04_fz6ylIim_s0000,gacs_emotional_shorts_04_fz6ylIim
gacs_emotional_shorts_04_fz6ylIim_s0001,gacs_emotional_shorts_04_fz6ylIim
gacs_emotional_shorts_04_fz6ylIim_s0002,gacs_emotional_shorts_04_fz6ylIim
gacs_emotional_shorts_04_fz6ylIim_s0003,gacs_emotional_shorts_04_fz6ylIim
gacs_emotional_shorts_04_fz6ylIim_s0004,gacs_emotional_shorts_04_fz6ylIim
gacs_emotional_shorts_04_fz6ylIim_s0005,gacs_emotional_shorts_04_fz6ylIim
gacs_emotional_shorts_04_fz6ylIim_s0006,gacs_emotional_shorts_04_fz6ylIim
gacs_emotional_shorts_04_fz6ylIim_s0007,gacs_emotional_shorts_04_fz6ylIim
gacs_emotional_shorts_04_fz6ylIim_s0008,gacs_emotional_shorts_04_fz6ylIim
gacs_emotional_shorts_04_fz6ylIim_s0009,gacs_emotional_shorts_04_fz6ylIim
gacs_emotional_shorts_04_fz6ylIim_s0010,gacs_emotional_shorts_04_fz6ylIim
gacs_emotional_shorts_04_fz6ylIim_s0011,gacs_emotional_shorts_04_fz6ylIim
gacs_emotional_shorts_04_fz6ylIim_s0012,gacs_emotional_shorts_04_fz6ylIim
gacs_emotional_shorts_04_fz6ylIim_s0013,gacs_emotional_shorts_04_fz6ylIim
gacs_emotional_shorts_04_fz6ylIim_s0014,gacs_emotional_shorts_04_fz6ylIim
gacs_movie_trailers_00_Way9Dexn_s0000,gacs_movie_trailers_00_Way9Dexn
gacs_movie_trailers_00_Way9Dexn_s0001,gacs_movie_trailers_00_Way9Dexn
gacs_movie_trailers_00_Way9Dexn_s0002,gacs_movie_trailers_00_Way9Dexn
gacs_movie_trailers_00_Way9Dexn_s0003,gacs_movie_trailers_00_Way9Dexn
gacs_movie_trailers_00_Way9Dexn_s0004,gacs_movie_trailers_00_Way9Dexn
gacs_movie_trailers_00_Way9Dexn_s0005,gacs_movie_trailers_00_Way9Dexn
gacs_movie_trailers_00_Way9Dexn_s0006,gacs_movie_trailers_00_Way9Dexn
gacs_movie_trailers_00_Way9Dexn_s0007,gacs_movie_trailers_00_Way9Dexn
gacs_movie_trailers_00_Way9Dexn_s0008,gacs_movie_trailers_00_Way9Dexn
gacs_movie_trailers_00_Way9Dexn_s0009,gacs_movie_trailers_00_Way9Dexn
gacs_movie_trailers_00_Way9Dexn_s0010,gacs_movie_trailers_00_Way9Dexn
gacs_movie_trailers_00_Way9Dexn_s0011,gacs_movie_trailers_00_Way9Dexn
gacs_movie_trailers_00_Way9Dexn_s0012,gacs_movie_trailers_00_Way9Dexn
gacs_movie_trailers_00_Way9Dexn_s0013,gacs_movie_trailers_00_Way9Dexn
gacs_movie_trailers_00_Way9Dexn_s0014,gacs_movie_trailers_00_Way9Dexn
gacs_movie_trailers_02_wxN1T1ux_s0000,gacs_movie_trailers_02_wxN1T1ux
gacs_movie_trailers_02_wxN1T1ux_s0001,gacs_movie_trailers_02_wxN1T1ux
gacs_movie_trailers_02_wxN1T1ux_s0002,gacs_movie_trailers_02_wxN1T1ux
gacs_movie_trailers_02_wxN1T1ux_s0003,gacs_movie_trailers_02_wxN1T1ux
gacs_movie_trailers_02_wxN1T1ux_s0004,gacs_movie_trailers_02_wxN1T1ux
gacs_movie_trailers_02_wxN1T1ux_s0005,gacs_movie_trailers_02_wxN1T1ux
gacs_movie_trailers_02_wxN1T1ux_s0006,gacs_movie_trailers_02_wxN1T1ux
gacs_movie_trailers_02_wxN1T1ux_s0007,gacs_movie_trailers_02_wxN1T1ux
gacs_movie_trailers_02_wxN1T1ux_s0008,gacs_movie_trailers_02_wxN1T1ux
gacs_movie_trailers_02_wxN1T1ux_s0009,gacs_movie_trailers_02_wxN1T1ux
gacs_movie_trailers_02_wxN1T1ux_s0010,gacs_movie_trailers_02_wxN1T1ux
gacs_movie_trailers_02_wxN1T1ux_s0011,gacs_movie_trailers_02_wxN1T1ux
gacs_movie_trailers_03_GY4BgdUS_s0000,gacs_movie_trailers_03_GY4BgdUS
gacs_movie_trailers_03_GY4BgdUS_s0001,gacs_movie_trailers_03_GY4BgdUS
gacs_movie_trailers_03_GY4BgdUS_s0002,gacs_movie_trailers_03_GY4BgdUS
gacs_movie_trailers_03_GY4BgdUS_s0003,gacs_movie_trailers_03_GY4BgdUS
gacs_movie_trailers_03_GY4BgdUS_s0004,gacs_movie_trailers_03_GY4BgdUS
gacs_movie_trailers_03_GY4BgdUS_s0005,gacs_movie_trailers_03_GY4BgdUS
gacs_movie_trailers_03_GY4BgdUS_s0006,gacs_movie_trailers_03_GY4BgdUS
gacs_movie_trailers_03_GY4BgdUS_s0007,gacs_movie_trailers_03_GY4BgdUS
gacs_movie_trailers_03_GY4BgdUS_s0008,gacs_movie_trailers_03_GY4BgdUS
gacs_movie_trailers_03_GY4BgdUS_s0009,gacs_movie_trailers_03_GY4BgdUS
gacs_movie_trailers_03_GY4BgdUS_s0010,gacs_movie_trailers_03_GY4BgdUS
gacs_movie_trailers_03_GY4BgdUS_s0011,gacs_movie_trailers_03_GY4BgdUS
gacs_movie_trailers_03_GY4BgdUS_s0012,gacs_movie_trailers_03_GY4BgdUS
gacs_movie_trailers_03_GY4BgdUS_s0013,gacs_movie_trailers_03_GY4BgdUS
gacs_advertisements_00_-P6q0A9K_s0000,gacs_advertisements_00_-P6q0A9K
gacs_advertisements_00_-P6q0A9K_s0001,gacs_advertisements_00_-P6q0A9K
gacs_advertisements_00_-P6q0A9K_s0002,gacs_advertisements_00_-P6q0A9K
gacs_advertisements_00_-P6q0A9K_s0003,gacs_advertisements_00_-P6q0A9K
gacs_advertisements_00_-P6q0A9K_s0004,gacs_advertisements_00_-P6q0A9K
gacs_advertisements_00_-P6q0A9K_s0005,gacs_advertisements_00_-P6q0A9K
gacs_advertisements_00_-P6q0A9K_s0006,gacs_advertisements_00_-P6q0A9K
gacs_advertisements_00_-P6q0A9K_s0007,gacs_advertisements_00_-P6q0A9K
gacs_advertisements_00_-P6q0A9K_s0008,gacs_advertisements_00_-P6q0A9K
gacs_advertisements_00_-P6q0A9K_s0009,gacs_advertisements_00_-P6q0A9K
gacs_advertisements_00_-P6q0A9K_s0010,gacs_advertisements_00_-P6q0A9K
gacs_advertisements_00_-P6q0A9K_s0011,gacs_advertisements_00_-P6q0A9K
gacs_advertisements_00_-P6q0A9K_s0012,gacs_advertisements_00_-P6q0A9K
gacs_advertisements_01_aDoT6K3B_s0000,gacs_advertisements_01_aDoT6K3B
gacs_advertisements_01_aDoT6K3B_s0001,gacs_advertisements_01_aDoT6K3B
gacs_advertisements_01_aDoT6K3B_s0002,gacs_advertisements_01_aDoT6K3B
gacs_advertisements_01_aDoT6K3B_s0003,gacs_advertisements_01_aDoT6K3B
gacs_advertisements_01_aDoT6K3B_s0004,gacs_advertisements_01_aDoT6K3B
gacs_advertisements_01_aDoT6K3B_s0005,gacs_advertisements_01_aDoT6K3B
gacs_advertisements_01_aDoT6K3B_s0006,gacs_advertisements_01_aDoT6K3B
gacs_animations_01_xo4rkcC7_s0000,gacs_animations_01_xo4rkcC7
gacs_animations_01_xo4rkcC7_s0001,gacs_animations_01_xo4rkcC7
gacs_animations_01_xo4rkcC7_s0002,gacs_animations_01_xo4rkcC7
gacs_animations_01_xo4rkcC7_s0003,gacs_animations_01_xo4rkcC7
gacs_animations_01_xo4rkcC7_s0004,gacs_animations_01_xo4rkcC7
gacs_animations_01_xo4rkcC7_s0005,gacs_animations_01_xo4rkcC7
gacs_animations_01_xo4rkcC7_s0006,gacs_animations_01_xo4rkcC7
gacs_animations_01_xo4rkcC7_s0007,gacs_animations_01_xo4rkcC7
gacs_animations_01_xo4rkcC7_s0008,gacs_animations_01_xo4rkcC7
gacs_animations_01_xo4rkcC7.temp_s0000,gacs_animations_01_xo4rkcC7.temp
gacs_animations_01_xo4rkcC7.temp_s0001,gacs_animations_01_xo4rkcC7.temp
gacs_animations_01_xo4rkcC7.temp_s0002,gacs_animations_01_xo4rkcC7.temp
gacs_animations_01_xo4rkcC7.temp_s0003,gacs_animations_01_xo4rkcC7.temp
gacs_animations_01_xo4rkcC7.temp_s0004,gacs_animations_01_xo4rkcC7.temp
gacs_animations_01_xo4rkcC7.temp_s0005,gacs_animations_01_xo4rkcC7.temp
gacs_animations_01_xo4rkcC7.temp_s0006,gacs_animations_01_xo4rkcC7.temp
gacs_animations_01_xo4rkcC7.temp_s0007,gacs_animations_01_xo4rkcC7.temp
gacs_animations_01_xo4rkcC7.temp_s0008,gacs_animations_01_xo4rkcC7.temp
gacs_animations_03_f_fuHRyQ_s0000,gacs_animations_03_f_fuHRyQ
gacs_animations_03_f_fuHRyQ_s0001,gacs_animations_03_f_fuHRyQ
gacs_animations_03_f_fuHRyQ_s0002,gacs_animations_03_f_fuHRyQ
gacs_animations_03_f_fuHRyQ_s0003,gacs_animations_03_f_fuHRyQ
gacs_animations_03_f_fuHRyQ_s0004,gacs_animations_03_f_fuHRyQ
gacs_animations_03_f_fuHRyQ_s0005,gacs_animations_03_f_fuHRyQ
gacs_animations_03_f_fuHRyQ_s0006,gacs_animations_03_f_fuHRyQ
gacs_animations_03_f_fuHRyQ_s0007,gacs_animations_03_f_fuHRyQ
gacs_animations_03_f_fuHRyQ_s0008,gacs_animations_03_f_fuHRyQ
gacs_animations_03_f_fuHRyQ_s0009,gacs_animations_03_f_fuHRyQ
gacs_animations_03_f_fuHRyQ_s0010,gacs_animations_03_f_fuHRyQ
gacs_emotional_shorts_01_ShIa60uL_s0000,gacs_emotional_shorts_01_ShIa60uL
gacs_emotional_shorts_01_ShIa60uL_s0001,gacs_emotional_shorts_01_ShIa60uL
gacs_emotional_shorts_01_ShIa60uL_s0002,gacs_emotional_shorts_01_ShIa60uL
gacs_emotional_shorts_01_ShIa60uL_s0003,gacs_emotional_shorts_01_ShIa60uL
gacs_emotional_shorts_01_ShIa60uL_s0004,gacs_emotional_shorts_01_ShIa60uL
gacs_emotional_shorts_01_ShIa60uL_s0005,gacs_emotional_shorts_01_ShIa60uL
gacs_emotional_shorts_01_ShIa60uL_s0006,gacs_emotional_shorts_01_ShIa60uL
gacs_emotional_shorts_01_ShIa60uL_s0007,gacs_emotional_shorts_01_ShIa60uL
gacs_emotional_shorts_01_ShIa60uL_s0008,gacs_emotional_shorts_01_ShIa60uL
gacs_emotional_shorts_01_ShIa60uL_s0009,gacs_emotional_shorts_01_ShIa60uL
gacs_emotional_shorts_01_ShIa60uL_s0010,gacs_emotional_shorts_01_ShIa60uL
gacs_emotional_shorts_01_ShIa60uL_s0011,gacs_emotional_shorts_01_ShIa60uL
gacs_emotional_shorts_01_ShIa60uL_s0012,gacs_emotional_shorts_01_ShIa60uL
gacs_emotional_shorts_02_VSj0URO1_s0000,gacs_emotional_shorts_02_VSj0URO1
gacs_emotional_shorts_02_VSj0URO1_s0001,gacs_emotional_shorts_02_VSj0URO1
gacs_emotional_shorts_02_VSj0URO1_s0002,gacs_emotional_shorts_02_VSj0URO1
gacs_emotional_shorts_02_VSj0URO1_s0003,gacs_emotional_shorts_02_VSj0URO1
gacs_emotional_shorts_02_VSj0URO1_s0004,gacs_emotional_shorts_02_VSj0URO1
gacs_emotional_shorts_02_VSj0URO1_s0005,gacs_emotional_shorts_02_VSj0URO1
gacs_emotional_shorts_02_VSj0URO1_s0006,gacs_emotional_shorts_02_VSj0URO1
gacs_emotional_shorts_02_VSj0URO1_s0007,gacs_emotional_shorts_02_VSj0URO1
gacs_emotional_shorts_02_VSj0URO1_s0008,gacs_emotional_shorts_02_VSj0URO1
gacs_emotional_shorts_02_VSj0URO1_s0009,gacs_emotional_shorts_02_VSj0URO1
gacs_emotional_shorts_02_VSj0URO1_s0010,gacs_emotional_shorts_02_VSj0URO1
gacs_emotional_shorts_02_VSj0URO1_s0011,gacs_emotional_shorts_02_VSj0URO1
gacs_emotional_shorts_02_VSj0URO1_s0012,gacs_emotional_shorts_02_VSj0URO1
gacs_emotional_shorts_04_2SP-7Nm1_s0000,gacs_emotional_shorts_04_2SP-7Nm1
gacs_emotional_shorts_04_2SP-7Nm1_s0001,gacs_emotional_shorts_04_2SP-7Nm1
gacs_emotional_shorts_04_2SP-7Nm1_s0002,gacs_emotional_shorts_04_2SP-7Nm1
gacs_emotional_shorts_04_2SP-7Nm1_s0003,gacs_emotional_shorts_04_2SP-7Nm1
gacs_emotional_shorts_04_2SP-7Nm1_s0004,gacs_emotional_shorts_04_2SP-7Nm1
gacs_movie_trailers_00_vt98AlBD_s0000,gacs_movie_trailers_00_vt98AlBD
gacs_movie_trailers_00_vt98AlBD_s0001,gacs_movie_trailers_00_vt98AlBD
gacs_movie_trailers_00_vt98AlBD_s0002,gacs_movie_trailers_00_vt98AlBD
gacs_movie_trailers_00_vt98AlBD_s0003,gacs_movie_trailers_00_vt98AlBD
gacs_movie_trailers_00_vt98AlBD_s0004,gacs_movie_trailers_00_vt98AlBD
gacs_movie_trailers_00_vt98AlBD_s0005,gacs_movie_trailers_00_vt98AlBD
gacs_movie_trailers_00_vt98AlBD_s0006,gacs_movie_trailers_00_vt98AlBD
gacs_movie_trailers_00_vt98AlBD_s0007,gacs_movie_trailers_00_vt98AlBD
gacs_movie_trailers_03_xg88QIaj_s0000,gacs_movie_trailers_03_xg88QIaj
gacs_movie_trailers_03_xg88QIaj_s0001,gacs_movie_trailers_03_xg88QIaj
gacs_movie_trailers_03_xg88QIaj_s0002,gacs_movie_trailers_03_xg88QIaj
gacs_movie_trailers_03_xg88QIaj_s0003,gacs_movie_trailers_03_xg88QIaj
gacs_movie_trailers_03_xg88QIaj_s0004,gacs_movie_trailers_03_xg88QIaj
gacs_movie_trailers_03_xg88QIaj_s0005,gacs_movie_trailers_03_xg88QIaj
gacs_movie_trailers_03_xg88QIaj_s0006,gacs_movie_trailers_03_xg88QIaj
gacs_movie_trailers_03_xg88QIaj_s0007,gacs_movie_trailers_03_xg88QIaj
gacs_movie_trailers_03_xg88QIaj_s0008,gacs_movie_trailers_03_xg88QIaj
gacs_movie_trailers_03_xg88QIaj_s0009,gacs_movie_trailers_03_xg88QIaj
gacs_movie_trailers_03_xg88QIaj_s0010,gacs_movie_trailers_03_xg88QIaj
gacs_movie_trailers_03_xg88QIaj_s0011,gacs_movie_trailers_03_xg88QIaj
gacs_movie_trailers_03_xg88QIaj_s0012,gacs_movie_trailers_03_xg88QIaj
gacs_advertisements_01_gl2tglNL_s0000,gacs_advertisements_01_gl2tglNL
gacs_advertisements_01_gl2tglNL_s0001,gacs_advertisements_01_gl2tglNL
gacs_advertisements_01_gl2tglNL_s0002,gacs_advertisements_01_gl2tglNL
gacs_advertisements_01_gl2tglNL_s0003,gacs_advertisements_01_gl2tglNL
gacs_advertisements_01_gl2tglNL_s0004,gacs_advertisements_01_gl2tglNL
gacs_advertisements_01_gl2tglNL_s0005,gacs_advertisements_01_gl2tglNL
gacs_advertisements_03_Uoj6rlUk_s0000,gacs_advertisements_03_Uoj6rlUk
gacs_advertisements_03_Uoj6rlUk_s0001,gacs_advertisements_03_Uoj6rlUk
gacs_advertisements_03_Uoj6rlUk_s0002,gacs_advertisements_03_Uoj6rlUk
gacs_advertisements_03_Uoj6rlUk_s0003,gacs_advertisements_03_Uoj6rlUk
gacs_advertisements_03_Uoj6rlUk_s0004,gacs_advertisements_03_Uoj6rlUk
gacs_advertisements_03_Uoj6rlUk_s0005,gacs_advertisements_03_Uoj6rlUk
gacs_advertisements_03_Uoj6rlUk_s0006,gacs_advertisements_03_Uoj6rlUk
gacs_advertisements_03_Uoj6rlUk_s0007,gacs_advertisements_03_Uoj6rlUk
gacs_advertisements_03_Uoj6rlUk_s0008,gacs_advertisements_03_Uoj6rlUk
gacs_advertisements_03_Uoj6rlUk_s0009,gacs_advertisements_03_Uoj6rlUk
gacs_advertisements_03_Uoj6rlUk_s0010,gacs_advertisements_03_Uoj6rlUk
gacs_advertisements_03_Uoj6rlUk_s0011,gacs_advertisements_03_Uoj6rlUk
gacs_advertisements_04_dGFPi5sZ_s0000,gacs_advertisements_04_dGFPi5sZ
gacs_advertisements_04_dGFPi5sZ_s0001,gacs_advertisements_04_dGFPi5sZ
gacs_advertisements_04_dGFPi5sZ_s0002,gacs_advertisements_04_dGFPi5sZ
gacs_advertisements_04_dGFPi5sZ_s0003,gacs_advertisements_04_dGFPi5sZ
gacs_advertisements_04_dGFPi5sZ_s0004,gacs_advertisements_04_dGFPi5sZ
gacs_advertisements_04_dGFPi5sZ_s0005,gacs_advertisements_04_dGFPi5sZ
gacs_advertisements_04_dGFPi5sZ_s0006,gacs_advertisements_04_dGFPi5sZ
gacs_advertisements_04_dGFPi5sZ_s0007,gacs_advertisements_04_dGFPi5sZ
gacs_advertisements_04_dGFPi5sZ_s0008,gacs_advertisements_04_dGFPi5sZ
gacs_advertisements_04_dGFPi5sZ_s0009,gacs_advertisements_04_dGFPi5sZ
gacs_advertisements_04_dGFPi5sZ_s0010,gacs_advertisements_04_dGFPi5sZ
gacs_advertisements_04_dGFPi5sZ_s0011,gacs_advertisements_04_dGFPi5sZ
gacs_advertisements_04_dGFPi5sZ_s0012,gacs_advertisements_04_dGFPi5sZ
gacs_animations_02_wuGj4Xgb_s0000,gacs_animations_02_wuGj4Xgb
gacs_animations_02_wuGj4Xgb_s0001,gacs_animations_02_wuGj4Xgb
gacs_animations_02_wuGj4Xgb_s0002,gacs_animations_02_wuGj4Xgb
gacs_animations_02_wuGj4Xgb_s0004,gacs_animations_02_wuGj4Xgb
gacs_animations_02_wuGj4Xgb_s0005,gacs_animations_02_wuGj4Xgb
gacs_animations_02_wuGj4Xgb_s0006,gacs_animations_02_wuGj4Xgb
gacs_animations_02_wuGj4Xgb_s0007,gacs_animations_02_wuGj4Xgb
gacs_animations_02_wuGj4Xgb_s0008,gacs_animations_02_wuGj4Xgb
gacs_animations_02_wuGj4Xgb_s0009,gacs_animations_02_wuGj4Xgb
gacs_animations_02_wuGj4Xgb_s0010,gacs_animations_02_wuGj4Xgb
gacs_animations_02_wuGj4Xgb_s0011,gacs_animations_02_wuGj4Xgb
gacs_animations_02_wuGj4Xgb_s0012,gacs_animations_02_wuGj4Xgb
gacs_animations_03_NWQH8cMp_s0000,gacs_animations_03_NWQH8cMp
gacs_animations_03_NWQH8cMp_s0001,gacs_animations_03_NWQH8cMp
gacs_animations_03_NWQH8cMp_s0002,gacs_animations_03_NWQH8cMp
gacs_animations_03_NWQH8cMp_s0003,gacs_animations_03_NWQH8cMp
gacs_animations_03_NWQH8cMp_s0004,gacs_animations_03_NWQH8cMp
gacs_animations_03_NWQH8cMp_s0005,gacs_animations_03_NWQH8cMp
gacs_animations_03_NWQH8cMp_s0006,gacs_animations_03_NWQH8cMp
gacs_animations_03_NWQH8cMp_s0007,gacs_animations_03_NWQH8cMp
gacs_animations_03_NWQH8cMp_s0008,gacs_animations_03_NWQH8cMp
gacs_animations_03_NWQH8cMp_s0009,gacs_animations_03_NWQH8cMp
gacs_animations_03_NWQH8cMp_s0010,gacs_animations_03_NWQH8cMp
gacs_emotional_shorts_01_eSNLnjeu_s0000,gacs_emotional_shorts_01_eSNLnjeu
gacs_emotional_shorts_01_eSNLnjeu_s0001,gacs_emotional_shorts_01_eSNLnjeu
gacs_emotional_shorts_01_eSNLnjeu_s0002,gacs_emotional_shorts_01_eSNLnjeu
gacs_emotional_shorts_01_eSNLnjeu_s0003,gacs_emotional_shorts_01_eSNLnjeu
gacs_emotional_shorts_01_eSNLnjeu_s0004,gacs_emotional_shorts_01_eSNLnjeu
gacs_emotional_shorts_01_eSNLnjeu_s0005,gacs_emotional_shorts_01_eSNLnjeu
gacs_emotional_shorts_01_eSNLnjeu_s0006,gacs_emotional_shorts_01_eSNLnjeu
gacs_emotional_shorts_02_HkidP4Ad_s0000,gacs_emotional_shorts_02_HkidP4Ad
gacs_emotional_shorts_02_HkidP4Ad_s0001,gacs_emotional_shorts_02_HkidP4Ad
gacs_emotional_shorts_02_HkidP4Ad_s0002,gacs_emotional_shorts_02_HkidP4Ad
gacs_emotional_shorts_02_HkidP4Ad_s0003,gacs_emotional_shorts_02_HkidP4Ad
gacs_emotional_shorts_02_HkidP4Ad_s0004,gacs_emotional_shorts_02_HkidP4Ad
gacs_emotional_shorts_03_k8-2leAo_s0000,gacs_emotional_shorts_03_k8-2leAo
gacs_emotional_shorts_03_k8-2leAo_s0001,gacs_emotional_shorts_03_k8-2leAo
gacs_emotional_shorts_03_k8-2leAo_s0002,gacs_emotional_shorts_03_k8-2leAo
gacs_emotional_shorts_03_k8-2leAo_s0003,gacs_emotional_shorts_03_k8-2leAo
gacs_emotional_shorts_03_k8-2leAo_s0004,gacs_emotional_shorts_03_k8-2leAo
gacs_emotional_shorts_03_k8-2leAo_s0005,gacs_emotional_shorts_03_k8-2leAo
gacs_emotional_shorts_03_k8-2leAo_s0006,gacs_emotional_shorts_03_k8-2leAo
gacs_emotional_shorts_03_k8-2leAo_s0007,gacs_emotional_shorts_03_k8-2leAo
gacs_emotional_shorts_03_k8-2leAo_s0008,gacs_emotional_shorts_03_k8-2leAo
gacs_emotional_shorts_03_k8-2leAo_s0009,gacs_emotional_shorts_03_k8-2leAo
gacs_emotional_shorts_03_k8-2leAo_s0010,gacs_emotional_shorts_03_k8-2leAo
gacs_emotional_shorts_03_k8-2leAo_s0011,gacs_emotional_shorts_03_k8-2leAo
gacs_emotional_shorts_03_k8-2leAo_s0012,gacs_emotional_shorts_03_k8-2leAo
gacs_movie_trailers_01_OzY2r2JX_s0000,gacs_movie_trailers_01_OzY2r2JX
gacs_movie_trailers_01_OzY2r2JX_s0001,gacs_movie_trailers_01_OzY2r2JX
gacs_movie_trailers_02_EOwTdTZA_s0000,gacs_movie_trailers_02_EOwTdTZA
gacs_movie_trailers_02_EOwTdTZA_s0001,gacs_movie_trailers_02_EOwTdTZA
gacs_movie_trailers_02_EOwTdTZA_s0002,gacs_movie_trailers_02_EOwTdTZA
gacs_movie_trailers_02_EOwTdTZA_s0003,gacs_movie_trailers_02_EOwTdTZA
gacs_movie_trailers_02_EOwTdTZA_s0004,gacs_movie_trailers_02_EOwTdTZA
gacs_movie_trailers_02_EOwTdTZA_s0005,gacs_movie_trailers_02_EOwTdTZA
gacs_movie_trailers_02_EOwTdTZA_s0006,gacs_movie_trailers_02_EOwTdTZA
gacs_movie_trailers_02_EOwTdTZA_s0007,gacs_movie_trailers_02_EOwTdTZA
gacs_movie_trailers_02_EOwTdTZA_s0008,gacs_movie_trailers_02_EOwTdTZA
gacs_movie_trailers_02_EOwTdTZA_s0009,gacs_movie_trailers_02_EOwTdTZA
gacs_advertisements_00_KJ2Mbmrx_s0000,gacs_advertisements_00_KJ2Mbmrx
gacs_advertisements_00_KJ2Mbmrx_s0001,gacs_advertisements_00_KJ2Mbmrx
gacs_advertisements_00_KJ2Mbmrx_s0002,gacs_advertisements_00_KJ2Mbmrx
gacs_advertisements_00_KJ2Mbmrx_s0003,gacs_advertisements_00_KJ2Mbmrx
gacs_advertisements_00_KJ2Mbmrx_s0004,gacs_advertisements_00_KJ2Mbmrx
gacs_advertisements_00_KJ2Mbmrx_s0005,gacs_advertisements_00_KJ2Mbmrx
gacs_advertisements_00_KJ2Mbmrx_s0006,gacs_advertisements_00_KJ2Mbmrx
gacs_advertisements_00_KJ2Mbmrx_s0007,gacs_advertisements_00_KJ2Mbmrx
gacs_advertisements_00_KJ2Mbmrx_s0008,gacs_advertisements_00_KJ2Mbmrx
gacs_advertisements_00_KJ2Mbmrx_s0009,gacs_advertisements_00_KJ2Mbmrx
gacs_advertisements_00_KJ2Mbmrx_s0010,gacs_advertisements_00_KJ2Mbmrx
gacs_advertisements_00_KJ2Mbmrx_s0011,gacs_advertisements_00_KJ2Mbmrx
gacs_advertisements_00_KJ2Mbmrx_s0012,gacs_advertisements_00_KJ2Mbmrx
gacs_advertisements_00_KJ2Mbmrx_s0013,gacs_advertisements_00_KJ2Mbmrx
gacs_advertisements_00_KJ2Mbmrx_s0014,gacs_advertisements_00_KJ2Mbmrx
gacs_advertisements_00_KJ2Mbmrx_s0015,gacs_advertisements_00_KJ2Mbmrx
gacs_advertisements_00_KJ2Mbmrx_s0016,gacs_advertisements_00_KJ2Mbmrx
gacs_advertisements_00_KJ2Mbmrx_s0017,gacs_advertisements_00_KJ2Mbmrx
gacs_advertisements_00_KJ2Mbmrx_s0018,gacs_advertisements_00_KJ2Mbmrx
gacs_advertisements_00_KJ2Mbmrx_s0019,gacs_advertisements_00_KJ2Mbmrx
gacs_advertisements_00_KJ2Mbmrx_s0020,gacs_advertisements_00_KJ2Mbmrx
gacs_advertisements_00_KJ2Mbmrx_s0021,gacs_advertisements_00_KJ2Mbmrx
gacs_advertisements_00_KJ2Mbmrx_s0022,gacs_advertisements_00_KJ2Mbmrx
gacs_advertisements_00_KJ2Mbmrx_s0023,gacs_advertisements_00_KJ2Mbmrx
gacs_advertisements_00_KJ2Mbmrx_s0024,gacs_advertisements_00_KJ2Mbmrx
gacs_advertisements_00_KJ2Mbmrx_s0025,gacs_advertisements_00_KJ2Mbmrx
gacs_advertisements_00_KJ2Mbmrx_s0026,gacs_advertisements_00_KJ2Mbmrx
gacs_advertisements_00_KJ2Mbmrx_s0027,gacs_advertisements_00_KJ2Mbmrx
gacs_advertisements_00_KJ2Mbmrx_s0028,gacs_advertisements_00_KJ2Mbmrx
gacs_advertisements_00_KJ2Mbmrx_s0029,gacs_advertisements_00_KJ2Mbmrx
gacs_advertisements_00_KJ2Mbmrx_s0030,gacs_advertisements_00_KJ2Mbmrx
gacs_advertisements_00_KJ2Mbmrx_s0031,gacs_advertisements_00_KJ2Mbmrx
gacs_advertisements_00_KJ2Mbmrx_s0032,gacs_advertisements_00_KJ2Mbmrx
gacs_advertisements_00_KJ2Mbmrx_s0033,gacs_advertisements_00_KJ2Mbmrx
gacs_advertisements_00_KJ2Mbmrx_s0034,gacs_advertisements_00_KJ2Mbmrx
gacs_advertisements_00_KJ2Mbmrx_s0035,gacs_advertisements_00_KJ2Mbmrx
gacs_advertisements_00_KJ2Mbmrx_s0036,gacs_advertisements_00_KJ2Mbmrx
gacs_advertisements_00_KJ2Mbmrx_s0037,gacs_advertisements_00_KJ2Mbmrx
gacs_advertisements_00_KJ2Mbmrx_s0038,gacs_advertisements_00_KJ2Mbmrx
gacs_advertisements_00_KJ2Mbmrx_s0039,gacs_advertisements_00_KJ2Mbmrx
gacs_advertisements_00_KJ2Mbmrx_s0040,gacs_advertisements_00_KJ2Mbmrx
gacs_advertisements_00_KJ2Mbmrx_s0041,gacs_advertisements_00_KJ2Mbmrx
gacs_advertisements_00_KJ2Mbmrx_s0042,gacs_advertisements_00_KJ2Mbmrx
gacs_advertisements_00_KJ2Mbmrx_s0043,gacs_advertisements_00_KJ2Mbmrx
gacs_advertisements_00_KJ2Mbmrx_s0044,gacs_advertisements_00_KJ2Mbmrx
gacs_advertisements_00_KJ2Mbmrx_s0045,gacs_advertisements_00_KJ2Mbmrx
gacs_advertisements_00_KJ2Mbmrx_s0046,gacs_advertisements_00_KJ2Mbmrx
gacs_advertisements_00_KJ2Mbmrx_s0047,gacs_advertisements_00_KJ2Mbmrx
gacs_advertisements_00_KJ2Mbmrx_s0048,gacs_advertisements_00_KJ2Mbmrx
gacs_advertisements_00_KJ2Mbmrx_s0049,gacs_advertisements_00_KJ2Mbmrx
gacs_advertisements_00_KJ2Mbmrx_s0050,gacs_advertisements_00_KJ2Mbmrx
gacs_advertisements_00_KJ2Mbmrx_s0051,gacs_advertisements_00_KJ2Mbmrx
gacs_advertisements_00_KJ2Mbmrx_s0052,gacs_advertisements_00_KJ2Mbmrx
gacs_advertisements_00_KJ2Mbmrx_s0053,gacs_advertisements_00_KJ2Mbmrx
gacs_advertisements_00_KJ2Mbmrx_s0054,gacs_advertisements_00_KJ2Mbmrx
gacs_advertisements_00_KJ2Mbmrx_s0055,gacs_advertisements_00_KJ2Mbmrx
gacs_advertisements_00_KJ2Mbmrx_s0056,gacs_advertisements_00_KJ2Mbmrx
gacs_advertisements_00_KJ2Mbmrx_s0057,gacs_advertisements_00_KJ2Mbmrx
gacs_advertisements_00_KJ2Mbmrx_s0058,gacs_advertisements_00_KJ2Mbmrx
gacs_advertisements_00_KJ2Mbmrx_s0059,gacs_advertisements_00_KJ2Mbmrx
gacs_advertisements_00_KJ2Mbmrx_s0060,gacs_advertisements_00_KJ2Mbmrx
gacs_advertisements_00_KJ2Mbmrx_s0061,gacs_advertisements_00_KJ2Mbmrx
gacs_advertisements_00_KJ2Mbmrx_s0062,gacs_advertisements_00_KJ2Mbmrx
gacs_advertisements_00_KJ2Mbmrx_s0063,gacs_advertisements_00_KJ2Mbmrx
gacs_advertisements_00_KJ2Mbmrx_s0064,gacs_advertisements_00_KJ2Mbmrx
gacs_advertisements_00_KJ2Mbmrx_s0065,gacs_advertisements_00_KJ2Mbmrx
gacs_advertisements_00_KJ2Mbmrx_s0066,gacs_advertisements_00_KJ2Mbmrx
gacs_advertisements_00_KJ2Mbmrx_s0067,gacs_advertisements_00_KJ2Mbmrx
gacs_advertisements_00_KJ2Mbmrx_s0068,gacs_advertisements_00_KJ2Mbmrx
gacs_advertisements_00_KJ2Mbmrx_s0069,gacs_advertisements_00_KJ2Mbmrx
gacs_advertisements_00_KJ2Mbmrx_s0070,gacs_advertisements_00_KJ2Mbmrx
gacs_advertisements_00_KJ2Mbmrx_s0071,gacs_advertisements_00_KJ2Mbmrx
gacs_advertisements_00_KJ2Mbmrx_s0072,gacs_advertisements_00_KJ2Mbmrx
gacs_advertisements_00_KJ2Mbmrx_s0073,gacs_advertisements_00_KJ2Mbmrx
gacs_advertisements_00_KJ2Mbmrx_s0074,gacs_advertisements_00_KJ2Mbmrx
gacs_advertisements_00_KJ2Mbmrx_s0075,gacs_advertisements_00_KJ2Mbmrx
gacs_advertisements_00_KJ2Mbmrx_s0076,gacs_advertisements_00_KJ2Mbmrx
gacs_advertisements_00_KJ2Mbmrx_s0077,gacs_advertisements_00_KJ2Mbmrx
gacs_advertisements_00_KJ2Mbmrx_s0078,gacs_advertisements_00_KJ2Mbmrx
gacs_advertisements_00_KJ2Mbmrx_s0079,gacs_advertisements_00_KJ2Mbmrx
gacs_advertisements_00_KJ2Mbmrx_s0080,gacs_advertisements_00_KJ2Mbmrx
gacs_advertisements_00_KJ2Mbmrx_s0081,gacs_advertisements_00_KJ2Mbmrx
gacs_advertisements_00_KJ2Mbmrx_s0082,gacs_advertisements_00_KJ2Mbmrx
gacs_advertisements_00_KJ2Mbmrx_s0083,gacs_advertisements_00_KJ2Mbmrx
gacs_advertisements_00_KJ2Mbmrx_s0084,gacs_advertisements_00_KJ2Mbmrx
gacs_advertisements_00_KJ2Mbmrx_s0085,gacs_advertisements_00_KJ2Mbmrx
gacs_advertisements_00_KJ2Mbmrx_s0086,gacs_advertisements_00_KJ2Mbmrx
gacs_advertisements_00_KJ2Mbmrx_s0087,gacs_advertisements_00_KJ2Mbmrx
gacs_advertisements_00_KJ2Mbmrx_s0088,gacs_advertisements_00_KJ2Mbmrx
gacs_advertisements_00_KJ2Mbmrx_s0089,gacs_advertisements_00_KJ2Mbmrx
gacs_advertisements_00_KJ2Mbmrx_s0090,gacs_advertisements_00_KJ2Mbmrx
gacs_advertisements_00_KJ2Mbmrx_s0091,gacs_advertisements_00_KJ2Mbmrx
gacs_advertisements_00_KJ2Mbmrx_s0092,gacs_advertisements_00_KJ2Mbmrx
gacs_advertisements_00_KJ2Mbmrx_s0093,gacs_advertisements_00_KJ2Mbmrx
gacs_advertisements_00_KJ2Mbmrx_s0094,gacs_advertisements_00_KJ2Mbmrx
gacs_advertisements_00_KJ2Mbmrx_s0095,gacs_advertisements_00_KJ2Mbmrx
gacs_advertisements_00_KJ2Mbmrx_s0096,gacs_advertisements_00_KJ2Mbmrx
gacs_advertisements_00_KJ2Mbmrx_s0097,gacs_advertisements_00_KJ2Mbmrx
gacs_advertisements_00_KJ2Mbmrx_s0098,gacs_advertisements_00_KJ2Mbmrx
gacs_advertisements_00_KJ2Mbmrx_s0099,gacs_advertisements_00_KJ2Mbmrx
gacs_advertisements_00_KJ2Mbmrx_s0100,gacs_advertisements_00_KJ2Mbmrx
gacs_advertisements_00_KJ2Mbmrx_s0101,gacs_advertisements_00_KJ2Mbmrx
gacs_advertisements_00_KJ2Mbmrx_s0102,gacs_advertisements_00_KJ2Mbmrx
gacs_advertisements_00_KJ2Mbmrx_s0103,gacs_advertisements_00_KJ2Mbmrx
gacs_advertisements_00_KJ2Mbmrx_s0104,gacs_advertisements_00_KJ2Mbmrx
gacs_advertisements_00_KJ2Mbmrx_s0105,gacs_advertisements_00_KJ2Mbmrx
gacs_advertisements_00_KJ2Mbmrx_s0106,gacs_advertisements_00_KJ2Mbmrx
gacs_advertisements_00_KJ2Mbmrx_s0107,gacs_advertisements_00_KJ2Mbmrx
gacs_advertisements_00_KJ2Mbmrx_s0108,gacs_advertisements_00_KJ2Mbmrx
gacs_advertisements_00_KJ2Mbmrx_s0109,gacs_advertisements_00_KJ2Mbmrx
gacs_advertisements_00_KJ2Mbmrx_s0110,gacs_advertisements_00_KJ2Mbmrx
gacs_advertisements_00_KJ2Mbmrx_s0111,gacs_advertisements_00_KJ2Mbmrx
gacs_advertisements_00_KJ2Mbmrx_s0112,gacs_advertisements_00_KJ2Mbmrx
gacs_advertisements_00_KJ2Mbmrx_s0113,gacs_advertisements_00_KJ2Mbmrx
gacs_advertisements_00_KJ2Mbmrx_s0114,gacs_advertisements_00_KJ2Mbmrx
gacs_advertisements_00_KJ2Mbmrx_s0115,gacs_advertisements_00_KJ2Mbmrx
gacs_advertisements_00_KJ2Mbmrx_s0116,gacs_advertisements_00_KJ2Mbmrx
gacs_advertisements_00_KJ2Mbmrx_s0117,gacs_advertisements_00_KJ2Mbmrx
gacs_advertisements_00_KJ2Mbmrx_s0118,gacs_advertisements_00_KJ2Mbmrx
gacs_advertisements_00_KJ2Mbmrx_s0119,gacs_advertisements_00_KJ2Mbmrx
gacs_advertisements_00_KJ2Mbmrx_s0120,gacs_advertisements_00_KJ2Mbmrx
gacs_advertisements_00_KJ2Mbmrx_s0121,gacs_advertisements_00_KJ2Mbmrx
gacs_advertisements_00_KJ2Mbmrx_s0122,gacs_advertisements_00_KJ2Mbmrx
gacs_advertisements_00_KJ2Mbmrx_s0123,gacs_advertisements_00_KJ2Mbmrx
gacs_advertisements_00_KJ2Mbmrx_s0124,gacs_advertisements_00_KJ2Mbmrx
gacs_advertisements_00_KJ2Mbmrx_s0125,gacs_advertisements_00_KJ2Mbmrx
gacs_advertisements_00_KJ2Mbmrx_s0126,gacs_advertisements_00_KJ2Mbmrx
gacs_advertisements_00_KJ2Mbmrx_s0127,gacs_advertisements_00_KJ2Mbmrx
gacs_advertisements_00_KJ2Mbmrx_s0128,gacs_advertisements_00_KJ2Mbmrx
gacs_advertisements_00__JhBOf0O_s0000,gacs_advertisements_00__JhBOf0O
gacs_advertisements_00__JhBOf0O_s0001,gacs_advertisements_00__JhBOf0O
gacs_advertisements_00__JhBOf0O_s0002,gacs_advertisements_00__JhBOf0O
gacs_advertisements_00__JhBOf0O_s0003,gacs_advertisements_00__JhBOf0O
gacs_advertisements_00__JhBOf0O_s0004,gacs_advertisements_00__JhBOf0O
gacs_advertisements_00__JhBOf0O_s0005,gacs_advertisements_00__JhBOf0O
gacs_advertisements_00__JhBOf0O_s0006,gacs_advertisements_00__JhBOf0O
gacs_advertisements_00__JhBOf0O_s0007,gacs_advertisements_00__JhBOf0O
gacs_advertisements_00__JhBOf0O_s0008,gacs_advertisements_00__JhBOf0O
gacs_advertisements_00__JhBOf0O_s0009,gacs_advertisements_00__JhBOf0O
gacs_advertisements_00__JhBOf0O_s0010,gacs_advertisements_00__JhBOf0O
gacs_advertisements_00__JhBOf0O_s0011,gacs_advertisements_00__JhBOf0O
gacs_advertisements_00_a1ROkzHN_s0000,gacs_advertisements_00_a1ROkzHN
gacs_advertisements_00_a1ROkzHN_s0001,gacs_advertisements_00_a1ROkzHN
gacs_advertisements_00_a1ROkzHN_s0002,gacs_advertisements_00_a1ROkzHN
gacs_advertisements_00_a1ROkzHN_s0003,gacs_advertisements_00_a1ROkzHN
gacs_advertisements_00_a1ROkzHN_s0004,gacs_advertisements_00_a1ROkzHN
gacs_advertisements_00_a1ROkzHN_s0005,gacs_advertisements_00_a1ROkzHN
gacs_advertisements_00_a1ROkzHN_s0006,gacs_advertisements_00_a1ROkzHN
gacs_advertisements_00_a1ROkzHN_s0007,gacs_advertisements_00_a1ROkzHN
gacs_advertisements_00_a1ROkzHN_s0008,gacs_advertisements_00_a1ROkzHN
gacs_advertisements_00_a1ROkzHN_s0009,gacs_advertisements_00_a1ROkzHN
gacs_advertisements_00_a1ROkzHN_s0010,gacs_advertisements_00_a1ROkzHN
gacs_advertisements_00_a1ROkzHN_s0011,gacs_advertisements_00_a1ROkzHN
gacs_advertisements_00_a1ROkzHN_s0012,gacs_advertisements_00_a1ROkzHN
gacs_advertisements_00_a1ROkzHN_s0013,gacs_advertisements_00_a1ROkzHN
gacs_advertisements_00_a1ROkzHN_s0014,gacs_advertisements_00_a1ROkzHN
gacs_advertisements_00_a1ROkzHN_s0015,gacs_advertisements_00_a1ROkzHN
gacs_advertisements_00_a1ROkzHN_s0016,gacs_advertisements_00_a1ROkzHN
gacs_advertisements_00_a1ROkzHN_s0017,gacs_advertisements_00_a1ROkzHN
gacs_advertisements_00_a1ROkzHN_s0018,gacs_advertisements_00_a1ROkzHN
gacs_advertisements_00_a1ROkzHN_s0019,gacs_advertisements_00_a1ROkzHN
gacs_advertisements_00_a1ROkzHN_s0020,gacs_advertisements_00_a1ROkzHN
gacs_advertisements_00_a1ROkzHN_s0021,gacs_advertisements_00_a1ROkzHN
gacs_advertisements_00_a1ROkzHN_s0022,gacs_advertisements_00_a1ROkzHN
gacs_advertisements_00_a1ROkzHN_s0023,gacs_advertisements_00_a1ROkzHN
gacs_advertisements_01_-BNuA8XD_s0000,gacs_advertisements_01_-BNuA8XD
gacs_advertisements_01_-BNuA8XD_s0001,gacs_advertisements_01_-BNuA8XD
gacs_advertisements_01_-BNuA8XD_s0002,gacs_advertisements_01_-BNuA8XD
gacs_advertisements_01_-BNuA8XD_s0003,gacs_advertisements_01_-BNuA8XD
gacs_advertisements_01_-BNuA8XD_s0004,gacs_advertisements_01_-BNuA8XD
gacs_advertisements_01_-BNuA8XD_s0005,gacs_advertisements_01_-BNuA8XD
gacs_advertisements_01_-BNuA8XD_s0006,gacs_advertisements_01_-BNuA8XD
gacs_advertisements_01_-BNuA8XD_s0007,gacs_advertisements_01_-BNuA8XD
gacs_advertisements_01_-BNuA8XD_s0008,gacs_advertisements_01_-BNuA8XD
gacs_advertisements_01_-BNuA8XD_s0009,gacs_advertisements_01_-BNuA8XD
gacs_advertisements_01_-BNuA8XD_s0010,gacs_advertisements_01_-BNuA8XD
gacs_advertisements_01_-BNuA8XD_s0011,gacs_advertisements_01_-BNuA8XD
gacs_advertisements_01_-BNuA8XD_s0012,gacs_advertisements_01_-BNuA8XD
gacs_advertisements_01_-BNuA8XD_s0013,gacs_advertisements_01_-BNuA8XD
gacs_advertisements_01_-BNuA8XD_s0014,gacs_advertisements_01_-BNuA8XD
gacs_advertisements_01_DO5pERKQ_s0000,gacs_advertisements_01_DO5pERKQ
gacs_advertisements_01_DO5pERKQ_s0001,gacs_advertisements_01_DO5pERKQ
gacs_advertisements_01_DO5pERKQ_s0002,gacs_advertisements_01_DO5pERKQ
gacs_advertisements_01_DO5pERKQ_s0003,gacs_advertisements_01_DO5pERKQ
gacs_advertisements_01_DO5pERKQ_s0004,gacs_advertisements_01_DO5pERKQ
gacs_advertisements_01_DO5pERKQ_s0005,gacs_advertisements_01_DO5pERKQ
gacs_advertisements_01_DO5pERKQ_s0006,gacs_advertisements_01_DO5pERKQ
gacs_advertisements_01_DO5pERKQ_s0007,gacs_advertisements_01_DO5pERKQ
gacs_advertisements_01_DO5pERKQ_s0008,gacs_advertisements_01_DO5pERKQ
gacs_advertisements_01_DO5pERKQ_s0009,gacs_advertisements_01_DO5pERKQ
gacs_advertisements_01_DO5pERKQ_s0010,gacs_advertisements_01_DO5pERKQ
gacs_advertisements_01_DO5pERKQ_s0011,gacs_advertisements_01_DO5pERKQ
gacs_advertisements_02_2RS07NJ6_s0000,gacs_advertisements_02_2RS07NJ6
gacs_advertisements_02_2RS07NJ6_s0001,gacs_advertisements_02_2RS07NJ6
gacs_advertisements_02_2RS07NJ6_s0002,gacs_advertisements_02_2RS07NJ6
gacs_advertisements_02_2RS07NJ6_s0003,gacs_advertisements_02_2RS07NJ6
gacs_advertisements_02_2RS07NJ6_s0004,gacs_advertisements_02_2RS07NJ6
gacs_advertisements_02_2RS07NJ6_s0005,gacs_advertisements_02_2RS07NJ6
gacs_advertisements_02_2RS07NJ6_s0006,gacs_advertisements_02_2RS07NJ6
gacs_advertisements_02_2RS07NJ6_s0007,gacs_advertisements_02_2RS07NJ6
gacs_advertisements_02_2RS07NJ6_s0008,gacs_advertisements_02_2RS07NJ6
gacs_advertisements_02_2RS07NJ6_s0009,gacs_advertisements_02_2RS07NJ6
gacs_advertisements_02_2RS07NJ6_s0010,gacs_advertisements_02_2RS07NJ6
gacs_advertisements_02_2RS07NJ6_s0011,gacs_advertisements_02_2RS07NJ6
gacs_advertisements_02_2RS07NJ6_s0012,gacs_advertisements_02_2RS07NJ6
gacs_advertisements_02_2RS07NJ6_s0013,gacs_advertisements_02_2RS07NJ6
gacs_advertisements_02_2RS07NJ6_s0014,gacs_advertisements_02_2RS07NJ6
gacs_advertisements_02_2RS07NJ6_s0015,gacs_advertisements_02_2RS07NJ6
gacs_advertisements_02_2RS07NJ6_s0016,gacs_advertisements_02_2RS07NJ6
gacs_advertisements_02_2RS07NJ6_s0017,gacs_advertisements_02_2RS07NJ6
gacs_advertisements_02_2RS07NJ6_s0018,gacs_advertisements_02_2RS07NJ6
gacs_advertisements_02_2RS07NJ6_s0019,gacs_advertisements_02_2RS07NJ6
gacs_advertisements_02_2RS07NJ6_s0020,gacs_advertisements_02_2RS07NJ6
gacs_advertisements_02_2RS07NJ6_s0021,gacs_advertisements_02_2RS07NJ6
gacs_advertisements_02_2RS07NJ6_s0022,gacs_advertisements_02_2RS07NJ6
gacs_advertisements_02_2RS07NJ6_s0023,gacs_advertisements_02_2RS07NJ6
gacs_advertisements_02_2RS07NJ6_s0024,gacs_advertisements_02_2RS07NJ6
gacs_advertisements_02_2RS07NJ6_s0025,gacs_advertisements_02_2RS07NJ6
gacs_advertisements_02_2RS07NJ6_s0026,gacs_advertisements_02_2RS07NJ6
gacs_advertisements_02_2RS07NJ6_s0027,gacs_advertisements_02_2RS07NJ6
gacs_advertisements_02_2RS07NJ6_s0028,gacs_advertisements_02_2RS07NJ6
gacs_advertisements_02_2RS07NJ6_s0029,gacs_advertisements_02_2RS07NJ6
gacs_advertisements_02_2RS07NJ6_s0030,gacs_advertisements_02_2RS07NJ6
gacs_advertisements_02_2RS07NJ6_s0031,gacs_advertisements_02_2RS07NJ6
gacs_advertisements_02_2RS07NJ6_s0032,gacs_advertisements_02_2RS07NJ6
gacs_advertisements_02_2RS07NJ6_s0033,gacs_advertisements_02_2RS07NJ6
gacs_advertisements_02_2RS07NJ6_s0034,gacs_advertisements_02_2RS07NJ6
gacs_advertisements_02_2RS07NJ6_s0035,gacs_advertisements_02_2RS07NJ6
gacs_advertisements_02_2RS07NJ6_s0036,gacs_advertisements_02_2RS07NJ6
gacs_advertisements_02_2RS07NJ6_s0037,gacs_advertisements_02_2RS07NJ6
gacs_advertisements_02_2RS07NJ6_s0038,gacs_advertisements_02_2RS07NJ6
gacs_advertisements_02_2RS07NJ6_s0039,gacs_advertisements_02_2RS07NJ6
gacs_advertisements_02_2RS07NJ6_s0040,gacs_advertisements_02_2RS07NJ6
gacs_advertisements_02_2RS07NJ6_s0041,gacs_advertisements_02_2RS07NJ6
gacs_advertisements_02_2RS07NJ6_s0042,gacs_advertisements_02_2RS07NJ6
gacs_advertisements_02_2RS07NJ6_s0043,gacs_advertisements_02_2RS07NJ6
gacs_advertisements_02_2RS07NJ6_s0044,gacs_advertisements_02_2RS07NJ6
gacs_advertisements_02_2RS07NJ6_s0045,gacs_advertisements_02_2RS07NJ6
gacs_advertisements_02_2RS07NJ6_s0046,gacs_advertisements_02_2RS07NJ6
gacs_advertisements_02_2RS07NJ6_s0047,gacs_advertisements_02_2RS07NJ6
gacs_advertisements_02_2RS07NJ6_s0048,gacs_advertisements_02_2RS07NJ6
gacs_advertisements_02_2RS07NJ6_s0049,gacs_advertisements_02_2RS07NJ6
gacs_advertisements_02_2RS07NJ6_s0050,gacs_advertisements_02_2RS07NJ6
gacs_advertisements_02_2RS07NJ6_s0051,gacs_advertisements_02_2RS07NJ6
gacs_advertisements_02_2RS07NJ6_s0052,gacs_advertisements_02_2RS07NJ6
gacs_advertisements_02_2RS07NJ6_s0053,gacs_advertisements_02_2RS07NJ6
gacs_advertisements_02_2RS07NJ6_s0054,gacs_advertisements_02_2RS07NJ6
gacs_advertisements_02_2RS07NJ6_s0055,gacs_advertisements_02_2RS07NJ6
gacs_advertisements_02_2RS07NJ6_s0056,gacs_advertisements_02_2RS07NJ6
gacs_advertisements_02_2RS07NJ6_s0057,gacs_advertisements_02_2RS07NJ6
gacs_advertisements_02_2RS07NJ6_s0058,gacs_advertisements_02_2RS07NJ6
gacs_advertisements_02_2RS07NJ6_s0059,gacs_advertisements_02_2RS07NJ6
gacs_advertisements_02_2RS07NJ6_s0060,gacs_advertisements_02_2RS07NJ6
gacs_advertisements_02_2RS07NJ6_s0061,gacs_advertisements_02_2RS07NJ6
gacs_advertisements_02_2RS07NJ6_s0062,gacs_advertisements_02_2RS07NJ6
gacs_advertisements_02_2RS07NJ6_s0063,gacs_advertisements_02_2RS07NJ6
gacs_advertisements_02_2RS07NJ6_s0064,gacs_advertisements_02_2RS07NJ6
gacs_advertisements_02_2RS07NJ6_s0065,gacs_advertisements_02_2RS07NJ6
gacs_advertisements_02_2RS07NJ6_s0066,gacs_advertisements_02_2RS07NJ6
gacs_advertisements_02_2RS07NJ6_s0067,gacs_advertisements_02_2RS07NJ6
gacs_advertisements_02_2RS07NJ6_s0068,gacs_advertisements_02_2RS07NJ6
gacs_advertisements_02_2RS07NJ6_s0069,gacs_advertisements_02_2RS07NJ6
gacs_advertisements_02_2RS07NJ6_s0070,gacs_advertisements_02_2RS07NJ6
gacs_advertisements_02_2RS07NJ6_s0071,gacs_advertisements_02_2RS07NJ6
gacs_advertisements_02_2RS07NJ6_s0072,gacs_advertisements_02_2RS07NJ6
gacs_advertisements_02_2RS07NJ6_s0073,gacs_advertisements_02_2RS07NJ6
gacs_advertisements_02_2RS07NJ6_s0074,gacs_advertisements_02_2RS07NJ6
gacs_advertisements_02_2RS07NJ6_s0075,gacs_advertisements_02_2RS07NJ6
gacs_advertisements_02_2RS07NJ6_s0076,gacs_advertisements_02_2RS07NJ6
gacs_advertisements_02_2RS07NJ6_s0077,gacs_advertisements_02_2RS07NJ6
gacs_advertisements_02_2RS07NJ6_s0078,gacs_advertisements_02_2RS07NJ6
gacs_advertisements_02_2RS07NJ6_s0079,gacs_advertisements_02_2RS07NJ6
gacs_advertisements_02_2RS07NJ6_s0080,gacs_advertisements_02_2RS07NJ6
gacs_advertisements_02_2RS07NJ6_s0081,gacs_advertisements_02_2RS07NJ6
gacs_advertisements_02_2RS07NJ6_s0082,gacs_advertisements_02_2RS07NJ6
gacs_advertisements_02_2RS07NJ6_s0083,gacs_advertisements_02_2RS07NJ6
gacs_advertisements_02_2RS07NJ6_s0084,gacs_advertisements_02_2RS07NJ6
gacs_advertisements_02_2RS07NJ6_s0085,gacs_advertisements_02_2RS07NJ6
gacs_advertisements_02_2RS07NJ6_s0086,gacs_advertisements_02_2RS07NJ6
gacs_advertisements_02_2RS07NJ6_s0087,gacs_advertisements_02_2RS07NJ6
gacs_advertisements_02_2RS07NJ6_s0088,gacs_advertisements_02_2RS07NJ6
gacs_advertisements_02_2RS07NJ6_s0089,gacs_advertisements_02_2RS07NJ6
gacs_advertisements_02_2RS07NJ6_s0090,gacs_advertisements_02_2RS07NJ6
gacs_advertisements_02_2RS07NJ6_s0091,gacs_advertisements_02_2RS07NJ6
gacs_advertisements_02_2RS07NJ6_s0092,gacs_advertisements_02_2RS07NJ6
gacs_advertisements_02_2RS07NJ6_s0093,gacs_advertisements_02_2RS07NJ6
gacs_advertisements_02_2RS07NJ6_s0094,gacs_advertisements_02_2RS07NJ6
gacs_advertisements_02_2RS07NJ6_s0095,gacs_advertisements_02_2RS07NJ6
gacs_advertisements_02_2RS07NJ6_s0096,gacs_advertisements_02_2RS07NJ6
gacs_advertisements_02_2RS07NJ6_s0097,gacs_advertisements_02_2RS07NJ6
gacs_advertisements_02_2RS07NJ6_s0098,gacs_advertisements_02_2RS07NJ6
gacs_advertisements_02_2RS07NJ6_s0099,gacs_advertisements_02_2RS07NJ6
gacs_advertisements_02_2RS07NJ6_s0100,gacs_advertisements_02_2RS07NJ6
gacs_advertisements_02_2RS07NJ6_s0101,gacs_advertisements_02_2RS07NJ6
gacs_advertisements_02_2RS07NJ6_s0102,gacs_advertisements_02_2RS07NJ6
gacs_advertisements_02_2RS07NJ6_s0103,gacs_advertisements_02_2RS07NJ6
gacs_advertisements_02_2RS07NJ6_s0104,gacs_advertisements_02_2RS07NJ6
gacs_advertisements_02_2RS07NJ6_s0105,gacs_advertisements_02_2RS07NJ6
gacs_advertisements_02_2RS07NJ6_s0106,gacs_advertisements_02_2RS07NJ6
gacs_advertisements_02_2RS07NJ6_s0107,gacs_advertisements_02_2RS07NJ6
gacs_advertisements_02_2RS07NJ6_s0108,gacs_advertisements_02_2RS07NJ6
gacs_advertisements_02_Qfj4urMF_s0000,gacs_advertisements_02_Qfj4urMF
gacs_advertisements_02_Qfj4urMF_s0001,gacs_advertisements_02_Qfj4urMF
gacs_advertisements_02_Qfj4urMF_s0002,gacs_advertisements_02_Qfj4urMF
gacs_advertisements_02_Qfj4urMF_s0003,gacs_advertisements_02_Qfj4urMF
gacs_advertisements_02_Qfj4urMF_s0004,gacs_advertisements_02_Qfj4urMF
gacs_advertisements_02_Qfj4urMF_s0005,gacs_advertisements_02_Qfj4urMF
gacs_advertisements_02_Qfj4urMF_s0006,gacs_advertisements_02_Qfj4urMF
gacs_advertisements_02_Qfj4urMF_s0007,gacs_advertisements_02_Qfj4urMF
gacs_advertisements_02_Qfj4urMF_s0008,gacs_advertisements_02_Qfj4urMF
gacs_advertisements_02_Qfj4urMF_s0009,gacs_advertisements_02_Qfj4urMF
gacs_advertisements_02_Qfj4urMF_s0010,gacs_advertisements_02_Qfj4urMF
gacs_advertisements_02_Qfj4urMF_s0011,gacs_advertisements_02_Qfj4urMF
gacs_advertisements_02_Qfj4urMF_s0012,gacs_advertisements_02_Qfj4urMF
gacs_advertisements_02_Qfj4urMF_s0013,gacs_advertisements_02_Qfj4urMF
gacs_advertisements_02_Qfj4urMF_s0014,gacs_advertisements_02_Qfj4urMF
gacs_advertisements_02_Qfj4urMF_s0015,gacs_advertisements_02_Qfj4urMF
gacs_advertisements_02_Qfj4urMF_s0016,gacs_advertisements_02_Qfj4urMF
gacs_advertisements_02_Qfj4urMF_s0017,gacs_advertisements_02_Qfj4urMF
gacs_advertisements_02_Qfj4urMF_s0018,gacs_advertisements_02_Qfj4urMF
gacs_advertisements_02_Qfj4urMF_s0019,gacs_advertisements_02_Qfj4urMF
gacs_advertisements_02_Qfj4urMF_s0020,gacs_advertisements_02_Qfj4urMF
gacs_advertisements_02_Qfj4urMF_s0021,gacs_advertisements_02_Qfj4urMF
gacs_advertisements_02_Qfj4urMF_s0022,gacs_advertisements_02_Qfj4urMF
gacs_advertisements_02_Qfj4urMF_s0023,gacs_advertisements_02_Qfj4urMF
gacs_advertisements_02_Qfj4urMF_s0024,gacs_advertisements_02_Qfj4urMF
gacs_advertisements_02_Qfj4urMF_s0025,gacs_advertisements_02_Qfj4urMF
gacs_advertisements_02_Qfj4urMF_s0026,gacs_advertisements_02_Qfj4urMF
gacs_advertisements_02_Qfj4urMF_s0027,gacs_advertisements_02_Qfj4urMF
gacs_advertisements_02_Qfj4urMF_s0028,gacs_advertisements_02_Qfj4urMF
gacs_advertisements_02_Qfj4urMF_s0029,gacs_advertisements_02_Qfj4urMF
gacs_advertisements_02_Qfj4urMF_s0030,gacs_advertisements_02_Qfj4urMF
gacs_advertisements_02_Qfj4urMF_s0031,gacs_advertisements_02_Qfj4urMF
gacs_advertisements_02_Qfj4urMF_s0032,gacs_advertisements_02_Qfj4urMF
gacs_advertisements_02_Qfj4urMF_s0033,gacs_advertisements_02_Qfj4urMF
gacs_advertisements_02_Qfj4urMF_s0034,gacs_advertisements_02_Qfj4urMF
gacs_advertisements_02_Qfj4urMF_s0035,gacs_advertisements_02_Qfj4urMF
gacs_advertisements_02_Qfj4urMF_s0036,gacs_advertisements_02_Qfj4urMF
gacs_advertisements_02_Qfj4urMF_s0037,gacs_advertisements_02_Qfj4urMF
gacs_advertisements_02_eJucRz8k_s0000,gacs_advertisements_02_eJucRz8k
gacs_advertisements_02_eJucRz8k_s0001,gacs_advertisements_02_eJucRz8k
gacs_advertisements_02_eJucRz8k_s0002,gacs_advertisements_02_eJucRz8k
gacs_advertisements_02_eJucRz8k_s0003,gacs_advertisements_02_eJucRz8k
gacs_advertisements_02_eJucRz8k_s0004,gacs_advertisements_02_eJucRz8k
gacs_advertisements_02_eJucRz8k_s0005,gacs_advertisements_02_eJucRz8k
gacs_advertisements_02_eJucRz8k_s0006,gacs_advertisements_02_eJucRz8k
gacs_advertisements_02_eJucRz8k_s0007,gacs_advertisements_02_eJucRz8k
gacs_advertisements_02_eJucRz8k_s0008,gacs_advertisements_02_eJucRz8k
gacs_advertisements_02_eJucRz8k_s0009,gacs_advertisements_02_eJucRz8k
gacs_advertisements_02_eJucRz8k_s0010,gacs_advertisements_02_eJucRz8k
gacs_advertisements_02_eJucRz8k_s0011,gacs_advertisements_02_eJucRz8k
gacs_advertisements_02_eJucRz8k_s0012,gacs_advertisements_02_eJucRz8k
gacs_advertisements_02_eJucRz8k_s0013,gacs_advertisements_02_eJucRz8k
gacs_advertisements_02_eJucRz8k_s0014,gacs_advertisements_02_eJucRz8k
gacs_advertisements_02_eJucRz8k_s0015,gacs_advertisements_02_eJucRz8k
gacs_advertisements_02_eJucRz8k_s0016,gacs_advertisements_02_eJucRz8k
gacs_advertisements_02_eJucRz8k_s0017,gacs_advertisements_02_eJucRz8k
gacs_advertisements_02_eJucRz8k_s0018,gacs_advertisements_02_eJucRz8k
gacs_advertisements_02_eJucRz8k_s0019,gacs_advertisements_02_eJucRz8k
gacs_advertisements_02_eJucRz8k_s0020,gacs_advertisements_02_eJucRz8k
gacs_advertisements_02_eJucRz8k_s0021,gacs_advertisements_02_eJucRz8k
gacs_advertisements_02_eJucRz8k_s0022,gacs_advertisements_02_eJucRz8k
gacs_advertisements_02_eJucRz8k_s0023,gacs_advertisements_02_eJucRz8k
gacs_advertisements_02_eJucRz8k_s0024,gacs_advertisements_02_eJucRz8k
gacs_advertisements_02_eJucRz8k_s0025,gacs_advertisements_02_eJucRz8k
gacs_advertisements_02_eJucRz8k_s0026,gacs_advertisements_02_eJucRz8k
gacs_advertisements_02_eJucRz8k_s0027,gacs_advertisements_02_eJucRz8k
gacs_advertisements_02_eJucRz8k_s0028,gacs_advertisements_02_eJucRz8k
gacs_advertisements_02_eJucRz8k_s0029,gacs_advertisements_02_eJucRz8k
gacs_advertisements_02_eJucRz8k_s0030,gacs_advertisements_02_eJucRz8k
gacs_advertisements_02_eJucRz8k_s0031,gacs_advertisements_02_eJucRz8k
gacs_advertisements_02_eJucRz8k_s0032,gacs_advertisements_02_eJucRz8k
gacs_advertisements_02_eJucRz8k_s0033,gacs_advertisements_02_eJucRz8k
gacs_advertisements_02_eJucRz8k_s0034,gacs_advertisements_02_eJucRz8k
gacs_advertisements_02_eJucRz8k_s0035,gacs_advertisements_02_eJucRz8k
gacs_advertisements_02_eJucRz8k_s0036,gacs_advertisements_02_eJucRz8k
gacs_advertisements_02_eJucRz8k_s0037,gacs_advertisements_02_eJucRz8k
gacs_advertisements_02_eJucRz8k_s0038,gacs_advertisements_02_eJucRz8k
gacs_advertisements_02_eJucRz8k_s0039,gacs_advertisements_02_eJucRz8k
gacs_advertisements_02_eJucRz8k_s0040,gacs_advertisements_02_eJucRz8k
gacs_advertisements_02_eJucRz8k_s0041,gacs_advertisements_02_eJucRz8k
gacs_advertisements_02_eJucRz8k_s0042,gacs_advertisements_02_eJucRz8k
gacs_advertisements_02_eJucRz8k_s0043,gacs_advertisements_02_eJucRz8k
gacs_advertisements_02_eJucRz8k_s0044,gacs_advertisements_02_eJucRz8k
gacs_advertisements_02_eJucRz8k_s0045,gacs_advertisements_02_eJucRz8k
gacs_advertisements_02_eJucRz8k_s0046,gacs_advertisements_02_eJucRz8k
gacs_advertisements_02_eJucRz8k_s0047,gacs_advertisements_02_eJucRz8k
gacs_advertisements_02_eJucRz8k_s0048,gacs_advertisements_02_eJucRz8k
gacs_advertisements_03_uWXyAgP1_s0000,gacs_advertisements_03_uWXyAgP1
gacs_advertisements_03_uWXyAgP1_s0001,gacs_advertisements_03_uWXyAgP1
gacs_advertisements_03_uWXyAgP1_s0002,gacs_advertisements_03_uWXyAgP1
gacs_advertisements_03_uWXyAgP1_s0003,gacs_advertisements_03_uWXyAgP1
gacs_advertisements_03_uWXyAgP1_s0004,gacs_advertisements_03_uWXyAgP1
gacs_advertisements_03_uWXyAgP1_s0005,gacs_advertisements_03_uWXyAgP1
gacs_advertisements_03_uWXyAgP1_s0006,gacs_advertisements_03_uWXyAgP1
gacs_advertisements_03_uWXyAgP1_s0007,gacs_advertisements_03_uWXyAgP1
gacs_advertisements_03_uWXyAgP1_s0008,gacs_advertisements_03_uWXyAgP1
gacs_advertisements_03_uWXyAgP1_s0009,gacs_advertisements_03_uWXyAgP1
gacs_advertisements_03_uWXyAgP1_s0010,gacs_advertisements_03_uWXyAgP1
gacs_advertisements_03_uWXyAgP1_s0011,gacs_advertisements_03_uWXyAgP1
gacs_advertisements_03_uWXyAgP1_s0012,gacs_advertisements_03_uWXyAgP1
gacs_advertisements_03_uWXyAgP1_s0013,gacs_advertisements_03_uWXyAgP1
gacs_advertisements_03_uWXyAgP1_s0014,gacs_advertisements_03_uWXyAgP1
gacs_advertisements_03_uWXyAgP1_s0015,gacs_advertisements_03_uWXyAgP1
gacs_advertisements_03_uWXyAgP1_s0016,gacs_advertisements_03_uWXyAgP1
gacs_advertisements_03_uWXyAgP1_s0017,gacs_advertisements_03_uWXyAgP1
gacs_advertisements_03_uWXyAgP1_s0018,gacs_advertisements_03_uWXyAgP1
gacs_advertisements_03_uWXyAgP1_s0019,gacs_advertisements_03_uWXyAgP1
gacs_advertisements_03_uWXyAgP1_s0020,gacs_advertisements_03_uWXyAgP1
gacs_advertisements_03_uWXyAgP1_s0021,gacs_advertisements_03_uWXyAgP1
gacs_advertisements_03_uWXyAgP1_s0022,gacs_advertisements_03_uWXyAgP1
gacs_advertisements_03_uWXyAgP1_s0023,gacs_advertisements_03_uWXyAgP1
gacs_advertisements_03_uWXyAgP1_s0024,gacs_advertisements_03_uWXyAgP1
gacs_advertisements_04_S4xr-ZZC_s0000,gacs_advertisements_04_S4xr-ZZC
gacs_advertisements_04_S4xr-ZZC_s0001,gacs_advertisements_04_S4xr-ZZC
gacs_advertisements_04_S4xr-ZZC_s0002,gacs_advertisements_04_S4xr-ZZC
gacs_advertisements_04_S4xr-ZZC_s0003,gacs_advertisements_04_S4xr-ZZC
gacs_advertisements_04_S4xr-ZZC_s0004,gacs_advertisements_04_S4xr-ZZC
gacs_advertisements_04_S4xr-ZZC_s0005,gacs_advertisements_04_S4xr-ZZC
gacs_advertisements_04_S4xr-ZZC_s0006,gacs_advertisements_04_S4xr-ZZC
gacs_advertisements_04_S4xr-ZZC_s0007,gacs_advertisements_04_S4xr-ZZC
gacs_advertisements_04_S4xr-ZZC_s0008,gacs_advertisements_04_S4xr-ZZC
gacs_advertisements_04_S4xr-ZZC_s0009,gacs_advertisements_04_S4xr-ZZC
gacs_advertisements_04_S4xr-ZZC_s0010,gacs_advertisements_04_S4xr-ZZC
gacs_advertisements_04_S4xr-ZZC_s0011,gacs_advertisements_04_S4xr-ZZC
gacs_advertisements_04_S4xr-ZZC_s0012,gacs_advertisements_04_S4xr-ZZC
gacs_advertisements_04_S4xr-ZZC_s0013,gacs_advertisements_04_S4xr-ZZC
gacs_advertisements_04_S4xr-ZZC_s0014,gacs_advertisements_04_S4xr-ZZC
gacs_advertisements_04_S4xr-ZZC_s0015,gacs_advertisements_04_S4xr-ZZC
gacs_advertisements_04_S4xr-ZZC_s0016,gacs_advertisements_04_S4xr-ZZC
gacs_advertisements_04_S4xr-ZZC_s0017,gacs_advertisements_04_S4xr-ZZC
gacs_advertisements_04_S4xr-ZZC_s0018,gacs_advertisements_04_S4xr-ZZC
gacs_advertisements_04_S4xr-ZZC_s0019,gacs_advertisements_04_S4xr-ZZC
gacs_advertisements_04_S4xr-ZZC_s0020,gacs_advertisements_04_S4xr-ZZC
gacs_advertisements_04_S4xr-ZZC_s0021,gacs_advertisements_04_S4xr-ZZC
gacs_advertisements_04_S4xr-ZZC_s0022,gacs_advertisements_04_S4xr-ZZC
gacs_advertisements_04_S4xr-ZZC_s0023,gacs_advertisements_04_S4xr-ZZC
gacs_advertisements_04_S4xr-ZZC_s0024,gacs_advertisements_04_S4xr-ZZC
gacs_advertisements_04_S4xr-ZZC_s0025,gacs_advertisements_04_S4xr-ZZC
gacs_advertisements_04_ytCB4uj0_s0000,gacs_advertisements_04_ytCB4uj0
gacs_advertisements_04_ytCB4uj0_s0001,gacs_advertisements_04_ytCB4uj0
gacs_advertisements_04_ytCB4uj0_s0002,gacs_advertisements_04_ytCB4uj0
gacs_advertisements_04_ytCB4uj0_s0003,gacs_advertisements_04_ytCB4uj0
gacs_advertisements_04_ytCB4uj0_s0004,gacs_advertisements_04_ytCB4uj0
gacs_advertisements_04_ytCB4uj0_s0005,gacs_advertisements_04_ytCB4uj0
gacs_advertisements_04_ytCB4uj0_s0006,gacs_advertisements_04_ytCB4uj0
gacs_advertisements_04_ytCB4uj0_s0007,gacs_advertisements_04_ytCB4uj0
gacs_advertisements_04_ytCB4uj0_s0008,gacs_advertisements_04_ytCB4uj0
gacs_advertisements_04_ytCB4uj0_s0009,gacs_advertisements_04_ytCB4uj0
gacs_advertisements_04_ytCB4uj0_s0010,gacs_advertisements_04_ytCB4uj0
gacs_advertisements_04_ytCB4uj0_s0011,gacs_advertisements_04_ytCB4uj0
gacs_advertisements_04_ytCB4uj0_s0012,gacs_advertisements_04_ytCB4uj0
gacs_advertisements_04_ytCB4uj0_s0013,gacs_advertisements_04_ytCB4uj0
gacs_advertisements_04_ytCB4uj0_s0014,gacs_advertisements_04_ytCB4uj0
gacs_advertisements_04_ytCB4uj0_s0015,gacs_advertisements_04_ytCB4uj0
gacs_advertisements_04_ytCB4uj0_s0016,gacs_advertisements_04_ytCB4uj0
gacs_advertisements_04_ytCB4uj0_s0017,gacs_advertisements_04_ytCB4uj0
gacs_advertisements_04_ytCB4uj0_s0018,gacs_advertisements_04_ytCB4uj0
gacs_advertisements_04_ytCB4uj0_s0019,gacs_advertisements_04_ytCB4uj0
gacs_advertisements_04_ytCB4uj0_s0020,gacs_advertisements_04_ytCB4uj0
gacs_advertisements_04_ytCB4uj0_s0021,gacs_advertisements_04_ytCB4uj0
gacs_advertisements_04_ytCB4uj0_s0022,gacs_advertisements_04_ytCB4uj0
gacs_advertisements_04_ytCB4uj0_s0023,gacs_advertisements_04_ytCB4uj0
gacs_advertisements_04_ytCB4uj0_s0024,gacs_advertisements_04_ytCB4uj0
gacs_advertisements_04_ytCB4uj0_s0025,gacs_advertisements_04_ytCB4uj0
gacs_advertisements_04_ytCB4uj0_s0026,gacs_advertisements_04_ytCB4uj0
gacs_advertisements_04_ytCB4uj0_s0027,gacs_advertisements_04_ytCB4uj0
gacs_advertisements_04_ytCB4uj0_s0028,gacs_advertisements_04_ytCB4uj0
gacs_advertisements_04_ytCB4uj0_s0029,gacs_advertisements_04_ytCB4uj0
gacs_advertisements_04_ytCB4uj0_s0030,gacs_advertisements_04_ytCB4uj0
gacs_advertisements_04_ytCB4uj0_s0031,gacs_advertisements_04_ytCB4uj0
gacs_advertisements_04_ytCB4uj0_s0032,gacs_advertisements_04_ytCB4uj0
gacs_advertisements_04_ytCB4uj0_s0033,gacs_advertisements_04_ytCB4uj0
gacs_advertisements_04_ytCB4uj0_s0034,gacs_advertisements_04_ytCB4uj0
gacs_advertisements_04_ytCB4uj0_s0035,gacs_advertisements_04_ytCB4uj0
gacs_advertisements_04_ytCB4uj0_s0036,gacs_advertisements_04_ytCB4uj0
gacs_advertisements_04_ytCB4uj0_s0037,gacs_advertisements_04_ytCB4uj0
gacs_advertisements_04_ytCB4uj0_s0038,gacs_advertisements_04_ytCB4uj0
gacs_advertisements_04_ytCB4uj0_s0039,gacs_advertisements_04_ytCB4uj0
gacs_advertisements_04_ytCB4uj0_s0040,gacs_advertisements_04_ytCB4uj0
gacs_advertisements_04_ytCB4uj0_s0041,gacs_advertisements_04_ytCB4uj0
gacs_advertisements_04_ytCB4uj0_s0042,gacs_advertisements_04_ytCB4uj0
gacs_advertisements_04_ytCB4uj0_s0043,gacs_advertisements_04_ytCB4uj0
gacs_advertisements_04_ytCB4uj0_s0044,gacs_advertisements_04_ytCB4uj0
gacs_advertisements_04_ytCB4uj0_s0045,gacs_advertisements_04_ytCB4uj0
gacs_advertisements_04_ytCB4uj0_s0046,gacs_advertisements_04_ytCB4uj0
gacs_advertisements_04_ytCB4uj0_s0047,gacs_advertisements_04_ytCB4uj0
gacs_advertisements_04_ytCB4uj0_s0048,gacs_advertisements_04_ytCB4uj0
gacs_advertisements_04_ytCB4uj0_s0049,gacs_advertisements_04_ytCB4uj0
gacs_advertisements_04_ytCB4uj0_s0050,gacs_advertisements_04_ytCB4uj0
gacs_advertisements_04_ytCB4uj0_s0051,gacs_advertisements_04_ytCB4uj0
gacs_advertisements_04_ytCB4uj0_s0052,gacs_advertisements_04_ytCB4uj0
gacs_advertisements_04_ytCB4uj0_s0053,gacs_advertisements_04_ytCB4uj0
gacs_advertisements_04_ytCB4uj0_s0054,gacs_advertisements_04_ytCB4uj0
gacs_advertisements_04_ytCB4uj0_s0055,gacs_advertisements_04_ytCB4uj0
gacs_advertisements_04_ytCB4uj0_s0056,gacs_advertisements_04_ytCB4uj0
gacs_advertisements_04_ytCB4uj0_s0057,gacs_advertisements_04_ytCB4uj0
gacs_advertisements_04_ytCB4uj0_s0058,gacs_advertisements_04_ytCB4uj0
gacs_advertisements_04_ytCB4uj0_s0059,gacs_advertisements_04_ytCB4uj0
gacs_advertisements_04_ytCB4uj0_s0060,gacs_advertisements_04_ytCB4uj0
gacs_advertisements_04_ytCB4uj0_s0061,gacs_advertisements_04_ytCB4uj0
gacs_advertisements_04_ytCB4uj0_s0062,gacs_advertisements_04_ytCB4uj0
gacs_advertisements_04_ytCB4uj0_s0063,gacs_advertisements_04_ytCB4uj0
gacs_advertisements_04_ytCB4uj0_s0064,gacs_advertisements_04_ytCB4uj0
gacs_advertisements_04_ytCB4uj0_s0065,gacs_advertisements_04_ytCB4uj0
gacs_advertisements_04_ytCB4uj0_s0066,gacs_advertisements_04_ytCB4uj0
gacs_advertisements_04_ytCB4uj0_s0067,gacs_advertisements_04_ytCB4uj0
gacs_advertisements_04_ytCB4uj0_s0068,gacs_advertisements_04_ytCB4uj0
gacs_advertisements_04_ytCB4uj0_s0069,gacs_advertisements_04_ytCB4uj0
gacs_advertisements_04_ytCB4uj0_s0070,gacs_advertisements_04_ytCB4uj0
gacs_advertisements_04_ytCB4uj0_s0071,gacs_advertisements_04_ytCB4uj0
gacs_advertisements_04_ytCB4uj0_s0072,gacs_advertisements_04_ytCB4uj0
gacs_advertisements_04_ytCB4uj0_s0073,gacs_advertisements_04_ytCB4uj0
gacs_advertisements_04_ytCB4uj0_s0074,gacs_advertisements_04_ytCB4uj0
gacs_advertisements_04_ytCB4uj0_s0075,gacs_advertisements_04_ytCB4uj0
gacs_advertisements_04_ytCB4uj0_s0076,gacs_advertisements_04_ytCB4uj0
gacs_advertisements_04_ytCB4uj0_s0077,gacs_advertisements_04_ytCB4uj0
gacs_advertisements_04_ytCB4uj0_s0078,gacs_advertisements_04_ytCB4uj0
gacs_advertisements_04_ytCB4uj0_s0079,gacs_advertisements_04_ytCB4uj0
gacs_advertisements_04_ytCB4uj0_s0080,gacs_advertisements_04_ytCB4uj0
gacs_advertisements_04_ytCB4uj0_s0081,gacs_advertisements_04_ytCB4uj0
gacs_advertisements_04_ytCB4uj0_s0082,gacs_advertisements_04_ytCB4uj0
gacs_advertisements_04_ytCB4uj0_s0083,gacs_advertisements_04_ytCB4uj0
gacs_advertisements_04_ytCB4uj0_s0084,gacs_advertisements_04_ytCB4uj0
gacs_advertisements_04_ytCB4uj0_s0085,gacs_advertisements_04_ytCB4uj0
gacs_advertisements_04_ytCB4uj0_s0086,gacs_advertisements_04_ytCB4uj0
gacs_advertisements_04_ytCB4uj0_s0087,gacs_advertisements_04_ytCB4uj0
gacs_advertisements_04_ytCB4uj0_s0088,gacs_advertisements_04_ytCB4uj0
gacs_advertisements_04_ytCB4uj0_s0089,gacs_advertisements_04_ytCB4uj0
gacs_advertisements_04_ytCB4uj0_s0090,gacs_advertisements_04_ytCB4uj0
gacs_advertisements_04_ytCB4uj0_s0091,gacs_advertisements_04_ytCB4uj0
gacs_advertisements_04_ytCB4uj0_s0092,gacs_advertisements_04_ytCB4uj0
gacs_advertisements_04_ytCB4uj0_s0093,gacs_advertisements_04_ytCB4uj0
gacs_advertisements_04_ytCB4uj0_s0094,gacs_advertisements_04_ytCB4uj0
gacs_advertisements_04_ytCB4uj0_s0095,gacs_advertisements_04_ytCB4uj0
gacs_advertisements_04_ytCB4uj0_s0096,gacs_advertisements_04_ytCB4uj0
gacs_advertisements_04_ytCB4uj0_s0097,gacs_advertisements_04_ytCB4uj0
gacs_advertisements_04_ytCB4uj0_s0098,gacs_advertisements_04_ytCB4uj0
gacs_advertisements_04_ytCB4uj0_s0099,gacs_advertisements_04_ytCB4uj0
gacs_advertisements_04_ytCB4uj0_s0100,gacs_advertisements_04_ytCB4uj0
gacs_advertisements_04_ytCB4uj0_s0101,gacs_advertisements_04_ytCB4uj0
gacs_advertisements_04_ytCB4uj0_s0102,gacs_advertisements_04_ytCB4uj0
gacs_advertisements_04_ytCB4uj0_s0103,gacs_advertisements_04_ytCB4uj0
gacs_advertisements_04_ytCB4uj0_s0104,gacs_advertisements_04_ytCB4uj0
gacs_advertisements_04_ytCB4uj0_s0105,gacs_advertisements_04_ytCB4uj0
gacs_advertisements_04_ytCB4uj0_s0106,gacs_advertisements_04_ytCB4uj0
gacs_advertisements_04_ytCB4uj0_s0107,gacs_advertisements_04_ytCB4uj0
gacs_advertisements_04_ytCB4uj0_s0108,gacs_advertisements_04_ytCB4uj0
gacs_advertisements_04_ytCB4uj0_s0109,gacs_advertisements_04_ytCB4uj0
gacs_advertisements_04_ytCB4uj0_s0110,gacs_advertisements_04_ytCB4uj0
gacs_advertisements_04_ytCB4uj0_s0111,gacs_advertisements_04_ytCB4uj0
gacs_animations_00_XdKzUbAi_s0000,gacs_animations_00_XdKzUbAi
gacs_animations_00_XdKzUbAi_s0001,gacs_animations_00_XdKzUbAi
gacs_animations_00_XdKzUbAi_s0002,gacs_animations_00_XdKzUbAi
gacs_animations_00_XdKzUbAi_s0003,gacs_animations_00_XdKzUbAi
gacs_animations_00_XdKzUbAi_s0004,gacs_animations_00_XdKzUbAi
gacs_animations_00_XdKzUbAi_s0005,gacs_animations_00_XdKzUbAi
gacs_animations_00_XdKzUbAi_s0006,gacs_animations_00_XdKzUbAi
gacs_animations_00_XdKzUbAi_s0007,gacs_animations_00_XdKzUbAi
gacs_animations_00_XdKzUbAi_s0008,gacs_animations_00_XdKzUbAi
gacs_animations_00_XdKzUbAi_s0009,gacs_animations_00_XdKzUbAi
gacs_animations_00_XdKzUbAi_s0010,gacs_animations_00_XdKzUbAi
gacs_animations_00_XdKzUbAi_s0011,gacs_animations_00_XdKzUbAi
gacs_animations_00_XdKzUbAi_s0012,gacs_animations_00_XdKzUbAi
gacs_animations_00_XdKzUbAi_s0013,gacs_animations_00_XdKzUbAi
gacs_animations_00_XdKzUbAi_s0014,gacs_animations_00_XdKzUbAi
gacs_animations_00_XdKzUbAi_s0015,gacs_animations_00_XdKzUbAi
gacs_animations_00_XdKzUbAi_s0016,gacs_animations_00_XdKzUbAi
gacs_animations_00_XdKzUbAi_s0017,gacs_animations_00_XdKzUbAi
gacs_animations_00_XdKzUbAi_s0018,gacs_animations_00_XdKzUbAi
gacs_animations_00_XdKzUbAi_s0019,gacs_animations_00_XdKzUbAi
gacs_animations_00_XdKzUbAi_s0020,gacs_animations_00_XdKzUbAi
gacs_animations_00_XdKzUbAi_s0021,gacs_animations_00_XdKzUbAi
gacs_animations_00_XdKzUbAi_s0022,gacs_animations_00_XdKzUbAi
gacs_animations_00_XdKzUbAi_s0023,gacs_animations_00_XdKzUbAi
gacs_animations_00_XdKzUbAi_s0024,gacs_animations_00_XdKzUbAi
gacs_animations_00_XdKzUbAi_s0025,gacs_animations_00_XdKzUbAi
gacs_animations_00_XdKzUbAi_s0026,gacs_animations_00_XdKzUbAi
gacs_animations_00_XdKzUbAi_s0027,gacs_animations_00_XdKzUbAi
gacs_animations_00_XdKzUbAi_s0028,gacs_animations_00_XdKzUbAi
gacs_animations_00_XdKzUbAi_s0029,gacs_animations_00_XdKzUbAi
gacs_animations_00_XdKzUbAi_s0030,gacs_animations_00_XdKzUbAi
gacs_animations_00_XdKzUbAi_s0031,gacs_animations_00_XdKzUbAi
gacs_animations_00_XdKzUbAi_s0032,gacs_animations_00_XdKzUbAi
gacs_animations_00_XdKzUbAi_s0033,gacs_animations_00_XdKzUbAi
gacs_animations_00_XdKzUbAi_s0034,gacs_animations_00_XdKzUbAi
gacs_animations_00_XdKzUbAi_s0035,gacs_animations_00_XdKzUbAi
gacs_animations_00_XdKzUbAi_s0036,gacs_animations_00_XdKzUbAi
gacs_animations_00_XdKzUbAi_s0037,gacs_animations_00_XdKzUbAi
gacs_animations_00_XdKzUbAi_s0038,gacs_animations_00_XdKzUbAi
gacs_animations_00_XdKzUbAi_s0039,gacs_animations_00_XdKzUbAi
gacs_animations_00_XdKzUbAi_s0040,gacs_animations_00_XdKzUbAi
gacs_animations_00_XdKzUbAi_s0041,gacs_animations_00_XdKzUbAi
gacs_animations_00_XdKzUbAi_s0042,gacs_animations_00_XdKzUbAi
gacs_animations_00_XdKzUbAi_s0043,gacs_animations_00_XdKzUbAi
gacs_animations_00_XdKzUbAi_s0044,gacs_animations_00_XdKzUbAi
gacs_animations_00_XdKzUbAi_s0045,gacs_animations_00_XdKzUbAi
gacs_animations_00_XdKzUbAi_s0046,gacs_animations_00_XdKzUbAi
gacs_animations_00_XdKzUbAi_s0047,gacs_animations_00_XdKzUbAi
gacs_animations_00_XdKzUbAi_s0048,gacs_animations_00_XdKzUbAi
gacs_animations_00_XdKzUbAi_s0049,gacs_animations_00_XdKzUbAi
gacs_animations_00_XdKzUbAi_s0050,gacs_animations_00_XdKzUbAi
gacs_animations_00_XdKzUbAi_s0051,gacs_animations_00_XdKzUbAi
gacs_animations_00_XdKzUbAi_s0052,gacs_animations_00_XdKzUbAi
gacs_animations_00_XdKzUbAi_s0053,gacs_animations_00_XdKzUbAi
gacs_animations_00_XdKzUbAi_s0054,gacs_animations_00_XdKzUbAi
gacs_animations_00_XdKzUbAi_s0055,gacs_animations_00_XdKzUbAi
gacs_animations_00_XdKzUbAi_s0056,gacs_animations_00_XdKzUbAi
gacs_animations_00_XdKzUbAi_s0057,gacs_animations_00_XdKzUbAi
gacs_animations_00_XdKzUbAi_s0058,gacs_animations_00_XdKzUbAi
gacs_animations_00_XdKzUbAi_s0059,gacs_animations_00_XdKzUbAi
gacs_animations_00_XdKzUbAi_s0060,gacs_animations_00_XdKzUbAi
gacs_animations_00_XdKzUbAi_s0061,gacs_animations_00_XdKzUbAi
gacs_animations_00_XdKzUbAi_s0062,gacs_animations_00_XdKzUbAi
gacs_animations_00_XdKzUbAi_s0063,gacs_animations_00_XdKzUbAi
gacs_animations_00_XdKzUbAi_s0064,gacs_animations_00_XdKzUbAi
gacs_animations_00_XdKzUbAi_s0065,gacs_animations_00_XdKzUbAi
gacs_animations_00_XdKzUbAi_s0066,gacs_animations_00_XdKzUbAi
gacs_animations_00_XdKzUbAi_s0067,gacs_animations_00_XdKzUbAi
gacs_animations_00_XdKzUbAi_s0068,gacs_animations_00_XdKzUbAi
gacs_animations_00_XdKzUbAi_s0069,gacs_animations_00_XdKzUbAi
gacs_animations_00_XdKzUbAi_s0070,gacs_animations_00_XdKzUbAi
gacs_animations_00_XdKzUbAi_s0071,gacs_animations_00_XdKzUbAi
gacs_animations_00_XdKzUbAi_s0072,gacs_animations_00_XdKzUbAi
gacs_animations_00_XdKzUbAi_s0073,gacs_animations_00_XdKzUbAi
gacs_animations_00_XdKzUbAi_s0074,gacs_animations_00_XdKzUbAi
gacs_animations_00_XdKzUbAi_s0075,gacs_animations_00_XdKzUbAi
gacs_animations_00_XdKzUbAi_s0076,gacs_animations_00_XdKzUbAi
gacs_animations_00_XdKzUbAi_s0077,gacs_animations_00_XdKzUbAi
gacs_animations_00_XdKzUbAi_s0078,gacs_animations_00_XdKzUbAi
gacs_animations_00_XdKzUbAi_s0079,gacs_animations_00_XdKzUbAi
gacs_animations_00_XdKzUbAi_s0080,gacs_animations_00_XdKzUbAi
gacs_animations_00_XdKzUbAi_s0081,gacs_animations_00_XdKzUbAi
gacs_animations_00_XdKzUbAi_s0082,gacs_animations_00_XdKzUbAi
gacs_animations_00_XdKzUbAi_s0083,gacs_animations_00_XdKzUbAi
gacs_animations_00_XdKzUbAi_s0084,gacs_animations_00_XdKzUbAi
gacs_animations_00_XdKzUbAi_s0085,gacs_animations_00_XdKzUbAi
gacs_animations_00_XdKzUbAi_s0086,gacs_animations_00_XdKzUbAi
gacs_animations_00_XdKzUbAi_s0087,gacs_animations_00_XdKzUbAi
gacs_animations_00_XdKzUbAi_s0088,gacs_animations_00_XdKzUbAi
gacs_animations_00_XdKzUbAi_s0089,gacs_animations_00_XdKzUbAi
gacs_animations_00_XdKzUbAi_s0090,gacs_animations_00_XdKzUbAi
gacs_animations_00_XdKzUbAi_s0091,gacs_animations_00_XdKzUbAi
gacs_animations_00_XdKzUbAi_s0092,gacs_animations_00_XdKzUbAi
gacs_animations_00_XdKzUbAi_s0093,gacs_animations_00_XdKzUbAi
gacs_animations_00_XdKzUbAi_s0094,gacs_animations_00_XdKzUbAi
gacs_animations_00_XdKzUbAi_s0095,gacs_animations_00_XdKzUbAi
gacs_animations_01_CaimKeDc_s0000,gacs_animations_01_CaimKeDc
gacs_animations_01_CaimKeDc_s0001,gacs_animations_01_CaimKeDc
gacs_animations_01_CaimKeDc_s0002,gacs_animations_01_CaimKeDc
gacs_animations_01_CaimKeDc_s0003,gacs_animations_01_CaimKeDc
gacs_animations_01_CaimKeDc_s0004,gacs_animations_01_CaimKeDc
gacs_animations_01_CaimKeDc_s0005,gacs_animations_01_CaimKeDc
gacs_animations_01_CaimKeDc_s0006,gacs_animations_01_CaimKeDc
gacs_animations_01_CaimKeDc_s0007,gacs_animations_01_CaimKeDc
gacs_animations_01_CaimKeDc_s0008,gacs_animations_01_CaimKeDc
gacs_animations_01_CaimKeDc_s0009,gacs_animations_01_CaimKeDc
gacs_animations_01_CaimKeDc_s0010,gacs_animations_01_CaimKeDc
gacs_animations_01_CaimKeDc_s0011,gacs_animations_01_CaimKeDc
gacs_animations_01_CaimKeDc_s0012,gacs_animations_01_CaimKeDc
gacs_animations_01_CaimKeDc_s0013,gacs_animations_01_CaimKeDc
gacs_animations_01_CaimKeDc_s0014,gacs_animations_01_CaimKeDc
gacs_animations_01_CaimKeDc_s0015,gacs_animations_01_CaimKeDc
gacs_animations_01_CaimKeDc_s0016,gacs_animations_01_CaimKeDc
gacs_animations_01_CaimKeDc_s0017,gacs_animations_01_CaimKeDc
gacs_animations_01_CaimKeDc_s0018,gacs_animations_01_CaimKeDc
gacs_animations_01_CaimKeDc_s0019,gacs_animations_01_CaimKeDc
gacs_animations_01_CaimKeDc_s0020,gacs_animations_01_CaimKeDc
gacs_animations_01_CaimKeDc_s0021,gacs_animations_01_CaimKeDc
gacs_animations_01_CaimKeDc_s0022,gacs_animations_01_CaimKeDc
gacs_animations_01_CaimKeDc_s0023,gacs_animations_01_CaimKeDc
gacs_animations_01_CaimKeDc_s0024,gacs_animations_01_CaimKeDc
gacs_animations_01_CaimKeDc_s0025,gacs_animations_01_CaimKeDc
gacs_animations_01_CaimKeDc_s0026,gacs_animations_01_CaimKeDc
gacs_animations_01_CaimKeDc_s0027,gacs_animations_01_CaimKeDc
gacs_animations_01_CaimKeDc_s0028,gacs_animations_01_CaimKeDc
gacs_animations_01_CaimKeDc_s0029,gacs_animations_01_CaimKeDc
gacs_animations_01_CaimKeDc_s0030,gacs_animations_01_CaimKeDc
gacs_animations_01_CaimKeDc_s0031,gacs_animations_01_CaimKeDc
gacs_animations_01_CaimKeDc_s0032,gacs_animations_01_CaimKeDc
gacs_animations_01_CaimKeDc_s0033,gacs_animations_01_CaimKeDc
gacs_animations_01_CaimKeDc_s0034,gacs_animations_01_CaimKeDc
gacs_animations_01_CaimKeDc_s0035,gacs_animations_01_CaimKeDc
gacs_animations_01_CaimKeDc_s0036,gacs_animations_01_CaimKeDc
gacs_animations_01_CaimKeDc_s0037,gacs_animations_01_CaimKeDc
gacs_animations_01_CaimKeDc_s0038,gacs_animations_01_CaimKeDc
gacs_animations_01_CaimKeDc_s0039,gacs_animations_01_CaimKeDc
gacs_animations_01_CaimKeDc_s0040,gacs_animations_01_CaimKeDc
gacs_animations_01_CaimKeDc_s0041,gacs_animations_01_CaimKeDc
gacs_animations_01_CaimKeDc_s0042,gacs_animations_01_CaimKeDc
gacs_animations_01_CaimKeDc_s0043,gacs_animations_01_CaimKeDc
gacs_animations_01_CaimKeDc_s0044,gacs_animations_01_CaimKeDc
gacs_animations_01_CaimKeDc_s0045,gacs_animations_01_CaimKeDc
gacs_animations_01_CaimKeDc_s0046,gacs_animations_01_CaimKeDc
gacs_animations_01_CaimKeDc_s0047,gacs_animations_01_CaimKeDc
gacs_animations_01_CaimKeDc_s0048,gacs_animations_01_CaimKeDc
gacs_animations_01_CaimKeDc_s0049,gacs_animations_01_CaimKeDc
gacs_animations_01_CaimKeDc_s0050,gacs_animations_01_CaimKeDc
gacs_animations_01_CaimKeDc_s0051,gacs_animations_01_CaimKeDc
gacs_animations_01_CaimKeDc_s0052,gacs_animations_01_CaimKeDc
gacs_animations_01_CaimKeDc_s0053,gacs_animations_01_CaimKeDc
gacs_animations_01_CaimKeDc_s0054,gacs_animations_01_CaimKeDc
gacs_animations_01_CaimKeDc_s0055,gacs_animations_01_CaimKeDc
gacs_animations_01_CaimKeDc_s0056,gacs_animations_01_CaimKeDc
gacs_animations_01_CaimKeDc_s0057,gacs_animations_01_CaimKeDc
gacs_animations_01_CaimKeDc_s0058,gacs_animations_01_CaimKeDc
gacs_animations_01_CaimKeDc_s0059,gacs_animations_01_CaimKeDc
gacs_animations_01_CaimKeDc_s0060,gacs_animations_01_CaimKeDc
gacs_animations_01_CaimKeDc_s0061,gacs_animations_01_CaimKeDc
gacs_animations_01_CaimKeDc_s0062,gacs_animations_01_CaimKeDc
gacs_animations_01_CaimKeDc_s0063,gacs_animations_01_CaimKeDc
gacs_animations_01_CaimKeDc_s0064,gacs_animations_01_CaimKeDc
gacs_animations_01_CaimKeDc_s0065,gacs_animations_01_CaimKeDc
gacs_animations_01_CaimKeDc_s0066,gacs_animations_01_CaimKeDc
gacs_animations_01_CaimKeDc_s0067,gacs_animations_01_CaimKeDc
gacs_animations_01_CaimKeDc_s0068,gacs_animations_01_CaimKeDc
gacs_animations_01_CaimKeDc_s0069,gacs_animations_01_CaimKeDc
gacs_animations_01_CaimKeDc_s0070,gacs_animations_01_CaimKeDc
gacs_animations_01_CaimKeDc_s0071,gacs_animations_01_CaimKeDc
gacs_animations_01_CaimKeDc_s0072,gacs_animations_01_CaimKeDc
gacs_animations_01_CaimKeDc_s0073,gacs_animations_01_CaimKeDc
gacs_animations_01_CaimKeDc_s0074,gacs_animations_01_CaimKeDc
gacs_animations_01_CaimKeDc_s0075,gacs_animations_01_CaimKeDc
gacs_animations_01_CaimKeDc_s0076,gacs_animations_01_CaimKeDc
gacs_animations_01_CaimKeDc_s0077,gacs_animations_01_CaimKeDc
gacs_animations_01_CaimKeDc_s0078,gacs_animations_01_CaimKeDc
gacs_animations_01_CaimKeDc_s0079,gacs_animations_01_CaimKeDc
gacs_animations_01_CaimKeDc_s0080,gacs_animations_01_CaimKeDc
gacs_animations_01_CaimKeDc_s0081,gacs_animations_01_CaimKeDc
gacs_animations_01_CaimKeDc_s0082,gacs_animations_01_CaimKeDc
gacs_animations_01_CaimKeDc_s0083,gacs_animations_01_CaimKeDc
gacs_animations_01_CaimKeDc_s0084,gacs_animations_01_CaimKeDc
gacs_animations_01_CaimKeDc_s0085,gacs_animations_01_CaimKeDc
gacs_animations_01_CaimKeDc_s0086,gacs_animations_01_CaimKeDc
gacs_animations_01_CaimKeDc_s0087,gacs_animations_01_CaimKeDc
gacs_animations_01_CaimKeDc_s0088,gacs_animations_01_CaimKeDc
gacs_animations_01_CaimKeDc_s0089,gacs_animations_01_CaimKeDc
gacs_animations_01_CaimKeDc_s0090,gacs_animations_01_CaimKeDc
gacs_animations_01_CaimKeDc_s0091,gacs_animations_01_CaimKeDc
gacs_animations_01_CaimKeDc_s0092,gacs_animations_01_CaimKeDc
gacs_animations_01_CaimKeDc_s0093,gacs_animations_01_CaimKeDc
gacs_animations_01_CaimKeDc_s0094,gacs_animations_01_CaimKeDc
gacs_animations_01_CaimKeDc_s0095,gacs_animations_01_CaimKeDc
gacs_animations_02_LXqEQ1rp_s0000,gacs_animations_02_LXqEQ1rp
gacs_animations_02_LXqEQ1rp_s0001,gacs_animations_02_LXqEQ1rp
gacs_animations_02_LXqEQ1rp_s0002,gacs_animations_02_LXqEQ1rp
gacs_animations_02_LXqEQ1rp_s0003,gacs_animations_02_LXqEQ1rp
gacs_animations_02_LXqEQ1rp_s0004,gacs_animations_02_LXqEQ1rp
gacs_animations_02_LXqEQ1rp_s0005,gacs_animations_02_LXqEQ1rp
gacs_animations_02_LXqEQ1rp_s0006,gacs_animations_02_LXqEQ1rp
gacs_animations_02_LXqEQ1rp_s0007,gacs_animations_02_LXqEQ1rp
gacs_animations_02_LXqEQ1rp_s0008,gacs_animations_02_LXqEQ1rp
gacs_animations_02_LXqEQ1rp_s0009,gacs_animations_02_LXqEQ1rp
gacs_animations_02_LXqEQ1rp_s0010,gacs_animations_02_LXqEQ1rp
gacs_animations_02_LXqEQ1rp_s0011,gacs_animations_02_LXqEQ1rp
gacs_animations_02_LXqEQ1rp_s0012,gacs_animations_02_LXqEQ1rp
gacs_animations_02_LXqEQ1rp_s0013,gacs_animations_02_LXqEQ1rp
gacs_animations_02_LXqEQ1rp_s0014,gacs_animations_02_LXqEQ1rp
gacs_animations_02_LXqEQ1rp_s0015,gacs_animations_02_LXqEQ1rp
gacs_animations_02_LXqEQ1rp_s0016,gacs_animations_02_LXqEQ1rp
gacs_animations_02_LXqEQ1rp_s0017,gacs_animations_02_LXqEQ1rp
gacs_animations_02_LXqEQ1rp_s0018,gacs_animations_02_LXqEQ1rp
gacs_animations_02_LXqEQ1rp_s0019,gacs_animations_02_LXqEQ1rp
gacs_animations_02_LXqEQ1rp_s0020,gacs_animations_02_LXqEQ1rp
gacs_animations_02_LXqEQ1rp_s0021,gacs_animations_02_LXqEQ1rp
gacs_animations_02_LXqEQ1rp_s0022,gacs_animations_02_LXqEQ1rp
gacs_animations_02_LXqEQ1rp_s0023,gacs_animations_02_LXqEQ1rp
gacs_animations_02_LXqEQ1rp_s0024,gacs_animations_02_LXqEQ1rp
gacs_animations_02_LXqEQ1rp_s0025,gacs_animations_02_LXqEQ1rp
gacs_animations_02_LXqEQ1rp_s0026,gacs_animations_02_LXqEQ1rp
gacs_animations_02_LXqEQ1rp_s0027,gacs_animations_02_LXqEQ1rp
gacs_animations_02_LXqEQ1rp_s0028,gacs_animations_02_LXqEQ1rp
gacs_animations_02_LXqEQ1rp_s0029,gacs_animations_02_LXqEQ1rp
gacs_animations_02_LXqEQ1rp_s0030,gacs_animations_02_LXqEQ1rp
gacs_animations_02_LXqEQ1rp_s0031,gacs_animations_02_LXqEQ1rp
gacs_animations_02_LXqEQ1rp_s0032,gacs_animations_02_LXqEQ1rp
gacs_animations_02_LXqEQ1rp_s0033,gacs_animations_02_LXqEQ1rp
gacs_animations_02_LXqEQ1rp_s0034,gacs_animations_02_LXqEQ1rp
gacs_animations_02_LXqEQ1rp_s0035,gacs_animations_02_LXqEQ1rp
gacs_animations_02_LXqEQ1rp_s0036,gacs_animations_02_LXqEQ1rp
gacs_animations_02_LXqEQ1rp_s0037,gacs_animations_02_LXqEQ1rp
gacs_animations_02_LXqEQ1rp_s0038,gacs_animations_02_LXqEQ1rp
gacs_animations_02_LXqEQ1rp_s0039,gacs_animations_02_LXqEQ1rp
gacs_animations_02_LXqEQ1rp_s0040,gacs_animations_02_LXqEQ1rp
gacs_animations_02_LXqEQ1rp_s0041,gacs_animations_02_LXqEQ1rp
gacs_animations_02_LXqEQ1rp_s0042,gacs_animations_02_LXqEQ1rp
gacs_animations_02_LXqEQ1rp_s0043,gacs_animations_02_LXqEQ1rp
gacs_animations_02_LXqEQ1rp_s0044,gacs_animations_02_LXqEQ1rp
gacs_animations_02_LXqEQ1rp_s0045,gacs_animations_02_LXqEQ1rp
gacs_animations_02_LXqEQ1rp_s0046,gacs_animations_02_LXqEQ1rp
gacs_animations_02_LXqEQ1rp_s0047,gacs_animations_02_LXqEQ1rp
gacs_animations_02_LXqEQ1rp_s0048,gacs_animations_02_LXqEQ1rp
gacs_animations_02_LXqEQ1rp_s0049,gacs_animations_02_LXqEQ1rp
gacs_animations_02_LXqEQ1rp_s0050,gacs_animations_02_LXqEQ1rp
gacs_animations_03_oyRxxpD3_s0000,gacs_animations_03_oyRxxpD3
gacs_animations_03_oyRxxpD3_s0001,gacs_animations_03_oyRxxpD3
gacs_animations_03_oyRxxpD3_s0002,gacs_animations_03_oyRxxpD3
gacs_animations_03_oyRxxpD3_s0003,gacs_animations_03_oyRxxpD3
gacs_animations_03_oyRxxpD3_s0004,gacs_animations_03_oyRxxpD3
gacs_animations_03_oyRxxpD3_s0005,gacs_animations_03_oyRxxpD3
gacs_animations_03_oyRxxpD3_s0006,gacs_animations_03_oyRxxpD3
gacs_animations_03_oyRxxpD3_s0007,gacs_animations_03_oyRxxpD3
gacs_animations_03_oyRxxpD3_s0008,gacs_animations_03_oyRxxpD3
gacs_animations_03_oyRxxpD3_s0009,gacs_animations_03_oyRxxpD3
gacs_animations_03_oyRxxpD3_s0010,gacs_animations_03_oyRxxpD3
gacs_animations_03_oyRxxpD3_s0011,gacs_animations_03_oyRxxpD3
gacs_animations_03_oyRxxpD3_s0012,gacs_animations_03_oyRxxpD3
gacs_animations_03_oyRxxpD3_s0013,gacs_animations_03_oyRxxpD3
gacs_animations_03_oyRxxpD3_s0014,gacs_animations_03_oyRxxpD3
gacs_animations_03_oyRxxpD3_s0015,gacs_animations_03_oyRxxpD3
gacs_animations_03_oyRxxpD3_s0016,gacs_animations_03_oyRxxpD3
gacs_animations_03_oyRxxpD3_s0017,gacs_animations_03_oyRxxpD3
gacs_animations_03_oyRxxpD3_s0018,gacs_animations_03_oyRxxpD3
gacs_animations_03_oyRxxpD3_s0019,gacs_animations_03_oyRxxpD3
gacs_animations_03_oyRxxpD3_s0020,gacs_animations_03_oyRxxpD3
gacs_animations_03_oyRxxpD3_s0021,gacs_animations_03_oyRxxpD3
gacs_animations_03_oyRxxpD3_s0022,gacs_animations_03_oyRxxpD3
gacs_animations_03_oyRxxpD3_s0023,gacs_animations_03_oyRxxpD3
gacs_animations_03_oyRxxpD3_s0024,gacs_animations_03_oyRxxpD3
gacs_animations_03_oyRxxpD3_s0025,gacs_animations_03_oyRxxpD3
gacs_animations_03_oyRxxpD3_s0026,gacs_animations_03_oyRxxpD3
gacs_animations_03_oyRxxpD3_s0027,gacs_animations_03_oyRxxpD3
gacs_animations_03_oyRxxpD3_s0028,gacs_animations_03_oyRxxpD3
gacs_animations_03_oyRxxpD3_s0029,gacs_animations_03_oyRxxpD3
gacs_animations_03_oyRxxpD3_s0030,gacs_animations_03_oyRxxpD3
gacs_animations_03_oyRxxpD3_s0031,gacs_animations_03_oyRxxpD3
gacs_animations_03_oyRxxpD3_s0032,gacs_animations_03_oyRxxpD3
gacs_animations_03_oyRxxpD3_s0033,gacs_animations_03_oyRxxpD3
gacs_animations_03_oyRxxpD3_s0034,gacs_animations_03_oyRxxpD3
gacs_animations_03_oyRxxpD3_s0035,gacs_animations_03_oyRxxpD3
gacs_animations_03_oyRxxpD3_s0036,gacs_animations_03_oyRxxpD3
gacs_animations_03_oyRxxpD3_s0037,gacs_animations_03_oyRxxpD3
gacs_animations_03_oyRxxpD3_s0038,gacs_animations_03_oyRxxpD3
gacs_animations_03_oyRxxpD3_s0039,gacs_animations_03_oyRxxpD3
gacs_animations_03_oyRxxpD3_s0040,gacs_animations_03_oyRxxpD3
gacs_animations_03_oyRxxpD3_s0041,gacs_animations_03_oyRxxpD3
gacs_animations_03_oyRxxpD3_s0042,gacs_animations_03_oyRxxpD3
gacs_animations_03_oyRxxpD3_s0043,gacs_animations_03_oyRxxpD3
gacs_animations_03_oyRxxpD3_s0044,gacs_animations_03_oyRxxpD3
gacs_animations_03_oyRxxpD3_s0045,gacs_animations_03_oyRxxpD3
gacs_animations_03_oyRxxpD3_s0046,gacs_animations_03_oyRxxpD3
gacs_animations_03_oyRxxpD3_s0047,gacs_animations_03_oyRxxpD3
gacs_animations_03_oyRxxpD3_s0048,gacs_animations_03_oyRxxpD3
gacs_animations_03_oyRxxpD3_s0049,gacs_animations_03_oyRxxpD3
gacs_animations_03_oyRxxpD3_s0050,gacs_animations_03_oyRxxpD3
gacs_animations_03_oyRxxpD3_s0051,gacs_animations_03_oyRxxpD3
gacs_animations_03_oyRxxpD3_s0052,gacs_animations_03_oyRxxpD3
gacs_animations_03_oyRxxpD3_s0053,gacs_animations_03_oyRxxpD3
gacs_animations_03_oyRxxpD3_s0054,gacs_animations_03_oyRxxpD3
gacs_animations_03_oyRxxpD3_s0055,gacs_animations_03_oyRxxpD3
gacs_animations_03_oyRxxpD3_s0056,gacs_animations_03_oyRxxpD3
gacs_animations_03_oyRxxpD3_s0057,gacs_animations_03_oyRxxpD3
gacs_animations_03_oyRxxpD3_s0058,gacs_animations_03_oyRxxpD3
gacs_animations_03_oyRxxpD3_s0059,gacs_animations_03_oyRxxpD3
gacs_animations_03_oyRxxpD3_s0060,gacs_animations_03_oyRxxpD3
gacs_animations_03_oyRxxpD3_s0061,gacs_animations_03_oyRxxpD3
gacs_animations_03_oyRxxpD3_s0062,gacs_animations_03_oyRxxpD3
gacs_animations_03_oyRxxpD3_s0063,gacs_animations_03_oyRxxpD3
gacs_animations_03_oyRxxpD3_s0064,gacs_animations_03_oyRxxpD3
gacs_animations_03_oyRxxpD3_s0065,gacs_animations_03_oyRxxpD3
gacs_animations_03_oyRxxpD3_s0066,gacs_animations_03_oyRxxpD3
gacs_animations_03_oyRxxpD3_s0067,gacs_animations_03_oyRxxpD3
gacs_animations_03_oyRxxpD3_s0068,gacs_animations_03_oyRxxpD3
gacs_animations_03_oyRxxpD3_s0069,gacs_animations_03_oyRxxpD3
gacs_animations_03_oyRxxpD3_s0070,gacs_animations_03_oyRxxpD3
gacs_animations_03_oyRxxpD3_s0071,gacs_animations_03_oyRxxpD3
gacs_animations_03_oyRxxpD3_s0072,gacs_animations_03_oyRxxpD3
gacs_animations_03_oyRxxpD3_s0073,gacs_animations_03_oyRxxpD3
gacs_animations_03_oyRxxpD3_s0074,gacs_animations_03_oyRxxpD3
gacs_animations_03_oyRxxpD3_s0075,gacs_animations_03_oyRxxpD3
gacs_animations_03_oyRxxpD3_s0076,gacs_animations_03_oyRxxpD3
gacs_animations_03_oyRxxpD3_s0077,gacs_animations_03_oyRxxpD3
gacs_animations_03_oyRxxpD3_s0078,gacs_animations_03_oyRxxpD3
gacs_animations_03_oyRxxpD3_s0079,gacs_animations_03_oyRxxpD3
gacs_animations_03_oyRxxpD3_s0080,gacs_animations_03_oyRxxpD3
gacs_animations_03_oyRxxpD3_s0081,gacs_animations_03_oyRxxpD3
gacs_animations_03_oyRxxpD3_s0082,gacs_animations_03_oyRxxpD3
gacs_animations_03_oyRxxpD3_s0083,gacs_animations_03_oyRxxpD3
gacs_animations_03_oyRxxpD3_s0084,gacs_animations_03_oyRxxpD3
gacs_animations_03_oyRxxpD3_s0085,gacs_animations_03_oyRxxpD3
gacs_animations_03_oyRxxpD3_s0086,gacs_animations_03_oyRxxpD3
gacs_animations_03_oyRxxpD3_s0087,gacs_animations_03_oyRxxpD3
gacs_animations_03_oyRxxpD3_s0088,gacs_animations_03_oyRxxpD3
gacs_animations_03_oyRxxpD3_s0089,gacs_animations_03_oyRxxpD3
gacs_animations_04_0CHV_ZDl_s0000,gacs_animations_04_0CHV_ZDl
gacs_animations_04_0CHV_ZDl_s0001,gacs_animations_04_0CHV_ZDl
gacs_animations_04_0CHV_ZDl_s0002,gacs_animations_04_0CHV_ZDl
gacs_animations_04_0CHV_ZDl_s0003,gacs_animations_04_0CHV_ZDl
gacs_animations_04_0CHV_ZDl_s0004,gacs_animations_04_0CHV_ZDl
gacs_animations_04_0CHV_ZDl_s0005,gacs_animations_04_0CHV_ZDl
gacs_animations_04_0CHV_ZDl_s0006,gacs_animations_04_0CHV_ZDl
gacs_animations_04_0CHV_ZDl_s0007,gacs_animations_04_0CHV_ZDl
gacs_animations_04_0CHV_ZDl_s0008,gacs_animations_04_0CHV_ZDl
gacs_animations_04_0CHV_ZDl_s0009,gacs_animations_04_0CHV_ZDl
gacs_animations_04_0CHV_ZDl_s0010,gacs_animations_04_0CHV_ZDl
gacs_animations_04_0CHV_ZDl_s0011,gacs_animations_04_0CHV_ZDl
gacs_animations_04_0CHV_ZDl_s0012,gacs_animations_04_0CHV_ZDl
gacs_animations_04_0CHV_ZDl_s0013,gacs_animations_04_0CHV_ZDl
gacs_animations_04_0CHV_ZDl_s0014,gacs_animations_04_0CHV_ZDl
gacs_animations_04_0CHV_ZDl_s0015,gacs_animations_04_0CHV_ZDl
gacs_animations_04_0CHV_ZDl_s0016,gacs_animations_04_0CHV_ZDl
gacs_animations_04_0CHV_ZDl_s0017,gacs_animations_04_0CHV_ZDl
gacs_animations_04_0CHV_ZDl_s0018,gacs_animations_04_0CHV_ZDl
gacs_animations_04_0CHV_ZDl_s0019,gacs_animations_04_0CHV_ZDl
gacs_animations_04_0CHV_ZDl_s0020,gacs_animations_04_0CHV_ZDl
gacs_animations_04_0CHV_ZDl_s0021,gacs_animations_04_0CHV_ZDl
gacs_animations_04_0CHV_ZDl_s0022,gacs_animations_04_0CHV_ZDl
gacs_animations_04_0CHV_ZDl_s0023,gacs_animations_04_0CHV_ZDl
gacs_animations_04_0CHV_ZDl_s0024,gacs_animations_04_0CHV_ZDl
gacs_animations_04_0CHV_ZDl_s0025,gacs_animations_04_0CHV_ZDl
gacs_animations_04_0CHV_ZDl_s0026,gacs_animations_04_0CHV_ZDl
gacs_animations_04_0CHV_ZDl_s0027,gacs_animations_04_0CHV_ZDl
gacs_animations_04_0CHV_ZDl_s0028,gacs_animations_04_0CHV_ZDl
gacs_animations_04_0CHV_ZDl_s0029,gacs_animations_04_0CHV_ZDl
gacs_animations_04_0CHV_ZDl_s0030,gacs_animations_04_0CHV_ZDl
gacs_animations_04_0CHV_ZDl_s0031,gacs_animations_04_0CHV_ZDl
gacs_animations_04_0CHV_ZDl_s0032,gacs_animations_04_0CHV_ZDl
gacs_animations_04_0CHV_ZDl_s0033,gacs_animations_04_0CHV_ZDl
gacs_animations_04_0CHV_ZDl_s0034,gacs_animations_04_0CHV_ZDl
gacs_animations_04_0CHV_ZDl_s0035,gacs_animations_04_0CHV_ZDl
gacs_animations_04_0CHV_ZDl_s0036,gacs_animations_04_0CHV_ZDl
gacs_animations_04_0CHV_ZDl_s0037,gacs_animations_04_0CHV_ZDl
gacs_animations_04_0CHV_ZDl_s0038,gacs_animations_04_0CHV_ZDl
gacs_animations_04_0CHV_ZDl_s0039,gacs_animations_04_0CHV_ZDl
gacs_animations_04_0CHV_ZDl_s0040,gacs_animations_04_0CHV_ZDl
gacs_animations_04_0CHV_ZDl_s0041,gacs_animations_04_0CHV_ZDl
gacs_animations_04_0CHV_ZDl_s0042,gacs_animations_04_0CHV_ZDl
gacs_animations_04_0CHV_ZDl_s0043,gacs_animations_04_0CHV_ZDl
gacs_animations_04_0CHV_ZDl_s0044,gacs_animations_04_0CHV_ZDl
gacs_animations_04_0CHV_ZDl_s0045,gacs_animations_04_0CHV_ZDl
gacs_animations_04_0CHV_ZDl_s0046,gacs_animations_04_0CHV_ZDl
gacs_animations_04_0CHV_ZDl_s0047,gacs_animations_04_0CHV_ZDl
gacs_animations_04_0CHV_ZDl_s0048,gacs_animations_04_0CHV_ZDl
gacs_animations_04_0CHV_ZDl_s0049,gacs_animations_04_0CHV_ZDl
gacs_animations_04_0CHV_ZDl_s0050,gacs_animations_04_0CHV_ZDl
gacs_animations_04_0CHV_ZDl_s0051,gacs_animations_04_0CHV_ZDl
gacs_animations_04_0CHV_ZDl_s0052,gacs_animations_04_0CHV_ZDl
gacs_animations_04_0CHV_ZDl_s0053,gacs_animations_04_0CHV_ZDl
gacs_animations_04_0CHV_ZDl_s0054,gacs_animations_04_0CHV_ZDl
gacs_animations_04_0CHV_ZDl_s0055,gacs_animations_04_0CHV_ZDl
gacs_animations_04_0CHV_ZDl_s0056,gacs_animations_04_0CHV_ZDl
gacs_animations_04_0CHV_ZDl_s0057,gacs_animations_04_0CHV_ZDl
gacs_animations_04_0CHV_ZDl_s0058,gacs_animations_04_0CHV_ZDl
gacs_animations_04_0CHV_ZDl_s0059,gacs_animations_04_0CHV_ZDl
gacs_animations_04_0CHV_ZDl_s0060,gacs_animations_04_0CHV_ZDl
gacs_animations_04_0CHV_ZDl_s0061,gacs_animations_04_0CHV_ZDl
gacs_animations_04_6uWCNHQg_s0000,gacs_animations_04_6uWCNHQg
gacs_animations_04_6uWCNHQg_s0001,gacs_animations_04_6uWCNHQg
gacs_animations_04_6uWCNHQg_s0002,gacs_animations_04_6uWCNHQg
gacs_animations_04_6uWCNHQg_s0003,gacs_animations_04_6uWCNHQg
gacs_animations_04_6uWCNHQg_s0004,gacs_animations_04_6uWCNHQg
gacs_animations_04_6uWCNHQg_s0005,gacs_animations_04_6uWCNHQg
gacs_animations_04_6uWCNHQg_s0006,gacs_animations_04_6uWCNHQg
gacs_animations_04_6uWCNHQg_s0007,gacs_animations_04_6uWCNHQg
gacs_animations_04_6uWCNHQg_s0008,gacs_animations_04_6uWCNHQg
gacs_animations_04_6uWCNHQg_s0009,gacs_animations_04_6uWCNHQg
gacs_animations_04_6uWCNHQg_s0010,gacs_animations_04_6uWCNHQg
gacs_animations_04_6uWCNHQg_s0011,gacs_animations_04_6uWCNHQg
gacs_animations_04_6uWCNHQg_s0012,gacs_animations_04_6uWCNHQg
gacs_animations_04_6uWCNHQg_s0013,gacs_animations_04_6uWCNHQg
gacs_animations_04_6uWCNHQg_s0014,gacs_animations_04_6uWCNHQg
gacs_animations_04_6uWCNHQg_s0015,gacs_animations_04_6uWCNHQg
gacs_animations_04_6uWCNHQg_s0016,gacs_animations_04_6uWCNHQg
gacs_animations_04_6uWCNHQg_s0017,gacs_animations_04_6uWCNHQg
gacs_animations_04_6uWCNHQg_s0018,gacs_animations_04_6uWCNHQg
gacs_animations_04_6uWCNHQg_s0019,gacs_animations_04_6uWCNHQg
gacs_animations_04_6uWCNHQg_s0020,gacs_animations_04_6uWCNHQg
gacs_animations_04_6uWCNHQg_s0021,gacs_animations_04_6uWCNHQg
gacs_animations_04_6uWCNHQg_s0022,gacs_animations_04_6uWCNHQg
gacs_animations_04_6uWCNHQg_s0023,gacs_animations_04_6uWCNHQg
gacs_animations_04_6uWCNHQg_s0024,gacs_animations_04_6uWCNHQg
gacs_animations_04_6uWCNHQg_s0025,gacs_animations_04_6uWCNHQg
gacs_animations_04_6uWCNHQg_s0026,gacs_animations_04_6uWCNHQg
gacs_animations_04_6uWCNHQg_s0027,gacs_animations_04_6uWCNHQg
gacs_animations_04_6uWCNHQg_s0028,gacs_animations_04_6uWCNHQg
gacs_animations_04_6uWCNHQg_s0029,gacs_animations_04_6uWCNHQg
gacs_animations_04_6uWCNHQg_s0030,gacs_animations_04_6uWCNHQg
gacs_animations_04_6uWCNHQg_s0031,gacs_animations_04_6uWCNHQg
gacs_animations_04_6uWCNHQg_s0032,gacs_animations_04_6uWCNHQg
gacs_animations_04_6uWCNHQg_s0033,gacs_animations_04_6uWCNHQg
gacs_animations_04_6uWCNHQg_s0034,gacs_animations_04_6uWCNHQg
gacs_animations_04_6uWCNHQg_s0035,gacs_animations_04_6uWCNHQg
gacs_animations_04_6uWCNHQg_s0036,gacs_animations_04_6uWCNHQg
gacs_animations_04_6uWCNHQg_s0037,gacs_animations_04_6uWCNHQg
gacs_animations_04_6uWCNHQg_s0038,gacs_animations_04_6uWCNHQg
gacs_animations_04_6uWCNHQg_s0039,gacs_animations_04_6uWCNHQg
gacs_animations_04_6uWCNHQg_s0040,gacs_animations_04_6uWCNHQg
gacs_animations_04_6uWCNHQg_s0041,gacs_animations_04_6uWCNHQg
gacs_animations_04_6uWCNHQg_s0042,gacs_animations_04_6uWCNHQg
gacs_animations_04_6uWCNHQg_s0043,gacs_animations_04_6uWCNHQg
gacs_animations_04_6uWCNHQg_s0044,gacs_animations_04_6uWCNHQg
gacs_animations_04_6uWCNHQg_s0045,gacs_animations_04_6uWCNHQg
gacs_animations_04_6uWCNHQg_s0046,gacs_animations_04_6uWCNHQg
gacs_animations_04_6uWCNHQg_s0047,gacs_animations_04_6uWCNHQg
gacs_animations_04_6uWCNHQg_s0048,gacs_animations_04_6uWCNHQg
gacs_animations_04_6uWCNHQg_s0049,gacs_animations_04_6uWCNHQg
gacs_animations_04_6uWCNHQg_s0050,gacs_animations_04_6uWCNHQg
gacs_animations_04_6uWCNHQg_s0051,gacs_animations_04_6uWCNHQg
gacs_animations_04_6uWCNHQg_s0052,gacs_animations_04_6uWCNHQg
gacs_animations_04_6uWCNHQg_s0053,gacs_animations_04_6uWCNHQg
gacs_animations_04_6uWCNHQg_s0054,gacs_animations_04_6uWCNHQg
gacs_animations_04_6uWCNHQg_s0055,gacs_animations_04_6uWCNHQg
gacs_animations_04_6uWCNHQg_s0056,gacs_animations_04_6uWCNHQg
gacs_animations_04_6uWCNHQg_s0057,gacs_animations_04_6uWCNHQg
gacs_animations_04_6uWCNHQg_s0058,gacs_animations_04_6uWCNHQg
gacs_animations_04_6uWCNHQg_s0059,gacs_animations_04_6uWCNHQg
gacs_animations_04_6uWCNHQg_s0060,gacs_animations_04_6uWCNHQg
gacs_animations_04_6uWCNHQg_s0061,gacs_animations_04_6uWCNHQg
gacs_animations_04_6uWCNHQg_s0062,gacs_animations_04_6uWCNHQg
gacs_animations_04_6uWCNHQg_s0063,gacs_animations_04_6uWCNHQg
gacs_animations_04_6uWCNHQg_s0064,gacs_animations_04_6uWCNHQg
gacs_animations_04_6uWCNHQg_s0065,gacs_animations_04_6uWCNHQg
gacs_animations_04_6uWCNHQg_s0066,gacs_animations_04_6uWCNHQg
gacs_animations_04_6uWCNHQg_s0067,gacs_animations_04_6uWCNHQg
gacs_animations_04_6uWCNHQg_s0068,gacs_animations_04_6uWCNHQg
gacs_animations_04_6uWCNHQg_s0069,gacs_animations_04_6uWCNHQg
gacs_animations_04_6uWCNHQg_s0070,gacs_animations_04_6uWCNHQg
gacs_animations_04_6uWCNHQg_s0071,gacs_animations_04_6uWCNHQg
gacs_animations_04_6uWCNHQg_s0072,gacs_animations_04_6uWCNHQg
gacs_animations_04_6uWCNHQg_s0073,gacs_animations_04_6uWCNHQg
gacs_animations_04_6uWCNHQg_s0074,gacs_animations_04_6uWCNHQg
gacs_animations_04_6uWCNHQg_s0075,gacs_animations_04_6uWCNHQg
gacs_animations_04_6uWCNHQg_s0076,gacs_animations_04_6uWCNHQg
gacs_animations_04_6uWCNHQg_s0077,gacs_animations_04_6uWCNHQg
gacs_animations_04_6uWCNHQg_s0078,gacs_animations_04_6uWCNHQg
gacs_animations_04_6uWCNHQg_s0079,gacs_animations_04_6uWCNHQg
gacs_animations_04_6uWCNHQg_s0080,gacs_animations_04_6uWCNHQg
gacs_animations_04_6uWCNHQg_s0081,gacs_animations_04_6uWCNHQg
gacs_animations_04_6uWCNHQg_s0082,gacs_animations_04_6uWCNHQg
gacs_animations_04_6uWCNHQg_s0083,gacs_animations_04_6uWCNHQg
gacs_animations_04_6uWCNHQg_s0084,gacs_animations_04_6uWCNHQg
gacs_animations_04_6uWCNHQg_s0085,gacs_animations_04_6uWCNHQg
gacs_animations_04_6uWCNHQg_s0086,gacs_animations_04_6uWCNHQg
gacs_animations_04_6uWCNHQg_s0087,gacs_animations_04_6uWCNHQg
gacs_animations_04_6uWCNHQg_s0088,gacs_animations_04_6uWCNHQg
gacs_animations_04_6uWCNHQg_s0089,gacs_animations_04_6uWCNHQg
gacs_animations_04_6uWCNHQg_s0090,gacs_animations_04_6uWCNHQg
gacs_animations_04_6uWCNHQg_s0091,gacs_animations_04_6uWCNHQg
gacs_animations_04_6uWCNHQg_s0092,gacs_animations_04_6uWCNHQg
gacs_emotional_shorts_00_2bgavN7H_s0000,gacs_emotional_shorts_00_2bgavN7H
gacs_emotional_shorts_00_2bgavN7H_s0001,gacs_emotional_shorts_00_2bgavN7H
gacs_emotional_shorts_00_2bgavN7H_s0002,gacs_emotional_shorts_00_2bgavN7H
gacs_emotional_shorts_00_2bgavN7H_s0003,gacs_emotional_shorts_00_2bgavN7H
gacs_emotional_shorts_00_2bgavN7H_s0004,gacs_emotional_shorts_00_2bgavN7H
gacs_emotional_shorts_00_2bgavN7H_s0005,gacs_emotional_shorts_00_2bgavN7H
gacs_emotional_shorts_00_2bgavN7H_s0006,gacs_emotional_shorts_00_2bgavN7H
gacs_emotional_shorts_00_2bgavN7H_s0007,gacs_emotional_shorts_00_2bgavN7H
gacs_emotional_shorts_00_2bgavN7H_s0008,gacs_emotional_shorts_00_2bgavN7H
gacs_emotional_shorts_00_2bgavN7H_s0009,gacs_emotional_shorts_00_2bgavN7H
gacs_emotional_shorts_00_2bgavN7H_s0010,gacs_emotional_shorts_00_2bgavN7H
gacs_emotional_shorts_00_8iMRx8ro_s0000,gacs_emotional_shorts_00_8iMRx8ro
gacs_emotional_shorts_00_8iMRx8ro_s0001,gacs_emotional_shorts_00_8iMRx8ro
gacs_emotional_shorts_00_8iMRx8ro_s0002,gacs_emotional_shorts_00_8iMRx8ro
gacs_emotional_shorts_00_8iMRx8ro_s0003,gacs_emotional_shorts_00_8iMRx8ro
gacs_emotional_shorts_00_8iMRx8ro_s0004,gacs_emotional_shorts_00_8iMRx8ro
gacs_emotional_shorts_00_8iMRx8ro_s0005,gacs_emotional_shorts_00_8iMRx8ro
gacs_emotional_shorts_00_8iMRx8ro_s0006,gacs_emotional_shorts_00_8iMRx8ro
gacs_emotional_shorts_00_8iMRx8ro_s0007,gacs_emotional_shorts_00_8iMRx8ro
gacs_emotional_shorts_00_8iMRx8ro_s0008,gacs_emotional_shorts_00_8iMRx8ro
gacs_emotional_shorts_00_8iMRx8ro_s0009,gacs_emotional_shorts_00_8iMRx8ro
gacs_emotional_shorts_00_8iMRx8ro_s0010,gacs_emotional_shorts_00_8iMRx8ro
gacs_emotional_shorts_00_8iMRx8ro_s0011,gacs_emotional_shorts_00_8iMRx8ro
gacs_emotional_shorts_00_8iMRx8ro_s0012,gacs_emotional_shorts_00_8iMRx8ro
gacs_emotional_shorts_00_8iMRx8ro_s0013,gacs_emotional_shorts_00_8iMRx8ro
gacs_emotional_shorts_00_8iMRx8ro_s0014,gacs_emotional_shorts_00_8iMRx8ro
gacs_emotional_shorts_00_8iMRx8ro_s0015,gacs_emotional_shorts_00_8iMRx8ro
gacs_emotional_shorts_00_8iMRx8ro_s0016,gacs_emotional_shorts_00_8iMRx8ro
gacs_emotional_shorts_00_8iMRx8ro_s0017,gacs_emotional_shorts_00_8iMRx8ro
gacs_emotional_shorts_00_8iMRx8ro_s0018,gacs_emotional_shorts_00_8iMRx8ro
gacs_emotional_shorts_00_8iMRx8ro_s0019,gacs_emotional_shorts_00_8iMRx8ro
gacs_emotional_shorts_00_8iMRx8ro_s0020,gacs_emotional_shorts_00_8iMRx8ro
gacs_emotional_shorts_00_8iMRx8ro_s0021,gacs_emotional_shorts_00_8iMRx8ro
gacs_emotional_shorts_00_8iMRx8ro_s0022,gacs_emotional_shorts_00_8iMRx8ro
gacs_emotional_shorts_00_8iMRx8ro_s0023,gacs_emotional_shorts_00_8iMRx8ro
gacs_emotional_shorts_00_8iMRx8ro_s0024,gacs_emotional_shorts_00_8iMRx8ro
gacs_emotional_shorts_00_8iMRx8ro_s0025,gacs_emotional_shorts_00_8iMRx8ro
gacs_emotional_shorts_00_WV1akgvF_s0000,gacs_emotional_shorts_00_WV1akgvF
gacs_emotional_shorts_00_WV1akgvF_s0001,gacs_emotional_shorts_00_WV1akgvF
gacs_emotional_shorts_00_WV1akgvF_s0002,gacs_emotional_shorts_00_WV1akgvF
gacs_emotional_shorts_00_WV1akgvF_s0003,gacs_emotional_shorts_00_WV1akgvF
gacs_emotional_shorts_00_WV1akgvF_s0004,gacs_emotional_shorts_00_WV1akgvF
gacs_emotional_shorts_00_WV1akgvF_s0005,gacs_emotional_shorts_00_WV1akgvF
gacs_emotional_shorts_00_WV1akgvF_s0006,gacs_emotional_shorts_00_WV1akgvF
gacs_emotional_shorts_00_WV1akgvF_s0007,gacs_emotional_shorts_00_WV1akgvF
gacs_emotional_shorts_00_WV1akgvF_s0008,gacs_emotional_shorts_00_WV1akgvF
gacs_emotional_shorts_00_WV1akgvF_s0009,gacs_emotional_shorts_00_WV1akgvF
gacs_emotional_shorts_00_WV1akgvF_s0010,gacs_emotional_shorts_00_WV1akgvF
gacs_emotional_shorts_00_WV1akgvF_s0011,gacs_emotional_shorts_00_WV1akgvF
gacs_emotional_shorts_00_WV1akgvF_s0012,gacs_emotional_shorts_00_WV1akgvF
gacs_emotional_shorts_00_WV1akgvF_s0013,gacs_emotional_shorts_00_WV1akgvF
gacs_emotional_shorts_00_WV1akgvF_s0014,gacs_emotional_shorts_00_WV1akgvF
gacs_emotional_shorts_00_WV1akgvF_s0015,gacs_emotional_shorts_00_WV1akgvF
gacs_emotional_shorts_00_WV1akgvF_s0016,gacs_emotional_shorts_00_WV1akgvF
gacs_emotional_shorts_00_WV1akgvF_s0017,gacs_emotional_shorts_00_WV1akgvF
gacs_emotional_shorts_00_WV1akgvF_s0018,gacs_emotional_shorts_00_WV1akgvF
gacs_emotional_shorts_00_WV1akgvF_s0019,gacs_emotional_shorts_00_WV1akgvF
gacs_emotional_shorts_00_WV1akgvF_s0020,gacs_emotional_shorts_00_WV1akgvF
gacs_emotional_shorts_00_WV1akgvF_s0021,gacs_emotional_shorts_00_WV1akgvF
gacs_emotional_shorts_00_WV1akgvF_s0022,gacs_emotional_shorts_00_WV1akgvF
gacs_emotional_shorts_00_WV1akgvF_s0023,gacs_emotional_shorts_00_WV1akgvF
gacs_emotional_shorts_00_WV1akgvF_s0024,gacs_emotional_shorts_00_WV1akgvF
gacs_emotional_shorts_00_WV1akgvF_s0025,gacs_emotional_shorts_00_WV1akgvF
gacs_emotional_shorts_00_WV1akgvF_s0026,gacs_emotional_shorts_00_WV1akgvF
gacs_emotional_shorts_01_UtWrnYSw_s0000,gacs_emotional_shorts_01_UtWrnYSw
gacs_emotional_shorts_01_UtWrnYSw_s0001,gacs_emotional_shorts_01_UtWrnYSw
gacs_emotional_shorts_01_UtWrnYSw_s0002,gacs_emotional_shorts_01_UtWrnYSw
gacs_emotional_shorts_01_UtWrnYSw_s0003,gacs_emotional_shorts_01_UtWrnYSw
gacs_emotional_shorts_01_UtWrnYSw_s0004,gacs_emotional_shorts_01_UtWrnYSw
gacs_emotional_shorts_01_UtWrnYSw_s0005,gacs_emotional_shorts_01_UtWrnYSw
gacs_emotional_shorts_01_UtWrnYSw_s0006,gacs_emotional_shorts_01_UtWrnYSw
gacs_emotional_shorts_01_UtWrnYSw_s0007,gacs_emotional_shorts_01_UtWrnYSw
gacs_emotional_shorts_01_UtWrnYSw_s0008,gacs_emotional_shorts_01_UtWrnYSw
gacs_emotional_shorts_01_UtWrnYSw_s0009,gacs_emotional_shorts_01_UtWrnYSw
gacs_emotional_shorts_01_UtWrnYSw_s0010,gacs_emotional_shorts_01_UtWrnYSw
gacs_emotional_shorts_01_UtWrnYSw_s0011,gacs_emotional_shorts_01_UtWrnYSw
gacs_emotional_shorts_01_UtWrnYSw_s0012,gacs_emotional_shorts_01_UtWrnYSw
gacs_emotional_shorts_01_UtWrnYSw_s0013,gacs_emotional_shorts_01_UtWrnYSw
gacs_emotional_shorts_01_UtWrnYSw_s0014,gacs_emotional_shorts_01_UtWrnYSw
gacs_emotional_shorts_01_UtWrnYSw_s0015,gacs_emotional_shorts_01_UtWrnYSw
gacs_emotional_shorts_01_UtWrnYSw_s0016,gacs_emotional_shorts_01_UtWrnYSw
gacs_emotional_shorts_01_UtWrnYSw_s0017,gacs_emotional_shorts_01_UtWrnYSw
gacs_emotional_shorts_01_UtWrnYSw_s0018,gacs_emotional_shorts_01_UtWrnYSw
gacs_emotional_shorts_01_UtWrnYSw_s0019,gacs_emotional_shorts_01_UtWrnYSw
gacs_emotional_shorts_01_UtWrnYSw_s0020,gacs_emotional_shorts_01_UtWrnYSw
gacs_emotional_shorts_01_UtWrnYSw_s0021,gacs_emotional_shorts_01_UtWrnYSw
gacs_emotional_shorts_01_UtWrnYSw_s0022,gacs_emotional_shorts_01_UtWrnYSw
gacs_emotional_shorts_01_UtWrnYSw_s0023,gacs_emotional_shorts_01_UtWrnYSw
gacs_emotional_shorts_01_UtWrnYSw_s0024,gacs_emotional_shorts_01_UtWrnYSw
gacs_emotional_shorts_01_UtWrnYSw_s0025,gacs_emotional_shorts_01_UtWrnYSw
gacs_emotional_shorts_01_UtWrnYSw_s0026,gacs_emotional_shorts_01_UtWrnYSw
gacs_emotional_shorts_01_UtWrnYSw_s0027,gacs_emotional_shorts_01_UtWrnYSw
gacs_emotional_shorts_01_UtWrnYSw_s0028,gacs_emotional_shorts_01_UtWrnYSw
gacs_emotional_shorts_01_UtWrnYSw_s0029,gacs_emotional_shorts_01_UtWrnYSw
gacs_emotional_shorts_01_UtWrnYSw_s0030,gacs_emotional_shorts_01_UtWrnYSw
gacs_emotional_shorts_01_UtWrnYSw_s0031,gacs_emotional_shorts_01_UtWrnYSw
gacs_emotional_shorts_01_UtWrnYSw_s0032,gacs_emotional_shorts_01_UtWrnYSw
gacs_emotional_shorts_01_UtWrnYSw_s0033,gacs_emotional_shorts_01_UtWrnYSw
gacs_emotional_shorts_01_UtWrnYSw_s0034,gacs_emotional_shorts_01_UtWrnYSw
gacs_emotional_shorts_01_UtWrnYSw_s0035,gacs_emotional_shorts_01_UtWrnYSw
gacs_emotional_shorts_01_UtWrnYSw_s0036,gacs_emotional_shorts_01_UtWrnYSw
gacs_emotional_shorts_01_UtWrnYSw_s0037,gacs_emotional_shorts_01_UtWrnYSw
gacs_emotional_shorts_01_UtWrnYSw_s0038,gacs_emotional_shorts_01_UtWrnYSw
gacs_emotional_shorts_01_UtWrnYSw_s0039,gacs_emotional_shorts_01_UtWrnYSw
gacs_emotional_shorts_01_UtWrnYSw_s0040,gacs_emotional_shorts_01_UtWrnYSw
gacs_emotional_shorts_01_UtWrnYSw_s0041,gacs_emotional_shorts_01_UtWrnYSw
gacs_emotional_shorts_01_snp_bk0X_s0000,gacs_emotional_shorts_01_snp_bk0X
gacs_emotional_shorts_01_snp_bk0X_s0001,gacs_emotional_shorts_01_snp_bk0X
gacs_emotional_shorts_01_snp_bk0X_s0002,gacs_emotional_shorts_01_snp_bk0X
gacs_emotional_shorts_01_snp_bk0X_s0003,gacs_emotional_shorts_01_snp_bk0X
gacs_emotional_shorts_01_snp_bk0X_s0004,gacs_emotional_shorts_01_snp_bk0X
gacs_emotional_shorts_01_snp_bk0X_s0005,gacs_emotional_shorts_01_snp_bk0X
gacs_emotional_shorts_01_snp_bk0X_s0006,gacs_emotional_shorts_01_snp_bk0X
gacs_emotional_shorts_01_snp_bk0X_s0007,gacs_emotional_shorts_01_snp_bk0X
gacs_emotional_shorts_01_snp_bk0X_s0008,gacs_emotional_shorts_01_snp_bk0X
gacs_emotional_shorts_01_snp_bk0X_s0009,gacs_emotional_shorts_01_snp_bk0X
gacs_emotional_shorts_01_snp_bk0X_s0010,gacs_emotional_shorts_01_snp_bk0X
gacs_emotional_shorts_01_snp_bk0X_s0011,gacs_emotional_shorts_01_snp_bk0X
gacs_emotional_shorts_01_snp_bk0X_s0012,gacs_emotional_shorts_01_snp_bk0X
gacs_emotional_shorts_01_snp_bk0X_s0013,gacs_emotional_shorts_01_snp_bk0X
gacs_emotional_shorts_01_snp_bk0X_s0014,gacs_emotional_shorts_01_snp_bk0X
gacs_emotional_shorts_01_snp_bk0X_s0015,gacs_emotional_shorts_01_snp_bk0X
gacs_emotional_shorts_01_snp_bk0X_s0016,gacs_emotional_shorts_01_snp_bk0X
gacs_emotional_shorts_01_snp_bk0X_s0017,gacs_emotional_shorts_01_snp_bk0X
gacs_emotional_shorts_01_snp_bk0X_s0018,gacs_emotional_shorts_01_snp_bk0X
gacs_emotional_shorts_01_snp_bk0X_s0019,gacs_emotional_shorts_01_snp_bk0X
gacs_emotional_shorts_01_snp_bk0X_s0020,gacs_emotional_shorts_01_snp_bk0X
gacs_emotional_shorts_01_snp_bk0X_s0021,gacs_emotional_shorts_01_snp_bk0X
gacs_emotional_shorts_01_snp_bk0X_s0022,gacs_emotional_shorts_01_snp_bk0X
gacs_emotional_shorts_01_snp_bk0X_s0023,gacs_emotional_shorts_01_snp_bk0X
gacs_emotional_shorts_02_RpaSSfd__s0000,gacs_emotional_shorts_02_RpaSSfd_
gacs_emotional_shorts_02_RpaSSfd__s0001,gacs_emotional_shorts_02_RpaSSfd_
gacs_emotional_shorts_02_RpaSSfd__s0002,gacs_emotional_shorts_02_RpaSSfd_
gacs_emotional_shorts_02_RpaSSfd__s0003,gacs_emotional_shorts_02_RpaSSfd_
gacs_emotional_shorts_02_RpaSSfd__s0004,gacs_emotional_shorts_02_RpaSSfd_
gacs_emotional_shorts_02_RpaSSfd__s0005,gacs_emotional_shorts_02_RpaSSfd_
gacs_emotional_shorts_02_RpaSSfd__s0006,gacs_emotional_shorts_02_RpaSSfd_
gacs_emotional_shorts_02_RpaSSfd__s0007,gacs_emotional_shorts_02_RpaSSfd_
gacs_emotional_shorts_02_RpaSSfd__s0008,gacs_emotional_shorts_02_RpaSSfd_
gacs_emotional_shorts_02_RpaSSfd__s0009,gacs_emotional_shorts_02_RpaSSfd_
gacs_emotional_shorts_02_RpaSSfd__s0010,gacs_emotional_shorts_02_RpaSSfd_
gacs_emotional_shorts_02_RpaSSfd__s0011,gacs_emotional_shorts_02_RpaSSfd_
gacs_emotional_shorts_02_RpaSSfd__s0012,gacs_emotional_shorts_02_RpaSSfd_
gacs_emotional_shorts_02_RpaSSfd__s0013,gacs_emotional_shorts_02_RpaSSfd_
gacs_emotional_shorts_02_RpaSSfd__s0014,gacs_emotional_shorts_02_RpaSSfd_
gacs_emotional_shorts_02_RpaSSfd__s0015,gacs_emotional_shorts_02_RpaSSfd_
gacs_emotional_shorts_02_RpaSSfd__s0016,gacs_emotional_shorts_02_RpaSSfd_
gacs_emotional_shorts_02_RpaSSfd__s0017,gacs_emotional_shorts_02_RpaSSfd_
gacs_emotional_shorts_02_RpaSSfd__s0018,gacs_emotional_shorts_02_RpaSSfd_
gacs_emotional_shorts_02_RpaSSfd__s0019,gacs_emotional_shorts_02_RpaSSfd_
gacs_emotional_shorts_02_RpaSSfd__s0020,gacs_emotional_shorts_02_RpaSSfd_
gacs_emotional_shorts_02_RpaSSfd__s0021,gacs_emotional_shorts_02_RpaSSfd_
gacs_emotional_shorts_02_RpaSSfd__s0022,gacs_emotional_shorts_02_RpaSSfd_
gacs_emotional_shorts_02_RpaSSfd__s0023,gacs_emotional_shorts_02_RpaSSfd_
gacs_emotional_shorts_02_RpaSSfd__s0024,gacs_emotional_shorts_02_RpaSSfd_
gacs_emotional_shorts_02_RpaSSfd__s0025,gacs_emotional_shorts_02_RpaSSfd_
gacs_emotional_shorts_02_RpaSSfd__s0026,gacs_emotional_shorts_02_RpaSSfd_
gacs_emotional_shorts_02_RpaSSfd__s0027,gacs_emotional_shorts_02_RpaSSfd_
gacs_emotional_shorts_02_RpaSSfd__s0028,gacs_emotional_shorts_02_RpaSSfd_
gacs_emotional_shorts_02_RpaSSfd__s0029,gacs_emotional_shorts_02_RpaSSfd_
gacs_emotional_shorts_02_RpaSSfd__s0030,gacs_emotional_shorts_02_RpaSSfd_
gacs_emotional_shorts_02_RpaSSfd__s0031,gacs_emotional_shorts_02_RpaSSfd_
gacs_emotional_shorts_02_RpaSSfd__s0032,gacs_emotional_shorts_02_RpaSSfd_
gacs_emotional_shorts_02_RpaSSfd__s0033,gacs_emotional_shorts_02_RpaSSfd_
gacs_emotional_shorts_02_RpaSSfd__s0034,gacs_emotional_shorts_02_RpaSSfd_
gacs_emotional_shorts_02_RpaSSfd__s0035,gacs_emotional_shorts_02_RpaSSfd_
gacs_emotional_shorts_02_RpaSSfd__s0036,gacs_emotional_shorts_02_RpaSSfd_
gacs_emotional_shorts_02_RpaSSfd__s0037,gacs_emotional_shorts_02_RpaSSfd_
gacs_emotional_shorts_02_RpaSSfd__s0038,gacs_emotional_shorts_02_RpaSSfd_
gacs_emotional_shorts_02_RpaSSfd__s0039,gacs_emotional_shorts_02_RpaSSfd_
gacs_emotional_shorts_02_RpaSSfd__s0040,gacs_emotional_shorts_02_RpaSSfd_
gacs_emotional_shorts_02_RpaSSfd__s0041,gacs_emotional_shorts_02_RpaSSfd_
gacs_emotional_shorts_02_RpaSSfd__s0042,gacs_emotional_shorts_02_RpaSSfd_
gacs_emotional_shorts_02_RpaSSfd__s0043,gacs_emotional_shorts_02_RpaSSfd_
gacs_emotional_shorts_02_RpaSSfd__s0044,gacs_emotional_shorts_02_RpaSSfd_
gacs_emotional_shorts_02_RpaSSfd__s0045,gacs_emotional_shorts_02_RpaSSfd_
gacs_emotional_shorts_02_RpaSSfd__s0046,gacs_emotional_shorts_02_RpaSSfd_
gacs_emotional_shorts_02_RpaSSfd__s0047,gacs_emotional_shorts_02_RpaSSfd_
gacs_emotional_shorts_02_RpaSSfd__s0048,gacs_emotional_shorts_02_RpaSSfd_
gacs_emotional_shorts_02_RpaSSfd__s0049,gacs_emotional_shorts_02_RpaSSfd_
gacs_emotional_shorts_02_RpaSSfd__s0050,gacs_emotional_shorts_02_RpaSSfd_
gacs_emotional_shorts_02_RpaSSfd__s0051,gacs_emotional_shorts_02_RpaSSfd_
gacs_emotional_shorts_02_RpaSSfd__s0052,gacs_emotional_shorts_02_RpaSSfd_
gacs_emotional_shorts_02_RpaSSfd__s0053,gacs_emotional_shorts_02_RpaSSfd_
gacs_emotional_shorts_02_RpaSSfd__s0054,gacs_emotional_shorts_02_RpaSSfd_
gacs_emotional_shorts_02_RpaSSfd__s0055,gacs_emotional_shorts_02_RpaSSfd_
gacs_emotional_shorts_02_RpaSSfd__s0056,gacs_emotional_shorts_02_RpaSSfd_
gacs_emotional_shorts_02_RpaSSfd__s0057,gacs_emotional_shorts_02_RpaSSfd_
gacs_emotional_shorts_02_RpaSSfd__s0058,gacs_emotional_shorts_02_RpaSSfd_
gacs_emotional_shorts_02_RpaSSfd__s0059,gacs_emotional_shorts_02_RpaSSfd_
gacs_emotional_shorts_02_RpaSSfd__s0060,gacs_emotional_shorts_02_RpaSSfd_
gacs_emotional_shorts_02_RpaSSfd__s0061,gacs_emotional_shorts_02_RpaSSfd_
gacs_emotional_shorts_02_RpaSSfd__s0062,gacs_emotional_shorts_02_RpaSSfd_
gacs_emotional_shorts_02_RpaSSfd__s0063,gacs_emotional_shorts_02_RpaSSfd_
gacs_emotional_shorts_02_RpaSSfd__s0064,gacs_emotional_shorts_02_RpaSSfd_
gacs_emotional_shorts_02_RpaSSfd__s0065,gacs_emotional_shorts_02_RpaSSfd_
gacs_emotional_shorts_02_RpaSSfd__s0066,gacs_emotional_shorts_02_RpaSSfd_
gacs_emotional_shorts_02_RpaSSfd__s0067,gacs_emotional_shorts_02_RpaSSfd_
gacs_emotional_shorts_02_RpaSSfd__s0068,gacs_emotional_shorts_02_RpaSSfd_
gacs_emotional_shorts_02_RpaSSfd__s0069,gacs_emotional_shorts_02_RpaSSfd_
gacs_emotional_shorts_02_RpaSSfd__s0070,gacs_emotional_shorts_02_RpaSSfd_
gacs_emotional_shorts_02_RpaSSfd__s0071,gacs_emotional_shorts_02_RpaSSfd_
gacs_emotional_shorts_02_RpaSSfd__s0072,gacs_emotional_shorts_02_RpaSSfd_
gacs_emotional_shorts_02_RpaSSfd__s0073,gacs_emotional_shorts_02_RpaSSfd_
gacs_emotional_shorts_02_RpaSSfd__s0074,gacs_emotional_shorts_02_RpaSSfd_
gacs_emotional_shorts_02_RpaSSfd__s0075,gacs_emotional_shorts_02_RpaSSfd_
gacs_emotional_shorts_02_RpaSSfd__s0076,gacs_emotional_shorts_02_RpaSSfd_
gacs_emotional_shorts_02_RpaSSfd__s0077,gacs_emotional_shorts_02_RpaSSfd_
gacs_emotional_shorts_02_RpaSSfd__s0078,gacs_emotional_shorts_02_RpaSSfd_
gacs_emotional_shorts_02_RpaSSfd__s0079,gacs_emotional_shorts_02_RpaSSfd_
gacs_emotional_shorts_02_RpaSSfd__s0080,gacs_emotional_shorts_02_RpaSSfd_
gacs_emotional_shorts_02_RpaSSfd__s0081,gacs_emotional_shorts_02_RpaSSfd_
gacs_emotional_shorts_02_RpaSSfd__s0082,gacs_emotional_shorts_02_RpaSSfd_
gacs_emotional_shorts_02_RpaSSfd__s0083,gacs_emotional_shorts_02_RpaSSfd_
gacs_emotional_shorts_02_RpaSSfd__s0084,gacs_emotional_shorts_02_RpaSSfd_
gacs_emotional_shorts_02_RpaSSfd__s0085,gacs_emotional_shorts_02_RpaSSfd_
gacs_emotional_shorts_02_RpaSSfd__s0086,gacs_emotional_shorts_02_RpaSSfd_
gacs_emotional_shorts_02_RpaSSfd__s0087,gacs_emotional_shorts_02_RpaSSfd_
gacs_emotional_shorts_02_RpaSSfd__s0088,gacs_emotional_shorts_02_RpaSSfd_
gacs_emotional_shorts_02_RpaSSfd__s0089,gacs_emotional_shorts_02_RpaSSfd_
gacs_emotional_shorts_02_RpaSSfd__s0090,gacs_emotional_shorts_02_RpaSSfd_
gacs_emotional_shorts_02_RpaSSfd__s0091,gacs_emotional_shorts_02_RpaSSfd_
gacs_emotional_shorts_02_RpaSSfd__s0092,gacs_emotional_shorts_02_RpaSSfd_
gacs_emotional_shorts_02_RpaSSfd__s0093,gacs_emotional_shorts_02_RpaSSfd_
gacs_emotional_shorts_02_RpaSSfd__s0094,gacs_emotional_shorts_02_RpaSSfd_
gacs_emotional_shorts_02_RpaSSfd__s0095,gacs_emotional_shorts_02_RpaSSfd_
gacs_emotional_shorts_02_RpaSSfd__s0096,gacs_emotional_shorts_02_RpaSSfd_
gacs_emotional_shorts_02_RpaSSfd__s0097,gacs_emotional_shorts_02_RpaSSfd_
gacs_emotional_shorts_02_RpaSSfd__s0098,gacs_emotional_shorts_02_RpaSSfd_
gacs_emotional_shorts_02_RpaSSfd__s0099,gacs_emotional_shorts_02_RpaSSfd_
gacs_emotional_shorts_02_RpaSSfd__s0100,gacs_emotional_shorts_02_RpaSSfd_
gacs_emotional_shorts_02_RpaSSfd__s0101,gacs_emotional_shorts_02_RpaSSfd_
gacs_emotional_shorts_02_RpaSSfd__s0102,gacs_emotional_shorts_02_RpaSSfd_
gacs_emotional_shorts_02_RpaSSfd__s0103,gacs_emotional_shorts_02_RpaSSfd_
gacs_emotional_shorts_02_RpaSSfd__s0104,gacs_emotional_shorts_02_RpaSSfd_
gacs_emotional_shorts_02_RpaSSfd__s0105,gacs_emotional_shorts_02_RpaSSfd_
gacs_emotional_shorts_02_RpaSSfd__s0106,gacs_emotional_shorts_02_RpaSSfd_
gacs_emotional_shorts_02_RpaSSfd__s0107,gacs_emotional_shorts_02_RpaSSfd_
gacs_emotional_shorts_02_RpaSSfd__s0108,gacs_emotional_shorts_02_RpaSSfd_
gacs_emotional_shorts_02_RpaSSfd__s0109,gacs_emotional_shorts_02_RpaSSfd_
gacs_emotional_shorts_02_RpaSSfd__s0110,gacs_emotional_shorts_02_RpaSSfd_
gacs_emotional_shorts_02_RpaSSfd__s0111,gacs_emotional_shorts_02_RpaSSfd_
gacs_emotional_shorts_02_RpaSSfd__s0112,gacs_emotional_shorts_02_RpaSSfd_
gacs_emotional_shorts_02_RpaSSfd__s0113,gacs_emotional_shorts_02_RpaSSfd_
gacs_emotional_shorts_02_RpaSSfd__s0114,gacs_emotional_shorts_02_RpaSSfd_
gacs_emotional_shorts_02_RpaSSfd__s0115,gacs_emotional_shorts_02_RpaSSfd_
gacs_emotional_shorts_02_RpaSSfd__s0116,gacs_emotional_shorts_02_RpaSSfd_
gacs_emotional_shorts_02_RpaSSfd__s0117,gacs_emotional_shorts_02_RpaSSfd_
gacs_emotional_shorts_02_RpaSSfd__s0118,gacs_emotional_shorts_02_RpaSSfd_
gacs_emotional_shorts_02_RpaSSfd__s0119,gacs_emotional_shorts_02_RpaSSfd_
gacs_emotional_shorts_02_RpaSSfd__s0120,gacs_emotional_shorts_02_RpaSSfd_
gacs_emotional_shorts_02_RpaSSfd__s0121,gacs_emotional_shorts_02_RpaSSfd_
gacs_emotional_shorts_02_RpaSSfd__s0122,gacs_emotional_shorts_02_RpaSSfd_
gacs_emotional_shorts_02_RpaSSfd__s0123,gacs_emotional_shorts_02_RpaSSfd_
gacs_emotional_shorts_02_RpaSSfd__s0124,gacs_emotional_shorts_02_RpaSSfd_
gacs_emotional_shorts_02_RpaSSfd__s0125,gacs_emotional_shorts_02_RpaSSfd_
gacs_emotional_shorts_02_RpaSSfd__s0126,gacs_emotional_shorts_02_RpaSSfd_
gacs_emotional_shorts_02_RpaSSfd__s0127,gacs_emotional_shorts_02_RpaSSfd_
gacs_emotional_shorts_02_RpaSSfd__s0128,gacs_emotional_shorts_02_RpaSSfd_
gacs_emotional_shorts_02_RpaSSfd__s0129,gacs_emotional_shorts_02_RpaSSfd_
gacs_emotional_shorts_02_RpaSSfd__s0130,gacs_emotional_shorts_02_RpaSSfd_
gacs_emotional_shorts_02_RpaSSfd__s0131,gacs_emotional_shorts_02_RpaSSfd_
gacs_emotional_shorts_02_RpaSSfd__s0132,gacs_emotional_shorts_02_RpaSSfd_
gacs_emotional_shorts_02_RpaSSfd__s0133,gacs_emotional_shorts_02_RpaSSfd_
gacs_emotional_shorts_02_RpaSSfd__s0134,gacs_emotional_shorts_02_RpaSSfd_
gacs_emotional_shorts_02_RpaSSfd__s0135,gacs_emotional_shorts_02_RpaSSfd_
gacs_emotional_shorts_02_RpaSSfd__s0136,gacs_emotional_shorts_02_RpaSSfd_
gacs_emotional_shorts_02_RpaSSfd__s0137,gacs_emotional_shorts_02_RpaSSfd_
gacs_emotional_shorts_02_RpaSSfd__s0138,gacs_emotional_shorts_02_RpaSSfd_
gacs_emotional_shorts_02_RpaSSfd__s0139,gacs_emotional_shorts_02_RpaSSfd_
gacs_emotional_shorts_02_RpaSSfd__s0140,gacs_emotional_shorts_02_RpaSSfd_
gacs_emotional_shorts_02_RpaSSfd__s0141,gacs_emotional_shorts_02_RpaSSfd_
gacs_emotional_shorts_02_RpaSSfd__s0142,gacs_emotional_shorts_02_RpaSSfd_
gacs_emotional_shorts_02_RpaSSfd__s0143,gacs_emotional_shorts_02_RpaSSfd_
gacs_emotional_shorts_02_RpaSSfd__s0144,gacs_emotional_shorts_02_RpaSSfd_
gacs_emotional_shorts_02_RpaSSfd__s0145,gacs_emotional_shorts_02_RpaSSfd_
gacs_emotional_shorts_02_RpaSSfd__s0146,gacs_emotional_shorts_02_RpaSSfd_
gacs_emotional_shorts_02_RpaSSfd__s0147,gacs_emotional_shorts_02_RpaSSfd_
gacs_emotional_shorts_02_RpaSSfd__s0148,gacs_emotional_shorts_02_RpaSSfd_
gacs_emotional_shorts_02_RpaSSfd__s0149,gacs_emotional_shorts_02_RpaSSfd_
gacs_emotional_shorts_02_RpaSSfd__s0150,gacs_emotional_shorts_02_RpaSSfd_
gacs_emotional_shorts_02_RpaSSfd__s0151,gacs_emotional_shorts_02_RpaSSfd_
gacs_emotional_shorts_02_RpaSSfd__s0152,gacs_emotional_shorts_02_RpaSSfd_
gacs_emotional_shorts_02_RpaSSfd__s0153,gacs_emotional_shorts_02_RpaSSfd_
gacs_emotional_shorts_02_RpaSSfd__s0154,gacs_emotional_shorts_02_RpaSSfd_
gacs_emotional_shorts_02_RpaSSfd__s0155,gacs_emotional_shorts_02_RpaSSfd_
gacs_emotional_shorts_02_RpaSSfd__s0156,gacs_emotional_shorts_02_RpaSSfd_
gacs_emotional_shorts_02_RpaSSfd__s0157,gacs_emotional_shorts_02_RpaSSfd_
gacs_emotional_shorts_02_RpaSSfd__s0158,gacs_emotional_shorts_02_RpaSSfd_
gacs_emotional_shorts_02_RpaSSfd__s0159,gacs_emotional_shorts_02_RpaSSfd_
gacs_emotional_shorts_02_RpaSSfd__s0160,gacs_emotional_shorts_02_RpaSSfd_
gacs_emotional_shorts_02_RpaSSfd__s0161,gacs_emotional_shorts_02_RpaSSfd_
gacs_emotional_shorts_02_RpaSSfd__s0162,gacs_emotional_shorts_02_RpaSSfd_
gacs_emotional_shorts_02_RpaSSfd__s0163,gacs_emotional_shorts_02_RpaSSfd_
gacs_emotional_shorts_02_RpaSSfd__s0164,gacs_emotional_shorts_02_RpaSSfd_
gacs_emotional_shorts_02_RpaSSfd__s0165,gacs_emotional_shorts_02_RpaSSfd_
gacs_emotional_shorts_02_RpaSSfd__s0166,gacs_emotional_shorts_02_RpaSSfd_
gacs_emotional_shorts_02_RpaSSfd__s0167,gacs_emotional_shorts_02_RpaSSfd_
gacs_emotional_shorts_02_RpaSSfd__s0168,gacs_emotional_shorts_02_RpaSSfd_
gacs_emotional_shorts_02_RpaSSfd__s0169,gacs_emotional_shorts_02_RpaSSfd_
gacs_emotional_shorts_02_RpaSSfd__s0170,gacs_emotional_shorts_02_RpaSSfd_
gacs_emotional_shorts_02_RpaSSfd__s0171,gacs_emotional_shorts_02_RpaSSfd_
gacs_emotional_shorts_02_RpaSSfd__s0172,gacs_emotional_shorts_02_RpaSSfd_
gacs_emotional_shorts_02_RpaSSfd__s0173,gacs_emotional_shorts_02_RpaSSfd_
gacs_emotional_shorts_02_RpaSSfd__s0174,gacs_emotional_shorts_02_RpaSSfd_
gacs_emotional_shorts_02_RpaSSfd__s0175,gacs_emotional_shorts_02_RpaSSfd_
gacs_emotional_shorts_02_RpaSSfd__s0176,gacs_emotional_shorts_02_RpaSSfd_
gacs_emotional_shorts_02_RpaSSfd__s0177,gacs_emotional_shorts_02_RpaSSfd_
gacs_emotional_shorts_02_RpaSSfd__s0178,gacs_emotional_shorts_02_RpaSSfd_
gacs_emotional_shorts_02_RpaSSfd__s0179,gacs_emotional_shorts_02_RpaSSfd_
gacs_emotional_shorts_02_RpaSSfd__s0180,gacs_emotional_shorts_02_RpaSSfd_
gacs_emotional_shorts_02_RpaSSfd__s0181,gacs_emotional_shorts_02_RpaSSfd_
gacs_emotional_shorts_02_RpaSSfd__s0182,gacs_emotional_shorts_02_RpaSSfd_
gacs_emotional_shorts_02_RpaSSfd__s0183,gacs_emotional_shorts_02_RpaSSfd_
gacs_emotional_shorts_02_RpaSSfd__s0184,gacs_emotional_shorts_02_RpaSSfd_
gacs_emotional_shorts_02_RpaSSfd__s0185,gacs_emotional_shorts_02_RpaSSfd_
gacs_emotional_shorts_02_RpaSSfd__s0186,gacs_emotional_shorts_02_RpaSSfd_
gacs_emotional_shorts_02_RpaSSfd__s0187,gacs_emotional_shorts_02_RpaSSfd_
gacs_emotional_shorts_02_RpaSSfd__s0188,gacs_emotional_shorts_02_RpaSSfd_
gacs_emotional_shorts_02_aAXiovx9_s0000,gacs_emotional_shorts_02_aAXiovx9
gacs_emotional_shorts_02_aAXiovx9_s0001,gacs_emotional_shorts_02_aAXiovx9
gacs_emotional_shorts_02_aAXiovx9_s0002,gacs_emotional_shorts_02_aAXiovx9
gacs_emotional_shorts_02_aAXiovx9_s0003,gacs_emotional_shorts_02_aAXiovx9
gacs_emotional_shorts_02_aAXiovx9_s0004,gacs_emotional_shorts_02_aAXiovx9
gacs_emotional_shorts_02_aAXiovx9_s0005,gacs_emotional_shorts_02_aAXiovx9
gacs_emotional_shorts_02_aAXiovx9_s0006,gacs_emotional_shorts_02_aAXiovx9
gacs_emotional_shorts_02_aAXiovx9_s0007,gacs_emotional_shorts_02_aAXiovx9
gacs_emotional_shorts_02_aAXiovx9_s0008,gacs_emotional_shorts_02_aAXiovx9
gacs_emotional_shorts_02_aAXiovx9_s0009,gacs_emotional_shorts_02_aAXiovx9
gacs_emotional_shorts_02_aAXiovx9_s0010,gacs_emotional_shorts_02_aAXiovx9
gacs_emotional_shorts_02_aAXiovx9_s0011,gacs_emotional_shorts_02_aAXiovx9
gacs_emotional_shorts_02_aAXiovx9_s0012,gacs_emotional_shorts_02_aAXiovx9
gacs_emotional_shorts_02_aAXiovx9_s0013,gacs_emotional_shorts_02_aAXiovx9
gacs_emotional_shorts_02_aAXiovx9_s0014,gacs_emotional_shorts_02_aAXiovx9
gacs_emotional_shorts_02_aAXiovx9_s0015,gacs_emotional_shorts_02_aAXiovx9
gacs_emotional_shorts_02_aAXiovx9_s0016,gacs_emotional_shorts_02_aAXiovx9
gacs_emotional_shorts_02_aAXiovx9_s0017,gacs_emotional_shorts_02_aAXiovx9
gacs_emotional_shorts_02_aAXiovx9_s0018,gacs_emotional_shorts_02_aAXiovx9
gacs_emotional_shorts_02_aAXiovx9_s0019,gacs_emotional_shorts_02_aAXiovx9
gacs_emotional_shorts_02_aAXiovx9_s0020,gacs_emotional_shorts_02_aAXiovx9
gacs_emotional_shorts_02_aAXiovx9_s0021,gacs_emotional_shorts_02_aAXiovx9
gacs_emotional_shorts_02_aAXiovx9_s0022,gacs_emotional_shorts_02_aAXiovx9
gacs_emotional_shorts_03_tUwi2Bko_s0000,gacs_emotional_shorts_03_tUwi2Bko
gacs_emotional_shorts_03_tUwi2Bko_s0001,gacs_emotional_shorts_03_tUwi2Bko
gacs_emotional_shorts_03_tUwi2Bko_s0002,gacs_emotional_shorts_03_tUwi2Bko
gacs_emotional_shorts_03_tUwi2Bko_s0003,gacs_emotional_shorts_03_tUwi2Bko
gacs_emotional_shorts_03_tUwi2Bko_s0004,gacs_emotional_shorts_03_tUwi2Bko
gacs_emotional_shorts_03_tUwi2Bko_s0005,gacs_emotional_shorts_03_tUwi2Bko
gacs_emotional_shorts_03_tUwi2Bko_s0006,gacs_emotional_shorts_03_tUwi2Bko
gacs_emotional_shorts_03_tUwi2Bko_s0007,gacs_emotional_shorts_03_tUwi2Bko
gacs_emotional_shorts_03_tUwi2Bko_s0008,gacs_emotional_shorts_03_tUwi2Bko
gacs_emotional_shorts_03_tUwi2Bko_s0009,gacs_emotional_shorts_03_tUwi2Bko
gacs_emotional_shorts_04_g0w67vsJ_s0000,gacs_emotional_shorts_04_g0w67vsJ
gacs_emotional_shorts_04_g0w67vsJ_s0001,gacs_emotional_shorts_04_g0w67vsJ
gacs_emotional_shorts_04_g0w67vsJ_s0002,gacs_emotional_shorts_04_g0w67vsJ
gacs_emotional_shorts_04_g0w67vsJ_s0003,gacs_emotional_shorts_04_g0w67vsJ
gacs_emotional_shorts_04_g0w67vsJ_s0004,gacs_emotional_shorts_04_g0w67vsJ
gacs_emotional_shorts_04_g0w67vsJ_s0005,gacs_emotional_shorts_04_g0w67vsJ
gacs_emotional_shorts_04_g0w67vsJ_s0006,gacs_emotional_shorts_04_g0w67vsJ
gacs_emotional_shorts_04_g0w67vsJ_s0007,gacs_emotional_shorts_04_g0w67vsJ
gacs_emotional_shorts_04_g0w67vsJ_s0008,gacs_emotional_shorts_04_g0w67vsJ
gacs_emotional_shorts_04_g0w67vsJ_s0009,gacs_emotional_shorts_04_g0w67vsJ
gacs_emotional_shorts_04_g0w67vsJ_s0010,gacs_emotional_shorts_04_g0w67vsJ
gacs_emotional_shorts_04_g0w67vsJ_s0011,gacs_emotional_shorts_04_g0w67vsJ
gacs_emotional_shorts_04_g0w67vsJ_s0012,gacs_emotional_shorts_04_g0w67vsJ
gacs_emotional_shorts_04_g0w67vsJ_s0013,gacs_emotional_shorts_04_g0w67vsJ
gacs_emotional_shorts_04_g0w67vsJ_s0014,gacs_emotional_shorts_04_g0w67vsJ
gacs_emotional_shorts_04_g0w67vsJ_s0015,gacs_emotional_shorts_04_g0w67vsJ
gacs_emotional_shorts_04_g0w67vsJ_s0016,gacs_emotional_shorts_04_g0w67vsJ
gacs_emotional_shorts_04_g0w67vsJ_s0017,gacs_emotional_shorts_04_g0w67vsJ
gacs_emotional_shorts_04_g0w67vsJ_s0018,gacs_emotional_shorts_04_g0w67vsJ
gacs_emotional_shorts_04_g0w67vsJ_s0019,gacs_emotional_shorts_04_g0w67vsJ
gacs_emotional_shorts_04_g0w67vsJ_s0020,gacs_emotional_shorts_04_g0w67vsJ
gacs_emotional_shorts_04_g0w67vsJ_s0021,gacs_emotional_shorts_04_g0w67vsJ
gacs_emotional_shorts_04_g0w67vsJ_s0022,gacs_emotional_shorts_04_g0w67vsJ
gacs_emotional_shorts_04_g0w67vsJ_s0023,gacs_emotional_shorts_04_g0w67vsJ
gacs_emotional_shorts_04_g0w67vsJ_s0024,gacs_emotional_shorts_04_g0w67vsJ
gacs_emotional_shorts_04_g0w67vsJ_s0025,gacs_emotional_shorts_04_g0w67vsJ
gacs_emotional_shorts_04_g0w67vsJ_s0026,gacs_emotional_shorts_04_g0w67vsJ
gacs_emotional_shorts_04_g0w67vsJ_s0027,gacs_emotional_shorts_04_g0w67vsJ
gacs_emotional_shorts_04_g0w67vsJ_s0028,gacs_emotional_shorts_04_g0w67vsJ
gacs_emotional_shorts_04_g0w67vsJ_s0029,gacs_emotional_shorts_04_g0w67vsJ
gacs_emotional_shorts_04_g0w67vsJ_s0030,gacs_emotional_shorts_04_g0w67vsJ
gacs_emotional_shorts_04_g0w67vsJ_s0031,gacs_emotional_shorts_04_g0w67vsJ
gacs_emotional_shorts_04_g0w67vsJ_s0032,gacs_emotional_shorts_04_g0w67vsJ
gacs_emotional_shorts_04_g0w67vsJ_s0033,gacs_emotional_shorts_04_g0w67vsJ
gacs_emotional_shorts_04_g0w67vsJ_s0034,gacs_emotional_shorts_04_g0w67vsJ
gacs_emotional_shorts_04_g0w67vsJ_s0035,gacs_emotional_shorts_04_g0w67vsJ
gacs_emotional_shorts_04_g0w67vsJ_s0036,gacs_emotional_shorts_04_g0w67vsJ
gacs_emotional_shorts_04_g0w67vsJ_s0037,gacs_emotional_shorts_04_g0w67vsJ
gacs_emotional_shorts_04_g0w67vsJ_s0038,gacs_emotional_shorts_04_g0w67vsJ
gacs_emotional_shorts_04_g0w67vsJ_s0039,gacs_emotional_shorts_04_g0w67vsJ
gacs_emotional_shorts_04_g0w67vsJ_s0040,gacs_emotional_shorts_04_g0w67vsJ
gacs_emotional_shorts_04_g0w67vsJ_s0041,gacs_emotional_shorts_04_g0w67vsJ
gacs_emotional_shorts_04_g0w67vsJ_s0042,gacs_emotional_shorts_04_g0w67vsJ
gacs_emotional_shorts_04_g0w67vsJ_s0043,gacs_emotional_shorts_04_g0w67vsJ
gacs_emotional_shorts_04_g0w67vsJ_s0044,gacs_emotional_shorts_04_g0w67vsJ
gacs_emotional_shorts_04_g0w67vsJ_s0045,gacs_emotional_shorts_04_g0w67vsJ
gacs_emotional_shorts_04_g0w67vsJ_s0046,gacs_emotional_shorts_04_g0w67vsJ
gacs_emotional_shorts_04_g0w67vsJ_s0047,gacs_emotional_shorts_04_g0w67vsJ
gacs_emotional_shorts_04_g0w67vsJ_s0048,gacs_emotional_shorts_04_g0w67vsJ
gacs_emotional_shorts_04_g0w67vsJ_s0049,gacs_emotional_shorts_04_g0w67vsJ
gacs_emotional_shorts_04_g0w67vsJ_s0050,gacs_emotional_shorts_04_g0w67vsJ
gacs_emotional_shorts_04_g0w67vsJ_s0051,gacs_emotional_shorts_04_g0w67vsJ
gacs_emotional_shorts_04_g0w67vsJ_s0052,gacs_emotional_shorts_04_g0w67vsJ
gacs_emotional_shorts_04_g0w67vsJ_s0053,gacs_emotional_shorts_04_g0w67vsJ
gacs_emotional_shorts_04_g0w67vsJ_s0054,gacs_emotional_shorts_04_g0w67vsJ
gacs_emotional_shorts_04_g0w67vsJ_s0055,gacs_emotional_shorts_04_g0w67vsJ
gacs_emotional_shorts_04_g0w67vsJ_s0056,gacs_emotional_shorts_04_g0w67vsJ
gacs_emotional_shorts_04_g0w67vsJ_s0057,gacs_emotional_shorts_04_g0w67vsJ
gacs_emotional_shorts_04_g0w67vsJ_s0058,gacs_emotional_shorts_04_g0w67vsJ
gacs_emotional_shorts_04_h_yJ0wfR_s0000,gacs_emotional_shorts_04_h_yJ0wfR
gacs_emotional_shorts_04_h_yJ0wfR_s0001,gacs_emotional_shorts_04_h_yJ0wfR
gacs_emotional_shorts_04_h_yJ0wfR_s0002,gacs_emotional_shorts_04_h_yJ0wfR
gacs_emotional_shorts_04_h_yJ0wfR_s0003,gacs_emotional_shorts_04_h_yJ0wfR
gacs_emotional_shorts_04_h_yJ0wfR_s0004,gacs_emotional_shorts_04_h_yJ0wfR
gacs_emotional_shorts_04_h_yJ0wfR_s0005,gacs_emotional_shorts_04_h_yJ0wfR
gacs_emotional_shorts_04_h_yJ0wfR_s0006,gacs_emotional_shorts_04_h_yJ0wfR
gacs_emotional_shorts_04_h_yJ0wfR_s0007,gacs_emotional_shorts_04_h_yJ0wfR
gacs_emotional_shorts_04_h_yJ0wfR_s0008,gacs_emotional_shorts_04_h_yJ0wfR
gacs_emotional_shorts_04_h_yJ0wfR_s0009,gacs_emotional_shorts_04_h_yJ0wfR
gacs_emotional_shorts_04_h_yJ0wfR_s0010,gacs_emotional_shorts_04_h_yJ0wfR
gacs_emotional_shorts_04_h_yJ0wfR_s0011,gacs_emotional_shorts_04_h_yJ0wfR
gacs_emotional_shorts_04_h_yJ0wfR_s0012,gacs_emotional_shorts_04_h_yJ0wfR
gacs_emotional_shorts_04_h_yJ0wfR_s0013,gacs_emotional_shorts_04_h_yJ0wfR
gacs_emotional_shorts_04_h_yJ0wfR_s0014,gacs_emotional_shorts_04_h_yJ0wfR
gacs_emotional_shorts_04_h_yJ0wfR_s0015,gacs_emotional_shorts_04_h_yJ0wfR
gacs_emotional_shorts_04_h_yJ0wfR_s0016,gacs_emotional_shorts_04_h_yJ0wfR
gacs_emotional_shorts_04_h_yJ0wfR_s0017,gacs_emotional_shorts_04_h_yJ0wfR
gacs_emotional_shorts_04_h_yJ0wfR_s0018,gacs_emotional_shorts_04_h_yJ0wfR
gacs_emotional_shorts_04_h_yJ0wfR_s0019,gacs_emotional_shorts_04_h_yJ0wfR
gacs_emotional_shorts_04_h_yJ0wfR_s0020,gacs_emotional_shorts_04_h_yJ0wfR
gacs_emotional_shorts_04_h_yJ0wfR_s0021,gacs_emotional_shorts_04_h_yJ0wfR
gacs_emotional_shorts_04_h_yJ0wfR_s0022,gacs_emotional_shorts_04_h_yJ0wfR
gacs_emotional_shorts_04_h_yJ0wfR_s0023,gacs_emotional_shorts_04_h_yJ0wfR
gacs_emotional_shorts_04_h_yJ0wfR_s0024,gacs_emotional_shorts_04_h_yJ0wfR
gacs_emotional_shorts_04_h_yJ0wfR_s0025,gacs_emotional_shorts_04_h_yJ0wfR
gacs_emotional_shorts_04_h_yJ0wfR_s0026,gacs_emotional_shorts_04_h_yJ0wfR
gacs_emotional_shorts_04_h_yJ0wfR_s0027,gacs_emotional_shorts_04_h_yJ0wfR
gacs_emotional_shorts_04_h_yJ0wfR_s0028,gacs_emotional_shorts_04_h_yJ0wfR
gacs_emotional_shorts_04_h_yJ0wfR_s0029,gacs_emotional_shorts_04_h_yJ0wfR
gacs_emotional_shorts_04_h_yJ0wfR_s0030,gacs_emotional_shorts_04_h_yJ0wfR
gacs_emotional_shorts_04_h_yJ0wfR_s0031,gacs_emotional_shorts_04_h_yJ0wfR
gacs_emotional_shorts_04_h_yJ0wfR_s0032,gacs_emotional_shorts_04_h_yJ0wfR
gacs_emotional_shorts_04_h_yJ0wfR_s0033,gacs_emotional_shorts_04_h_yJ0wfR
gacs_emotional_shorts_04_h_yJ0wfR_s0034,gacs_emotional_shorts_04_h_yJ0wfR
gacs_emotional_shorts_04_h_yJ0wfR_s0035,gacs_emotional_shorts_04_h_yJ0wfR
gacs_emotional_shorts_04_h_yJ0wfR_s0036,gacs_emotional_shorts_04_h_yJ0wfR
gacs_emotional_shorts_04_h_yJ0wfR_s0037,gacs_emotional_shorts_04_h_yJ0wfR
gacs_emotional_shorts_04_h_yJ0wfR_s0038,gacs_emotional_shorts_04_h_yJ0wfR
gacs_emotional_shorts_04_h_yJ0wfR_s0039,gacs_emotional_shorts_04_h_yJ0wfR
gacs_emotional_shorts_04_h_yJ0wfR_s0040,gacs_emotional_shorts_04_h_yJ0wfR
gacs_emotional_shorts_04_h_yJ0wfR_s0041,gacs_emotional_shorts_04_h_yJ0wfR
gacs_emotional_shorts_04_h_yJ0wfR_s0042,gacs_emotional_shorts_04_h_yJ0wfR
gacs_emotional_shorts_04_h_yJ0wfR_s0043,gacs_emotional_shorts_04_h_yJ0wfR
gacs_emotional_shorts_04_h_yJ0wfR_s0044,gacs_emotional_shorts_04_h_yJ0wfR
gacs_emotional_shorts_04_h_yJ0wfR_s0045,gacs_emotional_shorts_04_h_yJ0wfR
gacs_emotional_shorts_04_h_yJ0wfR_s0046,gacs_emotional_shorts_04_h_yJ0wfR
gacs_emotional_shorts_04_h_yJ0wfR_s0047,gacs_emotional_shorts_04_h_yJ0wfR
gacs_emotional_shorts_04_h_yJ0wfR_s0048,gacs_emotional_shorts_04_h_yJ0wfR
gacs_emotional_shorts_04_h_yJ0wfR_s0049,gacs_emotional_shorts_04_h_yJ0wfR
gacs_emotional_shorts_04_h_yJ0wfR_s0050,gacs_emotional_shorts_04_h_yJ0wfR
gacs_emotional_shorts_04_h_yJ0wfR_s0051,gacs_emotional_shorts_04_h_yJ0wfR
gacs_emotional_shorts_04_h_yJ0wfR_s0052,gacs_emotional_shorts_04_h_yJ0wfR
gacs_emotional_shorts_04_h_yJ0wfR_s0053,gacs_emotional_shorts_04_h_yJ0wfR
gacs_emotional_shorts_04_h_yJ0wfR_s0054,gacs_emotional_shorts_04_h_yJ0wfR
gacs_emotional_shorts_04_h_yJ0wfR_s0055,gacs_emotional_shorts_04_h_yJ0wfR
gacs_emotional_shorts_04_h_yJ0wfR_s0056,gacs_emotional_shorts_04_h_yJ0wfR
gacs_emotional_shorts_04_h_yJ0wfR_s0057,gacs_emotional_shorts_04_h_yJ0wfR
gacs_emotional_shorts_04_h_yJ0wfR_s0058,gacs_emotional_shorts_04_h_yJ0wfR
gacs_emotional_shorts_04_h_yJ0wfR_s0059,gacs_emotional_shorts_04_h_yJ0wfR
gacs_emotional_shorts_04_i_OaxH7l_s0000,gacs_emotional_shorts_04_i_OaxH7l
gacs_emotional_shorts_04_i_OaxH7l_s0001,gacs_emotional_shorts_04_i_OaxH7l
gacs_emotional_shorts_04_i_OaxH7l_s0002,gacs_emotional_shorts_04_i_OaxH7l
gacs_emotional_shorts_04_i_OaxH7l_s0003,gacs_emotional_shorts_04_i_OaxH7l
gacs_emotional_shorts_04_i_OaxH7l_s0004,gacs_emotional_shorts_04_i_OaxH7l
gacs_emotional_shorts_04_i_OaxH7l_s0005,gacs_emotional_shorts_04_i_OaxH7l
gacs_emotional_shorts_04_i_OaxH7l_s0006,gacs_emotional_shorts_04_i_OaxH7l
gacs_emotional_shorts_04_i_OaxH7l_s0007,gacs_emotional_shorts_04_i_OaxH7l
gacs_emotional_shorts_04_i_OaxH7l_s0008,gacs_emotional_shorts_04_i_OaxH7l
gacs_emotional_shorts_04_i_OaxH7l_s0009,gacs_emotional_shorts_04_i_OaxH7l
gacs_emotional_shorts_04_i_OaxH7l_s0010,gacs_emotional_shorts_04_i_OaxH7l
gacs_emotional_shorts_04_i_OaxH7l_s0011,gacs_emotional_shorts_04_i_OaxH7l
gacs_emotional_shorts_04_i_OaxH7l_s0012,gacs_emotional_shorts_04_i_OaxH7l
gacs_emotional_shorts_04_i_OaxH7l_s0013,gacs_emotional_shorts_04_i_OaxH7l
gacs_emotional_shorts_04_i_OaxH7l_s0014,gacs_emotional_shorts_04_i_OaxH7l
gacs_emotional_shorts_04_i_OaxH7l_s0015,gacs_emotional_shorts_04_i_OaxH7l
gacs_emotional_shorts_04_i_OaxH7l_s0016,gacs_emotional_shorts_04_i_OaxH7l
gacs_emotional_shorts_04_i_OaxH7l_s0017,gacs_emotional_shorts_04_i_OaxH7l
gacs_emotional_shorts_04_i_OaxH7l_s0018,gacs_emotional_shorts_04_i_OaxH7l
gacs_emotional_shorts_04_i_OaxH7l_s0019,gacs_emotional_shorts_04_i_OaxH7l
gacs_emotional_shorts_04_i_OaxH7l_s0020,gacs_emotional_shorts_04_i_OaxH7l
gacs_emotional_shorts_04_i_OaxH7l_s0021,gacs_emotional_shorts_04_i_OaxH7l
gacs_emotional_shorts_04_i_OaxH7l_s0022,gacs_emotional_shorts_04_i_OaxH7l
gacs_emotional_shorts_04_i_OaxH7l_s0023,gacs_emotional_shorts_04_i_OaxH7l
gacs_movie_trailers_00_0hc8yz5-_s0000,gacs_movie_trailers_00_0hc8yz5-
gacs_movie_trailers_00_0hc8yz5-_s0001,gacs_movie_trailers_00_0hc8yz5-
gacs_movie_trailers_00_0hc8yz5-_s0002,gacs_movie_trailers_00_0hc8yz5-
gacs_movie_trailers_00_0hc8yz5-_s0003,gacs_movie_trailers_00_0hc8yz5-
gacs_movie_trailers_00_0hc8yz5-_s0004,gacs_movie_trailers_00_0hc8yz5-
gacs_movie_trailers_00_0hc8yz5-_s0005,gacs_movie_trailers_00_0hc8yz5-
gacs_movie_trailers_00_0hc8yz5-_s0006,gacs_movie_trailers_00_0hc8yz5-
gacs_movie_trailers_00_0hc8yz5-_s0007,gacs_movie_trailers_00_0hc8yz5-
gacs_movie_trailers_00_0hc8yz5-_s0008,gacs_movie_trailers_00_0hc8yz5-
gacs_movie_trailers_00_0hc8yz5-_s0009,gacs_movie_trailers_00_0hc8yz5-
gacs_movie_trailers_00_0hc8yz5-_s0010,gacs_movie_trailers_00_0hc8yz5-
gacs_movie_trailers_00_0hc8yz5-_s0011,gacs_movie_trailers_00_0hc8yz5-
gacs_movie_trailers_00_0hc8yz5-_s0012,gacs_movie_trailers_00_0hc8yz5-
gacs_movie_trailers_00_0hc8yz5-_s0013,gacs_movie_trailers_00_0hc8yz5-
gacs_movie_trailers_00_0hc8yz5-_s0014,gacs_movie_trailers_00_0hc8yz5-
gacs_movie_trailers_00_0hc8yz5-_s0015,gacs_movie_trailers_00_0hc8yz5-
gacs_movie_trailers_00_0hc8yz5-_s0016,gacs_movie_trailers_00_0hc8yz5-
gacs_movie_trailers_00_0hc8yz5-_s0017,gacs_movie_trailers_00_0hc8yz5-
gacs_movie_trailers_00_0hc8yz5-_s0018,gacs_movie_trailers_00_0hc8yz5-
gacs_movie_trailers_00_0hc8yz5-_s0019,gacs_movie_trailers_00_0hc8yz5-
gacs_movie_trailers_00_0hc8yz5-_s0020,gacs_movie_trailers_00_0hc8yz5-
gacs_movie_trailers_00_0hc8yz5-_s0021,gacs_movie_trailers_00_0hc8yz5-
gacs_movie_trailers_00_0hc8yz5-_s0022,gacs_movie_trailers_00_0hc8yz5-
gacs_movie_trailers_00_0hc8yz5-_s0023,gacs_movie_trailers_00_0hc8yz5-
gacs_movie_trailers_00_0hc8yz5-_s0024,gacs_movie_trailers_00_0hc8yz5-
gacs_movie_trailers_00_0hc8yz5-_s0025,gacs_movie_trailers_00_0hc8yz5-
gacs_movie_trailers_00_0hc8yz5-_s0026,gacs_movie_trailers_00_0hc8yz5-
gacs_movie_trailers_00_0hc8yz5-_s0027,gacs_movie_trailers_00_0hc8yz5-
gacs_movie_trailers_00_0hc8yz5-_s0028,gacs_movie_trailers_00_0hc8yz5-
gacs_movie_trailers_00_0hc8yz5-_s0029,gacs_movie_trailers_00_0hc8yz5-
gacs_movie_trailers_00_0hc8yz5-_s0030,gacs_movie_trailers_00_0hc8yz5-
gacs_movie_trailers_00_0hc8yz5-_s0031,gacs_movie_trailers_00_0hc8yz5-
gacs_movie_trailers_00_0hc8yz5-_s0032,gacs_movie_trailers_00_0hc8yz5-
gacs_movie_trailers_00_0hc8yz5-_s0033,gacs_movie_trailers_00_0hc8yz5-
gacs_movie_trailers_00_0hc8yz5-_s0034,gacs_movie_trailers_00_0hc8yz5-
gacs_movie_trailers_00_0hc8yz5-_s0035,gacs_movie_trailers_00_0hc8yz5-
gacs_movie_trailers_00_0hc8yz5-_s0036,gacs_movie_trailers_00_0hc8yz5-
gacs_movie_trailers_00_0hc8yz5-_s0037,gacs_movie_trailers_00_0hc8yz5-
gacs_movie_trailers_00_0hc8yz5-_s0038,gacs_movie_trailers_00_0hc8yz5-
gacs_movie_trailers_00_0hc8yz5-_s0039,gacs_movie_trailers_00_0hc8yz5-
gacs_movie_trailers_00_0hc8yz5-_s0040,gacs_movie_trailers_00_0hc8yz5-
gacs_movie_trailers_00_0hc8yz5-_s0041,gacs_movie_trailers_00_0hc8yz5-
gacs_movie_trailers_00_0hc8yz5-_s0042,gacs_movie_trailers_00_0hc8yz5-
gacs_movie_trailers_00_0hc8yz5-_s0043,gacs_movie_trailers_00_0hc8yz5-
gacs_movie_trailers_00_0hc8yz5-_s0044,gacs_movie_trailers_00_0hc8yz5-
gacs_movie_trailers_00_0hc8yz5-_s0045,gacs_movie_trailers_00_0hc8yz5-
gacs_movie_trailers_00_0hc8yz5-_s0046,gacs_movie_trailers_00_0hc8yz5-
gacs_movie_trailers_00_0hc8yz5-_s0047,gacs_movie_trailers_00_0hc8yz5-
gacs_movie_trailers_00_0hc8yz5-_s0048,gacs_movie_trailers_00_0hc8yz5-
gacs_movie_trailers_00_0hc8yz5-_s0049,gacs_movie_trailers_00_0hc8yz5-
gacs_movie_trailers_00_0hc8yz5-_s0050,gacs_movie_trailers_00_0hc8yz5-
gacs_movie_trailers_00_0hc8yz5-_s0051,gacs_movie_trailers_00_0hc8yz5-
gacs_movie_trailers_00_0hc8yz5-_s0052,gacs_movie_trailers_00_0hc8yz5-
gacs_movie_trailers_00_0hc8yz5-_s0053,gacs_movie_trailers_00_0hc8yz5-
gacs_movie_trailers_00_0hc8yz5-_s0054,gacs_movie_trailers_00_0hc8yz5-
gacs_movie_trailers_00_0hc8yz5-_s0055,gacs_movie_trailers_00_0hc8yz5-
gacs_movie_trailers_00_0hc8yz5-_s0056,gacs_movie_trailers_00_0hc8yz5-
gacs_movie_trailers_00_0hc8yz5-_s0057,gacs_movie_trailers_00_0hc8yz5-
gacs_movie_trailers_00_0hc8yz5-_s0058,gacs_movie_trailers_00_0hc8yz5-
gacs_movie_trailers_00_0hc8yz5-_s0059,gacs_movie_trailers_00_0hc8yz5-
gacs_movie_trailers_00_0hc8yz5-_s0060,gacs_movie_trailers_00_0hc8yz5-
gacs_movie_trailers_00_0hc8yz5-_s0061,gacs_movie_trailers_00_0hc8yz5-
gacs_movie_trailers_00_0hc8yz5-_s0062,gacs_movie_trailers_00_0hc8yz5-
gacs_movie_trailers_00_0hc8yz5-_s0063,gacs_movie_trailers_00_0hc8yz5-
gacs_movie_trailers_00_0hc8yz5-_s0064,gacs_movie_trailers_00_0hc8yz5-
gacs_movie_trailers_00_0hc8yz5-_s0065,gacs_movie_trailers_00_0hc8yz5-
gacs_movie_trailers_00_0hc8yz5-_s0066,gacs_movie_trailers_00_0hc8yz5-
gacs_movie_trailers_00_0hc8yz5-_s0067,gacs_movie_trailers_00_0hc8yz5-
gacs_movie_trailers_00_0hc8yz5-_s0068,gacs_movie_trailers_00_0hc8yz5-
gacs_movie_trailers_00_0hc8yz5-_s0069,gacs_movie_trailers_00_0hc8yz5-
gacs_movie_trailers_00_0hc8yz5-_s0070,gacs_movie_trailers_00_0hc8yz5-
gacs_movie_trailers_00_0hc8yz5-_s0071,gacs_movie_trailers_00_0hc8yz5-
gacs_movie_trailers_00_0hc8yz5-_s0072,gacs_movie_trailers_00_0hc8yz5-
gacs_movie_trailers_00_erKw6Oyv_s0000,gacs_movie_trailers_00_erKw6Oyv
gacs_movie_trailers_00_erKw6Oyv_s0001,gacs_movie_trailers_00_erKw6Oyv
gacs_movie_trailers_00_erKw6Oyv_s0002,gacs_movie_trailers_00_erKw6Oyv
gacs_movie_trailers_00_erKw6Oyv_s0003,gacs_movie_trailers_00_erKw6Oyv
gacs_movie_trailers_00_erKw6Oyv_s0004,gacs_movie_trailers_00_erKw6Oyv
gacs_movie_trailers_00_erKw6Oyv_s0005,gacs_movie_trailers_00_erKw6Oyv
gacs_movie_trailers_00_erKw6Oyv_s0006,gacs_movie_trailers_00_erKw6Oyv
gacs_movie_trailers_00_erKw6Oyv_s0007,gacs_movie_trailers_00_erKw6Oyv
gacs_movie_trailers_00_erKw6Oyv_s0008,gacs_movie_trailers_00_erKw6Oyv
gacs_movie_trailers_00_erKw6Oyv_s0009,gacs_movie_trailers_00_erKw6Oyv
gacs_movie_trailers_00_erKw6Oyv_s0010,gacs_movie_trailers_00_erKw6Oyv
gacs_movie_trailers_00_erKw6Oyv_s0011,gacs_movie_trailers_00_erKw6Oyv
gacs_movie_trailers_00_erKw6Oyv_s0012,gacs_movie_trailers_00_erKw6Oyv
gacs_movie_trailers_00_erKw6Oyv_s0013,gacs_movie_trailers_00_erKw6Oyv
gacs_movie_trailers_00_erKw6Oyv_s0014,gacs_movie_trailers_00_erKw6Oyv
gacs_movie_trailers_00_erKw6Oyv_s0015,gacs_movie_trailers_00_erKw6Oyv
gacs_movie_trailers_00_erKw6Oyv_s0016,gacs_movie_trailers_00_erKw6Oyv
gacs_movie_trailers_00_erKw6Oyv_s0017,gacs_movie_trailers_00_erKw6Oyv
gacs_movie_trailers_00_erKw6Oyv_s0018,gacs_movie_trailers_00_erKw6Oyv
gacs_movie_trailers_00_erKw6Oyv_s0019,gacs_movie_trailers_00_erKw6Oyv
gacs_movie_trailers_00_erKw6Oyv_s0020,gacs_movie_trailers_00_erKw6Oyv
gacs_movie_trailers_00_erKw6Oyv_s0021,gacs_movie_trailers_00_erKw6Oyv
gacs_movie_trailers_00_erKw6Oyv_s0022,gacs_movie_trailers_00_erKw6Oyv
gacs_movie_trailers_00_erKw6Oyv_s0023,gacs_movie_trailers_00_erKw6Oyv
gacs_movie_trailers_00_erKw6Oyv_s0024,gacs_movie_trailers_00_erKw6Oyv
gacs_movie_trailers_00_erKw6Oyv_s0025,gacs_movie_trailers_00_erKw6Oyv
gacs_movie_trailers_00_erKw6Oyv_s0026,gacs_movie_trailers_00_erKw6Oyv
gacs_movie_trailers_00_erKw6Oyv_s0027,gacs_movie_trailers_00_erKw6Oyv
gacs_movie_trailers_00_erKw6Oyv_s0028,gacs_movie_trailers_00_erKw6Oyv
gacs_movie_trailers_00_erKw6Oyv_s0029,gacs_movie_trailers_00_erKw6Oyv
gacs_movie_trailers_00_erKw6Oyv_s0030,gacs_movie_trailers_00_erKw6Oyv
gacs_movie_trailers_00_erKw6Oyv_s0031,gacs_movie_trailers_00_erKw6Oyv
gacs_movie_trailers_00_erKw6Oyv_s0032,gacs_movie_trailers_00_erKw6Oyv
gacs_movie_trailers_00_erKw6Oyv_s0033,gacs_movie_trailers_00_erKw6Oyv
gacs_movie_trailers_00_erKw6Oyv_s0034,gacs_movie_trailers_00_erKw6Oyv
gacs_movie_trailers_00_erKw6Oyv_s0035,gacs_movie_trailers_00_erKw6Oyv
gacs_movie_trailers_00_erKw6Oyv_s0036,gacs_movie_trailers_00_erKw6Oyv
gacs_movie_trailers_00_erKw6Oyv_s0037,gacs_movie_trailers_00_erKw6Oyv
gacs_movie_trailers_00_erKw6Oyv_s0038,gacs_movie_trailers_00_erKw6Oyv
gacs_movie_trailers_00_erKw6Oyv_s0039,gacs_movie_trailers_00_erKw6Oyv
gacs_movie_trailers_00_erKw6Oyv_s0040,gacs_movie_trailers_00_erKw6Oyv
gacs_movie_trailers_00_erKw6Oyv_s0041,gacs_movie_trailers_00_erKw6Oyv
gacs_movie_trailers_00_erKw6Oyv_s0042,gacs_movie_trailers_00_erKw6Oyv
gacs_movie_trailers_00_erKw6Oyv_s0043,gacs_movie_trailers_00_erKw6Oyv
gacs_movie_trailers_00_erKw6Oyv_s0044,gacs_movie_trailers_00_erKw6Oyv
gacs_movie_trailers_00_iKZyYdwS_s0000,gacs_movie_trailers_00_iKZyYdwS
gacs_movie_trailers_00_iKZyYdwS_s0001,gacs_movie_trailers_00_iKZyYdwS
gacs_movie_trailers_00_iKZyYdwS_s0002,gacs_movie_trailers_00_iKZyYdwS
gacs_movie_trailers_00_iKZyYdwS_s0003,gacs_movie_trailers_00_iKZyYdwS
gacs_movie_trailers_00_iKZyYdwS_s0004,gacs_movie_trailers_00_iKZyYdwS
gacs_movie_trailers_00_iKZyYdwS_s0005,gacs_movie_trailers_00_iKZyYdwS
gacs_movie_trailers_00_iKZyYdwS_s0006,gacs_movie_trailers_00_iKZyYdwS
gacs_movie_trailers_00_iKZyYdwS_s0007,gacs_movie_trailers_00_iKZyYdwS
gacs_movie_trailers_00_iKZyYdwS_s0008,gacs_movie_trailers_00_iKZyYdwS
gacs_movie_trailers_00_iKZyYdwS_s0009,gacs_movie_trailers_00_iKZyYdwS
gacs_movie_trailers_00_iKZyYdwS_s0010,gacs_movie_trailers_00_iKZyYdwS
gacs_movie_trailers_00_iKZyYdwS_s0011,gacs_movie_trailers_00_iKZyYdwS
gacs_movie_trailers_00_iKZyYdwS_s0012,gacs_movie_trailers_00_iKZyYdwS
gacs_movie_trailers_00_iKZyYdwS_s0013,gacs_movie_trailers_00_iKZyYdwS
gacs_movie_trailers_00_iKZyYdwS_s0014,gacs_movie_trailers_00_iKZyYdwS
gacs_movie_trailers_00_iKZyYdwS_s0015,gacs_movie_trailers_00_iKZyYdwS
gacs_movie_trailers_00_iKZyYdwS_s0016,gacs_movie_trailers_00_iKZyYdwS
gacs_movie_trailers_00_iKZyYdwS_s0017,gacs_movie_trailers_00_iKZyYdwS
gacs_movie_trailers_00_iKZyYdwS_s0018,gacs_movie_trailers_00_iKZyYdwS
gacs_movie_trailers_00_iKZyYdwS_s0019,gacs_movie_trailers_00_iKZyYdwS
gacs_movie_trailers_00_iKZyYdwS_s0020,gacs_movie_trailers_00_iKZyYdwS
gacs_movie_trailers_00_iKZyYdwS_s0021,gacs_movie_trailers_00_iKZyYdwS
gacs_movie_trailers_00_iKZyYdwS_s0022,gacs_movie_trailers_00_iKZyYdwS
gacs_movie_trailers_00_iKZyYdwS_s0023,gacs_movie_trailers_00_iKZyYdwS
gacs_movie_trailers_00_iKZyYdwS_s0024,gacs_movie_trailers_00_iKZyYdwS
gacs_movie_trailers_00_iKZyYdwS_s0025,gacs_movie_trailers_00_iKZyYdwS
gacs_movie_trailers_00_iKZyYdwS_s0026,gacs_movie_trailers_00_iKZyYdwS
gacs_movie_trailers_00_iKZyYdwS_s0027,gacs_movie_trailers_00_iKZyYdwS
gacs_movie_trailers_00_iKZyYdwS_s0028,gacs_movie_trailers_00_iKZyYdwS
gacs_movie_trailers_00_iKZyYdwS_s0029,gacs_movie_trailers_00_iKZyYdwS
gacs_movie_trailers_00_iKZyYdwS_s0030,gacs_movie_trailers_00_iKZyYdwS
gacs_movie_trailers_00_iKZyYdwS_s0031,gacs_movie_trailers_00_iKZyYdwS
gacs_movie_trailers_00_iKZyYdwS_s0032,gacs_movie_trailers_00_iKZyYdwS
gacs_movie_trailers_00_iKZyYdwS_s0033,gacs_movie_trailers_00_iKZyYdwS
gacs_movie_trailers_00_iKZyYdwS_s0034,gacs_movie_trailers_00_iKZyYdwS
gacs_movie_trailers_00_iKZyYdwS_s0035,gacs_movie_trailers_00_iKZyYdwS
gacs_movie_trailers_00_iKZyYdwS_s0036,gacs_movie_trailers_00_iKZyYdwS
gacs_movie_trailers_00_iKZyYdwS_s0037,gacs_movie_trailers_00_iKZyYdwS
gacs_movie_trailers_00_iKZyYdwS_s0038,gacs_movie_trailers_00_iKZyYdwS
gacs_movie_trailers_00_iKZyYdwS_s0039,gacs_movie_trailers_00_iKZyYdwS
gacs_movie_trailers_00_iKZyYdwS_s0040,gacs_movie_trailers_00_iKZyYdwS
gacs_movie_trailers_00_iKZyYdwS_s0041,gacs_movie_trailers_00_iKZyYdwS
gacs_movie_trailers_00_iKZyYdwS_s0042,gacs_movie_trailers_00_iKZyYdwS
gacs_movie_trailers_00_iKZyYdwS_s0043,gacs_movie_trailers_00_iKZyYdwS
gacs_movie_trailers_00_iKZyYdwS_s0044,gacs_movie_trailers_00_iKZyYdwS
gacs_movie_trailers_00_iKZyYdwS_s0045,gacs_movie_trailers_00_iKZyYdwS
gacs_movie_trailers_00_iKZyYdwS_s0046,gacs_movie_trailers_00_iKZyYdwS
gacs_movie_trailers_00_iKZyYdwS_s0047,gacs_movie_trailers_00_iKZyYdwS
gacs_movie_trailers_00_iKZyYdwS_s0048,gacs_movie_trailers_00_iKZyYdwS
gacs_movie_trailers_00_iKZyYdwS_s0049,gacs_movie_trailers_00_iKZyYdwS
gacs_movie_trailers_00_iKZyYdwS_s0050,gacs_movie_trailers_00_iKZyYdwS
gacs_movie_trailers_00_iKZyYdwS_s0051,gacs_movie_trailers_00_iKZyYdwS
gacs_movie_trailers_00_iKZyYdwS_s0052,gacs_movie_trailers_00_iKZyYdwS
gacs_movie_trailers_00_iKZyYdwS_s0053,gacs_movie_trailers_00_iKZyYdwS
gacs_movie_trailers_00_iKZyYdwS_s0054,gacs_movie_trailers_00_iKZyYdwS
gacs_movie_trailers_00_iKZyYdwS_s0055,gacs_movie_trailers_00_iKZyYdwS
gacs_movie_trailers_00_iKZyYdwS_s0056,gacs_movie_trailers_00_iKZyYdwS
gacs_movie_trailers_00_iKZyYdwS_s0057,gacs_movie_trailers_00_iKZyYdwS
gacs_movie_trailers_00_iKZyYdwS_s0058,gacs_movie_trailers_00_iKZyYdwS
gacs_movie_trailers_00_iKZyYdwS_s0059,gacs_movie_trailers_00_iKZyYdwS
gacs_movie_trailers_00_iKZyYdwS_s0060,gacs_movie_trailers_00_iKZyYdwS
gacs_movie_trailers_00_iKZyYdwS_s0061,gacs_movie_trailers_00_iKZyYdwS
gacs_movie_trailers_00_iKZyYdwS_s0062,gacs_movie_trailers_00_iKZyYdwS
gacs_movie_trailers_00_iKZyYdwS_s0063,gacs_movie_trailers_00_iKZyYdwS
gacs_movie_trailers_00_iKZyYdwS_s0064,gacs_movie_trailers_00_iKZyYdwS
gacs_movie_trailers_00_iKZyYdwS_s0065,gacs_movie_trailers_00_iKZyYdwS
gacs_movie_trailers_00_iKZyYdwS_s0066,gacs_movie_trailers_00_iKZyYdwS
gacs_movie_trailers_00_iKZyYdwS_s0067,gacs_movie_trailers_00_iKZyYdwS
gacs_movie_trailers_00_iKZyYdwS_s0068,gacs_movie_trailers_00_iKZyYdwS
gacs_movie_trailers_00_iKZyYdwS_s0069,gacs_movie_trailers_00_iKZyYdwS
gacs_movie_trailers_00_iKZyYdwS_s0070,gacs_movie_trailers_00_iKZyYdwS
gacs_movie_trailers_00_iKZyYdwS_s0071,gacs_movie_trailers_00_iKZyYdwS
gacs_movie_trailers_00_iKZyYdwS_s0072,gacs_movie_trailers_00_iKZyYdwS
gacs_movie_trailers_00_iKZyYdwS_s0073,gacs_movie_trailers_00_iKZyYdwS
gacs_movie_trailers_00_iKZyYdwS_s0074,gacs_movie_trailers_00_iKZyYdwS
gacs_movie_trailers_00_iKZyYdwS_s0075,gacs_movie_trailers_00_iKZyYdwS
gacs_movie_trailers_00_iKZyYdwS_s0076,gacs_movie_trailers_00_iKZyYdwS
gacs_movie_trailers_00_iKZyYdwS_s0077,gacs_movie_trailers_00_iKZyYdwS
gacs_movie_trailers_00_iKZyYdwS_s0078,gacs_movie_trailers_00_iKZyYdwS
gacs_movie_trailers_00_iKZyYdwS_s0079,gacs_movie_trailers_00_iKZyYdwS
gacs_movie_trailers_00_iKZyYdwS_s0080,gacs_movie_trailers_00_iKZyYdwS
gacs_movie_trailers_00_iKZyYdwS_s0081,gacs_movie_trailers_00_iKZyYdwS
gacs_movie_trailers_00_iKZyYdwS_s0082,gacs_movie_trailers_00_iKZyYdwS
gacs_movie_trailers_00_iKZyYdwS_s0083,gacs_movie_trailers_00_iKZyYdwS
gacs_movie_trailers_00_iKZyYdwS_s0084,gacs_movie_trailers_00_iKZyYdwS
gacs_movie_trailers_02_1pHDWnXm_s0000,gacs_movie_trailers_02_1pHDWnXm
gacs_movie_trailers_02_1pHDWnXm_s0001,gacs_movie_trailers_02_1pHDWnXm
gacs_movie_trailers_02_1pHDWnXm_s0002,gacs_movie_trailers_02_1pHDWnXm
gacs_movie_trailers_02_1pHDWnXm_s0003,gacs_movie_trailers_02_1pHDWnXm
gacs_movie_trailers_02_1pHDWnXm_s0004,gacs_movie_trailers_02_1pHDWnXm
gacs_movie_trailers_02_1pHDWnXm_s0005,gacs_movie_trailers_02_1pHDWnXm
gacs_movie_trailers_02_1pHDWnXm_s0006,gacs_movie_trailers_02_1pHDWnXm
gacs_movie_trailers_02_1pHDWnXm_s0007,gacs_movie_trailers_02_1pHDWnXm
gacs_movie_trailers_02_1pHDWnXm_s0008,gacs_movie_trailers_02_1pHDWnXm
gacs_movie_trailers_02_1pHDWnXm_s0009,gacs_movie_trailers_02_1pHDWnXm
gacs_movie_trailers_02_1pHDWnXm_s0010,gacs_movie_trailers_02_1pHDWnXm
gacs_movie_trailers_02_1pHDWnXm_s0011,gacs_movie_trailers_02_1pHDWnXm
gacs_movie_trailers_02_1pHDWnXm_s0012,gacs_movie_trailers_02_1pHDWnXm
gacs_movie_trailers_02_1pHDWnXm_s0013,gacs_movie_trailers_02_1pHDWnXm
gacs_movie_trailers_02_1pHDWnXm_s0014,gacs_movie_trailers_02_1pHDWnXm
gacs_movie_trailers_02_1pHDWnXm_s0015,gacs_movie_trailers_02_1pHDWnXm
gacs_movie_trailers_02_1pHDWnXm_s0016,gacs_movie_trailers_02_1pHDWnXm
gacs_movie_trailers_02_1pHDWnXm_s0017,gacs_movie_trailers_02_1pHDWnXm
gacs_movie_trailers_02_1pHDWnXm_s0018,gacs_movie_trailers_02_1pHDWnXm
gacs_movie_trailers_02_1pHDWnXm_s0019,gacs_movie_trailers_02_1pHDWnXm
gacs_movie_trailers_02_1pHDWnXm_s0020,gacs_movie_trailers_02_1pHDWnXm
gacs_movie_trailers_02_1pHDWnXm_s0021,gacs_movie_trailers_02_1pHDWnXm
gacs_movie_trailers_02_1pHDWnXm_s0022,gacs_movie_trailers_02_1pHDWnXm
gacs_movie_trailers_02_1pHDWnXm_s0023,gacs_movie_trailers_02_1pHDWnXm
gacs_movie_trailers_02_1pHDWnXm_s0024,gacs_movie_trailers_02_1pHDWnXm
gacs_movie_trailers_02_1pHDWnXm_s0025,gacs_movie_trailers_02_1pHDWnXm
gacs_movie_trailers_02_1pHDWnXm_s0026,gacs_movie_trailers_02_1pHDWnXm
gacs_movie_trailers_02_1pHDWnXm_s0027,gacs_movie_trailers_02_1pHDWnXm
gacs_movie_trailers_02_1pHDWnXm_s0028,gacs_movie_trailers_02_1pHDWnXm
gacs_movie_trailers_02_1pHDWnXm_s0029,gacs_movie_trailers_02_1pHDWnXm
gacs_movie_trailers_02_1pHDWnXm_s0030,gacs_movie_trailers_02_1pHDWnXm
gacs_movie_trailers_02_1pHDWnXm_s0031,gacs_movie_trailers_02_1pHDWnXm
gacs_movie_trailers_02_1pHDWnXm_s0032,gacs_movie_trailers_02_1pHDWnXm
gacs_movie_trailers_02_1pHDWnXm_s0033,gacs_movie_trailers_02_1pHDWnXm
gacs_movie_trailers_02_1pHDWnXm_s0034,gacs_movie_trailers_02_1pHDWnXm
gacs_movie_trailers_02_1pHDWnXm_s0035,gacs_movie_trailers_02_1pHDWnXm
gacs_movie_trailers_02_1pHDWnXm_s0036,gacs_movie_trailers_02_1pHDWnXm
gacs_movie_trailers_02_1pHDWnXm_s0037,gacs_movie_trailers_02_1pHDWnXm
gacs_movie_trailers_02_1pHDWnXm_s0038,gacs_movie_trailers_02_1pHDWnXm
gacs_movie_trailers_02_1pHDWnXm_s0039,gacs_movie_trailers_02_1pHDWnXm
gacs_movie_trailers_02_1pHDWnXm_s0040,gacs_movie_trailers_02_1pHDWnXm
gacs_movie_trailers_02_1pHDWnXm_s0041,gacs_movie_trailers_02_1pHDWnXm
gacs_movie_trailers_02_1pHDWnXm_s0042,gacs_movie_trailers_02_1pHDWnXm
gacs_movie_trailers_02_1pHDWnXm_s0043,gacs_movie_trailers_02_1pHDWnXm
gacs_movie_trailers_02_1pHDWnXm_s0044,gacs_movie_trailers_02_1pHDWnXm
gacs_movie_trailers_02_1pHDWnXm_s0045,gacs_movie_trailers_02_1pHDWnXm
gacs_movie_trailers_02_1pHDWnXm_s0046,gacs_movie_trailers_02_1pHDWnXm
gacs_movie_trailers_02_1pHDWnXm_s0047,gacs_movie_trailers_02_1pHDWnXm
gacs_movie_trailers_02_1pHDWnXm_s0048,gacs_movie_trailers_02_1pHDWnXm
gacs_movie_trailers_02_1pHDWnXm_s0049,gacs_movie_trailers_02_1pHDWnXm
gacs_movie_trailers_02_1pHDWnXm_s0050,gacs_movie_trailers_02_1pHDWnXm
gacs_movie_trailers_02_1pHDWnXm_s0051,gacs_movie_trailers_02_1pHDWnXm
gacs_movie_trailers_02_1pHDWnXm_s0052,gacs_movie_trailers_02_1pHDWnXm
gacs_movie_trailers_02_1pHDWnXm_s0053,gacs_movie_trailers_02_1pHDWnXm
gacs_movie_trailers_02_1pHDWnXm_s0054,gacs_movie_trailers_02_1pHDWnXm
gacs_movie_trailers_02_1pHDWnXm_s0055,gacs_movie_trailers_02_1pHDWnXm
gacs_movie_trailers_02_1pHDWnXm_s0056,gacs_movie_trailers_02_1pHDWnXm
gacs_movie_trailers_02_1pHDWnXm_s0057,gacs_movie_trailers_02_1pHDWnXm
gacs_movie_trailers_02_1pHDWnXm_s0058,gacs_movie_trailers_02_1pHDWnXm
gacs_movie_trailers_02_1pHDWnXm_s0059,gacs_movie_trailers_02_1pHDWnXm
gacs_movie_trailers_02_1pHDWnXm_s0060,gacs_movie_trailers_02_1pHDWnXm
gacs_movie_trailers_02_1pHDWnXm_s0061,gacs_movie_trailers_02_1pHDWnXm
gacs_movie_trailers_02_1pHDWnXm_s0062,gacs_movie_trailers_02_1pHDWnXm
gacs_movie_trailers_02_1pHDWnXm_s0063,gacs_movie_trailers_02_1pHDWnXm
gacs_movie_trailers_02_1pHDWnXm_s0064,gacs_movie_trailers_02_1pHDWnXm
gacs_movie_trailers_02_1pHDWnXm_s0065,gacs_movie_trailers_02_1pHDWnXm
gacs_movie_trailers_02_1pHDWnXm_s0066,gacs_movie_trailers_02_1pHDWnXm
gacs_movie_trailers_02_1pHDWnXm_s0067,gacs_movie_trailers_02_1pHDWnXm
gacs_movie_trailers_02_1pHDWnXm_s0068,gacs_movie_trailers_02_1pHDWnXm
gacs_movie_trailers_02_1pHDWnXm_s0069,gacs_movie_trailers_02_1pHDWnXm
gacs_movie_trailers_02_1pHDWnXm_s0070,gacs_movie_trailers_02_1pHDWnXm
gacs_movie_trailers_02_1pHDWnXm_s0071,gacs_movie_trailers_02_1pHDWnXm
gacs_movie_trailers_02_1pHDWnXm_s0072,gacs_movie_trailers_02_1pHDWnXm
gacs_movie_trailers_02_1pHDWnXm_s0073,gacs_movie_trailers_02_1pHDWnXm
gacs_movie_trailers_02_1pHDWnXm_s0074,gacs_movie_trailers_02_1pHDWnXm
gacs_movie_trailers_02_1pHDWnXm_s0075,gacs_movie_trailers_02_1pHDWnXm
gacs_movie_trailers_02_1pHDWnXm_s0076,gacs_movie_trailers_02_1pHDWnXm
gacs_movie_trailers_02_1pHDWnXm_s0077,gacs_movie_trailers_02_1pHDWnXm
gacs_movie_trailers_02_1pHDWnXm_s0078,gacs_movie_trailers_02_1pHDWnXm
gacs_movie_trailers_02_1pHDWnXm_s0079,gacs_movie_trailers_02_1pHDWnXm
gacs_movie_trailers_02_1pHDWnXm_s0080,gacs_movie_trailers_02_1pHDWnXm
gacs_movie_trailers_02_1pHDWnXm_s0081,gacs_movie_trailers_02_1pHDWnXm
gacs_movie_trailers_02_1pHDWnXm_s0082,gacs_movie_trailers_02_1pHDWnXm
gacs_movie_trailers_02_1pHDWnXm_s0083,gacs_movie_trailers_02_1pHDWnXm
gacs_movie_trailers_02_1pHDWnXm_s0084,gacs_movie_trailers_02_1pHDWnXm
gacs_movie_trailers_02_1pHDWnXm_s0085,gacs_movie_trailers_02_1pHDWnXm
gacs_movie_trailers_02_1pHDWnXm_s0086,gacs_movie_trailers_02_1pHDWnXm
gacs_movie_trailers_02_1pHDWnXm_s0087,gacs_movie_trailers_02_1pHDWnXm
gacs_movie_trailers_02_1pHDWnXm_s0088,gacs_movie_trailers_02_1pHDWnXm
gacs_movie_trailers_02_1pHDWnXm_s0089,gacs_movie_trailers_02_1pHDWnXm
gacs_movie_trailers_02_1pHDWnXm_s0090,gacs_movie_trailers_02_1pHDWnXm
gacs_movie_trailers_02_1pHDWnXm_s0091,gacs_movie_trailers_02_1pHDWnXm
gacs_movie_trailers_02_1pHDWnXm_s0092,gacs_movie_trailers_02_1pHDWnXm
gacs_movie_trailers_02_1pHDWnXm_s0093,gacs_movie_trailers_02_1pHDWnXm
gacs_movie_trailers_02_1pHDWnXm_s0094,gacs_movie_trailers_02_1pHDWnXm
gacs_movie_trailers_02_jan5CFWs_s0000,gacs_movie_trailers_02_jan5CFWs
gacs_movie_trailers_02_jan5CFWs_s0001,gacs_movie_trailers_02_jan5CFWs
gacs_movie_trailers_02_jan5CFWs_s0002,gacs_movie_trailers_02_jan5CFWs
gacs_movie_trailers_02_jan5CFWs_s0003,gacs_movie_trailers_02_jan5CFWs
gacs_movie_trailers_02_jan5CFWs_s0004,gacs_movie_trailers_02_jan5CFWs
gacs_movie_trailers_02_jan5CFWs_s0005,gacs_movie_trailers_02_jan5CFWs
gacs_movie_trailers_02_jan5CFWs_s0006,gacs_movie_trailers_02_jan5CFWs
gacs_movie_trailers_02_jan5CFWs_s0007,gacs_movie_trailers_02_jan5CFWs
gacs_movie_trailers_02_jan5CFWs_s0008,gacs_movie_trailers_02_jan5CFWs
gacs_movie_trailers_02_jan5CFWs_s0009,gacs_movie_trailers_02_jan5CFWs
gacs_movie_trailers_02_jan5CFWs_s0010,gacs_movie_trailers_02_jan5CFWs
gacs_movie_trailers_02_jan5CFWs_s0011,gacs_movie_trailers_02_jan5CFWs
gacs_movie_trailers_02_jan5CFWs_s0012,gacs_movie_trailers_02_jan5CFWs
gacs_movie_trailers_02_jan5CFWs_s0013,gacs_movie_trailers_02_jan5CFWs
gacs_movie_trailers_02_jan5CFWs_s0014,gacs_movie_trailers_02_jan5CFWs
gacs_movie_trailers_02_jan5CFWs_s0015,gacs_movie_trailers_02_jan5CFWs
gacs_movie_trailers_02_jan5CFWs_s0016,gacs_movie_trailers_02_jan5CFWs
gacs_movie_trailers_02_jan5CFWs_s0017,gacs_movie_trailers_02_jan5CFWs
gacs_movie_trailers_02_jan5CFWs_s0018,gacs_movie_trailers_02_jan5CFWs
gacs_movie_trailers_02_jan5CFWs_s0019,gacs_movie_trailers_02_jan5CFWs
gacs_movie_trailers_02_jan5CFWs_s0020,gacs_movie_trailers_02_jan5CFWs
gacs_movie_trailers_02_jan5CFWs_s0021,gacs_movie_trailers_02_jan5CFWs
gacs_movie_trailers_02_jan5CFWs_s0022,gacs_movie_trailers_02_jan5CFWs
gacs_movie_trailers_02_jan5CFWs_s0023,gacs_movie_trailers_02_jan5CFWs
gacs_movie_trailers_02_jan5CFWs_s0024,gacs_movie_trailers_02_jan5CFWs
gacs_movie_trailers_02_jan5CFWs_s0025,gacs_movie_trailers_02_jan5CFWs
gacs_movie_trailers_02_jan5CFWs_s0026,gacs_movie_trailers_02_jan5CFWs
gacs_movie_trailers_02_jan5CFWs_s0027,gacs_movie_trailers_02_jan5CFWs
gacs_movie_trailers_02_jan5CFWs_s0028,gacs_movie_trailers_02_jan5CFWs
gacs_movie_trailers_02_jan5CFWs_s0029,gacs_movie_trailers_02_jan5CFWs
gacs_movie_trailers_02_jan5CFWs_s0030,gacs_movie_trailers_02_jan5CFWs
gacs_movie_trailers_02_jan5CFWs_s0031,gacs_movie_trailers_02_jan5CFWs
gacs_movie_trailers_02_jan5CFWs_s0032,gacs_movie_trailers_02_jan5CFWs
gacs_movie_trailers_02_jan5CFWs_s0033,gacs_movie_trailers_02_jan5CFWs
gacs_movie_trailers_02_jan5CFWs_s0034,gacs_movie_trailers_02_jan5CFWs
gacs_movie_trailers_02_jan5CFWs_s0035,gacs_movie_trailers_02_jan5CFWs
gacs_movie_trailers_02_jan5CFWs_s0036,gacs_movie_trailers_02_jan5CFWs
gacs_movie_trailers_02_jan5CFWs_s0037,gacs_movie_trailers_02_jan5CFWs
gacs_movie_trailers_02_jan5CFWs_s0038,gacs_movie_trailers_02_jan5CFWs
gacs_movie_trailers_02_jan5CFWs_s0039,gacs_movie_trailers_02_jan5CFWs
gacs_movie_trailers_02_jan5CFWs_s0040,gacs_movie_trailers_02_jan5CFWs
gacs_movie_trailers_02_jan5CFWs_s0041,gacs_movie_trailers_02_jan5CFWs
gacs_movie_trailers_02_jan5CFWs_s0042,gacs_movie_trailers_02_jan5CFWs
gacs_movie_trailers_02_jan5CFWs_s0043,gacs_movie_trailers_02_jan5CFWs
gacs_movie_trailers_02_jan5CFWs_s0044,gacs_movie_trailers_02_jan5CFWs
gacs_movie_trailers_02_jan5CFWs_s0045,gacs_movie_trailers_02_jan5CFWs
gacs_movie_trailers_02_jan5CFWs_s0046,gacs_movie_trailers_02_jan5CFWs
gacs_movie_trailers_02_jan5CFWs_s0047,gacs_movie_trailers_02_jan5CFWs
gacs_movie_trailers_02_jan5CFWs_s0048,gacs_movie_trailers_02_jan5CFWs
gacs_movie_trailers_02_jan5CFWs_s0049,gacs_movie_trailers_02_jan5CFWs
gacs_movie_trailers_02_jan5CFWs_s0050,gacs_movie_trailers_02_jan5CFWs
gacs_movie_trailers_02_jan5CFWs_s0051,gacs_movie_trailers_02_jan5CFWs
gacs_movie_trailers_02_jan5CFWs_s0052,gacs_movie_trailers_02_jan5CFWs
gacs_movie_trailers_02_jan5CFWs_s0053,gacs_movie_trailers_02_jan5CFWs
gacs_movie_trailers_02_jan5CFWs_s0054,gacs_movie_trailers_02_jan5CFWs
gacs_movie_trailers_02_jan5CFWs_s0055,gacs_movie_trailers_02_jan5CFWs
gacs_movie_trailers_02_jan5CFWs_s0056,gacs_movie_trailers_02_jan5CFWs
gacs_movie_trailers_02_jan5CFWs_s0057,gacs_movie_trailers_02_jan5CFWs
gacs_movie_trailers_02_jan5CFWs_s0058,gacs_movie_trailers_02_jan5CFWs
gacs_movie_trailers_02_jan5CFWs_s0059,gacs_movie_trailers_02_jan5CFWs
gacs_movie_trailers_02_jan5CFWs_s0060,gacs_movie_trailers_02_jan5CFWs
gacs_movie_trailers_02_jan5CFWs_s0061,gacs_movie_trailers_02_jan5CFWs
gacs_movie_trailers_02_jan5CFWs_s0062,gacs_movie_trailers_02_jan5CFWs
gacs_movie_trailers_02_jan5CFWs_s0063,gacs_movie_trailers_02_jan5CFWs
gacs_movie_trailers_02_jan5CFWs_s0064,gacs_movie_trailers_02_jan5CFWs
gacs_movie_trailers_02_jan5CFWs_s0065,gacs_movie_trailers_02_jan5CFWs
gacs_movie_trailers_02_jan5CFWs_s0066,gacs_movie_trailers_02_jan5CFWs
gacs_movie_trailers_02_jan5CFWs_s0067,gacs_movie_trailers_02_jan5CFWs
gacs_movie_trailers_02_jan5CFWs_s0068,gacs_movie_trailers_02_jan5CFWs
gacs_movie_trailers_02_jan5CFWs_s0069,gacs_movie_trailers_02_jan5CFWs
gacs_movie_trailers_02_jan5CFWs_s0070,gacs_movie_trailers_02_jan5CFWs
gacs_movie_trailers_02_jan5CFWs_s0071,gacs_movie_trailers_02_jan5CFWs
gacs_movie_trailers_02_jan5CFWs_s0072,gacs_movie_trailers_02_jan5CFWs
gacs_movie_trailers_02_jan5CFWs_s0073,gacs_movie_trailers_02_jan5CFWs
gacs_movie_trailers_02_jan5CFWs_s0074,gacs_movie_trailers_02_jan5CFWs
gacs_movie_trailers_02_jan5CFWs_s0075,gacs_movie_trailers_02_jan5CFWs
gacs_movie_trailers_02_jan5CFWs_s0076,gacs_movie_trailers_02_jan5CFWs
gacs_movie_trailers_02_jan5CFWs_s0077,gacs_movie_trailers_02_jan5CFWs
gacs_movie_trailers_02_jan5CFWs_s0078,gacs_movie_trailers_02_jan5CFWs
gacs_movie_trailers_02_jan5CFWs_s0079,gacs_movie_trailers_02_jan5CFWs
gacs_movie_trailers_02_jan5CFWs_s0080,gacs_movie_trailers_02_jan5CFWs
gacs_movie_trailers_02_jan5CFWs_s0081,gacs_movie_trailers_02_jan5CFWs
gacs_movie_trailers_02_jan5CFWs_s0082,gacs_movie_trailers_02_jan5CFWs
gacs_movie_trailers_03_-sAOWhvh_s0000,gacs_movie_trailers_03_-sAOWhvh
gacs_movie_trailers_03_-sAOWhvh_s0001,gacs_movie_trailers_03_-sAOWhvh
gacs_movie_trailers_03_-sAOWhvh_s0002,gacs_movie_trailers_03_-sAOWhvh
gacs_movie_trailers_03_-sAOWhvh_s0003,gacs_movie_trailers_03_-sAOWhvh
gacs_movie_trailers_03_-sAOWhvh_s0004,gacs_movie_trailers_03_-sAOWhvh
gacs_movie_trailers_03_-sAOWhvh_s0005,gacs_movie_trailers_03_-sAOWhvh
gacs_movie_trailers_03_-sAOWhvh_s0006,gacs_movie_trailers_03_-sAOWhvh
gacs_movie_trailers_03_-sAOWhvh_s0007,gacs_movie_trailers_03_-sAOWhvh
gacs_movie_trailers_03_-sAOWhvh_s0008,gacs_movie_trailers_03_-sAOWhvh
gacs_movie_trailers_03_-sAOWhvh_s0009,gacs_movie_trailers_03_-sAOWhvh
gacs_movie_trailers_03_-sAOWhvh_s0010,gacs_movie_trailers_03_-sAOWhvh
gacs_movie_trailers_03_-sAOWhvh_s0011,gacs_movie_trailers_03_-sAOWhvh
gacs_movie_trailers_03_-sAOWhvh_s0012,gacs_movie_trailers_03_-sAOWhvh
gacs_movie_trailers_03_-sAOWhvh_s0013,gacs_movie_trailers_03_-sAOWhvh
gacs_movie_trailers_03_-sAOWhvh_s0014,gacs_movie_trailers_03_-sAOWhvh
gacs_movie_trailers_03_-sAOWhvh_s0015,gacs_movie_trailers_03_-sAOWhvh
gacs_movie_trailers_03_-sAOWhvh_s0016,gacs_movie_trailers_03_-sAOWhvh
gacs_movie_trailers_03_-sAOWhvh_s0017,gacs_movie_trailers_03_-sAOWhvh
gacs_movie_trailers_03_-sAOWhvh_s0018,gacs_movie_trailers_03_-sAOWhvh
gacs_movie_trailers_03_-sAOWhvh_s0019,gacs_movie_trailers_03_-sAOWhvh
gacs_movie_trailers_03_-sAOWhvh_s0020,gacs_movie_trailers_03_-sAOWhvh
gacs_movie_trailers_03_-sAOWhvh_s0021,gacs_movie_trailers_03_-sAOWhvh
gacs_movie_trailers_03_-sAOWhvh_s0022,gacs_movie_trailers_03_-sAOWhvh
gacs_movie_trailers_03_-sAOWhvh_s0023,gacs_movie_trailers_03_-sAOWhvh
gacs_movie_trailers_03_-sAOWhvh_s0024,gacs_movie_trailers_03_-sAOWhvh
gacs_movie_trailers_03_-sAOWhvh_s0025,gacs_movie_trailers_03_-sAOWhvh
gacs_movie_trailers_03_-sAOWhvh_s0026,gacs_movie_trailers_03_-sAOWhvh
gacs_movie_trailers_03_-sAOWhvh_s0027,gacs_movie_trailers_03_-sAOWhvh
gacs_movie_trailers_03_-sAOWhvh_s0028,gacs_movie_trailers_03_-sAOWhvh
gacs_movie_trailers_03_-sAOWhvh_s0029,gacs_movie_trailers_03_-sAOWhvh
gacs_movie_trailers_03_-sAOWhvh_s0030,gacs_movie_trailers_03_-sAOWhvh
gacs_movie_trailers_03_-sAOWhvh_s0031,gacs_movie_trailers_03_-sAOWhvh
gacs_movie_trailers_03_-sAOWhvh_s0032,gacs_movie_trailers_03_-sAOWhvh
gacs_movie_trailers_03_-sAOWhvh_s0033,gacs_movie_trailers_03_-sAOWhvh
gacs_movie_trailers_03_-sAOWhvh_s0034,gacs_movie_trailers_03_-sAOWhvh
gacs_movie_trailers_03_-sAOWhvh_s0035,gacs_movie_trailers_03_-sAOWhvh
gacs_movie_trailers_03_-sAOWhvh_s0036,gacs_movie_trailers_03_-sAOWhvh
gacs_movie_trailers_03_-sAOWhvh_s0037,gacs_movie_trailers_03_-sAOWhvh
gacs_movie_trailers_03_-sAOWhvh_s0038,gacs_movie_trailers_03_-sAOWhvh
gacs_movie_trailers_03_-sAOWhvh_s0039,gacs_movie_trailers_03_-sAOWhvh
gacs_movie_trailers_03_-sAOWhvh_s0040,gacs_movie_trailers_03_-sAOWhvh
gacs_movie_trailers_03_-sAOWhvh_s0041,gacs_movie_trailers_03_-sAOWhvh
gacs_movie_trailers_03_-sAOWhvh_s0042,gacs_movie_trailers_03_-sAOWhvh
gacs_movie_trailers_03_-sAOWhvh_s0043,gacs_movie_trailers_03_-sAOWhvh
gacs_movie_trailers_03_-sAOWhvh_s0044,gacs_movie_trailers_03_-sAOWhvh
gacs_movie_trailers_03_-sAOWhvh_s0045,gacs_movie_trailers_03_-sAOWhvh
gacs_movie_trailers_03_-sAOWhvh_s0046,gacs_movie_trailers_03_-sAOWhvh
gacs_movie_trailers_03_-sAOWhvh_s0047,gacs_movie_trailers_03_-sAOWhvh
gacs_movie_trailers_03_-sAOWhvh_s0048,gacs_movie_trailers_03_-sAOWhvh
gacs_movie_trailers_03_-sAOWhvh_s0049,gacs_movie_trailers_03_-sAOWhvh
gacs_movie_trailers_03_-sAOWhvh_s0050,gacs_movie_trailers_03_-sAOWhvh
gacs_movie_trailers_03_-sAOWhvh_s0051,gacs_movie_trailers_03_-sAOWhvh
gacs_movie_trailers_03_-sAOWhvh_s0052,gacs_movie_trailers_03_-sAOWhvh
gacs_movie_trailers_03_-sAOWhvh_s0053,gacs_movie_trailers_03_-sAOWhvh
gacs_movie_trailers_03_-sAOWhvh_s0054,gacs_movie_trailers_03_-sAOWhvh
gacs_movie_trailers_03_-sAOWhvh_s0055,gacs_movie_trailers_03_-sAOWhvh
gacs_movie_trailers_03_-sAOWhvh_s0056,gacs_movie_trailers_03_-sAOWhvh
gacs_movie_trailers_03_-sAOWhvh_s0057,gacs_movie_trailers_03_-sAOWhvh
gacs_movie_trailers_03_-sAOWhvh_s0058,gacs_movie_trailers_03_-sAOWhvh
gacs_movie_trailers_03_-sAOWhvh_s0059,gacs_movie_trailers_03_-sAOWhvh
gacs_movie_trailers_03_-sAOWhvh_s0060,gacs_movie_trailers_03_-sAOWhvh
gacs_movie_trailers_03_-sAOWhvh_s0061,gacs_movie_trailers_03_-sAOWhvh
gacs_movie_trailers_03_-sAOWhvh_s0062,gacs_movie_trailers_03_-sAOWhvh
gacs_movie_trailers_03_-sAOWhvh_s0063,gacs_movie_trailers_03_-sAOWhvh
gacs_movie_trailers_03_-sAOWhvh_s0064,gacs_movie_trailers_03_-sAOWhvh
gacs_movie_trailers_03_-sAOWhvh_s0065,gacs_movie_trailers_03_-sAOWhvh
gacs_movie_trailers_03_-sAOWhvh_s0066,gacs_movie_trailers_03_-sAOWhvh
gacs_movie_trailers_03_-sAOWhvh_s0067,gacs_movie_trailers_03_-sAOWhvh
gacs_movie_trailers_03_-sAOWhvh_s0068,gacs_movie_trailers_03_-sAOWhvh
gacs_movie_trailers_03_-sAOWhvh_s0069,gacs_movie_trailers_03_-sAOWhvh
gacs_movie_trailers_03_-sAOWhvh_s0070,gacs_movie_trailers_03_-sAOWhvh
gacs_movie_trailers_03_-sAOWhvh_s0071,gacs_movie_trailers_03_-sAOWhvh
gacs_movie_trailers_03_-sAOWhvh_s0072,gacs_movie_trailers_03_-sAOWhvh
gacs_movie_trailers_03_-sAOWhvh_s0073,gacs_movie_trailers_03_-sAOWhvh
gacs_movie_trailers_03_-sAOWhvh_s0074,gacs_movie_trailers_03_-sAOWhvh
gacs_movie_trailers_03_-sAOWhvh_s0075,gacs_movie_trailers_03_-sAOWhvh
gacs_movie_trailers_03_-sAOWhvh_s0076,gacs_movie_trailers_03_-sAOWhvh
gacs_movie_trailers_03_-sAOWhvh_s0077,gacs_movie_trailers_03_-sAOWhvh
gacs_movie_trailers_04_LhRXf-yE_s0000,gacs_movie_trailers_04_LhRXf-yE
gacs_movie_trailers_04_LhRXf-yE_s0001,gacs_movie_trailers_04_LhRXf-yE
gacs_movie_trailers_04_LhRXf-yE_s0002,gacs_movie_trailers_04_LhRXf-yE
gacs_movie_trailers_04_LhRXf-yE_s0003,gacs_movie_trailers_04_LhRXf-yE
gacs_movie_trailers_04_LhRXf-yE_s0004,gacs_movie_trailers_04_LhRXf-yE
gacs_movie_trailers_04_LhRXf-yE_s0005,gacs_movie_trailers_04_LhRXf-yE
gacs_movie_trailers_04_LhRXf-yE_s0006,gacs_movie_trailers_04_LhRXf-yE
gacs_movie_trailers_04_LhRXf-yE_s0007,gacs_movie_trailers_04_LhRXf-yE
gacs_movie_trailers_04_LhRXf-yE_s0008,gacs_movie_trailers_04_LhRXf-yE
gacs_movie_trailers_04_LhRXf-yE_s0009,gacs_movie_trailers_04_LhRXf-yE
gacs_movie_trailers_04_LhRXf-yE_s0010,gacs_movie_trailers_04_LhRXf-yE
gacs_movie_trailers_04_LhRXf-yE_s0011,gacs_movie_trailers_04_LhRXf-yE
gacs_movie_trailers_04_LhRXf-yE_s0012,gacs_movie_trailers_04_LhRXf-yE
gacs_movie_trailers_04_LhRXf-yE_s0013,gacs_movie_trailers_04_LhRXf-yE
gacs_movie_trailers_04_LhRXf-yE_s0014,gacs_movie_trailers_04_LhRXf-yE
gacs_movie_trailers_04_LhRXf-yE_s0015,gacs_movie_trailers_04_LhRXf-yE
gacs_movie_trailers_04_LhRXf-yE_s0016,gacs_movie_trailers_04_LhRXf-yE
gacs_movie_trailers_04_LhRXf-yE_s0017,gacs_movie_trailers_04_LhRXf-yE
gacs_movie_trailers_04_LhRXf-yE_s0018,gacs_movie_trailers_04_LhRXf-yE
gacs_movie_trailers_04_LhRXf-yE_s0019,gacs_movie_trailers_04_LhRXf-yE
gacs_movie_trailers_04_LhRXf-yE_s0020,gacs_movie_trailers_04_LhRXf-yE
gacs_movie_trailers_04_LhRXf-yE_s0021,gacs_movie_trailers_04_LhRXf-yE
gacs_movie_trailers_04_LhRXf-yE_s0022,gacs_movie_trailers_04_LhRXf-yE
gacs_movie_trailers_04_LhRXf-yE_s0023,gacs_movie_trailers_04_LhRXf-yE
gacs_movie_trailers_04_LhRXf-yE_s0024,gacs_movie_trailers_04_LhRXf-yE
gacs_movie_trailers_04_LhRXf-yE_s0025,gacs_movie_trailers_04_LhRXf-yE
gacs_movie_trailers_04_LhRXf-yE_s0026,gacs_movie_trailers_04_LhRXf-yE
gacs_movie_trailers_04_LhRXf-yE_s0027,gacs_movie_trailers_04_LhRXf-yE
gacs_movie_trailers_04_LhRXf-yE_s0028,gacs_movie_trailers_04_LhRXf-yE
gacs_movie_trailers_04_LhRXf-yE_s0029,gacs_movie_trailers_04_LhRXf-yE
gacs_movie_trailers_04_LhRXf-yE_s0030,gacs_movie_trailers_04_LhRXf-yE
gacs_movie_trailers_04_LhRXf-yE_s0031,gacs_movie_trailers_04_LhRXf-yE
gacs_movie_trailers_04_LhRXf-yE_s0032,gacs_movie_trailers_04_LhRXf-yE
gacs_movie_trailers_04_LhRXf-yE_s0033,gacs_movie_trailers_04_LhRXf-yE
gacs_movie_trailers_04_LhRXf-yE_s0034,gacs_movie_trailers_04_LhRXf-yE
gacs_movie_trailers_04_LhRXf-yE_s0035,gacs_movie_trailers_04_LhRXf-yE
gacs_movie_trailers_04_LhRXf-yE_s0036,gacs_movie_trailers_04_LhRXf-yE
gacs_movie_trailers_04_LhRXf-yE_s0037,gacs_movie_trailers_04_LhRXf-yE
gacs_movie_trailers_04_LhRXf-yE_s0038,gacs_movie_trailers_04_LhRXf-yE
gacs_movie_trailers_04_LhRXf-yE_s0039,gacs_movie_trailers_04_LhRXf-yE
gacs_movie_trailers_04_LhRXf-yE_s0040,gacs_movie_trailers_04_LhRXf-yE
gacs_movie_trailers_04_LhRXf-yE_s0041,gacs_movie_trailers_04_LhRXf-yE
gacs_movie_trailers_04_LhRXf-yE_s0042,gacs_movie_trailers_04_LhRXf-yE
gacs_movie_trailers_04_LhRXf-yE_s0043,gacs_movie_trailers_04_LhRXf-yE
gacs_movie_trailers_04_LhRXf-yE_s0044,gacs_movie_trailers_04_LhRXf-yE
gacs_movie_trailers_04_LhRXf-yE_s0045,gacs_movie_trailers_04_LhRXf-yE
gacs_movie_trailers_04_LhRXf-yE_s0046,gacs_movie_trailers_04_LhRXf-yE
gacs_movie_trailers_04_LhRXf-yE_s0047,gacs_movie_trailers_04_LhRXf-yE
gacs_movie_trailers_04_LhRXf-yE_s0048,gacs_movie_trailers_04_LhRXf-yE
gacs_movie_trailers_04_LhRXf-yE_s0049,gacs_movie_trailers_04_LhRXf-yE
gacs_movie_trailers_04_LhRXf-yE_s0050,gacs_movie_trailers_04_LhRXf-yE
gacs_movie_trailers_04_LhRXf-yE_s0051,gacs_movie_trailers_04_LhRXf-yE
gacs_movie_trailers_04_LhRXf-yE_s0052,gacs_movie_trailers_04_LhRXf-yE
gacs_movie_trailers_04_LhRXf-yE_s0053,gacs_movie_trailers_04_LhRXf-yE
gacs_movie_trailers_04_LhRXf-yE_s0054,gacs_movie_trailers_04_LhRXf-yE
gacs_movie_trailers_04_LhRXf-yE_s0055,gacs_movie_trailers_04_LhRXf-yE
gacs_movie_trailers_04_LhRXf-yE_s0056,gacs_movie_trailers_04_LhRXf-yE
gacs_movie_trailers_04_LhRXf-yE_s0057,gacs_movie_trailers_04_LhRXf-yE
gacs_movie_trailers_04_LhRXf-yE_s0058,gacs_movie_trailers_04_LhRXf-yE
gacs_movie_trailers_04_LhRXf-yE_s0059,gacs_movie_trailers_04_LhRXf-yE
gacs_movie_trailers_04_LhRXf-yE_s0060,gacs_movie_trailers_04_LhRXf-yE
gacs_movie_trailers_04_LhRXf-yE_s0061,gacs_movie_trailers_04_LhRXf-yE
gacs_movie_trailers_04_LhRXf-yE_s0062,gacs_movie_trailers_04_LhRXf-yE
gacs_movie_trailers_04_LhRXf-yE_s0063,gacs_movie_trailers_04_LhRXf-yE
gacs_movie_trailers_04_LhRXf-yE_s0064,gacs_movie_trailers_04_LhRXf-yE
gacs_movie_trailers_04_LhRXf-yE_s0065,gacs_movie_trailers_04_LhRXf-yE
gacs_movie_trailers_04_LhRXf-yE_s0066,gacs_movie_trailers_04_LhRXf-yE
gacs_movie_trailers_04_LhRXf-yE_s0067,gacs_movie_trailers_04_LhRXf-yE
gacs_movie_trailers_04_LhRXf-yE_s0068,gacs_movie_trailers_04_LhRXf-yE
gacs_movie_trailers_04_LhRXf-yE_s0069,gacs_movie_trailers_04_LhRXf-yE
gacs_movie_trailers_04_LhRXf-yE_s0070,gacs_movie_trailers_04_LhRXf-yE
gacs_movie_trailers_04_LhRXf-yE_s0071,gacs_movie_trailers_04_LhRXf-yE
gacs_movie_trailers_04_LhRXf-yE_s0072,gacs_movie_trailers_04_LhRXf-yE
gacs_movie_trailers_04_LhRXf-yE_s0073,gacs_movie_trailers_04_LhRXf-yE
gacs_movie_trailers_04_LhRXf-yE_s0074,gacs_movie_trailers_04_LhRXf-yE
gacs_movie_trailers_04_LhRXf-yE_s0075,gacs_movie_trailers_04_LhRXf-yE
gacs_movie_trailers_04_LhRXf-yE_s0076,gacs_movie_trailers_04_LhRXf-yE
gacs_movie_trailers_04_LhRXf-yE_s0077,gacs_movie_trailers_04_LhRXf-yE
gacs_movie_trailers_04_LhRXf-yE_s0078,gacs_movie_trailers_04_LhRXf-yE
gacs_movie_trailers_04_LhRXf-yE_s0079,gacs_movie_trailers_04_LhRXf-yE
gacs_movie_trailers_04_LhRXf-yE_s0080,gacs_movie_trailers_04_LhRXf-yE
gacs_movie_trailers_04_LhRXf-yE_s0081,gacs_movie_trailers_04_LhRXf-yE
gacs_movie_trailers_04_LhRXf-yE_s0082,gacs_movie_trailers_04_LhRXf-yE
gacs_movie_trailers_04_LhRXf-yE_s0083,gacs_movie_trailers_04_LhRXf-yE
gacs_movie_trailers_04_LhRXf-yE_s0084,gacs_movie_trailers_04_LhRXf-yE
gacs_movie_trailers_04_LhRXf-yE_s0085,gacs_movie_trailers_04_LhRXf-yE
gacs_movie_trailers_04_LhRXf-yE_s0086,gacs_movie_trailers_04_LhRXf-yE
gacs_movie_trailers_04_LhRXf-yE_s0087,gacs_movie_trailers_04_LhRXf-yE
gacs_movie_trailers_04_LhRXf-yE_s0088,gacs_movie_trailers_04_LhRXf-yE
gacs_movie_trailers_04_LhRXf-yE_s0089,gacs_movie_trailers_04_LhRXf-yE
gacs_movie_trailers_04_LhRXf-yE_s0090,gacs_movie_trailers_04_LhRXf-yE
gacs_movie_trailers_04_LhRXf-yE_s0091,gacs_movie_trailers_04_LhRXf-yE
gacs_movie_trailers_04_LhRXf-yE_s0092,gacs_movie_trailers_04_LhRXf-yE
gacs_movie_trailers_04_LhRXf-yE_s0093,gacs_movie_trailers_04_LhRXf-yE
gacs_movie_trailers_04_LhRXf-yE_s0094,gacs_movie_trailers_04_LhRXf-yE
gacs_movie_trailers_04_LhRXf-yE_s0095,gacs_movie_trailers_04_LhRXf-yE
gacs_movie_trailers_04_LhRXf-yE_s0096,gacs_movie_trailers_04_LhRXf-yE
gacs_movie_trailers_04_LhRXf-yE_s0097,gacs_movie_trailers_04_LhRXf-yE
gacs_movie_trailers_04_LhRXf-yE_s0098,gacs_movie_trailers_04_LhRXf-yE
gacs_movie_trailers_04_LhRXf-yE_s0099,gacs_movie_trailers_04_LhRXf-yE
gacs_movie_trailers_04_LhRXf-yE_s0100,gacs_movie_trailers_04_LhRXf-yE
gacs_movie_trailers_04_LhRXf-yE_s0101,gacs_movie_trailers_04_LhRXf-yE
gacs_movie_trailers_04_LhRXf-yE_s0102,gacs_movie_trailers_04_LhRXf-yE
gacs_movie_trailers_04_LhRXf-yE_s0103,gacs_movie_trailers_04_LhRXf-yE
gacs_movie_trailers_04_LhRXf-yE_s0104,gacs_movie_trailers_04_LhRXf-yE
gacs_movie_trailers_04_LhRXf-yE_s0105,gacs_movie_trailers_04_LhRXf-yE
gacs_movie_trailers_04_LhRXf-yE_s0106,gacs_movie_trailers_04_LhRXf-yE
gacs_movie_trailers_04_LhRXf-yE_s0107,gacs_movie_trailers_04_LhRXf-yE
gacs_movie_trailers_04_LhRXf-yE_s0108,gacs_movie_trailers_04_LhRXf-yE
gacs_movie_trailers_04_LhRXf-yE_s0109,gacs_movie_trailers_04_LhRXf-yE
gacs_movie_trailers_04_LhRXf-yE_s0110,gacs_movie_trailers_04_LhRXf-yE
gacs_movie_trailers_04_LhRXf-yE_s0111,gacs_movie_trailers_04_LhRXf-yE
gacs_movie_trailers_04_LhRXf-yE_s0112,gacs_movie_trailers_04_LhRXf-yE
gacs_movie_trailers_04_LhRXf-yE_s0113,gacs_movie_trailers_04_LhRXf-yE
gacs_movie_trailers_04_LhRXf-yE_s0114,gacs_movie_trailers_04_LhRXf-yE
gacs_movie_trailers_04_LhRXf-yE_s0115,gacs_movie_trailers_04_LhRXf-yE
gacs_movie_trailers_04_LhRXf-yE_s0116,gacs_movie_trailers_04_LhRXf-yE
gacs_movie_trailers_04_LhRXf-yE_s0117,gacs_movie_trailers_04_LhRXf-yE
