original,normalized
cold somber natural quizzical cinematic realistic wintery raccoon squirrel snow trees branches,"mood: cold, somber, natural, quizzical. style: cinematic, realistic, wintery. objects: raccoon, squirrel, snow, trees, branches"
triumphant ecstatic joyful powerful dynamic realistic vibrant player racket court crowd sign,"mood: triumphant, ecstatic, joyful, powerful. style: dynamic, realistic, vibrant. objects: player, racket, court, crowd, sign"
dark blurry calm pensive nocturnal blurry nocturnal urban person hair lights city street,"mood: dark, blurry, calm, pensive, nocturnal. style: blurry, nocturnal, urban. objects: person, hair, lights, city, street"
vulnerable cute chaotic anxious determined animated cinematic charming bird sand water hills rocks,"mood: vulnerable, cute, chaotic, anxious, determined. style: animated, cinematic, charming. objects: bird, sand, water, hills, rocks"
peaceful curious gentle hopeful animated warm soft bird water mountains reflection pebble,"mood: peaceful, curious, gentle, hopeful. style: animated, warm, soft. objects: bird, water, mountains, reflection, pebble"
peaceful gentle curious tender animated cinematic realistic birds water beach shell rocks,"mood: peaceful, gentle, curious, tender. style: animated, cinematic, realistic. objects: birds, water, beach, shell, rocks"
peaceful serene tranquil charming gentle animated cinematic whimsical birds water beach shells rocks,"mood: peaceful, serene, tranquil, charming, gentle. style: animated, cinematic, whimsical. objects: birds, water, beach, shells, rocks"
peaceful curious vulnerable bright animated cinematic naturalistic birds water sky beach mountains,"mood: peaceful, curious, vulnerable, bright. style: animated, cinematic, naturalistic. objects: birds, water, sky, beach, mountains"
peaceful tranquil warm hopeful cinematic vibrant natural sun ocean beach waves bird,"mood: peaceful, tranquil, warm, hopeful. style: cinematic, vibrant, natural. objects: sun, ocean, beach, waves, bird"
inviting direct engaging functional digital clean modern text words background particles,"mood: inviting, direct, engaging, functional. style: digital, clean, modern. objects: text, words, background, particles"
encouraging positive uplifting inviting graphic digital bold text slogan typography,"mood: encouraging, positive, uplifting, inviting. style: graphic, digital, bold. objects: text, slogan, typography"
calm peaceful serene quiet ordinary animated illustrated quaint building street tree streetlight crosswalk,"mood: calm, peaceful, serene, quiet, ordinary. style: animated, illustrated, quaint. objects: building, street, tree, streetlight, crosswalk"
calm bright peaceful animated animated illustrative bright buildings windows sky streetlight palm tree,"mood: calm, bright, peaceful, animated. style: animated, illustrative, bright. objects: buildings, windows, sky, streetlight, palm tree"
calm peaceful dreamy serene light animated illustrated pastel buildings trees street text pole,"mood: calm, peaceful, dreamy, serene, light. style: animated, illustrated, pastel. objects: buildings, trees, street, text, pole"
tense serious concerned displeased realistic domestic naturalistic man sofa curtains vase flowers,"mood: tense, serious, concerned, displeased. style: realistic, domestic, naturalistic. objects: man, sofa, curtains, vase, flowers"
pensive thoughtful quiet subdued naturalistic soft-lit candid woman sofa curtains flowers vase,"mood: pensive, thoughtful, quiet, subdued. style: naturalistic, soft-lit, candid. objects: woman, sofa, curtains, flowers, vase"
pensive thoughtful subdued reflective realistic indoor natural woman earrings saree flowers vase,"mood: pensive, thoughtful, subdued, reflective. style: realistic, indoor, natural. objects: woman, earrings, saree, flowers, vase"
engaging serious calm thoughtful candid natural informal woman man sofa vase flowers,"mood: engaging, serious, calm, thoughtful. style: candid, natural, informal. objects: woman, man, sofa, vase, flowers"
surprised confused anxious concerned candid domestic naturalistic man couch curtains flowers frames,"mood: surprised, confused, anxious, concerned. style: candid, domestic, naturalistic. objects: man, couch, curtains, flowers, frames"
thoughtful pensive calm serious candid realistic portrait woman earrings flowers sari couch,"mood: thoughtful, pensive, calm, serious. style: candid, realistic, portrait. objects: woman, earrings, flowers, sari, couch"
serious concerned tense conversational domestic realistic candid domestic people sofa table handbag tablet,"mood: serious, concerned, tense, conversational, domestic. style: realistic, candid, domestic. objects: people, sofa, table, handbag, tablet"
concerned serious uneasy candid natural realistic man woman sofa flowers vase,"mood: concerned, serious, uneasy. style: candid, natural, realistic. objects: man, woman, sofa, flowers, vase"
thoughtful quiet neutral serious domestic naturalistic contemporary people couch coffee table curtains handbag,"mood: thoughtful, quiet, neutral, serious. style: domestic, naturalistic, contemporary. objects: people, couch, coffee table, curtains, handbag"
disengaged conversational domestic ordinary candid casual natural videographic man woman sofa phone flowers,"mood: disengaged, conversational, domestic, ordinary, candid. style: casual, natural, videographic. objects: man, woman, sofa, phone, flowers"
pensive calm somber contemplative realistic natural domestic woman sari sofa flowers curtain,"mood: pensive, calm, somber, contemplative. style: realistic, natural, domestic. objects: woman, sari, sofa, flowers, curtain"
tense strained somber concerned realistic candid natural man woman couch phone flowers,"mood: tense, strained, somber, concerned. style: realistic, candid, natural. objects: man, woman, couch, phone, flowers"
expressive engaged conversational intimate focused candid domestic realistic woman man sofa earrings flowers,"mood: expressive, engaged, conversational, intimate, focused. style: candid, domestic, realistic. objects: woman, man, sofa, earrings, flowers"
concerned expressive questioning earnest cinematic natural domestic woman earrings flowers vase sofa,"mood: concerned, expressive, questioning, earnest. style: cinematic, natural, domestic. objects: woman, earrings, flowers, vase, sofa"
displeased concerned uneasy serious candid domestic realistic woman earrings flowers vase couch,"mood: displeased, concerned, uneasy, serious. style: candid, domestic, realistic. objects: woman, earrings, flowers, vase, couch"
conversational domestic engaged tense realistic domestic modern people sofa coffee table saree curtains,"mood: conversational, domestic, engaged, tense. style: realistic, domestic, modern. objects: people, sofa, coffee table, saree, curtains"
pensive worried somber quiet domestic natural everyday woman couch saree vase flowers,"mood: pensive, worried, somber, quiet. style: domestic, natural, everyday. objects: woman, couch, saree, vase, flowers"
thoughtful concerned serious pensive cinematic naturalistic candid woman sofa vase flowers earring,"mood: thoughtful, concerned, serious, pensive. style: cinematic, naturalistic, candid. objects: woman, sofa, vase, flowers, earring"
sad concerned contemplative realistic bright candid woman sofa vase flowers frames,"mood: sad, concerned, contemplative. style: realistic, bright, candid. objects: woman, sofa, vase, flowers, frames"
attentive calm thoughtful observant realistic naturalistic soft woman couch flowers curtain vase,"mood: attentive, calm, thoughtful, observant. style: realistic, naturalistic, soft. objects: woman, couch, flowers, curtain, vase"
calm thoughtful domestic relaxed candid realistic soft-lit woman couch vase flowers curtains,"mood: calm, thoughtful, domestic, relaxed. style: candid, realistic, soft-lit. objects: woman, couch, vase, flowers, curtains"
tense serious somber uncomfortable realistic casual contemporary woman man couch flowers phone,"mood: tense, serious, somber, uncomfortable. style: realistic, casual, contemporary. objects: woman, man, couch, flowers, phone"
spacious bright peaceful affluent luxurious ornate bright house balcony trees awning sky,"mood: spacious, bright, peaceful, affluent. style: luxurious, ornate, bright. objects: house, balcony, trees, awning, sky"
casual domestic ordinary unremarkable candid realistic indoor person door bed flowers pictures,"mood: casual, domestic, ordinary, unremarkable. style: candid, realistic, indoor. objects: person, door, bed, flowers, pictures"
calm casual relaxed bright casual bright residential woman doorway curtains wall painting,"mood: calm, casual, relaxed, bright. style: casual, bright, residential. objects: woman, doorway, curtains, wall, painting"
concerned bewildered frustrated tense candid bright expressive woman phone earring bracelet plant,"mood: concerned, bewildered, frustrated, tense. style: candid, bright, expressive. objects: woman, phone, earring, bracelet, plant"
pensive focused everyday casual neutral natural candid bright woman man phones house plants,"mood: pensive, focused, everyday, casual, neutral. style: natural, candid, bright. objects: woman, man, phones, house, plants"
friendly casual cheerful conversational relaxed realistic candid bright man woman phone house plant,"mood: friendly, casual, cheerful, conversational, relaxed. style: realistic, candid, bright. objects: man, woman, phone, house, plant"
distant pensive neutral unengaged realistic contemporary casual man woman smartphones house plants,"mood: distant, pensive, neutral, unengaged. style: realistic, contemporary, casual. objects: man, woman, smartphones, house, plants"
calm domestic warm simple mundane homely candid natural rice bowls plates spoons liquid,"mood: calm, domestic, warm, simple, mundane. style: homely, candid, natural. objects: rice, bowls, plates, spoons, liquid"
domestic quiet pensive neutral realistic candid bright man woman table chairs pots,"mood: domestic, quiet, pensive, neutral. style: realistic, candid, bright. objects: man, woman, table, chairs, pots"
pensive serious somber concerned realistic candid indoor man shirt bracelet ring curtain,"mood: pensive, serious, somber, concerned. style: realistic, candid, indoor. objects: man, shirt, bracelet, ring, curtain"
content thoughtful relaxed serene candid naturalistic soft-lit woman utensil earring bracelet chair,"mood: content, thoughtful, relaxed, serene. style: candid, naturalistic, soft-lit. objects: woman, utensil, earring, bracelet, chair"
distant pensive somber detached candid indoor realistic man woman bed pillows blankets,"mood: distant, pensive, somber, detached. style: candid, indoor, realistic. objects: man, woman, bed, pillows, blankets"
pensive subdued quiet reflective thoughtful warm realistic candid man woman table chairs kitchen,"mood: pensive, subdued, quiet, reflective, thoughtful. style: warm, realistic, candid. objects: man, woman, table, chairs, kitchen"
pensive quiet domestic subdued warm candid domestic man woman table kitchen lunchbox,"mood: pensive, quiet, domestic, subdued. style: warm, candid, domestic. objects: man, woman, table, kitchen, lunchbox"
quiet reserved thoughtful unenthusiastic naturalistic warm domestic man woman table food kitchen,"mood: quiet, reserved, thoughtful, unenthusiastic. style: naturalistic, warm, domestic. objects: man, woman, table, food, kitchen"
bored contemplative casual reflective casual naturalistic domestic man flatbread bowl table hoodie,"mood: bored, contemplative, casual, reflective. style: casual, naturalistic, domestic. objects: man, flatbread, bowl, table, hoodie"
subdued thoughtful quiet pensive candid domestic warm woman table food plate pot,"mood: subdued, thoughtful, quiet, pensive. style: candid, domestic, warm. objects: woman, table, food, plate, pot"
conversational attentive thoughtful cinematic realistic warm woman man table plate food container,"mood: conversational, attentive, thoughtful. style: cinematic, realistic, warm. objects: woman, man, table, plate, food container"
distressed sorrowful tense dramatic cinematic candid dramatic woman man chair table,"mood: distressed, sorrowful, tense, dramatic. style: cinematic, candid, dramatic. objects: woman, man, chair, table"
distressed concerned somber urgent emotional candid realistic indoor man woman hoodie chair floor,"mood: distressed, concerned, somber, urgent, emotional. style: candid, realistic, indoor. objects: man, woman, hoodie, chair, floor"
distressed sad comforting emotional concerned dramatic intimate realistic man woman buddha wall art kitchen,"mood: distressed, sad, comforting, emotional, concerned. style: dramatic, intimate, realistic. objects: man, woman, buddha, wall art, kitchen"
tender intimate affectionate calm loving soft intimate warm person hand ring shirt curtain,"mood: tender, intimate, affectionate, calm, loving. style: soft, intimate, warm. objects: person, hand, ring, shirt, curtain"
distressed emotional somber concerned cinematic dramatic intimate man woman chair table cabinets,"mood: distressed, emotional, somber, concerned. style: cinematic, dramatic, intimate. objects: man, woman, chair, table, cabinets"
ordinary casual attentive neutral realistic bright domestic woman table chairs kitchen fruit,"mood: ordinary, casual, attentive, neutral. style: realistic, bright, domestic. objects: woman, table, chairs, kitchen, fruit"
focused concerned supportive domestic candid naturalistic man woman table chairs fruit,"mood: focused, concerned, supportive. style: domestic, candid, naturalistic. objects: man, woman, table, chairs, fruit"
distressed sad emotional intense dramatic realistic intimate woman man couch kitchen hair,"mood: distressed, sad, emotional, intense. style: dramatic, realistic, intimate. objects: woman, man, couch, kitchen, hair"
serious pensive concerned focused cinematic naturalistic subdued man hoodie table beard,"mood: serious, pensive, concerned, focused. style: cinematic, naturalistic, subdued. objects: man, hoodie, table, beard"
caring attentive supportive concerned domestic naturalistic warm man woman table chairs fruit,"mood: caring, attentive, supportive, concerned. style: domestic, naturalistic, warm. objects: man, woman, table, chairs, fruit"
romantic affectionate tender warm candid warm domestic man woman curtains chairs kitchen,"mood: romantic, affectionate, tender, warm. style: candid, warm, domestic. objects: man, woman, curtains, chairs, kitchen"
sad emotional serious intimate concerned cinematic dramatic intimate man woman hands ring,"mood: sad, emotional, serious, intimate, concerned. style: cinematic, dramatic, intimate. objects: man, woman, hands, ring"
pensive somber thoughtful serious realistic muted intimate man hoodie beard artwork wall,"mood: pensive, somber, thoughtful, serious. style: realistic, muted, intimate. objects: man, hoodie, beard, artwork, wall"
peaceful sleepy calm relaxed intimate naturalistic warm woman bed pillow blanket,"mood: peaceful, sleepy, calm, relaxed. style: intimate, naturalistic, warm. objects: woman, bed, pillow, blanket"
intimate contemplative quiet somber nocturnal candid subdued man woman bed pillows blanket,"mood: intimate, contemplative, quiet, somber. style: nocturnal, candid, subdued. objects: man, woman, bed, pillows, blanket"
casual domestic relaxed neutral everyday realistic natural pan liquid arm shirt television,"mood: casual, domestic, relaxed, neutral. style: everyday, realistic, natural. objects: pan, liquid, arm, shirt, television"
calm peaceful domestic serene close-up warm traditional teapot cups hand ladle,"mood: calm, peaceful, domestic, serene. style: close-up, warm, traditional. objects: teapot, cups, hand, ladle"
private unsettling subdued observational tense realistic candid videographic woman man bed blanket bedroom,"mood: private, unsettling, subdued, observational, tense. style: realistic, candid, videographic. objects: woman, man, bed, blanket, bedroom"
pensive subdued quiet domestic realistic naturalistic candid man woman bed tray bottles,"mood: pensive, subdued, quiet, domestic. style: realistic, naturalistic, candid. objects: man, woman, bed, tray, bottles"
calm pensive intimate reflective realistic domestic candid woman man bed cup blanket,"mood: calm, pensive, intimate, reflective. style: realistic, domestic, candid. objects: woman, man, bed, cup, blanket"
concerned pensive contemplative candid naturalistic soft-focus man shirt beard room picture,"mood: concerned, pensive, contemplative. style: candid, naturalistic, soft-focus. objects: man, shirt, beard, room, picture"
pensive calm domestic intimate realistic domestic candid woman man bed mug headboard,"mood: pensive, calm, domestic, intimate. style: realistic, domestic, candid. objects: woman, man, bed, mug, headboard"
calm reflective serene casual realistic simple woman bed lamp headboard picture,"mood: calm, reflective, serene. style: casual, realistic, simple. objects: woman, bed, lamp, headboard, picture"
calm peaceful relaxed thoughtful candid naturalistic domestic woman mug bed lamp picture,"mood: calm, peaceful, relaxed, thoughtful. style: candid, naturalistic, domestic. objects: woman, mug, bed, lamp, picture"
thoughtful concerned pensive mild realistic cinematic naturalistic man vest wall picture plant,"mood: thoughtful, concerned, pensive, mild. style: realistic, cinematic, naturalistic. objects: man, vest, wall, picture, plant"
pensive contemplative subdued calm candid domestic natural woman bed lamp headboard pillow,"mood: pensive, contemplative, subdued, calm. style: candid, domestic, natural. objects: woman, bed, lamp, headboard, pillow"
pensive thoughtful intimate calm realistic intimate natural woman bed lamp headboard pillow,"mood: pensive, thoughtful, intimate, calm. style: realistic, intimate, natural. objects: woman, bed, lamp, headboard, pillow"
stressed concerned questioning uneasy surprised candid realistic contemporary man tank top wall picture plant,"mood: stressed, concerned, questioning, uneasy, surprised. style: candid, realistic, contemporary. objects: man, tank top, wall, picture, plant"
concerned tense worried distressed domestic realistic candid woman bed lamp room hand,"mood: concerned, tense, worried, distressed. style: domestic, realistic, candid. objects: woman, bed, lamp, room, hand"
calm content relaxed gentle natural soft domestic woman bed lamp headboard pillow,"mood: calm, content, relaxed, gentle. style: natural, soft, domestic. objects: woman, bed, lamp, headboard, pillow"
happy content calm gentle candid natural soft woman bed lamp pillow wall,"mood: happy, content, calm, gentle. style: candid, natural, soft. objects: woman, bed, lamp, pillow, wall"
calm peaceful reflective intimate tranquil warm soft-lit domestic buddha lamp person couch cabinet,"mood: calm, peaceful, reflective, intimate, tranquil. style: warm, soft-lit, domestic. objects: buddha, lamp, person, couch, cabinet"
concerned supportive tender solicitous domestic naturalistic warm man woman sofa flowers vase,"mood: concerned, supportive, tender, solicitous. style: domestic, naturalistic, warm. objects: man, woman, sofa, flowers, vase"
serious intimate conversational reflective calm cinematic warm-toned naturalistic man woman lamp sofa statue,"mood: serious, intimate, conversational, reflective, calm. style: cinematic, warm-toned, naturalistic. objects: man, woman, lamp, sofa, statue"
somber concerned pensive tense realistic domestic candid man woman sofa vase buddha,"mood: somber, concerned, pensive, tense. style: realistic, domestic, candid. objects: man, woman, sofa, vase, buddha"
concerned subdued intimate quiet domestic candid naturalistic sofa persons vase buddha kitchen,"mood: concerned, subdued, intimate, quiet. style: domestic, candid, naturalistic. objects: sofa, persons, vase, buddha, kitchen"
happy warm intimate relaxed candid warm domestic man woman sofa lamp earrings,"mood: happy, warm, intimate, relaxed. style: candid, warm, domestic. objects: man, woman, sofa, lamp, earrings"
happy intimate tender loving hopeful candid warm realistic man woman ring sofa kitchen,"mood: happy, intimate, tender, loving, hopeful. style: candid, warm, realistic. objects: man, woman, ring, sofa, kitchen"
happy romantic affectionate joyful warm natural modern man woman ring couch hands,"mood: happy, romantic, affectionate, joyful. style: warm, natural, modern. objects: man, woman, ring, couch, hands"
loving intimate tender happy calm soft candid personal man woman bed hands pillow,"mood: loving, intimate, tender, happy, calm. style: soft, candid, personal. objects: man, woman, bed, hands, pillow"
calm focused domestic peaceful domestic well-lit candid man kitchen vegetables refrigerator pot,"mood: calm, focused, domestic, peaceful. style: domestic, well-lit, candid. objects: man, kitchen, vegetables, refrigerator, pot"
casual mild conversational relaxed calm candid naturalistic casual man woman shirt vase flowers,"mood: casual, mild, conversational, relaxed, calm. style: candid, naturalistic, casual. objects: man, woman, shirt, vase, flowers"
calm domestic collaborative gentle warm domestic candid natural man woman kitchen vegetables pot,"mood: calm, domestic, collaborative, gentle, warm. style: domestic, candid, natural. objects: man, woman, kitchen, vegetables, pot"
intrigued warm conversational curious amicable natural warm candid man woman dress shirt flowers,"mood: intrigued, warm, conversational, curious, amicable. style: natural, warm, candid. objects: man, woman, dress, shirt, flowers"
conversational casual attentive open realistic natural contemporary man shirt kitchen cabinets hood,"mood: conversational, casual, attentive, open. style: realistic, natural, contemporary. objects: man, shirt, kitchen, cabinets, hood"
happy calm pleasant focused natural candid domestic man vegetables knife refrigerator pot,"mood: happy, calm, pleasant, focused. style: natural, candid, domestic. objects: man, vegetables, knife, refrigerator, pot"
relaxed calm domestic leisurely pensive casual bright domestic woman man balcony chairs plants,"mood: relaxed, calm, domestic, leisurely, pensive. style: casual, bright, domestic. objects: woman, man, balcony, chairs, plants"
calm pensive intimate gentle serene cinematic realistic soft-focus woman chair railing plants earrings,"mood: calm, pensive, intimate, gentle, serene. style: cinematic, realistic, soft-focus. objects: woman, chair, railing, plants, earrings"
calm relaxed peaceful contemplative serene casual natural everyday woman cup railing chair plants,"mood: calm, relaxed, peaceful, contemplative, serene. style: casual, natural, everyday. objects: woman, cup, railing, chair, plants"
calm contemplative sincere relaxed realistic casual cinematic man shirt house grass wall,"mood: calm, contemplative, sincere, relaxed. style: realistic, casual, cinematic. objects: man, shirt, house, grass, wall"
thoughtful pensive calm serious reflective candid natural soft man shirt wall grass hand,"mood: thoughtful, pensive, calm, serious, reflective. style: candid, natural, soft. objects: man, shirt, wall, grass, hand"
calm pleasant contemplative observant natural candid soft-focus woman cup chair railing foliage,"mood: calm, pleasant, contemplative, observant. style: natural, candid, soft-focus. objects: woman, cup, chair, railing, foliage"
calm pensive somber thoughtful cinematic dramatic intimate woman chair cup railing man,"mood: calm, pensive, somber, thoughtful. style: cinematic, dramatic, intimate. objects: woman, chair, cup, railing, man"
pleasant calm relaxed engaged casual outdoor realistic man shirt wall grass pillar,"mood: pleasant, calm, relaxed, engaged. style: casual, outdoor, realistic. objects: man, shirt, wall, grass, pillar"
relaxed pleasant calm friendly candid cinematic natural soft-focus woman cup chair railing plants,"mood: relaxed, pleasant, calm, friendly, candid. style: cinematic, natural, soft-focus. objects: woman, cup, chair, railing, plants"
casual relaxed conversational neutral realistic daylight casual woman man balcony railing wall,"mood: casual, relaxed, conversational, neutral. style: realistic, daylight, casual. objects: woman, man, balcony, railing, wall"
reflective subtle pensive gentle natural candid cinematic man woman balcony cup plants,"mood: reflective, subtle, pensive, gentle. style: natural, candid, cinematic. objects: man, woman, balcony, cup, plants"
thoughtful serious pensive subdued candid naturalistic filmic man woman shirt light building,"mood: thoughtful, serious, pensive, subdued. style: candid, naturalistic, filmic. objects: man, woman, shirt, light, building"
romantic gentle calm contemplative cinematic soft-lit intimate man woman lamp building shirt,"mood: romantic, gentle, calm, contemplative. style: cinematic, soft-lit, intimate. objects: man, woman, lamp, building, shirt"
calm intimate conversational relaxed cinematic soft-lit candid woman man lamp cup plants,"mood: calm, intimate, conversational, relaxed. style: cinematic, soft-lit, candid. objects: woman, man, lamp, cup, plants"
pensive somber thoughtful concerned quiet candid contemporary realistic woman man cup plants wall,"mood: pensive, somber, thoughtful, concerned, quiet. style: candid, contemporary, realistic. objects: woman, man, cup, plants, wall"
calm gentle subtle pensive cinematic soft-focus candid woman man lamp cup plants,"mood: calm, gentle, subtle, pensive. style: cinematic, soft-focus, candid. objects: woman, man, lamp, cup, plants"
serious pensive somber calm cinematic low-key realistic man woman shirt light building,"mood: serious, pensive, somber, calm. style: cinematic, low-key, realistic. objects: man, woman, shirt, light, building"
intimate contemplative quiet pensive cinematic naturalistic soft woman man cup plants wall,"mood: intimate, contemplative, quiet, pensive. style: cinematic, naturalistic, soft. objects: woman, man, cup, plants, wall"
loving intimate tender warm gentle cinematic warm naturalistic woman man cup plant wall,"mood: loving, intimate, tender, warm, gentle. style: cinematic, warm, naturalistic. objects: woman, man, cup, plant, wall"
concerned intimate tense emotional candid narrative realistic woman man cup plants building,"mood: concerned, intimate, tense, emotional. style: candid, narrative, realistic. objects: woman, man, cup, plants, building"
intimate tender reflective serene cinematic natural gentle woman man cup plants wall,"mood: intimate, tender, reflective, serene. style: cinematic, natural, gentle. objects: woman, man, cup, plants, wall"
loving romantic affectionate peaceful warm candid soft warm couple window plants wall earrings,"mood: loving, romantic, affectionate, peaceful, warm. style: candid, soft, warm. objects: couple, window, plants, wall, earrings"
mysterious dim formal private cinematic moody vintage person bottle sofa table carpet,"mood: mysterious, dim, formal, private. style: cinematic, moody, vintage. objects: person, bottle, sofa, table, carpet"
pensive somber intimate reflective serious cinematic warm intimate man bottle glass lamp sofa,"mood: pensive, somber, intimate, reflective, serious. style: cinematic, warm, intimate. objects: man, bottle, glass, lamp, sofa"
happy relaxed convivial warm warm intimate cinematic man glass bottle sofa lamp,"mood: happy, relaxed, convivial, warm. style: warm, intimate, cinematic. objects: man, glass, bottle, sofa, lamp"
relaxed sophisticated intimate calm cinematic ambient warm man wine bottle wine glass lamp vines,"mood: relaxed, sophisticated, intimate, calm. style: cinematic, ambient, warm. objects: man, wine bottle, wine glass, lamp, vines"
romantic intimate celebratory elegant cinematic low-light intimate man woman wine glasses railing light,"mood: romantic, intimate, celebratory, elegant. style: cinematic, low-light, intimate. objects: man, woman, wine glasses, railing, light"
romantic warm intimate happy cinematic warm soft woman lamp necklace dress foliage,"mood: romantic, warm, intimate, happy. style: cinematic, warm, soft. objects: woman, lamp, necklace, dress, foliage"
intimate romantic warm calm elegant romantic soft-lit candid man woman wine glass plants lamp,"mood: intimate, romantic, warm, calm, elegant. style: romantic, soft-lit, candid. objects: man, woman, wine glass, plants, lamp"
romantic intimate affectionate happy warm soft cinematic man woman hands lamp foliage,"mood: romantic, intimate, affectionate, happy. style: warm, soft, cinematic. objects: man, woman, hands, lamp, foliage"
peaceful calm ambient serene cinematic ambient warm person dress sofa lamp table,"mood: peaceful, calm, ambient, serene. style: cinematic, ambient, warm. objects: person, dress, sofa, lamp, table"
happy relaxed romantic joyful cinematic candid warm man woman sofa wine glasses bottle,"mood: happy, relaxed, romantic, joyful. style: cinematic, candid, warm. objects: man, woman, sofa, wine glasses, bottle"
emotional vulnerable intimate somber dramatic elegant low-key woman man couch necklace lamps,"mood: emotional, vulnerable, intimate, somber. style: dramatic, elegant, low-key. objects: woman, man, couch, necklace, lamps"
happy relaxed social joyful candid warm relaxed man woman couch bottle glasses,"mood: happy, relaxed, social, joyful. style: candid, warm, relaxed. objects: man, woman, couch, bottle, glasses"
peaceful serene inviting calm residential tropical well-lit house balcony palm trees railing awning,"mood: peaceful, serene, inviting, calm. style: residential, tropical, well-lit. objects: house, balcony, palm trees, railing, awning"
composed observant thoughtful gentle natural bright simple woman saree envelope plants necklace,"mood: composed, observant, thoughtful, gentle. style: natural, bright, simple. objects: woman, saree, envelope, plants, necklace"
engaged calm conversational attentive realistic natural candid woman sari necklace plants document,"mood: engaged, calm, conversational, attentive. style: realistic, natural, candid. objects: woman, sari, necklace, plants, document"
loving concerned tender expectant cinematic warm realistic man woman earrings doorway ring,"mood: loving, concerned, tender, expectant. style: cinematic, warm, realistic. objects: man, woman, earrings, doorway, ring"
happy joyful affectionate warm realistic casual warm man woman earrings doorway,"mood: happy, joyful, affectionate, warm. style: realistic, casual, warm. objects: man, woman, earrings, doorway"
pleasant calm inviting natural candid soft woman sari folder doorway room,"mood: pleasant, calm, inviting. style: natural, candid, soft. objects: woman, sari, folder, doorway, room"
happy joyful affectionate warm natural candid bright man woman house saree lamp,"mood: happy, joyful, affectionate, warm. style: natural, candid, bright. objects: man, woman, house, saree, lamp"
warm candid observant subtle cinematic natural close-up man shirt backpack text,"mood: warm, candid, observant, subtle. style: cinematic, natural, close-up. objects: man, shirt, backpack, text"
joyful happy amused warm candid realistic warm man woman shirt blouse background,"mood: joyful, happy, amused, warm. style: candid, realistic, warm. objects: man, woman, shirt, blouse, background"
hazy busy expansive muted urban realistic aerial buildings cars road trees cityscape,"mood: hazy, busy, expansive, muted. style: urban, realistic, aerial. objects: buildings, cars, road, trees, cityscape"
weary genuine muted somber candid muted realistic woman bananas string wall doorway,"mood: weary, genuine, muted, somber. style: candid, muted, realistic. objects: woman, bananas, string, wall, doorway"
heartwarming playful domestic calm naturalistic muted realistic dog person watering can plants chicken,"mood: heartwarming, playful, domestic, calm. style: naturalistic, muted, realistic. objects: dog, person, watering can, plants, chicken"
lively generous friendly engaging bustling candid realistic observational people plastic bags food stall apron,"mood: lively, generous, friendly, engaging, bustling. style: candid, realistic, observational. objects: people, plastic bags, food, stall, apron"
contemplative melancholic hazy atmospheric cinematic atmospheric silhouetted sun antennas satellite dish tree sky,"mood: contemplative, melancholic, hazy, atmospheric. style: cinematic, atmospheric, silhouetted. objects: sun, antennas, satellite dish, tree, sky"
calm serene neutral uniform blank flat minimalist solid color screen background,"mood: calm, serene, neutral, uniform, blank. style: flat, minimalist, solid. objects: color, screen, background"
joyful heartwarming tender loving candid domestic casual baby woman grandmother blanket fan,"mood: joyful, heartwarming, tender, loving. style: candid, domestic, casual. objects: baby, woman, grandmother, blanket, fan"
happy joyful celebratory proud candid realistic vibrant person graduation cap bouquet flowers blazer,"mood: happy, joyful, celebratory, proud. style: candid, realistic, vibrant. objects: person, graduation cap, bouquet, flowers, blazer"
emotional touching proud sentimental heartwarming candid authentic emotional woman graduate flowers cap tassel,"mood: emotional, touching, proud, sentimental, heartwarming. style: candid, authentic, emotional. objects: woman, graduate, flowers, cap, tassel"
emotional proud joyful touching candid documentary bright women flowers cap gown glasses,"mood: emotional, proud, joyful, touching. style: candid, documentary, bright. objects: women, flowers, cap, gown, glasses"
joyful emotional celebratory happy proud candid vibrant documentary women flowers graduation cap wheelchair glasses,"mood: joyful, emotional, celebratory, happy, proud. style: candid, vibrant, documentary. objects: women, flowers, graduation cap, wheelchair, glasses"
happy joyful warm excited loving candid domestic natural man child teddy bear gift bag bed,"mood: happy, joyful, warm, excited, loving. style: candid, domestic, natural. objects: man, child, teddy bear, gift bag, bed"
joyful excited affectionate candid domestic warm boy man gift bag plush toy bed,"mood: joyful, excited, affectionate. style: candid, domestic, warm. objects: boy, man, gift bag, plush toy, bed"
happy joyful excited affectionate candid domestic warm man child gift bag paper bed,"mood: happy, joyful, excited, affectionate. style: candid, domestic, warm. objects: man, child, gift bag, paper, bed"
joyful affectionate heartwarming loving candid intimate warm boy man teddy bear gift bag headboard,"mood: joyful, affectionate, heartwarming, loving. style: candid, intimate, warm. objects: boy, man, teddy bear, gift bag, headboard"
happy joyful warm excited affectionate candid warm personal boy man gift bag stuffed animal bed,"mood: happy, joyful, warm, excited, affectionate. style: candid, warm, personal. objects: boy, man, gift bag, stuffed animal, bed"
joyful heartwarming surprised excited tender candid domestic warm boy man gift bag teddy bear bed,"mood: joyful, heartwarming, surprised, excited, tender. style: candid, domestic, warm. objects: boy, man, gift bag, teddy bear, bed"
formal serious disciplined professional documentary candid functional marine uniform hallway door light,"mood: formal, serious, disciplined, professional. style: documentary, candid, functional. objects: marine, uniform, hallway, door, light"
happy emotional loving tender joyful candid personal celebratory bride marine uniform wedding dress flowers,"mood: happy, emotional, loving, tender, joyful. style: candid, personal, celebratory. objects: bride, marine, uniform, wedding dress, flowers"
sentimental emotional proud joyful candid intimate realistic man woman uniform hat dress,"mood: sentimental, emotional, proud, joyful. style: candid, intimate, realistic. objects: man, woman, uniform, hat, dress"
busy active everyday neutral candid realistic documentary van man woman furniture trees,"mood: busy, active, everyday, neutral. style: candid, realistic, documentary. objects: van, man, woman, furniture, trees"
playful curious lighthearted domestic candid domestic natural puppy green object man microwave shelf,"mood: playful, curious, lighthearted, domestic. style: candid, domestic, natural. objects: puppy, green object, man, microwave, shelf"
calm everyday ordinary helpful candid realistic outdoor woman car shopping cart person trees,"mood: calm, everyday, ordinary, helpful. style: candid, realistic, outdoor. objects: woman, car, shopping cart, person, trees"
everyday calm ordinary casual candid amateur blurry car people shopping cart groceries trees,"mood: everyday, calm, ordinary, casual. style: candid, amateur, blurry. objects: car, people, shopping cart, groceries, trees"
peaceful helpful ordinary sunny candid natural bright woman child car shopping cart trees,"mood: peaceful, helpful, ordinary, sunny. style: candid, natural, bright. objects: woman, child, car, shopping cart, trees"
calm serene subtle neutral minimal minimalist soft abstract curtain fabric dots pattern texture,"mood: calm, serene, subtle, neutral, minimal. style: minimalist, soft, abstract. objects: curtain, fabric, dots, pattern, texture"
emotional touching overwhelmed compassionate candid documentary realistic boy women masks desk monitor,"mood: emotional, touching, overwhelmed, compassionate. style: candid, documentary, realistic. objects: boy, women, masks, desk, monitor"
emotional comforting poignant intimate candid realistic documentary people masks wall door,"mood: emotional, comforting, poignant, intimate. style: candid, realistic, documentary. objects: people, masks, wall, door"
dark urgent tense nocturnal candid realistic nocturnal ambulance buildings cars person streetlights,"mood: dark, urgent, tense, nocturnal. style: candid, realistic, nocturnal. objects: ambulance, buildings, cars, person, streetlights"
urgent concerned nocturnal somber realistic candid urban ambulance person dog van street,"mood: urgent, concerned, nocturnal, somber. style: realistic, candid, urban. objects: ambulance, person, dog, van, street"
tense urgent somber gritty nighttime urban candid ambulance street buildings cars person,"mood: tense, urgent, somber, gritty. style: nighttime, urban, candid. objects: ambulance, street, buildings, cars, person"
curious attentive sunny lively exploratory candid natural everyday dog leash hand pavement shadows,"mood: curious, attentive, sunny, lively, exploratory. style: candid, natural, everyday. objects: dog, leash, hand, pavement, shadows"
anxious uncertain serious observant bright documentary daylight urban dog leash hospital doors sidewalk,"mood: anxious, uncertain, serious, observant, bright. style: documentary, daylight, urban. objects: dog, leash, hospital, doors, sidewalk"
calm somber concerned quiet cold realistic muted naturalistic person cat water pier trees,"mood: calm, somber, concerned, quiet, cold. style: realistic, muted, naturalistic. objects: person, cat, water, pier, trees"
playful adventurous carefree lively candid natural informal child dog trampoline trees grass,"mood: playful, adventurous, carefree, lively. style: candid, natural, informal. objects: child, dog, trampoline, trees, grass"
playful curious determined wholesome candid outdoor naturalistic child dog trampoline grass trees,"mood: playful, curious, determined, wholesome. style: candid, outdoor, naturalistic. objects: child, dog, trampoline, grass, trees"
joyful playful active relaxed candid natural spontaneous child dog trampoline trees grass,"mood: joyful, playful, active, relaxed. style: candid, natural, spontaneous. objects: child, dog, trampoline, trees, grass"
curious candid thoughtful observant candid natural documentary girl counter chair people dress,"mood: curious, candid, thoughtful, observant. style: candid, natural, documentary. objects: girl, counter, chair, people, dress"
busy focused collaborative helpful candid realistic everyday people trays menus fridge floor,"mood: busy, focused, collaborative, helpful. style: candid, realistic, everyday. objects: people, trays, menus, fridge, floor"
helpful calm focused ordinary candid observational everyday trays papers women refrigerator floor,"mood: helpful, calm, focused, ordinary. style: candid, observational, everyday. objects: trays, papers, women, refrigerator, floor"
tender emotional hopeful reflective candid realistic bright child uniform flag soldiers sky,"mood: tender, emotional, hopeful, reflective. style: candid, realistic, bright. objects: child, uniform, flag, soldiers, sky"
emotional proud poignant heartfelt significant candid documentary natural soldier uniform hand patch sky,"mood: emotional, proud, poignant, heartfelt, significant. style: candid, documentary, natural. objects: soldier, uniform, hand, patch, sky"
happy excited celebratory lighthearted supportive candid bright indoor women hair clipper salon cape hair chair,"mood: happy, excited, celebratory, lighthearted, supportive. style: candid, bright, indoor. objects: women, hair clipper, salon cape, hair, chair"
emotional tender supportive poignant empathetic candid natural intimate women hair clippers cape salon chair,"mood: emotional, tender, supportive, poignant, empathetic. style: candid, natural, intimate. objects: women, hair clippers, cape, salon, chair"
happy joyful playful lively innocent candid bright simple boy girl shirts shorts skirt,"mood: happy, joyful, playful, lively, innocent. style: candid, bright, simple. objects: boy, girl, shirts, shorts, skirt"
happy innocent cheerful lighthearted engaged candid vibrant bright children uniforms stage shoes letters,"mood: happy, innocent, cheerful, lighthearted, engaged. style: candid, vibrant, bright. objects: children, uniforms, stage, shoes, letters"
energetic joyful expressive lively enthusiastic vibrant bright candid children shirt skirt background stage,"mood: energetic, joyful, expressive, lively, enthusiastic. style: vibrant, bright, candid. objects: children, shirt, skirt, background, stage"
joyful lively candid familial candid natural bright people table chairs baby glasses,"mood: joyful, lively, candid, familial. style: candid, natural, bright. objects: people, table, chairs, baby, glasses"
happy joyful warm affectionate cheerful candid natural casual man child woman table chairs,"mood: happy, joyful, warm, affectionate, cheerful. style: candid, natural, casual. objects: man, child, woman, table, chairs"
distressed emotional concerned caring intimate candid natural informal man baby table papers glasses,"mood: distressed, emotional, concerned, caring, intimate. style: candid, natural, informal. objects: man, baby, table, papers, glasses"
happy friendly engaged warm candid informal bright people table chairs menus glasses,"mood: happy, friendly, engaged, warm. style: candid, informal, bright. objects: people, table, chairs, menus, glasses"
loving tender emotional caring candid realistic intimate woman man bed hospital room pillow,"mood: loving, tender, emotional, caring. style: candid, realistic, intimate. objects: woman, man, bed, hospital room, pillow"
happy tender caring intimate candid realistic personal woman man bed cabinet equipment,"mood: happy, tender, caring, intimate. style: candid, realistic, personal. objects: woman, man, bed, cabinet, equipment"
concerned comforting emotional tender distressed candid realistic intimate woman man hospital bed blanket medical equipment,"mood: concerned, comforting, emotional, tender, distressed. style: candid, realistic, intimate. objects: woman, man, hospital bed, blanket, medical equipment"
caring tender intimate supportive emotional candid realistic documentary woman man hospital bed medical equipment bed rail,"mood: caring, tender, intimate, supportive, emotional. style: candid, realistic, documentary. objects: woman, man, hospital bed, medical equipment, bed rail"
calm routine neutral peaceful surveillance realistic daylight person car driveway trees houses,"mood: calm, routine, neutral, peaceful. style: surveillance, realistic, daylight. objects: person, car, driveway, trees, houses"
curious watchful perplexed attentive surveillance candid unedited man car trees house bottle,"mood: curious, watchful, perplexed, attentive. style: surveillance, candid, unedited. objects: man, car, trees, house, bottle"
happy joyful excited hopeful candid domestic celebratory couple christmas tree ultrasound photos stairs ornaments,"mood: happy, joyful, excited, hopeful. style: candid, domestic, celebratory. objects: couple, christmas tree, ultrasound photos, stairs, ornaments"
festive warm comfortable cheerful candid domestic natural woman man christmas tree staircase purse,"mood: festive, warm, comfortable, cheerful. style: candid, domestic, natural. objects: woman, man, christmas tree, staircase, purse"
joyful surprised loving intimate celebratory candid warm festive woman man paper christmas tree staircase,"mood: joyful, surprised, loving, intimate, celebratory. style: candid, warm, festive. objects: woman, man, paper, christmas tree, staircase"
happy emotional joyful loving heartwarming candid cozy intimate couple christmas tree ultrasound images staircase shoes,"mood: happy, emotional, joyful, loving, heartwarming. style: candid, cozy, intimate. objects: couple, christmas tree, ultrasound images, staircase, shoes"
casual ordinary bright relaxed candid daylight realistic person car trailer trees sky,"mood: casual, ordinary, bright, relaxed. style: candid, daylight, realistic. objects: person, car, trailer, trees, sky"
happy cheerful lively candid bright daylight man car tree sidewalk shadows,"mood: happy, cheerful, lively. style: candid, bright, daylight. objects: man, car, tree, sidewalk, shadows"
loving tender emotional warm affectionate candid spontaneous natural people car hat phone door,"mood: loving, tender, emotional, warm, affectionate. style: candid, spontaneous, natural. objects: people, car, hat, phone, door"
joyful emotional heartwarming affectionate loving candid realistic bright people car door hat building,"mood: joyful, emotional, heartwarming, affectionate, loving. style: candid, realistic, bright. objects: people, car, door, hat, building"
affectionate joyful emotional heartwarming loving candid realistic bright people car door arms background,"mood: affectionate, joyful, emotional, heartwarming, loving. style: candid, realistic, bright. objects: people, car, door, arms, background"
joyful emotional loving warm candid personal documentary people car phone trees building,"mood: joyful, emotional, loving, warm. style: candid, personal, documentary. objects: people, car, phone, trees, building"
calm caring medical relaxed realistic candid medical boy girl chair mouth retractor oxygen tubes,"mood: calm, caring, medical, relaxed. style: realistic, candid, medical. objects: boy, girl, chair, mouth retractor, oxygen tubes"
clinical curious caring calm realistic candid clinical boy girl dental chair mouth opener sunglasses,"mood: clinical, curious, caring, calm. style: realistic, candid, clinical. objects: boy, girl, dental chair, mouth opener, sunglasses"
overcast mundane subdued candid natural everyday umbrella person car house trees,"mood: overcast, mundane, subdued. style: candid, natural, everyday. objects: umbrella, person, car, house, trees"
overcast damp practical mundane candid naturalistic casual person umbrella car trees utility pole,"mood: overcast, damp, practical, mundane. style: candid, naturalistic, casual. objects: person, umbrella, car, trees, utility pole"
cheerful casual friendly lighthearted casual candid outdoor people car umbrella trees ground,"mood: cheerful, casual, friendly, lighthearted. style: casual, candid, outdoor. objects: people, car, umbrella, trees, ground"
playful tender calm serene candid ambient realistic man child doorway mountains furniture,"mood: playful, tender, calm, serene. style: candid, ambient, realistic. objects: man, child, doorway, mountains, furniture"
calm relaxed playful mellow tropical outdoor natural evening man palm trees buildings hat street,"mood: calm, relaxed, playful, mellow, tropical. style: outdoor, natural, evening. objects: man, palm trees, buildings, hat, street"
tranquil serene nocturnal relaxed dusky tropical atmospheric palm trees man buildings streetlights pathway,"mood: tranquil, serene, nocturnal, relaxed. style: dusky, tropical, atmospheric. objects: palm trees, man, buildings, streetlights, pathway"
happy celebratory emotional surprised joyful candid lively casual people cake pizza bottle table,"mood: happy, celebratory, emotional, surprised, joyful. style: candid, lively, casual. objects: people, cake, pizza, bottle, table"
joyful heartwarming tender emotional candid realistic domestic woman man baby balloons table,"mood: joyful, heartwarming, tender, emotional. style: candid, realistic, domestic. objects: woman, man, baby, balloons, table"
solemn communal respectful serious reflective candid realistic unposed people pews church clothing windows,"mood: solemn, communal, respectful, serious, reflective. style: candid, realistic, unposed. objects: people, pews, church, clothing, windows"
emotional loving joyful comforting reuniting candid realistic documentary people church pews congregation windows,"mood: emotional, loving, joyful, comforting, reuniting. style: candid, realistic, documentary. objects: people, church, pews, congregation, windows"
communal reverent comforting peaceful candid documentary interior people cross statue pews flowers,"mood: communal, reverent, comforting, peaceful. style: candid, documentary, interior. objects: people, cross, statue, pews, flowers"
surprising joyful warm emotional reunited candid spontaneous bright woman chairs tables cars buildings,"mood: surprising, joyful, warm, emotional, reunited. style: candid, spontaneous, bright. objects: woman, chairs, tables, cars, buildings"
surprised emotional happy reunited warm candid naturalistic observational women table car building handbag,"mood: surprised, emotional, happy, reunited, warm. style: candid, naturalistic, observational. objects: women, table, car, building, handbag"
surprised emotional joyous heartwarming affectionate candid casual bright women table cars keys building,"mood: surprised, emotional, joyous, heartwarming, affectionate. style: candid, casual, bright. objects: women, table, cars, keys, building"
joyful emotional affectionate surprised candid casual realistic people table keys phone car,"mood: joyful, emotional, affectionate, surprised. style: candid, casual, realistic. objects: people, table, keys, phone, car"
happy joyful heartwarming playful candid natural domestic puppies truck person ramp house,"mood: happy, joyful, heartwarming, playful. style: candid, natural, domestic. objects: puppies, truck, person, ramp, house"
lively candid surprised social amusing candid informal casual people chair grill garage phone,"mood: lively, candid, surprised, social, amusing. style: candid, informal, casual. objects: people, chair, grill, garage, phone"
happy relaxed social joyful casual candid amateur everyday people chairs house bottle grass,"mood: happy, relaxed, social, joyful, casual. style: candid, amateur, everyday. objects: people, chairs, house, bottle, grass"
joyful affectionate heartwarming emotional reunion candid domestic natural people car house basketball hoop chairs,"mood: joyful, affectionate, heartwarming, emotional, reunion. style: candid, domestic, natural. objects: people, car, house, basketball hoop, chairs"
reflective celebratory warm touching peaceful candid cozy natural man cake candles table room,"mood: reflective, celebratory, warm, touching, peaceful. style: candid, cozy, natural. objects: man, cake, candles, table, room"
celebratory joyful heartwarming sentimental candid domestic warm man cake candles balloons table,"mood: celebratory, joyful, heartwarming, sentimental. style: candid, domestic, warm. objects: man, cake, candles, balloons, table"
celebratory joyful warm sentimental candid personal warm cake candles person table smoke,"mood: celebratory, joyful, warm, sentimental. style: candid, personal, warm. objects: cake, candles, person, table, smoke"
loving warm peaceful nostalgic tender intimate domestic warm couple lamp table chairs windows,"mood: loving, warm, peaceful, nostalgic, tender. style: intimate, domestic, warm. objects: couple, lamp, table, chairs, windows"
happy casual familial relaxed candid natural domestic child table chairs grass adults,"mood: happy, casual, familial, relaxed. style: candid, natural, domestic. objects: child, table, chairs, grass, adults"
happy joyful playful loving candid natural outdoor man child grass trees plant,"mood: happy, joyful, playful, loving. style: candid, natural, outdoor. objects: man, child, grass, trees, plant"
exhausted somber fatigued weary distressed realistic documentary unposed medic stretcher uniform boots floor,"mood: exhausted, somber, fatigued, weary, distressed. style: realistic, documentary, unposed. objects: medic, stretcher, uniform, boots, floor"
concerned serious urgent focused realistic documentary candid stretcher person uniform bandage wall,"mood: concerned, serious, urgent, focused. style: realistic, documentary, candid. objects: stretcher, person, uniform, bandage, wall"
concerned serious urgent somber realistic documentary clinical paramedic patient stretcher uniform poster,"mood: concerned, serious, urgent, somber. style: realistic, documentary, clinical. objects: paramedic, patient, stretcher, uniform, poster"
serious concerned urgent attentive realistic unposed documentary paramedic patient stretcher uniform wall,"mood: serious, concerned, urgent, attentive. style: realistic, unposed, documentary. objects: paramedic, patient, stretcher, uniform, wall"
playful cheerful amusing lighthearted candid casual documentary man stretcher uniform wall poster,"mood: playful, cheerful, amusing, lighthearted. style: candid, casual, documentary. objects: man, stretcher, uniform, wall, poster"
serious caring clinical calm attentive candid realistic documentary patient rescuer stretcher leg posters,"mood: serious, caring, clinical, calm, attentive. style: candid, realistic, documentary. objects: patient, rescuer, stretcher, leg, posters"
affectionate heartwarming tender emotional candid realistic documentary officer children boots cars bag,"mood: affectionate, heartwarming, tender, emotional. style: candid, realistic, documentary. objects: officer, children, boots, cars, bag"
playful active joyful lively carefree candid outdoor natural children dirt trees church bat,"mood: playful, active, joyful, lively, carefree. style: candid, outdoor, natural. objects: children, dirt, trees, church, bat"
affectionate comforting tender innocent peaceful candid natural poignant children ground bat grass,"mood: affectionate, comforting, tender, innocent, peaceful. style: candid, natural, poignant. objects: children, ground, bat, grass"
joyful playful heartwarming domestic affectionate candid domestic warm man baby dog television shelf,"mood: joyful, playful, heartwarming, domestic, affectionate. style: candid, domestic, warm. objects: man, baby, dog, television, shelf"
excited playful happy lively candid domestic casual man dog television shelf plant,"mood: excited, playful, happy, lively. style: candid, domestic, casual. objects: man, dog, television, shelf, plant"
curious confined transient observant candid observational daylight trailer pigs sky bars window,"mood: curious, confined, transient, observant. style: candid, observational, daylight. objects: trailer, pigs, sky, bars, window"
curious surprised expectant joyful candid bright domestic boy box slippers paper kitchen,"mood: curious, surprised, expectant, joyful. style: candid, bright, domestic. objects: boy, box, slippers, paper, kitchen"
excited joyful anticipatory curious candid casual domestic boy box shoes kitchen blender,"mood: excited, joyful, anticipatory, curious. style: candid, casual, domestic. objects: boy, box, shoes, kitchen, blender"
curious focused absorbed anticipating engaged candid domestic natural boy paper box hands kitchen,"mood: curious, focused, absorbed, anticipating, engaged. style: candid, domestic, natural. objects: boy, paper, box, hands, kitchen"
emotional tearful overwhelmed surprised candid natural domestic boy box hands kitchen blender,"mood: emotional, tearful, overwhelmed, surprised. style: candid, natural, domestic. objects: boy, box, hands, kitchen, blender"
sad emotional vulnerable anticipatory touching candid amateur documentary boy box kitchen blender microwave,"mood: sad, emotional, vulnerable, anticipatory, touching. style: candid, amateur, documentary. objects: boy, box, kitchen, blender, microwave"
sad emotional overwhelmed tearful candid domestic realistic boy box clothing kitchen microwave,"mood: sad, emotional, overwhelmed, tearful. style: candid, domestic, realistic. objects: boy, box, clothing, kitchen, microwave"
emotional overwhelmed joyful surprised candid domestic spontaneous boy box kitchen cabinets fabric,"mood: emotional, overwhelmed, joyful, surprised. style: candid, domestic, spontaneous. objects: boy, box, kitchen, cabinets, fabric"
emotional overwhelmed joyful tender sentimental candid realistic intimate boy box blanket kitchen microwave,"mood: emotional, overwhelmed, joyful, tender, sentimental. style: candid, realistic, intimate. objects: boy, box, blanket, kitchen, microwave"
emotional overwhelmed moved tearful touching candid domestic emotional boy box countertop cabinets microwave,"mood: emotional, overwhelmed, moved, tearful, touching. style: candid, domestic, emotional. objects: boy, box, countertop, cabinets, microwave"
candid private neutral quiet candid modern domestic people door counter picture plants,"mood: candid, private, neutral, quiet. style: candid, modern, domestic. objects: people, door, counter, picture, plants"
happy loving welcoming emotional candid domestic bright people door countertop frame plant,"mood: happy, loving, welcoming, emotional. style: candid, domestic, bright. objects: people, door, countertop, frame, plant"
affectionate warm comforting happy modern candid domestic people door counter plant frame,"mood: affectionate, warm, comforting, happy. style: modern, candid, domestic. objects: people, door, counter, plant, frame"
curious happy calm engaged domestic candid natural domestic people packaging table kitchen cabinets,"mood: curious, happy, calm, engaged, domestic. style: candid, natural, domestic. objects: people, packaging, table, kitchen, cabinets"
neutral calm ordinary observant candid natural domestic man woman mugs table cabinets,"mood: neutral, calm, ordinary, observant. style: candid, natural, domestic. objects: man, woman, mugs, table, cabinets"
engaged conversational friendly bright casual domestic candid casual woman kitchen table mug cabinets,"mood: engaged, conversational, friendly, bright, casual. style: domestic, candid, casual. objects: woman, kitchen, table, mug, cabinets"
surprised emotional happy overwhelmed delighted candid domestic bright woman kitchen cabinets oven mug,"mood: surprised, emotional, happy, overwhelmed, delighted. style: candid, domestic, bright. objects: woman, kitchen, cabinets, oven, mug"
casual cluttered homey bright candid domestic informal table pitchers cups papers tissue box,"mood: casual, cluttered, homey, bright. style: candid, domestic, informal. objects: table, pitchers, cups, papers, tissue box"
calm neutral mundane domestic candid simple floor rug gift bag trim,"mood: calm, neutral, mundane. style: domestic, candid, simple. objects: floor, rug, gift bag, trim"
surprised emotional overwhelmed touched tearful candid domestic natural woman doorway chair table couch,"mood: surprised, emotional, overwhelmed, touched, tearful. style: candid, domestic, natural. objects: woman, doorway, chair, table, couch"
emotional joyful touching overwhelmed candid spontaneous domestic man child phone cap door,"mood: emotional, joyful, touching, overwhelmed. style: candid, spontaneous, domestic. objects: man, child, phone, cap, door"
happy joyful warm affectionate candid domestic unfiltered woman man child cap picture,"mood: happy, joyful, warm, affectionate. style: candid, domestic, unfiltered. objects: woman, man, child, cap, picture"
happy joyful playful loving candid domestic bright woman baby glasses painting wall,"mood: happy, joyful, playful, loving. style: candid, domestic, bright. objects: woman, baby, glasses, painting, wall"
happy joyful tender celebratory candid domestic bright woman baby glasses artwork wall,"mood: happy, joyful, tender, celebratory. style: candid, domestic, bright. objects: woman, baby, glasses, artwork, wall"
happy tender joyful warm affectionate candid domestic intimate baby woman artwork frames wall,"mood: happy, tender, joyful, warm, affectionate. style: candid, domestic, intimate. objects: baby, woman, artwork, frames, wall"
urgent busy active concerned dynamic candid realistic clinical hallway people medical cart monitor floor,"mood: urgent, busy, active, concerned, dynamic. style: candid, realistic, clinical. objects: hallway, people, medical cart, monitor, floor"
emotional joyful heartwarming celebratory candid vibrant intimate woman tutu banner balloon crib,"mood: emotional, joyful, heartwarming, celebratory. style: candid, vibrant, intimate. objects: woman, tutu, banner, balloon, crib"
joyful celebratory festive cheerful candid brightly lit modern people cake balloons table hospital hallway,"mood: joyful, celebratory, festive, cheerful. style: candid, brightly lit, modern. objects: people, cake, balloons, table, hospital hallway"
calm rustic everyday ordinary candid realistic documentary man house wall gate ground,"mood: calm, rustic, everyday, ordinary. style: candid, realistic, documentary. objects: man, house, wall, gate, ground"
peaceful calm rural ordinary serene candid natural rustic house people wall grass bushes,"mood: peaceful, calm, rural, ordinary, serene. style: candid, natural, rustic. objects: house, people, wall, grass, bushes"
quiet isolated nostalgic eerie blurry rustic candid path house fence posts grass,"mood: quiet, isolated, nostalgic, eerie. style: blurry, rustic, candid. objects: path, house, fence, posts, grass"
joyful energetic amused lively watchful candid lively crowded people crowd sunglasses cap shirts,"mood: joyful, energetic, amused, lively, watchful. style: candid, lively, crowded. objects: people, crowd, sunglasses, cap, shirts"
joyful surprising emotional celebratory candid dynamic spontaneous people ring stage fanny pack cap,"mood: joyful, surprising, emotional, celebratory. style: candid, dynamic, spontaneous. objects: people, ring, stage, fanny pack, cap"
joyful celebratory emotional excited energetic candid documentary vibrant people crowd shirts baseball cap stage,"mood: joyful, celebratory, emotional, excited, energetic. style: candid, documentary, vibrant. objects: people, crowd, shirts, baseball cap, stage"
excited joyful celebratory lively energetic candid lively event people crowd shirts hands hats,"mood: excited, joyful, celebratory, lively, energetic. style: candid, lively, event. objects: people, crowd, shirts, hands, hats"
energetic chaotic blurry lively blurry candid dynamic people faces hands clothing crowd,"mood: energetic, chaotic, blurry, lively. style: blurry, candid, dynamic. objects: people, faces, hands, clothing, crowd"
joyful energetic celebratory loving enthusiastic candid dynamic concert crowd couple stage speakers phone,"mood: joyful, energetic, celebratory, loving, enthusiastic. style: candid, dynamic, concert. objects: crowd, couple, stage, speakers, phone"
solemn poignant reflective calm candid documentary realistic women clipper hair cape scissors,"mood: solemn, poignant, reflective, calm. style: candid, documentary, realistic. objects: women, clipper, hair, cape, scissors"
emotional poignant sorrowful supportive tender candid intimate documentary people chair table scissors hair,"mood: emotional, poignant, sorrowful, supportive, tender. style: candid, intimate, documentary. objects: people, chair, table, scissors, hair"
affectionate heartwarming emotional comforting candid realistic indoor woman boy girl sofa room,"mood: affectionate, heartwarming, emotional, comforting. style: candid, realistic, indoor. objects: woman, boy, girl, sofa, room"
happy casual warm friendly supportive candid domestic natural people room clock fan sofa,"mood: happy, casual, warm, friendly, supportive. style: candid, domestic, natural. objects: people, room, clock, fan, sofa"
happy casual playful lighthearted candid casual documentary people pavement wall hat flip-flops,"mood: happy, casual, playful, lighthearted. style: candid, casual, documentary. objects: people, pavement, wall, hat, flip-flops"
joyful amused lighthearted playful candid casual grainy people clothing building sidewalk flip-flops,"mood: joyful, amused, lighthearted, playful. style: candid, casual, grainy. objects: people, clothing, building, sidewalk, flip-flops"
happy joyful anticipatory celebratory candid informal natural man woman balloons bunny bed,"mood: happy, joyful, anticipatory, celebratory. style: candid, informal, natural. objects: man, woman, balloons, bunny, bed"
expectant hopeful tender intimate sweet candid natural personal man woman balloons stuffed animal blanket,"mood: expectant, hopeful, tender, intimate, sweet. style: candid, natural, personal. objects: man, woman, balloons, stuffed animal, blanket"
affectionate loving tender hopeful celebratory intimate candid personal couple balloons ribbon plush toy bed,"mood: affectionate, loving, tender, hopeful, celebratory. style: intimate, candid, personal. objects: couple, balloons, ribbon, plush toy, bed"
determined concerned hopeful activist engaged documentary street photography daylight sign crowd buildings trees backpack,"mood: determined, concerned, hopeful, activist, engaged. style: documentary, street photography, daylight. objects: sign, crowd, buildings, trees, backpack"
joyful energetic lively performative theatrical vibrant amateur dancers stage screen costumes people,"mood: joyful, energetic, lively, performative. style: theatrical, vibrant, amateur. objects: dancers, stage, screen, costumes, people"
happy energetic vibrant cheerful theatrical energetic colorful dancers stage costumes screen,"mood: happy, energetic, vibrant, cheerful. style: theatrical, energetic, colorful. objects: dancers, stage, costumes, screen"
joyful lively spirited theatrical illuminated dynamic people stage screen costumes,"mood: joyful, lively, spirited. style: theatrical, illuminated, dynamic. objects: people, stage, screen, costumes"
joyful heartwarming lively proud sweet theatrical candid vibrant dancers children stage screen skirts,"mood: joyful, heartwarming, lively, proud, sweet. style: theatrical, candid, vibrant. objects: dancers, children, stage, screen, skirts"
casual ordinary active urban commonplace realistic candid documentary people building signs pavement shopfronts,"mood: casual, ordinary, active, urban, commonplace. style: realistic, candid, documentary. objects: people, building, signs, pavement, shopfronts"
everyday casual ordinary candid realistic bright woman shopping bags mall sign pavement building,"mood: everyday, casual, ordinary. style: candid, realistic, bright. objects: woman, shopping bags, mall sign, pavement, building"
happy cheerful friendly joyful candid bright casual man container butterfly shirt ground,"mood: happy, cheerful, friendly, joyful. style: candid, bright, casual. objects: man, container, butterfly, shirt, ground"
happy joyful friendly positive lighthearted candid bright casual people container butterfly wings sign building,"mood: happy, joyful, friendly, positive, lighthearted. style: candid, bright, casual. objects: people, container, butterfly wings, sign, building"
curious cautious peaceful urban urban modern dim-lit cat escalator window lights building,"mood: curious, cautious, peaceful, urban. style: urban, modern, dim-lit. objects: cat, escalator, window, lights, building"
subdued uneasy isolated impersonal blurry muted candid escalator steps handrails figure,"mood: subdued, uneasy, isolated, impersonal. style: blurry, muted, candid. objects: escalator, steps, handrails, figure"
happy friendly welcoming candid wide-angle everyday man woman porch truck trees,"mood: happy, friendly, welcoming. style: candid, wide-angle, everyday. objects: man, woman, porch, truck, trees"
dark unusual grand mysterious impressive nocturnal dynamic illuminated truck flowers road lights vehicle,"mood: dark, unusual, grand, mysterious, impressive. style: nocturnal, dynamic, illuminated. objects: truck, flowers, road, lights, vehicle"
welcoming social relaxed inclusive positive candid natural unfiltered people flags door trophies frame,"mood: welcoming, social, relaxed, inclusive, positive. style: candid, natural, unfiltered. objects: people, flags, door, trophies, frame"
happy joyful celebratory warm candid documentary vibrant people crowd walkway pillars trees,"mood: happy, joyful, celebratory, warm. style: candid, documentary, vibrant. objects: people, crowd, walkway, pillars, trees"
celebratory appreciative joyful respectful candid real-life blurry people corridor skylight walls,"mood: celebratory, appreciative, joyful, respectful. style: candid, real-life, blurry. objects: people, corridor, skylight, walls"
celebratory appreciative joyful warm candid realistic documentary people hallway ceiling door trash can,"mood: celebratory, appreciative, joyful, warm. style: candid, realistic, documentary. objects: people, hallway, ceiling, door, trash can"
calm playful nurturing safe watchful surveillance candid documentary adult baby cribs toys playmat,"mood: calm, playful, nurturing, safe, watchful. style: surveillance, candid, documentary. objects: adult, baby, cribs, toys, playmat"
calm peaceful playful safe surveillance candid functional babies cribs toys adult table,"mood: calm, peaceful, playful, safe. style: surveillance, candid, functional. objects: babies, cribs, toys, adult, table"
playful calm innocent safe candid observational functional caregiver toddlers cribs toys playmat,"mood: playful, calm, innocent, safe. style: candid, observational, functional. objects: caregiver, toddlers, cribs, toys, playmat"
calm nurturing peaceful engaging safe surveillance candid realistic children adult cribs toys playmat,"mood: calm, nurturing, peaceful, engaging, safe. style: surveillance, candid, realistic. objects: children, adult, cribs, toys, playmat"
affectionate nurturing calm safe peaceful candid documentary surveillance caregiver babies cribs toys room,"mood: affectionate, nurturing, calm, safe, peaceful. style: candid, documentary, surveillance. objects: caregiver, babies, cribs, toys, room"
serious vulnerable concerned hopeful candid realistic emotional patient nurse child hospital bed medical equipment,"mood: serious, vulnerable, concerned, hopeful. style: candid, realistic, emotional. objects: patient, nurse, child, hospital bed, medical equipment"
medical concerned vulnerable quiet documentary realistic candid man hospital bed nasal cannula medical equipment sheets,"mood: medical, concerned, vulnerable, quiet. style: documentary, realistic, candid. objects: man, hospital bed, nasal cannula, medical equipment, sheets"
caring supportive tender hopeful intimate realistic candid natural man woman hospital bed nasal cannula iv pole,"mood: caring, supportive, tender, hopeful, intimate. style: realistic, candid, natural. objects: man, woman, hospital bed, nasal cannula, iv pole"
determined rehabilitative focused challenging candid documentary bright man hospital bed resistance band window leg,"mood: determined, rehabilitative, focused, challenging. style: candid, documentary, bright. objects: man, hospital bed, resistance band, window, leg"
determined hopeful supportive medical focused documentary candid clinical person brace cane shoes corridor,"mood: determined, hopeful, supportive, medical, focused. style: documentary, candid, clinical. objects: person, brace, cane, shoes, corridor"
determined focused resilient serious realistic candid bright man wheelchair brace sunglasses gym,"mood: determined, focused, resilient, serious. style: realistic, candid, bright. objects: man, wheelchair, brace, sunglasses, gym"
happy joyful friendly warm celebratory casual candid domestic people balloon clothing phone,"mood: happy, joyful, friendly, warm, celebratory. style: casual, candid, domestic. objects: people, balloon, clothing, phone"
relaxed social celebratory intimate candid informal ambient woman table chairs glasses balloon,"mood: relaxed, social, celebratory, intimate. style: candid, informal, ambient. objects: woman, table, chairs, glasses, balloon"
affectionate joyful warm emotional candid blurry intimate people balloon table chair purse,"mood: affectionate, joyful, warm, emotional. style: candid, blurry, intimate. objects: people, balloon, table, chair, purse"
gentle curious protective tender candid domestic natural dog baby adult couch bassinet,"mood: gentle, curious, protective, tender. style: candid, domestic, natural. objects: dog, baby, adult, couch, bassinet"
loving tender calm protective sweet candid intimate domestic man baby dog blanket couch,"mood: loving, tender, calm, protective, sweet. style: candid, intimate, domestic. objects: man, baby, dog, blanket, couch"
tender comforting subdued caring empathetic candid domestic unpolished dog hand person carrier couch,"mood: tender, comforting, subdued, caring, empathetic. style: candid, domestic, unpolished. objects: dog, hand, person, carrier, couch"
curious tender watchful intimate calm candid natural domestic dog baby arm blanket pillow,"mood: curious, tender, watchful, intimate, calm. style: candid, natural, domestic. objects: dog, baby, arm, blanket, pillow"
supportive comforting empathetic tender candid realistic gentle dog hospital bed medical equipment sheets hand,"mood: supportive, comforting, empathetic, tender. style: candid, realistic, gentle. objects: dog, hospital bed, medical equipment, sheets, hand"
affectionate calm gentle peaceful soothing candid natural heartwarming person cow hay fence pen,"mood: affectionate, calm, gentle, peaceful, soothing. style: candid, natural, heartwarming. objects: person, cow, hay, fence, pen"
surprised emotional curious joyful candid domestic informal women toddler couch phone lamp,"mood: surprised, emotional, curious, joyful. style: candid, domestic, informal. objects: women, toddler, couch, phone, lamp"
happy joyful surprised anticipatory candid domestic bright woman child armchair lamp gift,"mood: happy, joyful, surprised, anticipatory. style: candid, domestic, bright. objects: woman, child, armchair, lamp, gift"
excited joyful surprised lively candid domestic bright women child couch frames lamp,"mood: excited, joyful, surprised, lively. style: candid, domestic, bright. objects: women, child, couch, frames, lamp"
warm joyful affectionate candid domestic casual women sofa lamp frames table,"mood: warm, joyful, affectionate. style: candid, domestic, casual. objects: women, sofa, lamp, frames, table"
joyful affectionate happy peaceful content candid natural intimate man woman gift bag blue object blanket,"mood: joyful, affectionate, happy, peaceful, content. style: candid, natural, intimate. objects: man, woman, gift bag, blue object, blanket"
happy joyful relaxed serene candid natural warm man woman gift bag blanket cap,"mood: happy, joyful, relaxed, serene. style: candid, natural, warm. objects: man, woman, gift bag, blanket, cap"
romantic affectionate joyful intimate tender candid natural intimate couple blanket gift bag sky can,"mood: romantic, affectionate, joyful, intimate, tender. style: candid, natural, intimate. objects: couple, blanket, gift bag, sky, can"
joyful emotional loving warm candid domestic intimate people room doorway ceiling plant,"mood: joyful, emotional, loving, warm. style: candid, domestic, intimate. objects: people, room, doorway, ceiling, plant"
friendly casual playful affectionate candid casual natural women backpack sweater trees fence,"mood: friendly, casual, playful, affectionate. style: candid, casual, natural. objects: women, backpack, sweater, trees, fence"
emotional comforting caring supportive concerned candid natural documentary woman girl backpack water bottle trees,"mood: emotional, comforting, caring, supportive, concerned. style: candid, natural, documentary. objects: woman, girl, backpack, water bottle, trees"
calm ordinary candid candid domestic natural person sofa table picture frame blanket,"mood: calm, ordinary, candid. style: candid, domestic, natural. objects: person, sofa, table, picture frame, blanket"
casual calm domestic ordinary candid realistic everyday sofa people table artwork bottles,"mood: casual, calm, domestic, ordinary. style: candid, realistic, everyday. objects: sofa, people, table, artwork, bottles"
joyful playful messy candid celebratory candid amateur blurry people balloons wall sink floor,"mood: joyful, playful, messy, candid, celebratory. style: candid, amateur, blurry. objects: people, balloons, wall, sink, floor"
happy joyful playful lively candid candid unpolished realistic boys man balloons table shelves,"mood: happy, joyful, playful, lively, candid. style: candid, unpolished, realistic. objects: boys, man, balloons, table, shelves"
comforting tender supportive emotional intimate candid intimate natural people hands balloons wall shelf,"mood: comforting, tender, supportive, emotional, intimate. style: candid, intimate, natural. objects: people, hands, balloons, wall, shelf"
emotional comforting sad tender candid personal casual child woman clothing room,"mood: emotional, comforting, sad, tender. style: candid, personal, casual. objects: child, woman, clothing, room"
emotional celebratory formal proud moved academic ceremonial broadcast woman gown hood screen audience,"mood: emotional, celebratory, formal, proud, moved. style: academic, ceremonial, broadcast. objects: woman, gown, hood, screen, audience"
celebratory energetic lively candid live digital screen people stage hat trees,"mood: celebratory, energetic, lively. style: candid, live, digital. objects: screen, people, stage, hat, trees"
grateful respectful united hopeful candid documentary modern people window building phones curtains,"mood: grateful, respectful, united, hopeful. style: candid, documentary, modern. objects: people, window, building, phones, curtains"
ordinary calm mundane simple realistic documentary utilitarian door window brick wall light fixture electrical conduit,"mood: ordinary, calm, mundane, simple. style: realistic, documentary, utilitarian. objects: door, window, brick wall, light fixture, electrical conduit"
happy welcoming pleasant bright candid bright natural person woman tree house shirt,"mood: happy, welcoming, pleasant, bright. style: candid, bright, natural. objects: person, woman, tree, house, shirt"
happy joyful surprised excited revelatory candid spontaneous bright woman man porch doorframe trees,"mood: happy, joyful, surprised, excited, revelatory. style: candid, spontaneous, bright. objects: woman, man, porch, doorframe, trees"
emotional tender poignant heartfelt bittersweet candid realistic spontaneous man woman door wall window,"mood: emotional, tender, poignant, heartfelt, bittersweet. style: candid, realistic, spontaneous. objects: man, woman, door, wall, window"
emotional tender intimate affectionate touching candid domestic natural man woman doorway house table,"mood: emotional, tender, intimate, affectionate, touching. style: candid, domestic, natural. objects: man, woman, doorway, house, table"
playful happy peaceful serene naturalistic casual outdoor dog stick path grass trees,"mood: playful, happy, peaceful, serene. style: naturalistic, casual, outdoor. objects: dog, stick, path, grass, trees"
happy playful gentle endearing candid natural informal person dog pavement shoes object,"mood: happy, playful, gentle, endearing. style: candid, natural, informal. objects: person, dog, pavement, shoes, object"
peaceful reflective casual gentle candid urban naturalistic man dog microphone wagon amplifier,"mood: peaceful, reflective, casual, gentle. style: candid, urban, naturalistic. objects: man, dog, microphone, wagon, amplifier"
warm proud celebratory loving accomplished candid outdoor personal people graduate cowboy hat diploma water bottle,"mood: warm, proud, celebratory, loving, accomplished. style: candid, outdoor, personal. objects: people, graduate, cowboy hat, diploma, water bottle"
encouraging warm positive friendly kind candid casual personal hoodie dreadlocks bag railing person,"mood: encouraging, warm, positive, friendly, kind. style: candid, casual, personal. objects: hoodie, dreadlocks, bag, railing, person"
affectionate tender heartwarming loving peaceful candid domestic natural father daughter baby armchair crib,"mood: affectionate, tender, heartwarming, loving, peaceful. style: candid, domestic, natural. objects: father, daughter, baby, armchair, crib"
tense gritty somber determined cinematic desaturated dramatic person desert rock garment,"mood: tense, gritty, somber, determined. style: cinematic, desaturated, dramatic. objects: person, desert, rock, garment"
tired somber pensive melancholic cinematic dramatic sepia-toned person car window seat,"mood: tired, somber, pensive, melancholic. style: cinematic, dramatic, sepia-toned. objects: person, car, window, seat"
distressed somber bleak desperate struggling cinematic gritty dark figure arm sand sky clothing,"mood: distressed, somber, bleak, desperate, struggling. style: cinematic, gritty, dark. objects: figure, arm, sand, sky, clothing"
tense serious contemplative anxious cinematic realistic formal people hallway suspenders shirts doorways,"mood: tense, serious, contemplative, anxious. style: cinematic, realistic, formal. objects: people, hallway, suspenders, shirts, doorways"
celebratory joyful patriotic historic cinematic vintage historical truck soldiers people hat buildings,"mood: celebratory, joyful, patriotic, historic. style: cinematic, vintage, historical. objects: truck, soldiers, people, hat, buildings"
serious pensive tense dramatic cinematic dramatic vintage man truck building hat tie,"mood: serious, pensive, tense, dramatic. style: cinematic, dramatic, vintage. objects: man, truck, building, hat, tie"
startled anxious fearful intense surprised cinematic dramatic close-up man face eye skin,"mood: startled, anxious, fearful, intense, surprised. style: cinematic, dramatic, close-up. objects: man, face, eye, skin"
intense powerful mysterious cosmic cinematic abstract dramatic light cloud particles darkness,"mood: intense, powerful, mysterious, cosmic. style: cinematic, abstract, dramatic. objects: light, cloud, particles, darkness"
intense chaotic dangerous overwhelming fiery cinematic dynamic fire smoke sparks explosion,"mood: intense, chaotic, dangerous, overwhelming. style: fiery, cinematic, dynamic. objects: fire, smoke, sparks, explosion"
cold serene isolated muted cinematic naturalistic wintry snow tree log boot can,"mood: cold, serene, isolated, muted. style: cinematic, naturalistic, wintry. objects: snow, tree, log, boot, can"
lonely cold abandoned mysterious cinematic stark muted smartphone snow needles twigs,"mood: lonely, cold, abandoned, mysterious. style: cinematic, stark, muted. objects: smartphone, snow, needles, twigs"
cold quiet serene calm cinematic realistic wintry raccoon snow trees log birds,"mood: cold, quiet, serene, calm. style: cinematic, realistic, wintry. objects: raccoon, snow, trees, log, birds"
cold quiet serene whimsical peaceful cinematic wintery naturalistic raccoon snow trees log birds,"mood: cold, quiet, serene, whimsical, peaceful. style: cinematic, wintery, naturalistic. objects: raccoon, snow, trees, log, birds"
chilly whimsical serene quiet cinematic wintery fantastical raccoon snow trees log squirrels,"mood: chilly, whimsical, serene, quiet. style: cinematic, wintery, fantastical. objects: raccoon, snow, trees, log, squirrels"
cold peaceful wintry enchanted cinematic wintry naturalistic raccoon snow trees log birds,"mood: cold, peaceful, wintry, enchanted. style: cinematic, wintry, naturalistic. objects: raccoon, snow, trees, log, birds"
tense startled wild cold dramatic cinematic realistic wintery bear raccoon snow forest log,"mood: tense, startled, wild, cold, dramatic. style: cinematic, realistic, wintery. objects: bear, raccoon, snow, forest, log"
cold enchanting mysterious calm wild fantasy cinematic wintery snow trees log bear creatures,"mood: cold, enchanting, mysterious, calm, wild. style: fantasy, cinematic, wintery. objects: snow, trees, log, bear, creatures"
dangerous wild cold intense wintry cinematic fantasy dramatic wolf bear snow log creatures,"mood: dangerous, wild, cold, intense, wintry. style: cinematic, fantasy, dramatic. objects: wolf, bear, snow, log, creatures"
whimsical wild enchanting mysterious cold cinematic fantastical wintry bear wolf creatures trees snow,"mood: whimsical, wild, enchanting, mysterious, cold. style: cinematic, fantastical, wintry. objects: bear, wolf, creatures, trees, snow"
wintery magical curious wild cinematic fantasy naturalistic bear raccoon dog snow trees,"mood: wintery, magical, curious, wild. style: cinematic, fantasy, naturalistic. objects: bear, raccoon, dog, snow, trees"
whimsical cold curious wintry enchanting cinematic wintry whimsical raccoon mouse bear tree snow,"mood: whimsical, cold, curious, wintry, enchanting. style: cinematic, wintry, whimsical. objects: raccoon, mouse, bear, tree, snow"
whimsical curious playful lively chilly cinematic fantastical wintry animals log snow trees forest,"mood: whimsical, curious, playful, lively, chilly. style: cinematic, fantastical, wintry. objects: animals, log, snow, trees, forest"
whimsical curious enchanting rustic whimsical cinematic naturalistic animals snow forest log birds,"mood: whimsical, curious, enchanting, rustic. style: whimsical, cinematic, naturalistic. objects: animals, snow, forest, log, birds"
joyful energetic lively boisterous animated cinematic whimsical bear raccoon wolf owl forest,"mood: joyful, energetic, lively, boisterous. style: animated, cinematic, whimsical. objects: bear, raccoon, wolf, owl, forest"
cold mysterious tense somber isolated cinematic wintry muted trees snow arm forest jacket,"mood: cold, mysterious, tense, somber, isolated. style: cinematic, wintry, muted. objects: trees, snow, arm, forest, jacket"
mysterious ethereal futuristic calm luminous digital minimalist abstract rectangle text light glow flares,"mood: mysterious, ethereal, futuristic, calm, luminous. style: digital, minimalist, abstract. objects: rectangle, text, light, glow, flares"
energetic vibrant celebratory exciting chaotic abstract dynamic colorful particles light rays fragments,"mood: energetic, vibrant, celebratory, exciting, chaotic. style: abstract, dynamic, colorful. objects: particles, light, rays, fragments"
contemplative questioning curious uneasy commercial naturalistic clear girl goldfish fishbowl smartphone table,"mood: contemplative, questioning, curious, uneasy. style: commercial, naturalistic, clear. objects: girl, goldfish, fishbowl, smartphone, table"
professional modern clean corporate commercial corporate modern logo building glass sky clouds,"mood: professional, modern, clean, corporate. style: commercial, corporate, modern. objects: logo, building, glass, sky, clouds"
focused diligent calm productive candid warm naturalistic man desk tools bookshelf plant,"mood: focused, diligent, calm, productive. style: candid, warm, naturalistic. objects: man, desk, tools, bookshelf, plant"
solitary determined urgent melancholic cinematic urban dynamic runner street buildings cars lampposts,"mood: solitary, determined, urgent, melancholic. style: cinematic, urban, dynamic. objects: runner, street, buildings, cars, lampposts"
energetic focused determined vigorous athletic dynamic blurred legs feet shoes hurdles floor,"mood: energetic, focused, determined, vigorous. style: athletic, dynamic, blurred. objects: legs, feet, shoes, hurdles, floor"
hopeful serene nurturing fresh natural macro bright hand seedling water soil,"mood: hopeful, serene, nurturing, fresh. style: natural, macro, bright. objects: hand, seedling, water, soil"
global expansive wondrous informative illustrative digital symbolic earth globe landmarks stars sky,"mood: global, expansive, wondrous, informative. style: illustrative, digital, symbolic. objects: earth, globe, landmarks, stars, sky"
prepared active focused energetic sporty realistic dynamic hands legs boot ball grass,"mood: prepared, active, focused, energetic. style: sporty, realistic, dynamic. objects: hands, legs, boot, ball, grass"
ready focused active calm prepared clean sporty studio hands soccer ball cleats shoelace leg,"mood: ready, focused, active, calm, prepared. style: clean, sporty, studio. objects: hands, soccer ball, cleats, shoelace, leg"
active energetic dynamic focused clear natural sporty soccer ball leg turf cones,"mood: active, energetic, dynamic, focused. style: clear, natural, sporty. objects: soccer ball, leg, turf, cones"
sad stark somber abstract minimalist abstract graphic lines tear figure drawing,"mood: sad, stark, somber, abstract. style: minimalist, abstract, graphic. objects: lines, tear, figure, drawing"
determined focused strenuous intense documentary realistic athletic man track windows sign hall,"mood: determined, focused, strenuous, intense. style: documentary, realistic, athletic. objects: man, track, windows, sign, hall"
energetic determined serene calm naturalistic hazy athletic runners road mountains fog trees,"mood: energetic, determined, serene, calm. style: naturalistic, hazy, athletic. objects: runners, road, mountains, fog, trees"
determined active serene hazy natural candid atmospheric runners road mountains fog trees,"mood: determined, active, serene, hazy. style: natural, candid, atmospheric. objects: runners, road, mountains, fog, trees"
active intense dynamic focused dynamic urban action skater skateboard rail stairs house,"mood: active, intense, dynamic, focused. style: dynamic, urban, action. objects: skater, skateboard, rail, stairs, house"
resilient determined emotional vulnerable hopeful candid realistic documentary wrestler mat headgear singlet audience,"mood: resilient, determined, emotional, vulnerable, hopeful. style: candid, realistic, documentary. objects: wrestler, mat, headgear, singlet, audience"
pensive somber reflective intense cinematic dramatic atmospheric person face hair bokeh silhouette,"mood: pensive, somber, reflective, intense. style: cinematic, dramatic, atmospheric. objects: person, face, hair, bokeh, silhouette"
intense determined energetic focused dynamic realistic athletic woman wheelchair basketball hoop gym,"mood: intense, determined, energetic, focused. style: dynamic, realistic, athletic. objects: woman, wheelchair, basketball hoop, gym"
energetic competitive focused candid documentary realistic players helmets jerseys field trees,"mood: energetic, competitive, focused. style: candid, documentary, realistic. objects: players, helmets, jerseys, field, trees"
joyful celebratory happy proud optimistic candid bright festive woman tiara sash flowers crowd,"mood: joyful, celebratory, happy, proud, optimistic. style: candid, bright, festive. objects: woman, tiara, sash, flowers, crowd"
joyful triumphant intense energetic ecstatic black and white dramatic energetic runners bibs headband crowd lights,"mood: joyful, triumphant, intense, energetic, ecstatic. style: black and white, dramatic, energetic. objects: runners, bibs, headband, crowd, lights"
calm thoughtful confident understated cinematic soft-focus naturalistic person earring necklace t-shirt light,"mood: calm, thoughtful, confident, understated. style: cinematic, soft-focus, naturalistic. objects: person, earring, necklace, t-shirt, light"
energetic active competitive focused dynamic candid blurry player jersey number field arm,"mood: energetic, active, competitive, focused. style: dynamic, candid, blurry. objects: player, jersey, number, field, arm"
inspiring uplifting joyful hopeful communal broadcast daylight event speaker stage microphone banner building,"mood: inspiring, uplifting, joyful, hopeful, communal. style: broadcast, daylight, event. objects: speaker, stage, microphone, banner, building"
energetic competitive focused exciting dynamic realistic broadcast players ball field flags signage,"mood: energetic, competitive, focused, exciting. style: dynamic, realistic, broadcast. objects: players, ball, field, flags, signage"
dark surreal mysterious contemplative urban surreal cinematic building projection bicycles riders windows,"mood: dark, surreal, mysterious, contemplative. style: urban, surreal, cinematic. objects: building, projection, bicycles, riders, windows"
dark surreal peaceful contemplative quiet aerial nocturnal artistic tennis court projection streetlights cars buildings,"mood: dark, surreal, peaceful, contemplative, quiet. style: aerial, nocturnal, artistic. objects: tennis court, projection, streetlights, cars, buildings"
intense urgent dramatic tense anxious cinematic dramatic overhead people floor table shadows room,"mood: intense, urgent, dramatic, tense, anxious. style: cinematic, dramatic, overhead. objects: people, floor, table, shadows, room"
calm creative focused serene bright modern aesthetic people gallery artworks sketchbooks benches,"mood: calm, creative, focused, serene. style: bright, modern, aesthetic. objects: people, gallery, artworks, sketchbooks, benches"
intense surreal vibrant quirky playful papercraft cubist animated robots eye device arm character,"mood: intense, surreal, vibrant, quirky, playful. style: papercraft, cubist, animated. objects: robots, eye, device, arm, character"
pensive thoughtful calm reflective cinematic soft warm man face hand sweater arches,"mood: pensive, thoughtful, calm, reflective. style: cinematic, soft, warm. objects: man, face, hand, sweater, arches"
dangerous chaotic desperate surreal cinematic dramatic surreal boat sail sea waves screen,"mood: dangerous, chaotic, desperate, surreal. style: cinematic, dramatic, surreal. objects: boat, sail, sea, waves, screen"
serene traditional cultural artistic contemplative artistic abstract cultural painting frame figures bottle wall,"mood: serene, traditional, cultural, artistic, contemplative. style: artistic, abstract, cultural. objects: painting, frame, figures, bottle, wall"
pensive bored calm surreal whimsical cinematic surreal realistic person sculpture paintings guard bag,"mood: pensive, bored, calm, surreal, whimsical. style: cinematic, surreal, realistic. objects: person, sculpture, paintings, guard, bag"
calm contemplative quiet artistic cinematic blurry gallery-like painting person wall frame label,"mood: calm, contemplative, quiet, artistic. style: cinematic, blurry, gallery-like. objects: painting, person, wall, frame, label"
engaging dynamic classical dramatic expressive classical sculptural dynamic statue man beard hand brush,"mood: engaging, dynamic, classical, dramatic, expressive. style: classical, sculptural, dynamic. objects: statue, man, beard, hand, brush"
surreal pensive dreamy mysterious calm cinematic surreal diffused people museum windows flag notebook,"mood: surreal, pensive, dreamy, mysterious, calm. style: cinematic, surreal, diffused. objects: people, museum, windows, flag, notebook"
serene surreal tranquil cold nostalgic ukiyo-e illustrative painterly bottle snow trees people cart,"mood: serene, surreal, tranquil, cold, nostalgic. style: ukiyo-e, illustrative, painterly. objects: bottle, snow, trees, people, cart"
anachronistic intriguing mysterious thought-provoking classical dramatic juxtaposed bottle hand painting frame coca-cola,"mood: anachronistic, intriguing, mysterious, thought-provoking. style: classical, dramatic, juxtaposed. objects: bottle, hand, painting, frame, coca-cola"
focused creative calm introspective quiet close-up soft-focus warm-lit hand pencil paper drawing fabric,"mood: focused, creative, calm, introspective, quiet. style: close-up, soft-focus, warm-lit. objects: hand, pencil, paper, drawing, fabric"
serene contemplative enigmatic elegant classical realistic museum-like painting frame girl turban earring,"mood: serene, contemplative, enigmatic, elegant. style: classical, realistic, museum-like. objects: painting, frame, girl, turban, earring"
happy joyful warm amused candid natural warm women sofa phone cabinet lamp,"mood: happy, joyful, warm, amused. style: candid, natural, warm. objects: women, sofa, phone, cabinet, lamp"
happy friendly content pleasant domestic warm natural domestic woman smartphone eyeglasses shawl earring,"mood: happy, friendly, content, pleasant, domestic. style: warm, natural, domestic. objects: woman, smartphone, eyeglasses, shawl, earring"
happy joyful heartwarming domestic content candid warm domestic women hand mixer cardboard box eyeglasses teapot,"mood: happy, joyful, heartwarming, domestic, content. style: candid, warm, domestic. objects: women, hand mixer, cardboard box, eyeglasses, teapot"
happy loving playful relaxed content candid domestic warm women spoons glasses couch shawl,"mood: happy, loving, playful, relaxed, content. style: candid, domestic, warm. objects: women, spoons, glasses, couch, shawl"
clear direct informative neutral minimalist corporate digital logo text button cursor,"mood: clear, direct, informative, neutral. style: minimalist, corporate, digital. objects: logo, text, button, cursor"
bright ethereal serene empty mysterious minimalist abstract bright light haze texture,"mood: bright, ethereal, serene, empty, mysterious. style: minimalist, abstract, bright. objects: light, haze, texture"
tense unsettling visceral uncomfortable macro dark dramatic finger hand nail clay,"mood: tense, unsettling, visceral, uncomfortable. style: macro, dark, dramatic. objects: finger, hand, nail, clay"
tranquil solitary dreamy ethereal atmospheric dreamlike muted bird water clouds rock,"mood: tranquil, solitary, dreamy, ethereal. style: atmospheric, dreamlike, muted. objects: bird, water, clouds, rock"
mysterious serene lonely dreamlike blurry atmospheric ethereal mountains water sky creature clouds,"mood: mysterious, serene, lonely, dreamlike. style: blurry, atmospheric, ethereal. objects: mountains, water, sky, creature, clouds"
peaceful tranquil serene soft ethereal soft blurred atmospheric grass sand log creature,"mood: peaceful, tranquil, serene, soft, ethereal. style: soft, blurred, atmospheric. objects: grass, sand, log, creature"
peaceful serene dreamlike calm natural soft-focus atmospheric bird water sand beach,"mood: peaceful, serene, dreamlike, calm. style: natural, soft-focus, atmospheric. objects: bird, water, sand, beach"
peaceful serene vulnerable sleepy naturalistic soft-focus tranquil chick ground grass hole,"mood: peaceful, serene, vulnerable, sleepy. style: naturalistic, soft-focus, tranquil. objects: chick, ground, grass, hole"
cute innocent playful lively animated naturalistic adorable bird sand shells beach shadow,"mood: cute, innocent, playful, lively. style: animated, naturalistic, adorable. objects: bird, sand, shells, beach, shadow"
adorable curious vulnerable gentle animated naturalistic soft bird water sand feet,"mood: adorable, curious, vulnerable, gentle. style: animated, naturalistic, soft. objects: bird, water, sand, feet"
cute vulnerable curious solitary peaceful animated realistic soft creature grass sand plants,"mood: cute, vulnerable, curious, solitary, peaceful. style: animated, realistic, soft. objects: creature, grass, sand, plants"
cute curious innocent shy animated soft close-up chick sand background,"mood: cute, curious, innocent, shy. style: animated, soft, close-up. objects: chick, sand, background"
peaceful calm innocent curious animated natural serene bird grass sand flowers,"mood: peaceful, calm, innocent, curious. style: animated, natural, serene. objects: bird, grass, sand, flowers"
peaceful serene calm refreshing cinematic realistic vibrant sand ocean waves sky hills,"mood: peaceful, serene, calm, refreshing. style: cinematic, realistic, vibrant. objects: sand, ocean, waves, sky, hills"
cute curious gentle peaceful innocent animated naturalistic serene bird sand mountains sky clouds,"mood: cute, curious, gentle, peaceful, innocent. style: animated, naturalistic, serene. objects: bird, sand, mountains, sky, clouds"
curious innocent gentle peaceful animated cinematic natural bird sand water creature shells,"mood: curious, innocent, gentle, peaceful. style: animated, cinematic, natural. objects: bird, sand, water, creature, shells"
curious innocent gentle vulnerable serene animated realistic soft chick sand water pebbles shore,"mood: curious, innocent, gentle, vulnerable, serene. style: animated, realistic, soft. objects: chick, sand, water, pebbles, shore"
peaceful serene tranquil underwater naturalistic bright water sand shells light rays,"mood: peaceful, serene, tranquil. style: underwater, naturalistic, bright. objects: water, sand, shells, light rays"
clinical unsettling intricate biological abstract organic textured text letters pattern surface veins,"mood: clinical, unsettling, intricate, biological. style: abstract, organic, textured. objects: text, letters, pattern, surface, veins"
mysterious organic intricate unsettling abstract fluid painterly patterns swirls veins cells fluid,"mood: mysterious, organic, intricate, unsettling. style: abstract, fluid, painterly. objects: patterns, swirls, veins, cells, fluid"
chaotic mysterious organic unsettling abstract painted organic patterns shapes lines blotches,"mood: chaotic, mysterious, organic, unsettling. style: abstract, painted, organic. objects: patterns, shapes, lines, blotches"
surreal mysterious calm dreamlike animated illustrative vibrant girl moth flowers pole grass,"mood: surreal, mysterious, calm, dreamlike. style: animated, illustrative, vibrant. objects: girl, moth, flowers, pole, grass"
pensive calm reflective serene animated illustrative vibrant character flowers leaves shirt wing,"mood: pensive, calm, reflective, serene. style: animated, illustrative, vibrant. objects: character, flowers, leaves, shirt, wing"
eerie mysterious opulent antiquated painterly ornate stylized fireplace mirror vase figure doorway,"mood: eerie, mysterious, opulent, antiquated. style: painterly, ornate, stylized. objects: fireplace, mirror, vase, figure, doorway"
pensive melancholic somber quiet animated illustrative detailed man door painting vase skull,"mood: pensive, melancholic, somber, quiet. style: animated, illustrative, detailed. objects: man, door, painting, vase, skull"
intense mysterious watchful unsettling animated detailed expressive person eyes pattern branch catkins,"mood: intense, mysterious, watchful, unsettling. style: animated, detailed, expressive. objects: person, eyes, pattern, branch, catkins"
eerie mysterious unsettling intense illustrative surreal stylized owl eyes head creature,"mood: eerie, mysterious, unsettling, intense. style: illustrative, surreal, stylized. objects: owl, eyes, head, creature"
thoughtful serious pensive mysterious anime detailed painterly character face hair earring background,"mood: thoughtful, serious, pensive, mysterious. style: anime, detailed, painterly. objects: character, face, hair, earring, background"
mysterious surreal melancholic desolate animated fantastical stylized figure fox plants water sky,"mood: mysterious, surreal, melancholic, desolate. style: animated, fantastical, stylized. objects: figure, fox, plants, water, sky"
mysterious wondrous calm pensive animated fantasy atmospheric humanoid creature stars sky lights,"mood: mysterious, wondrous, calm, pensive. style: animated, fantasy, atmospheric. objects: humanoid, creature, stars, sky, lights"
ominous prohibited gritty tense dramatic gritty atmospheric sign wall fasteners,"mood: ominous, prohibited, gritty, tense. style: dramatic, gritty, atmospheric. objects: sign, wall, fasteners"
concerned curious mysterious vulnerable animated cinematic dramatic girl otter robot computers shelves,"mood: concerned, curious, mysterious, vulnerable. style: animated, cinematic, dramatic. objects: girl, otter, robot, computers, shelves"
uncertain curious intrigued observant animated digital cinematic character plushie electronics robot cabinet,"mood: uncertain, curious, intrigued, observant. style: animated, digital, cinematic. objects: character, plushie, electronics, robot, cabinet"
stressed urgent determined panicked intense animated 3d dramatic women lab coats eyeglasses necklace curtain,"mood: stressed, urgent, determined, panicked, intense. style: animated, 3d, dramatic. objects: women, lab coats, eyeglasses, necklace, curtain"
hopeful mysterious serene dreamy bright blurry vignetted trees leaves sunlight forest,"mood: hopeful, mysterious, serene, dreamy. style: bright, blurry, vignetted. objects: trees, leaves, sunlight, forest"
cheerful lively peaceful innocent animated colorful bright birds tree leaves sky,"mood: cheerful, lively, peaceful, innocent. style: animated, colorful, bright. objects: birds, tree, leaves, sky"
surprised excited frantic comical animated cartoonish vibrant beaver rodent trees grass,"mood: surprised, excited, frantic, comical. style: animated, cartoonish, vibrant. objects: beaver, rodent, trees, grass"
lively natural aquatic anticipatory underwater naturalistic cinematic water bubbles text otter fish,"mood: lively, natural, aquatic, anticipatory. style: underwater, naturalistic, cinematic. objects: water, bubbles, text, otter, fish"
energetic wild dynamic lively cinematic naturalistic dynamic bear water foliage splashes forest,"mood: energetic, wild, dynamic, lively. style: cinematic, naturalistic, dynamic. objects: bear, water, foliage, splashes, forest"
surprised curious tense whimsical animated whimsical vibrant bear creature groundhog trees water,"mood: surprised, curious, tense, whimsical. style: animated, whimsical, vibrant. objects: bear, creature, groundhog, trees, water"
scared tense apprehensive anxious animated naturalistic cinematic rodents large animal water trees ground,"mood: scared, tense, apprehensive, anxious. style: animated, naturalistic, cinematic. objects: rodents, large animal, water, trees, ground"
serious watchful peaceful calm natural animated naturalistic serene bear beavers forest water trees,"mood: serious, watchful, peaceful, calm, natural. style: animated, naturalistic, serene. objects: bear, beavers, forest, water, trees"
watchful curious innocent peaceful animated naturalistic charming bear beavers trees river forest,"mood: watchful, curious, innocent, peaceful. style: animated, naturalistic, charming. objects: bear, beavers, trees, river, forest"
surprised distressed anxious concerned animated expressive detailed woman glasses lab coat pearl necklace hand,"mood: surprised, distressed, anxious, concerned. style: animated, expressive, detailed. objects: woman, glasses, lab coat, pearl necklace, hand"
mysterious eerie calm surreal graphic atmospheric abstract watermelon lettering glow background,"mood: mysterious, eerie, calm, surreal. style: graphic, atmospheric, abstract. objects: watermelon, lettering, glow, background"
warm pleasant fresh inviting animated stylized vibrant watermelon tray hands paper,"mood: warm, pleasant, fresh, inviting. style: animated, stylized, vibrant. objects: watermelon, tray, hands, paper"
happy cheerful pleasant warm animated colorful soft-lit boy watermelon plate table chair,"mood: happy, cheerful, pleasant, warm. style: animated, colorful, soft-lit. objects: boy, watermelon, plate, table, chair"
thoughtful pensive tired observant animated cartoonish bright boy watermelon table chair refrigerator,"mood: thoughtful, pensive, tired, observant. style: animated, cartoonish, bright. objects: boy, watermelon, table, chair, refrigerator"
surreal unsettling organic curious illustrative minimalist stylized stomach plant leaves stem ground,"mood: surreal, unsettling, organic, curious. style: illustrative, minimalist, stylized. objects: stomach, plant, leaves, stem, ground"
silly gross childish candid unhygienic animated 3d childlike boy sink faucet toilet curtain,"mood: silly, gross, childish, candid, unhygienic. style: animated, 3d, childlike. objects: boy, sink, faucet, toilet, curtain"
sad dejected vulnerable disappointed animated soft pastel boy toilet shelf leaf floor,"mood: sad, dejected, vulnerable, disappointed. style: animated, soft, pastel. objects: boy, toilet, shelf, leaf, floor"
embarrassed uncomfortable sick anxious disgusted animated cartoonish digital boy desk globe classroom student,"mood: embarrassed, uncomfortable, sick, anxious, disgusted. style: animated, cartoonish, digital. objects: boy, desk, globe, classroom, student"
serious formal authoritative thoughtful animated formal subdued hands desk shirt nameplate character,"mood: serious, formal, authoritative, thoughtful. style: animated, formal, subdued. objects: hands, desk, shirt, nameplate, character"
sad dejected distressed sympathetic animated stylized dramatic boy adult nosebleed wires shelf,"mood: sad, dejected, distressed, sympathetic. style: animated, stylized, dramatic. objects: boy, adult, nosebleed, wires, shelf"
anxious vulnerable concerned uneasy animated cartoonish clinical boy person tubes desk monitor,"mood: anxious, vulnerable, concerned, uneasy. style: animated, cartoonish, clinical. objects: boy, person, tubes, desk, monitor"
concerned entangled chaotic surprising uneasy animated vibrant cartoonish boy vines woman door cabinet,"mood: concerned, entangled, chaotic, surprising, uneasy. style: animated, vibrant, cartoonish. objects: boy, vines, woman, door, cabinet"
vibrant organic dynamic growing natural animated stylized organic vines leaves stems plants,"mood: vibrant, organic, dynamic, growing, natural. style: animated, stylized, organic. objects: vines, leaves, stems, plants"
urgent energetic dynamic chaotic animated dynamic cartoony legs leaves floor lockers wall,"mood: urgent, energetic, dynamic, chaotic. style: animated, dynamic, cartoony. objects: legs, leaves, floor, lockers, wall"
cheerful happy playful joyful animated cartoonish blurry boy overalls room,"mood: cheerful, happy, playful, joyful. style: animated, cartoonish, blurry. objects: boy, overalls, room"
serene neutral orderly artificial rendered minimalist architectural plant planter wall handrail stairs,"mood: serene, neutral, orderly, artificial. style: rendered, minimalist, architectural. objects: plant, planter, wall, handrail, stairs"
neutral reserved calm casual animated minimalist muted person suit jacket pants elevator,"mood: neutral, reserved, calm, casual. style: animated, minimalist, muted. objects: person, suit jacket, pants, elevator"
struggling frustrated effortful exasperated animated cartoonish vibrant girl ball playground slide bushes,"mood: struggling, frustrated, effortful, exasperated. style: animated, cartoonish, vibrant. objects: girl, ball, playground, slide, bushes"
ordinary calm active urban animated cartoonish 3d rendered person shopping cart car buildings groceries,"mood: ordinary, calm, active, urban. style: animated, cartoonish, 3d rendered. objects: person, shopping cart, car, buildings, groceries"
calm everyday neutral mundane animated stylized urban street buildings people car shopping cart,"mood: calm, everyday, neutral, mundane. style: animated, stylized, urban. objects: street, buildings, people, car, shopping cart"
calm neutral ordinary urban animated stylized urban man buildings road traffic light car,"mood: calm, neutral, ordinary, urban. style: animated, stylized, urban. objects: man, buildings, road, traffic light, car"
mischievous sly playful cunning animated stylized expressive woman glasses earrings necklace braids,"mood: mischievous, sly, playful, cunning. style: animated, stylized, expressive. objects: woman, glasses, earrings, necklace, braids"
helpful considerate urban calm animated modern cinematic bus man woman cane city,"mood: helpful, considerate, urban, calm. style: animated, modern, cinematic. objects: bus, man, woman, cane, city"
struggling vulnerable observational somber animated 3d rendered stylized woman bus cane glasses traffic light,"mood: struggling, vulnerable, observational, somber. style: animated, 3d rendered, stylized. objects: woman, bus, cane, glasses, traffic light"
helpful urban everyday considerate animated urban cartoonish bus woman man street buildings,"mood: helpful, urban, everyday, considerate. style: animated, urban, cartoonish. objects: bus, woman, man, street, buildings"
struggling tense humorous effortful animated cartoonish exaggerated suv man woman crosswalk buildings,"mood: struggling, tense, humorous, effortful. style: animated, cartoonish, exaggerated. objects: suv, man, woman, crosswalk, buildings"
curious surprised observant animated urban cartoonish man woman building sign street lamp,"mood: curious, surprised, observant. style: animated, urban, cartoonish. objects: man, woman, building, sign, street lamp"
serious contemplative formal contained animated 3d cinematic man elevator suit reflection,"mood: serious, contemplative, formal, contained. style: animated, 3d, cinematic. objects: man, elevator, suit, reflection"
hesitant uneasy inviting gentle animated colorful stylized man girl balloon playground cityscape,"mood: hesitant, uneasy, inviting, gentle. style: animated, colorful, stylized. objects: man, girl, balloon, playground, cityscape"
playful happy bright warm domestic animated bright colorful children man beds chairs bookshelf,"mood: playful, happy, bright, warm, domestic. style: animated, bright, colorful. objects: children, man, beds, chairs, bookshelf"
concerned thoughtful pensive neutral animated urban cartoonish man street buildings cars awning,"mood: concerned, thoughtful, pensive, neutral. style: animated, urban, cartoonish. objects: man, street, buildings, cars, awning"
peaceful calm ordinary bright animated colorful urban man buildings street traffic light trees,"mood: peaceful, calm, ordinary, bright. style: animated, colorful, urban. objects: man, buildings, street, traffic light, trees"
lively engaging professional broadcast clear studio-shot man microphone sound mixer studio desk,"mood: lively, engaging, professional. style: broadcast, clear, studio-shot. objects: man, microphone, sound mixer, studio, desk"
cheerful engaging conversational friendly studio professional bright person microphone mixer desk chair,"mood: cheerful, engaging, conversational, friendly. style: studio, professional, bright. objects: person, microphone, mixer, desk, chair"
friendly communicative engaging professional broadcast casual studio man microphone console desk chair,"mood: friendly, communicative, engaging, professional. style: broadcast, casual, studio. objects: man, microphone, console, desk, chair"
lively engaging informative energetic friendly studio broadcast clear man microphone sound mixer desk chair,"mood: lively, engaging, informative, energetic, friendly. style: studio, broadcast, clear. objects: man, microphone, sound mixer, desk, chair"
lively engaging friendly informative professional broadcast clear vibrant man microphone mixing console chair studio,"mood: lively, engaging, friendly, informative, professional. style: broadcast, clear, vibrant. objects: man, microphone, mixing console, chair, studio"
engaging conversational lively professional broadcast studio candid man microphone mixing console studio wall chair,"mood: engaging, conversational, lively, professional. style: broadcast, studio, candid. objects: man, microphone, mixing console, studio wall, chair"
engaging informative casual friendly studio clear broadcast man microphone audio mixer chair desk,"mood: engaging, informative, casual, friendly. style: studio, clear, broadcast. objects: man, microphone, audio mixer, chair, desk"
friendly professional informative positive studio-lit bright professional man microphone sound mixer chair watch,"mood: friendly, professional, informative, positive. style: studio-lit, bright, professional. objects: man, microphone, sound mixer, chair, watch"
engaged conversational professional lively studio clear bright man microphone sound mixer chair decorations,"mood: engaged, conversational, professional, lively. style: studio, clear, bright. objects: man, microphone, sound mixer, chair, decorations"
engaging friendly positive lively broadcast professional clear microphone man soundboard chair desk,"mood: engaging, friendly, positive, lively. style: broadcast, professional, clear. objects: microphone, man, soundboard, chair, desk"
engaging positive lively communicative professional studio informative man microphone mixer chair sign,"mood: engaging, positive, lively, communicative. style: professional, studio, informative. objects: man, microphone, mixer, chair, sign"
engaged conversational lively informative professional studio clear man microphone audio console desk chair,"mood: engaged, conversational, lively, informative. style: professional, studio, clear. objects: man, microphone, audio console, desk, chair"
upbeat friendly engaging positive studio professional broadcast man microphone mixer desk chair,"mood: upbeat, friendly, engaging, positive. style: studio, professional, broadcast. objects: man, microphone, mixer, desk, chair"
engaged informative enthusiastic candid vibrant professional clear modern man microphone studio console chair,"mood: engaged, informative, enthusiastic, candid, vibrant. style: professional, clear, modern. objects: man, microphone, studio, console, chair"
enthusiastic engaging communicative lively friendly broadcast professional studio-shot man microphone sound mixer chair desk,"mood: enthusiastic, engaging, communicative, lively, friendly. style: broadcast, professional, studio-shot. objects: man, microphone, sound mixer, chair, desk"
mysterious powerful symbolic enigmatic abstract glowing stylized sun symbol light rays disc petals,"mood: mysterious, powerful, symbolic, enigmatic. style: abstract, glowing, stylized. objects: sun, symbol, light rays, disc, petals"
calm casual neutral subdued realistic candid contemporary hands couch phone watch table,"mood: calm, casual, neutral, subdued. style: realistic, candid, contemporary. objects: hands, couch, phone, watch, table"
relaxed casual engaged calm mundane realistic casual modern phone hand shirt sofa watch,"mood: relaxed, casual, engaged, calm, mundane. style: realistic, casual, modern. objects: phone, hand, shirt, sofa, watch"
conversational calm engaged neutral candid natural realistic man shirt couch vase flowers,"mood: conversational, calm, engaged, neutral. style: candid, natural, realistic. objects: man, shirt, couch, vase, flowers"
serious concerned attentive realistic natural candid woman folder sari flowers vase,"mood: serious, concerned, attentive. style: realistic, natural, candid. objects: woman, folder, sari, flowers, vase"
surprised concerned pensive uncertain naturalistic candid domestic man sofa curtains vase pictures,"mood: surprised, concerned, pensive, uncertain. style: naturalistic, candid, domestic. objects: man, sofa, curtains, vase, pictures"
pensive neutral domestic calm realistic candid ordinary man woman couch handbag vase,"mood: pensive, neutral, domestic, calm. style: realistic, candid, ordinary. objects: man, woman, couch, handbag, vase"
pensive calm reflective domestic candid realistic domestic woman saree couch flowers vase,"mood: pensive, calm, reflective, domestic. style: candid, realistic, domestic. objects: woman, saree, couch, flowers, vase"
content relaxed pleasant natural candid domestic man sofa curtains vase flowers,"mood: content, relaxed, pleasant. style: natural, candid, domestic. objects: man, sofa, curtains, vase, flowers"
serious contemplative neutral conversational engaged candid domestic natural woman earrings flowers vase couch,"mood: serious, contemplative, neutral, conversational, engaged. style: candid, domestic, natural. objects: woman, earrings, flowers, vase, couch"
concerned thoughtful serious realistic indoor televisual woman earrings flowers vase sofa,"mood: concerned, thoughtful, serious. style: realistic, indoor, televisual. objects: woman, earrings, flowers, vase, sofa"
surprised questioning engaged curious casual candid realistic domestic man sofa curtains vase pictures,"mood: surprised, questioning, engaged, curious, casual. style: candid, realistic, domestic. objects: man, sofa, curtains, vase, pictures"
animated expressive earnest focused naturalistic realistic bright man sofa vase flowers shirt,"mood: animated, expressive, earnest, focused. style: naturalistic, realistic, bright. objects: man, sofa, vase, flowers, shirt"
calm neutral attentive thoughtful soft-lit realistic candid woman earrings flowers vase sofa,"mood: calm, neutral, attentive, thoughtful. style: soft-lit, realistic, candid. objects: woman, earrings, flowers, vase, sofa"
calm pensive neutral domestic candid natural domestic woman earrings sofa vase flowers,"mood: calm, pensive, neutral, domestic. style: candid, natural, domestic. objects: woman, earrings, sofa, vase, flowers"
emotional heartwarming supportive tender candid emotional vibrant people hug stage suit lanyard,"mood: emotional, heartwarming, supportive, tender. style: candid, emotional, vibrant. objects: people, hug, stage, suit, lanyard"
emotional touching sympathetic tender poignant candid event-like spontaneous people microphone papers sunglasses lanyard,"mood: emotional, touching, sympathetic, tender, poignant. style: candid, event-like, spontaneous. objects: people, microphone, papers, sunglasses, lanyard"
emotional heartwarming joyful touching supportive candid modern event people t-shirts jeans screen banner,"mood: emotional, heartwarming, joyful, touching, supportive. style: candid, modern, event. objects: people, t-shirts, jeans, screen, banner"
pensive curious calm reflective wistful cinematic naturalistic understated person backpack water street pillar,"mood: pensive, curious, calm, reflective, wistful. style: cinematic, naturalistic, understated. objects: person, backpack, water, street, pillar"
calm everyday serene documentary candid realistic man woman backpack apron containers,"mood: calm, everyday, serene. style: documentary, candid, realistic. objects: man, woman, backpack, apron, containers"
hopeful expectant tender friendly compassionate cinematic naturalistic gentle man dog table chair food,"mood: hopeful, expectant, tender, friendly, compassionate. style: cinematic, naturalistic, gentle. objects: man, dog, table, chair, food"
worried disappointed pensive somber candid naturalistic soft man wallet backpack shirt hands,"mood: worried, disappointed, pensive, somber. style: candid, naturalistic, soft. objects: man, wallet, backpack, shirt, hands"
tense mysterious somber puzzling cinematic dark realistic man backpack door bananas doorknob,"mood: tense, mysterious, somber, puzzling. style: cinematic, dark, realistic. objects: man, backpack, door, bananas, doorknob"
thoughtful pensive subdued weary cinematic naturalistic muted man shirt bag street building,"mood: thoughtful, pensive, subdued, weary. style: cinematic, naturalistic, muted. objects: man, shirt, bag, street, building"
concerned questioning serious conversational candid realistic documentary woman man cart pots umbrella,"mood: concerned, questioning, serious, conversational. style: candid, realistic, documentary. objects: woman, man, cart, pots, umbrella"
concerned focused pensive anxious cinematic naturalistic desaturated man shirt strap wallet,"mood: concerned, focused, pensive, anxious. style: cinematic, naturalistic, desaturated. objects: man, shirt, strap, wallet"
somber pensive melancholy deprived documentary naturalistic muted girl cup packet clothing hair,"mood: somber, pensive, melancholy, deprived. style: documentary, naturalistic, muted. objects: girl, cup, packet, clothing, hair"
somber gritty pensive mundane dimly-lit realistic naturalistic man bowl spoon bottle table,"mood: somber, gritty, pensive, mundane. style: dimly-lit, realistic, naturalistic. objects: man, bowl, spoon, bottle, table"
peaceful calm domestic ordinary naturalistic candid warm man plants hose water pots,"mood: peaceful, calm, domestic, ordinary. style: naturalistic, candid, warm. objects: man, plants, hose, water, pots"
surprised intimate casual candid candid realistic cinematic man woman hat backpack shirt,"mood: surprised, intimate, casual, candid. style: candid, realistic, cinematic. objects: man, woman, hat, backpack, shirt"
anxious concerned uncertain wary subdued naturalistic blurry grainy dog fur eye tongue background,"mood: anxious, concerned, uncertain, wary, subdued. style: naturalistic, blurry, grainy. objects: dog, fur, eye, tongue, background"
distressed somber worried pleading dramatic muted somber person hands clothing railing ground,"mood: distressed, somber, worried, pleading. style: dramatic, muted, somber. objects: person, hands, clothing, railing, ground"
concerned pensive uncertain candid realistic natural man backpack shirt building,"mood: concerned, pensive, uncertain. style: candid, realistic, natural. objects: man, backpack, shirt, building"
waiting anxious clinical calm impersonal documentary realistic candid person bandana monitor cabinet supplies,"mood: waiting, anxious, clinical, calm, impersonal. style: documentary, realistic, candid. objects: person, bandana, monitor, cabinet, supplies"
joyful tender heartwarming loving hopeful candid documentary clean man baby nurse bassinet hospital room,"mood: joyful, tender, heartwarming, loving, hopeful. style: candid, documentary, clean. objects: man, baby, nurse, bassinet, hospital room"
tender hopeful intimate observant candid documentary medical baby bassinet nurse person room,"mood: tender, hopeful, intimate, observant. style: candid, documentary, medical. objects: baby, bassinet, nurse, person, room"
concerning sterile neutral clinical candid realistic documentary person monitor cart chair scrubs,"mood: concerning, sterile, neutral, clinical. style: candid, realistic, documentary. objects: person, monitor, cart, chair, scrubs"
hopeful calm gentle caring candid clinical bright baby adult bassinet computer chair,"mood: hopeful, calm, gentle, caring. style: candid, clinical, bright. objects: baby, adult, bassinet, computer, chair"
functional ordinary neutral curious candid documentary unfiltered person monitor chair shelves table,"mood: functional, ordinary, neutral, curious. style: candid, documentary, unfiltered. objects: person, monitor, chair, shelves, table"
joyful energetic playful lively casual domestic candid woman ceiling fan window couch rug,"mood: joyful, energetic, playful, lively. style: casual, domestic, candid. objects: woman, ceiling fan, window, couch, rug"
sad emotional poignant distressed candid dramatic social media woman sprayer plants clothing text,"mood: sad, emotional, poignant, distressed. style: candid, dramatic, social media. objects: woman, sprayer, plants, clothing, text"
pensive serious mundane contemplative subtle corporate realistic contemporary man office desk computer chair,"mood: pensive, serious, mundane, contemplative, subtle. style: corporate, realistic, contemporary. objects: man, office, desk, computer, chair"
joyful affectionate heartwarming sentimental positive candid warm captioned man shirt text watermark background,"mood: joyful, affectionate, heartwarming, sentimental, positive. style: candid, warm, captioned. objects: man, shirt, text, watermark, background"
tender intimate emotional caring cinematic warm soft-focus man woman hands hair,"mood: tender, intimate, emotional, caring. style: cinematic, warm, soft-focus. objects: man, woman, hands, hair"
loving tender happy warm affectionate cinematic warm intimate man girl hand clothing jewelry,"mood: loving, tender, happy, warm, affectionate. style: cinematic, warm, intimate. objects: man, girl, hand, clothing, jewelry"
loving affectionate heartwarming tender soft candid intimate girl man helmet shirt nose ring,"mood: loving, affectionate, heartwarming, tender. style: soft, candid, intimate. objects: girl, man, helmet, shirt, nose ring"
dark tense isolated mysterious somber cinematic dark gritty figure jacket hair lights shelves,"mood: dark, tense, isolated, mysterious, somber. style: cinematic, dark, gritty. objects: figure, jacket, hair, lights, shelves"
intense mysterious serious dark contemplative cinematic dramatic moody woman light shadow hair figure,"mood: intense, mysterious, serious, dark, contemplative. style: cinematic, dramatic, moody. objects: woman, light, shadow, hair, figure"
intense dangerous fiery mysterious dramatic dramatic intense cinematic figure armor light sparks weapon,"mood: intense, dangerous, fiery, mysterious, dramatic. style: dramatic, intense, cinematic. objects: figure, armor, light, sparks, weapon"
destructive chaotic intense overwhelming cinematic dystopian dramatic cityscape buildings explosion smoke debris,"mood: destructive, chaotic, intense, overwhelming. style: cinematic, dystopian, dramatic. objects: cityscape, buildings, explosion, smoke, debris"
serious focused industrious mysterious futuristic industrial cinematic figures screens machinery lights workstations,"mood: serious, focused, industrious, mysterious. style: futuristic, industrial, cinematic. objects: figures, screens, machinery, lights, workstations"
intense grim mysterious serious foreboding dramatic dark cinematic man face eyes beard hand,"mood: intense, grim, mysterious, serious, foreboding. style: dramatic, dark, cinematic. objects: man, face, eyes, beard, hand"
intense thrilling dangerous adventurous precarious cinematic dynamic action biplane man water propeller wing,"mood: intense, thrilling, dangerous, adventurous, precarious. style: cinematic, dynamic, action. objects: biplane, man, water, propeller, wing"
epic powerful dramatic majestic cinematic cosmic glowing text fire stars nebula comet,"mood: epic, powerful, dramatic, majestic. style: cinematic, cosmic, glowing. objects: text, fire, stars, nebula, comet"
chaotic dangerous urgent terrifying intense cinematic dramatic realistic explosion wall tower person car,"mood: chaotic, dangerous, urgent, terrifying, intense. style: cinematic, dramatic, realistic. objects: explosion, wall, tower, person, car"
tense mysterious serious urgent cinematic dramatic modern man mask sunglasses tie device,"mood: tense, mysterious, serious, urgent. style: cinematic, dramatic, modern. objects: man, mask, sunglasses, tie, device"
tense somber serious confrontational cinematic dramatic aerial statue soldiers tanks protesters fountain,"mood: tense, somber, serious, confrontational. style: cinematic, dramatic, aerial. objects: statue, soldiers, tanks, protesters, fountain"
tense confrontational serious solemn cinematic realistic dramatic crowd soldiers building police vans,"mood: tense, confrontational, serious, solemn. style: cinematic, realistic, dramatic. objects: crowd, soldiers, building, police, vans"
intense chaotic dangerous shocking urgent cinematic dynamic dramatic man smoke cabinets light structure,"mood: intense, chaotic, dangerous, shocking, urgent. style: cinematic, dynamic, dramatic. objects: man, smoke, cabinets, light, structure"
overwhelming destructive chaotic terrifying powerful cinematic dramatic realistic wave water foam debris ocean,"mood: overwhelming, destructive, chaotic, terrifying, powerful. style: cinematic, dramatic, realistic. objects: wave, water, foam, debris, ocean"
intense urgent suspenseful dramatic focused cinematic high-contrast neon-lit man hand device lights reflection,"mood: intense, urgent, suspenseful, dramatic, focused. style: cinematic, high-contrast, neon-lit. objects: man, hand, device, lights, reflection"
tense powerful serious dramatic cinematic realistic military fighter jet aircraft carrier personnel smoke,"mood: tense, powerful, serious, dramatic. style: cinematic, realistic, military. objects: fighter jet, aircraft carrier, personnel, smoke"
tense dramatic dark mysterious cinematic dynamic gritty figures helmet room shelves objects,"mood: tense, dramatic, dark, mysterious. style: cinematic, dynamic, gritty. objects: figures, helmet, room, shelves, objects"
epic hopeful spiritual vast cinematic golden evocative person desert rocks sky,"mood: epic, hopeful, spiritual, vast. style: cinematic, golden, evocative. objects: person, desert, rocks, sky"
serious somber contemplative moody cinematic dramatic subdued man beard jacket sky hills,"mood: serious, somber, contemplative, moody. style: cinematic, dramatic, subdued. objects: man, beard, jacket, sky, hills"
hopeful determined expansive serious cinematic futuristic epic people spacecraft building umbrella airfield,"mood: hopeful, determined, expansive, serious. style: cinematic, futuristic, epic. objects: people, spacecraft, building, umbrella, airfield"
dark mysterious tense ominous cinematic medieval dramatic knight sword smoke figure,"mood: dark, mysterious, tense, ominous. style: cinematic, medieval, dramatic. objects: knight, sword, smoke, figure"
dark tense chaotic urgent ominous cinematic dramatic hazy people smoke firelight clothing,"mood: dark, tense, chaotic, urgent, ominous. style: cinematic, dramatic, hazy. objects: people, smoke, firelight, clothing"
tense perilous adventurous desperate overwhelming cinematic epic dynamic people vehicle desert dust structure,"mood: tense, perilous, adventurous, desperate, overwhelming. style: cinematic, epic, dynamic. objects: people, vehicle, desert, dust, structure"
adventurous exhilarating fantastical majestic cinematic fantasy vibrant ikran rider mountains clouds sky,"mood: adventurous, exhilarating, fantastical, majestic. style: cinematic, fantasy, vibrant. objects: ikran, rider, mountains, clouds, sky"
deep serene mysterious tranquil underwater cinematic blue shipwreck manta ray ocean fish coral,"mood: deep, serene, mysterious, tranquil. style: underwater, cinematic, blue. objects: shipwreck, manta ray, ocean, fish, coral"
wondrous fantastical epic serene cinematic fantasy ethereal airships mountains sun sky forests,"mood: wondrous, fantastical, epic, serene. style: cinematic, fantasy, ethereal. objects: airships, mountains, sun, sky, forests"
tense serious dark mysterious intimate cinematic fantasy detailed humanoids jungle foliage dreadlocks faces,"mood: tense, serious, dark, mysterious, intimate. style: cinematic, fantasy, detailed. objects: humanoids, jungle, foliage, dreadlocks, faces"
concerned somber anxious empathetic tense cinematic dramatic science-fiction navi hand hair cave skin,"mood: concerned, somber, anxious, empathetic, tense. style: cinematic, dramatic, science-fiction. objects: navi, hand, hair, cave, skin"
dark mysterious somber intense alien cinematic fantasy dramatic figure headdress structure wing ropes,"mood: dark, mysterious, somber, intense, alien. style: cinematic, fantasy, dramatic. objects: figure, headdress, structure, wing, ropes"
exciting tense public expectant cinematic futuristic dramatic crowd avatar cameras barriers soldier,"mood: exciting, tense, public, expectant. style: cinematic, futuristic, dramatic. objects: crowd, avatar, cameras, barriers, soldier"
adventurous epic wondrous majestic cinematic fantastical vibrant na'vi jungle flying creatures bow sky,"mood: adventurous, epic, wondrous, majestic. style: cinematic, fantastical, vibrant. objects: na'vi, jungle, flying creatures, bow, sky"
dangerous epic otherworldly tense mysterious cinematic fantastical dramatic creature rock cavern light wings,"mood: dangerous, epic, otherworldly, tense, mysterious. style: cinematic, fantastical, dramatic. objects: creature, rock, cavern, light, wings"
mysterious tense somber dramatic black and white vintage cinematic man hat photographers cameras flashbulbs,"mood: mysterious, tense, somber, dramatic. style: black and white, vintage, cinematic. objects: man, hat, photographers, cameras, flashbulbs"
dreamy ethereal serene nostalgic hazy dreamlike atmospheric trees water sky reflection,"mood: dreamy, ethereal, serene, nostalgic. style: hazy, dreamlike, atmospheric. objects: trees, water, sky, reflection"
desolate empty calm expansive cinematic aerial naturalistic desert bushes mountains sky,"mood: desolate, empty, calm, expansive. style: cinematic, aerial, naturalistic. objects: desert, bushes, mountains, sky"
tense anxious dramatic suspenseful gritty cinematic dramatic noir man hat hallway jacket badge,"mood: tense, anxious, dramatic, suspenseful, gritty. style: cinematic, dramatic, noir. objects: man, hat, hallway, jacket, badge"
pensive serious contemplative uneasy cinematic warm naturalistic woman car windshield dashboard,"mood: pensive, serious, contemplative, uneasy. style: cinematic, warm, naturalistic. objects: woman, car, windshield, dashboard"
expansive solitary adventurous dynamic cinematic panoramic naturalistic vehicle mountains sky desert dust,"mood: expansive, solitary, adventurous, dynamic. style: cinematic, panoramic, naturalistic. objects: vehicle, mountains, sky, desert, dust"
serious tense dramatic formal cinematic dramatic period man officer uniform suit window,"mood: serious, tense, dramatic, formal. style: cinematic, dramatic, period. objects: man, officer, uniform, suit, window"
serious contemplative historical tense cinematic realistic historical men uniform suit landscape lumber,"mood: serious, contemplative, historical, tense. style: cinematic, realistic, historical. objects: men, uniform, suit, landscape, lumber"
formal serious grand dramatic somber cinematic historical ornate soldier staircase archway piano plant,"mood: formal, serious, grand, dramatic, somber. style: cinematic, historical, ornate. objects: soldier, staircase, archway, piano, plant"
peaceful reflective nostalgic calm cinematic naturalistic rustic woman clothesline laundry trees sky,"mood: peaceful, reflective, nostalgic, calm. style: cinematic, naturalistic, rustic. objects: woman, clothesline, laundry, trees, sky"
calm everyday neutral domestic candid realistic naturalistic simple man lamp painting stairs door,"mood: calm, everyday, neutral, domestic, candid. style: realistic, naturalistic, simple. objects: man, lamp, painting, stairs, door"
happy joyful playful amusing lighthearted candid vibrant summery family ice cream selfie stick sunglasses trees,"mood: happy, joyful, playful, amusing, lighthearted. style: candid, vibrant, summery. objects: family, ice cream, selfie stick, sunglasses, trees"
active bright industrious urban mundane realistic clear commercial billboard ice cream workers building cityscape,"mood: active, bright, industrious, urban, mundane. style: realistic, clear, commercial. objects: billboard, ice cream, workers, building, cityscape"
dark calm solitary mundane dark realistic atmospheric person vending machine ice cream bottles building,"mood: dark, calm, solitary, mundane. style: dark, realistic, atmospheric. objects: person, vending machine, ice cream, bottles, building"
stranded helpless frustrated isolated desolate realistic cinematic rural man car road bottle ruins,"mood: stranded, helpless, frustrated, isolated, desolate. style: realistic, cinematic, rural. objects: man, car, road, bottle, ruins"
joyful vibrant pleasant fresh lively modern vibrant commercial smartphone hand flowers market screen,"mood: joyful, vibrant, pleasant, fresh, lively. style: modern, vibrant, commercial. objects: smartphone, hand, flowers, market, screen"
lively vibrant pleasant fresh bustling natural colorful commercial flowers fruit people storefront awning,"mood: lively, vibrant, pleasant, fresh, bustling. style: natural, colorful, commercial. objects: flowers, fruit, people, storefront, awning"
dark tense mysterious cinematic dramatic metallic sword blade metal,"mood: dark, tense, mysterious. style: cinematic, dramatic, metallic. objects: sword, blade, metal"
dark somber desolate quiet cinematic gritty muted pebbles stones ground beach,"mood: dark, somber, desolate, quiet. style: cinematic, gritty, muted. objects: pebbles, stones, ground, beach"
desolate cold vast adventurous stark cinematic expansive rugged vehicle road ice rocks sky,"mood: desolate, cold, vast, adventurous, stark. style: cinematic, expansive, rugged. objects: vehicle, road, ice, rocks, sky"
desolate rugged powerful adventurous cinematic futuristic dramatic car mountains dust terrain sky,"mood: desolate, rugged, powerful, adventurous. style: cinematic, futuristic, dramatic. objects: car, mountains, dust, terrain, sky"
desolate vast mysterious adventurous cinematic futuristic glitchy car hills sky road grass,"mood: desolate, vast, mysterious, adventurous. style: cinematic, futuristic, glitchy. objects: car, hills, sky, road, grass"
calm sleek dramatic powerful futuristic cinematic futuristic minimalist car sky clouds window roof,"mood: calm, sleek, dramatic, powerful, futuristic. style: cinematic, futuristic, minimalist. objects: car, sky, clouds, window, roof"
industrious purposeful active functional realistic modern industrial beam trailer truck worker hoist,"mood: industrious, purposeful, active, functional. style: realistic, modern, industrial. objects: beam, trailer, truck, worker, hoist"
contemplative pensive somber quiet cinematic stark low-key person car window sky jacket,"mood: contemplative, pensive, somber, quiet. style: cinematic, stark, low-key. objects: person, car, window, sky, jacket"
innovative powerful industrial optimistic awe-inspiring futuristic cinematic industrial cybertruck rocket engine trailer sky,"mood: innovative, powerful, industrial, optimistic, awe-inspiring. style: futuristic, cinematic, industrial. objects: cybertruck, rocket engine, trailer, sky"
desolate powerful rugged vast solemn cinematic futuristic dramatic cybertruck rocks path sky landscape,"mood: desolate, powerful, rugged, vast, solemn. style: cinematic, futuristic, dramatic. objects: cybertruck, rocks, path, sky, landscape"
dark mysterious dramatic vast cinematic futuristic dramatic vehicle sky sun clouds landscape,"mood: dark, mysterious, dramatic, vast. style: cinematic, futuristic, dramatic. objects: vehicle, sky, sun, clouds, landscape"
futuristic sleek powerful sophisticated modern high-tech minimalist car headlights grille logo,"mood: futuristic, sleek, powerful, sophisticated. style: modern, high-tech, minimalist. objects: car, headlights, grille, logo"
elegant modern sophisticated futuristic serene sleek minimalist glowing logo star circle emblem holder,"mood: elegant, modern, sophisticated, futuristic, serene. style: sleek, minimalist, glowing. objects: logo, star, circle, emblem, holder"
dark sleek luxurious sophisticated minimalist futuristic glossy car mirror reflections surface,"mood: dark, sleek, luxurious, sophisticated. style: minimalist, futuristic, glossy. objects: car, mirror, reflections, surface"
dark mysterious technological enigmatic modern sleek technological device panel display lights bars,"mood: dark, mysterious, technological, enigmatic. style: modern, sleek, technological. objects: device, panel, display, lights, bars"
futuristic sleek mysterious calm luxurious cinematic futuristic minimalist car wheels doors interior,"mood: futuristic, sleek, mysterious, calm, luxurious. style: cinematic, futuristic, minimalist. objects: car, wheels, doors, interior"
futuristic calm mysterious sleek futuristic minimalist sleek headset device mechanism,"mood: futuristic, calm, mysterious, sleek. style: futuristic, minimalist, sleek. objects: headset, device, mechanism"
futuristic complex sophisticated mysterious cold futuristic abstract high-tech device mechanism structure metal patterns,"mood: futuristic, complex, sophisticated, mysterious, cold. style: futuristic, abstract, high-tech. objects: device, mechanism, structure, metal, patterns"
luxurious futuristic calm elegant modern sleek high-tech car interior seat bottles lights compartment,"mood: luxurious, futuristic, calm, elegant. style: modern, sleek, high-tech. objects: car interior, seat, bottles, lights, compartment"
exhilarating fast-paced thrilling intense futuristic futuristic dynamic digital seats tunnel track light headrests,"mood: exhilarating, fast-paced, thrilling, intense, futuristic. style: futuristic, dynamic, digital. objects: seats, tunnel, track, light, headrests"
futuristic serene sophisticated innovative luxurious futuristic minimalist luxurious dashboard seats steering wheel screens car interior,"mood: futuristic, serene, sophisticated, innovative, luxurious. style: futuristic, minimalist, luxurious. objects: dashboard, seats, steering wheel, screens, car interior"
pensive calm thoughtful serene cinematic naturalistic realistic man car shirt field window,"mood: pensive, calm, thoughtful, serene. style: cinematic, naturalistic, realistic. objects: man, car, shirt, field, window"
intense dramatic powerful resolute cinematic high-contrast dramatic silhouette fist light figure,"mood: intense, dramatic, powerful, resolute. style: cinematic, high-contrast, dramatic. objects: silhouette, fist, light, figure"
exciting fast-paced thrilling intense dynamic realistic documentary racecar racetrack fence barrier,"mood: exciting, fast-paced, thrilling, intense. style: dynamic, realistic, documentary. objects: racecar, racetrack, fence, barrier"
exciting thrilling fast dynamic energetic motion-blurred dynamic fast-paced race track curb grass road stripes,"mood: exciting, thrilling, fast, dynamic, energetic. style: motion-blurred, dynamic, fast-paced. objects: race track, curb, grass, road, stripes"
luxurious precise sophisticated elegant high-end detailed glossy watch dial hands bezel sub-dials,"mood: luxurious, precise, sophisticated, elegant. style: high-end, detailed, glossy. objects: watch, dial, hands, bezel, sub-dials"
dark gritty laborious intense dark high-contrast industrial tires hands rain silhouettes,"mood: dark, gritty, laborious, intense. style: dark, high-contrast, industrial. objects: tires, hands, rain, silhouettes"
intense focused serious powerful industrial dynamic dark racecar uniform wheel logo tire,"mood: intense, focused, serious, powerful. style: industrial, dynamic, dark. objects: racecar, uniform, wheel, logo, tire"
dark mysterious gloomy somber dark atmospheric hazy fence lights buildings fog,"mood: dark, mysterious, gloomy, somber. style: dark, atmospheric, hazy. objects: fence, lights, buildings, fog"
luxurious precise sophisticated focused high-detail polished commercial watch crown bezel metal case,"mood: luxurious, precise, sophisticated, focused. style: high-detail, polished, commercial. objects: watch, crown, bezel, metal, case"
precise sophisticated elegant focused detailed close-up modern watch hands dial sub-dials,"mood: precise, sophisticated, elegant, focused. style: detailed, close-up, modern. objects: watch, hands, dial, sub-dials"
precise sophisticated sleek calm minimalist commercial detailed watch dial lettering marker button,"mood: precise, sophisticated, sleek, calm. style: minimalist, commercial, detailed. objects: watch, dial, lettering, marker, button"
powerful classic nostalgic determined cinematic vintage dynamic car road driver wheels,"mood: powerful, classic, nostalgic, determined. style: cinematic, vintage, dynamic. objects: car, road, driver, wheels"
luxurious prestigious elegant classic minimalist clean corporate crown logo text,"mood: luxurious, prestigious, elegant, classic. style: minimalist, clean, corporate. objects: crown, logo, text"
calm pensive neutral observant cinematic naturalistic daylight man car shirt landscape window,"mood: calm, pensive, neutral, observant. style: cinematic, naturalistic, daylight. objects: man, car, shirt, landscape, window"
mysterious tense dramatic powerful cinematic dramatic backlit figure sun arm sky,"mood: mysterious, tense, dramatic, powerful. style: cinematic, dramatic, backlit. objects: figure, sun, arm, sky"
energetic intense focused fast thrilling dynamic blurry realistic racecar track fence barrier asphalt,"mood: energetic, intense, focused, fast, thrilling. style: dynamic, blurry, realistic. objects: racecar, track, fence, barrier, asphalt"
exhilarating fast dynamic intense dynamic blurred high-speed road curb grass markings,"mood: exhilarating, fast, dynamic, intense. style: dynamic, blurred, high-speed. objects: road, curb, grass, markings"
luxurious precise sophisticated elegant commercial detailed macro watch dial hands bezel subdials,"mood: luxurious, precise, sophisticated, elegant. style: commercial, detailed, macro. objects: watch, dial, hands, bezel, subdials"
dark gritty somber challenging intense dark cinematic realistic tires hands rain silhouettes road,"mood: dark, gritty, somber, challenging, intense. style: dark, cinematic, realistic. objects: tires, hands, rain, silhouettes, road"
intense focused dynamic serious dark blurry industrial race car tire person uniform logo,"mood: intense, focused, dynamic, serious. style: dark, blurry, industrial. objects: race car, tire, person, uniform, logo"
dark mysterious hazy somber moody atmospheric nocturnal fence wires buildings lights fog,"mood: dark, mysterious, hazy, somber. style: moody, atmospheric, nocturnal. objects: fence, wires, buildings, lights, fog"
elegant sophisticated precise luxurious sleek polished commercial watch crown pusher case,"mood: elegant, sophisticated, precise, luxurious. style: sleek, polished, commercial. objects: watch, crown, pusher, case"
precise sophisticated elegant calm close-up luxurious commercial watch hands dial subdials text,"mood: precise, sophisticated, elegant, calm. style: close-up, luxurious, commercial. objects: watch, hands, dial, subdials, text"
precise sophisticated calm sleek monochromatic detailed modern dial text markings indicator surface,"mood: precise, sophisticated, calm, sleek. style: monochromatic, detailed, modern. objects: dial, text, markings, indicator, surface"
fast powerful classic thrilling intense vintage dynamic cinematic car road wheel windshield driver,"mood: fast, powerful, classic, thrilling, intense. style: vintage, dynamic, cinematic. objects: car, road, wheel, windshield, driver"
luxurious prestigious elegant sophisticated minimalist corporate clean logo crown text wordmark emblem,"mood: luxurious, prestigious, elegant, sophisticated. style: minimalist, corporate, clean. objects: logo, crown, text, wordmark, emblem"
vibrant futuristic whimsical optimistic animated futuristic colorful buildings city vehicles trees characters,"mood: vibrant, futuristic, whimsical, optimistic. style: animated, futuristic, colorful. objects: buildings, city, vehicles, trees, characters"
angry scared tense chaotic surprised animated cartoonish colorful fire creature cloud creature plant creature sign pink object,"mood: angry, scared, tense, chaotic, surprised. style: animated, cartoonish, colorful. objects: fire creature, cloud creature, plant creature, sign, pink object"
lively playful whimsical energetic cheerful animated cartoonish colorful characters lockers doors posters smoke,"mood: lively, playful, whimsical, energetic, cheerful. style: animated, cartoonish, colorful. objects: characters, lockers, doors, posters, smoke"
scared mysterious vulnerable animated stylized fantastical creature pouch tiles water,"mood: scared, mysterious, vulnerable. style: animated, stylized, fantastical. objects: creature, pouch, tiles, water"
fiery intense unsettling dramatic animated animated fiery dramatic ogre creature fire cauldron logs,"mood: fiery, intense, unsettling, dramatic, animated. style: animated, fiery, dramatic. objects: ogre, creature, fire, cauldron, logs"
playful energetic joyful lively cheerful animated vibrant futuristic waterslide characters water building windows,"mood: playful, energetic, joyful, lively, cheerful. style: animated, vibrant, futuristic. objects: waterslide, characters, water, building, windows"
angry intense determined fiery animated cinematic dramatic fire creature pipe pot sticks wall,"mood: angry, intense, determined, fiery. style: animated, cinematic, dramatic. objects: fire creature, pipe, pot, sticks, wall"
tense worried dramatic anxious animated cinematic vivid character fire wall shirt,"mood: tense, worried, dramatic, anxious. style: animated, cinematic, vivid. objects: character, fire, wall, shirt"
unhappy contrasting tense animated animated colorful expressive fire character water character chain-link fence fence post vines,"mood: unhappy, contrasting, tense, animated. style: animated, colorful, expressive. objects: fire character, water character, chain-link fence, fence post, vines"
magical dreamlike vibrant ethereal wondrous animated fantastical vibrant city crystals water buildings flora,"mood: magical, dreamlike, vibrant, ethereal, wondrous. style: animated, fantastical, vibrant. objects: city, crystals, water, buildings, flora"
magical mystical serene vibrant imaginative animated fantastical colorful character waterfall pool figures water,"mood: magical, mystical, serene, vibrant, imaginative. style: animated, fantastical, colorful. objects: character, waterfall, pool, figures, water"
playful joyful energetic lighthearted animated vibrant futuristic water creature pool splashes bar stick,"mood: playful, joyful, energetic, lighthearted. style: animated, vibrant, futuristic. objects: water creature, pool, splashes, bar, stick"
intense mysterious magical otherworldly stylized vibrant abstract hand reflection water lights,"mood: intense, mysterious, magical, otherworldly. style: stylized, vibrant, abstract. objects: hand, reflection, water, lights"
distressed alarmed intense overwhelmed animated vibrant dramatic elemental packages shelves counter,"mood: distressed, alarmed, intense, overwhelmed. style: animated, vibrant, dramatic. objects: elemental, packages, shelves, counter"
distressed emotional overwhelmed dramatic animated cinematic expressive character shelves bottles jars shop,"mood: distressed, emotional, overwhelmed, dramatic. style: animated, cinematic, expressive. objects: character, shelves, bottles, jars, shop"
peaceful vulnerable dreamlike mysterious serene animated dreamlike soft baby hair clothing arm hand,"mood: peaceful, vulnerable, dreamlike, mysterious, serene. style: animated, dreamlike, soft. objects: baby, hair, clothing, arm, hand"
peaceful subdued melancholy serene animated soft dreamlike woman face hair garment background,"mood: peaceful, subdued, melancholy, serene. style: animated, soft, dreamlike. objects: woman, face, hair, garment, background"
tense mysterious somber eerie animated dramatic dark hand arm sleeve cuff,"mood: tense, mysterious, somber, eerie. style: animated, dramatic, dark. objects: hand, arm, sleeve, cuff"
dark mysterious uneasy lonely dreamlike animated minimalist dramatic child bed wall room,"mood: dark, mysterious, uneasy, lonely, dreamlike. style: animated, minimalist, dramatic. objects: child, bed, wall, room"
mysterious lonely dramatic ethereal cinematic animated atmospheric person violin pillars hall floor,"mood: mysterious, lonely, dramatic, ethereal. style: cinematic, animated, atmospheric. objects: person, violin, pillars, hall, floor"
creepy unsettling eerie mysterious somber animated expressionistic dark characters candelabra clothing room earring,"mood: creepy, unsettling, eerie, mysterious, somber. style: animated, expressionistic, dark. objects: characters, candelabra, clothing, room, earring"
majestic serene grand hopeful classical ornate architectural dome columns carvings light ceiling,"mood: majestic, serene, grand, hopeful. style: classical, ornate, architectural. objects: dome, columns, carvings, light, ceiling"
grand ambitious solemn hopeful animated gothic dramatic staircase candelabras windows people hall,"mood: grand, ambitious, solemn, hopeful. style: animated, gothic, dramatic. objects: staircase, candelabras, windows, people, hall"
subtle determined mysterious quiet animated elegant moody legs shoes stairs wall bow,"mood: subtle, determined, mysterious, quiet. style: animated, elegant, moody. objects: legs, shoes, stairs, wall, bow"
dark mysterious tense solemn cinematic gothic dark-fantasy figure staircase hall arches columns,"mood: dark, mysterious, tense, solemn. style: cinematic, gothic, dark-fantasy. objects: figure, staircase, hall, arches, columns"
dark solemn mysterious gothic melancholic anime gothic dramatic figure hair window face,"mood: dark, solemn, mysterious, gothic, melancholic. style: anime, gothic, dramatic. objects: figure, hair, window, face"
dark mysterious tense ominous cinematic medieval dramatic figure pillar carving light,"mood: dark, mysterious, tense, ominous. style: cinematic, medieval, dramatic. objects: figure, pillar, carving, light"
intense surreal glowing mysterious wondrous animated fantastical vibrant cat bag sword ice environment,"mood: intense, surreal, glowing, mysterious, wondrous. style: animated, fantastical, vibrant. objects: cat, bag, sword, ice, environment"
scared startled dramatic intense uncertain animated cinematic vibrant puppy sweater person structures floor,"mood: scared, startled, dramatic, intense, uncertain. style: animated, cinematic, vibrant. objects: puppy, sweater, person, structures, floor"
intense magical powerful ominous animated fantastic vibrant energy characters ground magic,"mood: intense, magical, powerful, ominous. style: animated, fantastic, vibrant. objects: energy, characters, ground, magic"
dark intense menacing terrifying ominous animated dramatic stylized wolf hood scythe eyes teeth,"mood: dark, intense, menacing, terrifying, ominous. style: animated, dramatic, stylized. objects: wolf, hood, scythe, eyes, teeth"
menacing intense mystical foreboding powerful animated dramatic stylized wolf scythes platform energy symbol,"mood: menacing, intense, mystical, foreboding, powerful. style: animated, dramatic, stylized. objects: wolf, scythes, platform, energy, symbol"
dramatic epic mystical powerful animated cinematic fantasy boots tail sword,"mood: dramatic, epic, mystical, powerful. style: animated, cinematic, fantasy. objects: boots, tail, sword"
worried surprised intense mystical animated vibrant dramatic cat hat cape scroll,"mood: worried, surprised, intense, mystical. style: animated, vibrant, dramatic. objects: cat, hat, cape, scroll"
playful mischievous cute whimsical enchanting animated vibrant magical cats knife fur eyes paws,"mood: playful, mischievous, cute, whimsical, enchanting. style: animated, vibrant, magical. objects: cats, knife, fur, eyes, paws"
anxious fearful intense pained dramatic animated dramatic expressive cat face fur nose eyes,"mood: anxious, fearful, intense, pained, dramatic. style: animated, dramatic, expressive. objects: cat, face, fur, nose, eyes"
intense magical dramatic confrontational mysterious animated cinematic fantastical cat hat cape figure energy,"mood: intense, magical, dramatic, confrontational, mysterious. style: animated, cinematic, fantastical. objects: cat, hat, cape, figure, energy"
determined intense urgent dramatic focused animated cinematic vibrant cat hat sword cape,"mood: determined, intense, urgent, dramatic, focused. style: animated, cinematic, vibrant. objects: cat, hat, sword, cape"
energetic determined thrilling intense animated vibrant action cat hat sword boots belt,"mood: energetic, determined, thrilling, intense. style: animated, vibrant, action. objects: cat, hat, sword, boots, belt"
intense chaotic energetic dynamic powerful vibrant abstract dynamic creature planet blades energy,"mood: intense, chaotic, energetic, dynamic, powerful. style: vibrant, abstract, dynamic. objects: creature, planet, blades, energy"
chaotic intense magical ominous animated dramatic fantasy figure hooks energy cloak,"mood: chaotic, intense, magical, ominous. style: animated, dramatic, fantasy. objects: figure, hooks, energy, cloak"
startled intense magical dramatic animated cinematic dramatic cat hat rapier cape,"mood: startled, intense, magical, dramatic. style: animated, cinematic, dramatic. objects: cat, hat, rapier, cape"
intense menacing aggressive chaotic animated dramatic fantasy wolf scythes smoke,"mood: intense, menacing, aggressive, chaotic. style: animated, dramatic, fantasy. objects: wolf, scythes, smoke"
curious surprised innocent questioning animated digital bright girl staircase kitchen stove,"mood: curious, surprised, innocent, questioning. style: animated, digital, bright. objects: girl, staircase, kitchen, stove"
concerned pensive thoughtful anticipatory uncertain animated cinematic expressive characters console orbs buttons room,"mood: concerned, pensive, thoughtful, anticipatory, uncertain. style: animated, cinematic, expressive. objects: characters, console, orbs, buttons, room"
worried anxious urgent chaotic dramatic animated cinematic abstract character sphere thread dust arches,"mood: worried, anxious, urgent, chaotic, dramatic. style: animated, cinematic, abstract. objects: character, sphere, thread, dust, arches"
happy energetic playful busy chaotic animated cartoonish vibrant characters hard hats tools barriers crate,"mood: happy, energetic, playful, busy, chaotic. style: animated, cartoonish, vibrant. objects: characters, hard hats, tools, barriers, crate"
angry chaotic intense frantic explosive animated vibrant dramatic characters dynamite crate explosion ladder,"mood: angry, chaotic, intense, frantic, explosive. style: animated, vibrant, dramatic. objects: characters, dynamite, crate, explosion, ladder"
pensive wistful cluttered expansive hopeful animated cinematic stylized characters city windows structures tools,"mood: pensive, wistful, cluttered, expansive, hopeful. style: animated, cinematic, stylized. objects: characters, city, windows, structures, tools"
energetic vibrant curious lively whimsical animated colorful stylized characters control panel memory wall buttons console,"mood: energetic, vibrant, curious, lively, whimsical. style: animated, colorful, stylized. objects: characters, control panel, memory wall, buttons, console"
anxious stressed concerned vibrant busy animated colorful expressive bing bong joy suitcases control panel memory orbs,"mood: anxious, stressed, concerned, vibrant, busy. style: animated, colorful, expressive. objects: bing bong, joy, suitcases, control panel, memory orbs"
afraid mysterious eerie tense dark cinematic blurry colorful text lights bokeh,"mood: afraid, mysterious, eerie, tense, dark. style: cinematic, blurry, colorful. objects: text, lights, bokeh"
vibrant dreamy anticipatory playful abstract colorful cinematic lights text bokeh circles,"mood: vibrant, dreamy, anticipatory, playful. style: abstract, colorful, cinematic. objects: lights, text, bokeh, circles"
energetic chaotic intense trippy abstract digital geometric hexagons patterns tunnel light,"mood: energetic, chaotic, intense, trippy. style: abstract, digital, geometric. objects: hexagons, patterns, tunnel, light"
playful exciting curious casual casual modern candid spiderman costume packaging hand table tag,"mood: playful, exciting, curious, casual. style: casual, modern, candid. objects: spiderman costume, packaging, hand, table, tag"
sleepy peaceful calm relaxed animated stylized comic-book man seat train jacket shirt,"mood: sleepy, peaceful, calm, relaxed. style: animated, stylized, comic-book. objects: man, seat, train, jacket, shirt"
surreal mysterious vast isolated contemplative animated stylized futuristic character skyscrapers city lights void,"mood: surreal, mysterious, vast, isolated, contemplative. style: animated, stylized, futuristic. objects: character, skyscrapers, city, lights, void"
energetic dynamic exciting urban fast-paced animated comic-book vibrant spider-man suit logo cars buildings,"mood: energetic, dynamic, exciting, urban, fast-paced. style: animated, comic-book, vibrant. objects: spider-man, suit, logo, cars, buildings"
intense anxious vibrant overwhelming animated neon stylized boy headphones jersey microphone tunnel,"mood: intense, anxious, vibrant, overwhelming. style: animated, neon, stylized. objects: boy, headphones, jersey, microphone, tunnel"
hopeful determined anticipatory energetic futuristic animated stylized bright superheroes characters suits lights interior,"mood: hopeful, determined, anticipatory, energetic, futuristic. style: animated, stylized, bright. objects: superheroes, characters, suits, lights, interior"
energetic dynamic chaotic vibrant tense cinematic stylized geometric figures structures webs beams scaffolding,"mood: energetic, dynamic, chaotic, vibrant, tense. style: cinematic, stylized, geometric. objects: figures, structures, webs, beams, scaffolding"
tense calm reportorial mundane journalistic factual broadcast pool chairs umbrellas fence text,"mood: tense, calm, reportorial, mundane. style: journalistic, factual, broadcast. objects: pool, chairs, umbrellas, fence, text"
anxious serious urgent concerned journalistic informational unfiltered fence sign foliage news ticker gate,"mood: anxious, serious, urgent, concerned. style: journalistic, informational, unfiltered. objects: fence, sign, foliage, news ticker, gate"
serious emotional distressed solemn journalistic broadcast realistic man building umbrella trees text,"mood: serious, emotional, distressed, solemn. style: journalistic, broadcast, realistic. objects: man, building, umbrella, trees, text"
concerned urgent serious broadcast daylight clear man playground trees fence sunglasses,"mood: concerned, urgent, serious. style: broadcast, daylight, clear. objects: man, playground, trees, fence, sunglasses"
informative neutral calm bright broadcast daylight journalistic man sunglasses playground fence umbrellas,"mood: informative, neutral, calm, bright. style: broadcast, daylight, journalistic. objects: man, sunglasses, playground, fence, umbrellas"
serious appreciative calm formal newsy bright documentary man officer document fence trees,"mood: serious, appreciative, calm, formal. style: newsy, bright, documentary. objects: man, officer, document, fence, trees"
professional serious informative factual calm broadcast journalistic daylight firefighters uniforms pool caps news ticker,"mood: professional, serious, informative, factual, calm. style: broadcast, journalistic, daylight. objects: firefighters, uniforms, pool, caps, news ticker"
serious neutral informative calm journalistic bright clear man cap uniform trees roof,"mood: serious, neutral, informative, calm. style: journalistic, bright, clear. objects: man, cap, uniform, trees, roof"
dramatic urgent vibrant tense heroic dynamic vibrant journalistic fireworks night sky broadcast graphics news text channel logo,"mood: dramatic, urgent, vibrant, tense, heroic. style: dynamic, vibrant, journalistic. objects: fireworks, night sky, broadcast graphics, news text, channel logo"
tense hopeful relieved dramatic caring reportage realistic unfiltered child water pool life vest floatie,"mood: tense, hopeful, relieved, dramatic, caring. style: reportage, realistic, unfiltered. objects: child, water, pool, life vest, floatie"
tender compassionate humble serene warm rustic candid man dog cart bench pots,"mood: tender, compassionate, humble, serene. style: warm, rustic, candid. objects: man, dog, cart, bench, pots"
compassionate humble peaceful authentic candid warm rustic man dog flatbread bench pot,"mood: compassionate, humble, peaceful, authentic. style: candid, warm, rustic. objects: man, dog, flatbread, bench, pot"
warm humble peaceful serene contemplative candid warm golden-hour man dog bread bench chai stall,"mood: warm, humble, peaceful, serene, contemplative. style: candid, warm, golden-hour. objects: man, dog, bread, bench, chai stall"
peaceful compassionate serene warm golden candid realistic man dog bread stall bench,"mood: peaceful, compassionate, serene, warm. style: golden, candid, realistic. objects: man, dog, bread, stall, bench"
compassionate serene heartwarming peaceful humble cinematic candid warm man dog bread bench pot,"mood: compassionate, serene, heartwarming, peaceful, humble. style: cinematic, candid, warm. objects: man, dog, bread, bench, pot"
heartwarming humble peaceful rustic hopeful candid rustic warm man dog flatbread bench pot,"mood: heartwarming, humble, peaceful, rustic, hopeful. style: candid, rustic, warm. objects: man, dog, flatbread, bench, pot"
lonely pensive quiet solitary cinematic moody urban man bench street chips bag streetlights,"mood: lonely, pensive, quiet, solitary. style: cinematic, moody, urban. objects: man, bench, street, chips bag, streetlights"
quiet contemplative solitary melancholic cinematic moody realistic man bench street streetlights snack bag,"mood: quiet, contemplative, solitary, melancholic. style: cinematic, moody, realistic. objects: man, bench, street, streetlights, snack bag"
lonely melancholic calm thoughtful cinematic low-light realistic man bench street streetlights snack bag,"mood: lonely, melancholic, calm, thoughtful. style: cinematic, low-light, realistic. objects: man, bench, street, streetlights, snack bag"
lonely melancholy somber weary nocturnal cinematic moody man bench street chips bag,"mood: lonely, melancholy, somber, weary. style: nocturnal, cinematic, moody. objects: man, bench, street, chips bag"
pensive lonely somber quiet cinematic low-light warm man bench street buildings package,"mood: pensive, lonely, somber, quiet. style: cinematic, low-light, warm. objects: man, bench, street, buildings, package"
lonely pensive somber calm cinematic nocturnal moody man bench street buildings chips,"mood: lonely, pensive, somber, calm. style: cinematic, nocturnal, moody. objects: man, bench, street, buildings, chips"
heartwarming tender peaceful companionate humble candid warm documentary man dog bench cart pot,"mood: heartwarming, tender, peaceful, companionate, humble. style: candid, warm, documentary. objects: man, dog, bench, cart, pot"
transformative evolving suggestive minimalist minimalist typographic elegant text typography letters words,"mood: transformative, evolving, suggestive, minimalist. style: minimalist, typographic, elegant. objects: text, typography, letters, words"
energetic hopeful idyllic cheerful illustrated vibrant pastoral boy hills houses sun people,"mood: energetic, hopeful, idyllic, cheerful. style: illustrated, vibrant, pastoral. objects: boy, hills, houses, sun, people"
bored apathetic confused didactic thoughtful cartoonish illustrative educational boy teacher chalkboard pen desk,"mood: bored, apathetic, confused, didactic, thoughtful. style: cartoonish, illustrative, educational. objects: boy, teacher, chalkboard, pen, desk"
worried concerned disengaged somber animated domestic narrative boy smartphone couch parents window,"mood: worried, concerned, disengaged, somber. style: animated, domestic, narrative. objects: boy, smartphone, couch, parents, window"
isolated ignored concerned sullen illustrated digital narrative phone couch people window plant,"mood: isolated, ignored, concerned, sullen. style: illustrated, digital, narrative. objects: phone, couch, people, window, plant"
solemn urban candid poignant struggling candid documentary realistic man scooter cars street railing,"mood: solemn, urban, candid, poignant, struggling. style: candid, documentary, realistic. objects: man, scooter, cars, street, railing"
pensive urban somber thoughtful candid documentary unpolished man jacket hoodie street car,"mood: pensive, urban, somber, thoughtful. style: candid, documentary, unpolished. objects: man, jacket, hoodie, street, car"
thoughtful conversational candid serious documentary urban realistic man jacket street cars cup,"mood: thoughtful, conversational, candid, serious. style: documentary, urban, realistic. objects: man, jacket, street, cars, cup"
somber vulnerable pensive melancholy candid realistic documentary man jacket truck car bracelet,"mood: somber, vulnerable, pensive, melancholy. style: candid, realistic, documentary. objects: man, jacket, truck, car, bracelet"
serious thoughtful genuine urban real candid documentary realistic man jacket hoodie street van,"mood: serious, thoughtful, genuine, urban, real. style: candid, documentary, realistic. objects: man, jacket, hoodie, street, van"
hopeful sincere earnest candid realistic unpolished man jacket street cars building,"mood: hopeful, sincere, earnest. style: candid, realistic, unpolished. objects: man, jacket, street, cars, building"
informative neutral professional calm broadcast clean corporate anchor screen microphone suit glasses,"mood: informative, neutral, professional, calm. style: broadcast, clean, corporate. objects: anchor, screen, microphone, suit, glasses"
happy festive joyful celebratory domestic journalistic candid broadcast woman family house decorations car,"mood: happy, festive, joyful, celebratory, domestic. style: journalistic, candid, broadcast. objects: woman, family, house, decorations, car"
heartwarming joyful emotional relieved tender newscast candid observational dog woman leash people news ticker,"mood: heartwarming, joyful, emotional, relieved, tender. style: newscast, candid, observational. objects: dog, woman, leash, people, news ticker"
focused caring attentive gentle candid documentary realistic women dog backpack suitcase leash,"mood: focused, caring, attentive, gentle. style: candid, documentary, realistic. objects: women, dog, backpack, suitcase, leash"
concerned calm observational candid realistic unfiltered woman dog door wreath fence,"mood: concerned, calm, observational. style: candid, realistic, unfiltered. objects: woman, dog, door, wreath, fence"
concerned serious attentive neutral journalistic realistic natural woman cars trashcans street houses,"mood: concerned, serious, attentive, neutral. style: journalistic, realistic, natural. objects: woman, cars, trashcans, street, houses"
loving tender comforting peaceful gentle close-up intimate candid dog person fur eye shirt,"mood: loving, tender, comforting, peaceful, gentle. style: close-up, intimate, candid. objects: dog, person, fur, eye, shirt"
festive joyful warm cheerful candid colorful domestic people inflatables candy canes christmas lights house,"mood: festive, joyful, warm, cheerful. style: candid, colorful, domestic. objects: people, inflatables, candy canes, christmas lights, house"
professional informative neutral calm composed broadcast modern professional anchors laptops desk monitors studio,"mood: professional, informative, neutral, calm, composed. style: broadcast, modern, professional. objects: anchors, laptops, desk, monitors, studio"
serene majestic peaceful expansive cinematic aerial vibrant city skyscrapers bridge water sky,"mood: serene, majestic, peaceful, expansive. style: cinematic, aerial, vibrant. objects: city, skyscrapers, bridge, water, sky"
serious formal determined luxurious tense cinematic elegant formal woman hallway suit sconces bust,"mood: serious, formal, determined, luxurious, tense. style: cinematic, elegant, formal. objects: woman, hallway, suit, sconces, bust"
mysterious serious somber historical cinematic dramatic vintage document photograph hand candle desk,"mood: mysterious, serious, somber, historical. style: cinematic, dramatic, vintage. objects: document, photograph, hand, candle, desk"
tense serious concerned dramatic cinematic gritty dramatic man shirt tie wall window,"mood: tense, serious, concerned, dramatic. style: cinematic, gritty, dramatic. objects: man, shirt, tie, wall, window"
exciting dynamic urban adventurous fast-paced cinematic urban dynamic buildings billboards spider-man city skyscrapers,"mood: exciting, dynamic, urban, adventurous, fast-paced. style: cinematic, urban, dynamic. objects: buildings, billboards, spider-man, city, skyscrapers"
fearful intense chaotic urgent dramatic cinematic action dynamic woman spiderman sky structure helicopter,"mood: fearful, intense, chaotic, urgent, dramatic. style: cinematic, action, dynamic. objects: woman, spiderman, sky, structure, helicopter"
anticipatory uncertain pensive neutral cinematic realistic interior person doors wall glass shirt,"mood: anticipatory, uncertain, pensive, neutral. style: cinematic, realistic, interior. objects: person, doors, wall, glass, shirt"
intense chaotic dangerous mysterious cinematic dramatic dynamic energy light forest ground trees,"mood: intense, chaotic, dangerous, mysterious. style: cinematic, dramatic, dynamic. objects: energy, light, forest, ground, trees"
ominous enigmatic scheming confident cinematic dramatic moody man sunglasses coat smoke cityscape,"mood: ominous, enigmatic, scheming, confident. style: cinematic, dramatic, moody. objects: man, sunglasses, coat, smoke, cityscape"
chaotic intense thrilling urgent cinematic dynamic action-packed spiderman cars street debris,"mood: chaotic, intense, thrilling, urgent. style: cinematic, dynamic, action-packed. objects: spiderman, cars, street, debris"
serious pensive dramatic mysterious intense cinematic dramatic high-contrast man cloak amulet wall light,"mood: serious, pensive, dramatic, mysterious, intense. style: cinematic, dramatic, high-contrast. objects: man, cloak, amulet, wall, light"
thoughtful pensive muted subtle cinematic realistic muted people jacket beanie shirt wall,"mood: thoughtful, pensive, muted, subtle. style: cinematic, realistic, muted. objects: people, jacket, beanie, shirt, wall"
chaotic urgent dangerous intense cinematic dramatic urban fire cars people vans streetlamp,"mood: chaotic, urgent, dangerous, intense. style: cinematic, dramatic, urban. objects: fire, cars, people, vans, streetlamp"
intense dynamic thrilling chaotic dangerous cinematic action-oriented blurry spiderman bridge water villain structure,"mood: intense, dynamic, thrilling, chaotic, dangerous. style: cinematic, action-oriented, blurry. objects: spiderman, bridge, water, villain, structure"
intense chaotic dangerous dark cinematic futuristic dramatic robot beam debris structure,"mood: intense, chaotic, dangerous, dark. style: cinematic, futuristic, dramatic. objects: robot, beam, debris, structure"
relaxed friendly communal attentive cinematic natural bright people table food shed city,"mood: relaxed, friendly, communal, attentive. style: cinematic, natural, bright. objects: people, table, food, shed, city"
chaotic intense dangerous explosive action-packed dynamic cinematic car fire street buildings tower,"mood: chaotic, intense, dangerous, explosive. style: action-packed, dynamic, cinematic. objects: car, fire, street, buildings, tower"
intense dark urgent focused dark blurry cinematic people room equipment lights,"mood: intense, dark, urgent, focused. style: dark, blurry, cinematic. objects: people, room, equipment, lights"
intense determined focused cinematic realistic dynamic man steering wheel hands car interior,"mood: intense, determined, focused. style: cinematic, realistic, dynamic. objects: man, steering wheel, hands, car interior"
determined serious epic grand cinematic monumental bright man colosseum building trees,"mood: determined, serious, epic, grand. style: cinematic, monumental, bright. objects: man, colosseum, building, trees"
tense chaotic dynamic exciting cinematic dynamic realistic motorcycle person police cars road buildings,"mood: tense, chaotic, dynamic, exciting. style: cinematic, dynamic, realistic. objects: motorcycle, person, police cars, road, buildings"
intense dynamic violent chaotic cinematic action-packed dynamic men room windows ceiling furniture,"mood: intense, dynamic, violent, chaotic. style: cinematic, action-packed, dynamic. objects: men, room, windows, ceiling, furniture"
chaotic intense destructive urgent action cinematic dynamic large object cars motorcycle debris building,"mood: chaotic, intense, destructive, urgent. style: action, cinematic, dynamic. objects: large object, cars, motorcycle, debris, building"
intense chaotic dangerous thrilling dramatic cinematic action-packed dynamic car man rifle smoke road,"mood: intense, chaotic, dangerous, thrilling, dramatic. style: cinematic, action-packed, dynamic. objects: car, man, rifle, smoke, road"
solemn respectful emotional somber cinematic dramatic poignant mask hands robes bracelet,"mood: solemn, respectful, emotional, somber. style: cinematic, dramatic, poignant. objects: mask, hands, robes, bracelet"
solemn reverent respectful dignified cinematic ceremonial dramatic hands necklace garment bracelet tattoos,"mood: solemn, reverent, respectful, dignified. style: cinematic, ceremonial, dramatic. objects: hands, necklace, garment, bracelet, tattoos"
commemorative cultural respectful spiritual traditional cinematic cultural traditional mural drums musicians buildings symbols,"mood: commemorative, cultural, respectful, spiritual, traditional. style: cinematic, cultural, traditional. objects: mural, drums, musicians, buildings, symbols"
dark serious powerful determined cinematic dramatic regal woman person pillars hall dress,"mood: dark, serious, powerful, determined. style: cinematic, dramatic, regal. objects: woman, person, pillars, hall, dress"
serious intimate somber emotional cinematic dramatic vibrant man woman beach ocean jewelry,"mood: serious, intimate, somber, emotional. style: cinematic, dramatic, vibrant. objects: man, woman, beach, ocean, jewelry"
intense chaotic futuristic dusty action-packed cinematic sci-fi dynamic dust buildings boats flying crafts bridge,"mood: intense, chaotic, futuristic, dusty, action-packed. style: cinematic, sci-fi, dynamic. objects: dust, buildings, boats, flying crafts, bridge"
tense focused serious urgent intense cinematic dark high-contrast hand joystick cockpit display buttons,"mood: tense, focused, serious, urgent, intense. style: cinematic, dark, high-contrast. objects: hand, joystick, cockpit, display, buttons"
desolate vast calm isolated cinematic expansive minimalist mountains desert sky jet,"mood: desolate, vast, calm, isolated. style: cinematic, expansive, minimalist. objects: mountains, desert, sky, jet"
exciting powerful vast tense military aerial dynamic jet contrail shadow sky,"mood: exciting, powerful, vast, tense. style: military, aerial, dynamic. objects: jet, contrail, shadow, sky"
intense powerful dramatic vast dynamic cinematic expansive action-packed jet desert sky mountains dust,"mood: intense, powerful, dramatic, vast, dynamic. style: cinematic, expansive, action-packed. objects: jet, desert, sky, mountains, dust"
tense ominous powerful dramatic cinematic dark military jets ocean people carrier,"mood: tense, ominous, powerful, dramatic. style: cinematic, dark, military. objects: jets, ocean, people, carrier"
exciting thrilling adventurous powerful exhilarating cinematic dynamic realistic pilot fighter jet aircraft carrier ocean sky,"mood: exciting, thrilling, adventurous, powerful, exhilarating. style: cinematic, dynamic, realistic. objects: pilot, fighter jet, aircraft carrier, ocean, sky"
dark nostalgic reflective personal introspective cinematic dramatic moody person jacket patches cabinet motorcycles,"mood: dark, nostalgic, reflective, personal, introspective. style: cinematic, dramatic, moody. objects: person, jacket, patches, cabinet, motorcycles"
tense exhilarating powerful serious cinematic realistic intense pilot jets helmet cockpit ocean,"mood: tense, exhilarating, powerful, serious. style: cinematic, realistic, intense. objects: pilot, jets, helmet, cockpit, ocean"
intense exhilarating thrilling adventurous dramatic cinematic dynamic realistic pilot jet mountains cockpit missile,"mood: intense, exhilarating, thrilling, adventurous, dramatic. style: cinematic, dynamic, realistic. objects: pilot, jet, mountains, cockpit, missile"
contemplative vast somber isolated pensive cinematic atmospheric dramatic person ocean ship sky helmet,"mood: contemplative, vast, somber, isolated, pensive. style: cinematic, atmospheric, dramatic. objects: person, ocean, ship, sky, helmet"
intense serious wary somber cinematic dramatic realistic man face jacket wall blinds,"mood: intense, serious, wary, somber. style: cinematic, dramatic, realistic. objects: man, face, jacket, wall, blinds"
relaxed peaceful dreamy cinematic elegant commercial woman scarf window garden chair,"mood: relaxed, peaceful, dreamy. style: cinematic, elegant, commercial. objects: woman, scarf, window, garden, chair"
happy relaxed serene comfortable bright natural candid woman phone window cushion blanket,"mood: happy, relaxed, serene, comfortable. style: bright, natural, candid. objects: woman, phone, window, cushion, blanket"
preparatory neutral anonymous cautious cinematic realistic daylight helmet person house roof chimney,"mood: preparatory, neutral, anonymous, cautious. style: cinematic, realistic, daylight. objects: helmet, person, house, roof, chimney"
calm neutral focused pensive close-up natural cinematic face eye nose mouth hair,"mood: calm, neutral, focused, pensive. style: close-up, natural, cinematic. objects: face, eye, nose, mouth, hair"
calm serene intimate gentle close-up naturalistic cinematic nose lips skin face hair,"mood: calm, serene, intimate, gentle. style: close-up, naturalistic, cinematic. objects: nose, lips, skin, face, hair"
tranquil pensive intimate serene cinematic naturalistic ambient couch window foliage jacket glass,"mood: tranquil, pensive, intimate, serene. style: cinematic, naturalistic, ambient. objects: couch, window, foliage, jacket, glass"
elegant luxurious graceful bright sophisticated elegant bright architectural woman staircase railing dress window,"mood: elegant, luxurious, graceful, bright, sophisticated. style: elegant, bright, architectural. objects: woman, staircase, railing, dress, window"
peaceful expansive adventurous serene golden cinematic scenic atmospheric car road ocean hills vegetation,"mood: peaceful, expansive, adventurous, serene, golden. style: cinematic, scenic, atmospheric. objects: car, road, ocean, hills, vegetation"
serene peaceful expansive calm aerial cinematic naturalistic road ocean hillside car sky,"mood: serene, peaceful, expansive, calm. style: aerial, cinematic, naturalistic. objects: road, ocean, hillside, car, sky"
expansive distant peaceful solitary aerial natural sweeping roads cars terrain guardrails,"mood: expansive, distant, peaceful, solitary. style: aerial, natural, sweeping. objects: roads, cars, terrain, guardrails"
energetic dynamic free active cinematic naturalistic dynamic person hair wall foliage sky,"mood: energetic, dynamic, free, active. style: cinematic, naturalistic, dynamic. objects: person, hair, wall, foliage, sky"
focused pensive calm private cinematic naturalistic soft-lit woman phone door foliage pavement,"mood: focused, pensive, calm, private. style: cinematic, naturalistic, soft-lit. objects: woman, phone, door, foliage, pavement"
serene thoughtful calm elegant cinematic naturalistic soft woman cardigan tree bushes flowers,"mood: serene, thoughtful, calm, elegant. style: cinematic, naturalistic, soft. objects: woman, cardigan, tree, bushes, flowers"
serene mysterious tranquil deep underwater cinematic immersive person water bubbles,"mood: serene, mysterious, tranquil, deep. style: underwater, cinematic, immersive. objects: person, water, bubbles"
surprised immersive intense exhilarating vivid cinematic dramatic dynamic woman water hair swimsuit splashes,"mood: surprised, immersive, intense, exhilarating, vivid. style: cinematic, dramatic, dynamic. objects: woman, water, hair, swimsuit, splashes"
busy tense focused professional concerned realistic cinematic candid chefs kitchen food uniforms gloves,"mood: busy, tense, focused, professional, concerned. style: realistic, cinematic, candid. objects: chefs, kitchen, food, uniforms, gloves"
opulent decadent surreal luxurious retro glamorous cinematic man jewelry phone butler television,"mood: opulent, decadent, surreal, luxurious. style: retro, glamorous, cinematic. objects: man, jewelry, phone, butler, television"
surprised formal tense elegant cinematic formal luxurious man tuxedo lamps flowers sofa,"mood: surprised, formal, tense, elegant. style: cinematic, formal, luxurious. objects: man, tuxedo, lamps, flowers, sofa"
ceremonial formal anticipatory hopeful reflective ceremonial cinematic elegant graduate balloons staircase gown flowers,"mood: ceremonial, formal, anticipatory, hopeful, reflective. style: ceremonial, cinematic, elegant. objects: graduate, balloons, staircase, gown, flowers"
joyful extravagant lively playful excited vibrant theatrical fashionable woman sunglasses car sequins jewelry,"mood: joyful, extravagant, lively, playful, excited. style: vibrant, theatrical, fashionable. objects: woman, sunglasses, car, sequins, jewelry"
festive lively glamorous energetic cinematic nocturnal vibrant car people uniform shirt feathers,"mood: festive, lively, glamorous, energetic. style: cinematic, nocturnal, vibrant. objects: car, people, uniform, shirt, feathers"
joyful lively eccentric candid candid vibrant cinematic men necklace drink suit gate,"mood: joyful, lively, eccentric, candid. style: candid, vibrant, cinematic. objects: men, necklace, drink, suit, gate"
joyful celebratory friendly happy lively candid festive warm people glasses balloons hat painting,"mood: joyful, celebratory, friendly, happy, lively. style: candid, festive, warm. objects: people, glasses, balloons, hat, painting"
intense energetic glamorous chaotic cinematic glamorous dramatic women jewelry jackets device makeup,"mood: intense, energetic, glamorous, chaotic. style: cinematic, glamorous, dramatic. objects: women, jewelry, jackets, device, makeup"
luxurious vibrant confident eccentric flamboyant opulent colorful couch hat shirt chain plant,"mood: luxurious, vibrant, confident, eccentric. style: flamboyant, opulent, colorful. objects: couch, hat, shirt, chain, plant"
joyful amused vibrant playful extravagant vivid luxurious cinematic man piano shirt hand rings,"mood: joyful, amused, vibrant, playful, extravagant. style: vivid, luxurious, cinematic. objects: man, piano, shirt, hand, rings"
celebratory festive lively candid dynamic grainy people hat sequins fur coat drink,"mood: celebratory, festive, lively. style: candid, dynamic, grainy. objects: people, hat, sequins, fur coat, drink"
joyful festive lively playful celebratory vibrant festive theatrical man mandolin woman costume instrument,"mood: joyful, festive, lively, playful, celebratory. style: vibrant, festive, theatrical. objects: man, mandolin, woman, costume, instrument"
engaging curious playful intimate cinematic fashionable dramatic man woman ear cuff sweater hat,"mood: engaging, curious, playful, intimate. style: cinematic, fashionable, dramatic. objects: man, woman, ear cuff, sweater, hat"
intense dramatic distorted vibrant engaging glamorous close-up surreal women hair earring reflection party,"mood: intense, dramatic, distorted, vibrant, engaging. style: glamorous, close-up, surreal. objects: women, hair, earring, reflection, party"
intense predatory wild focused cinematic realistic sharp cougar rocks plants desert terrain,"mood: intense, predatory, wild, focused. style: cinematic, realistic, sharp. objects: cougar, rocks, plants, desert, terrain"
gritty tense arduous strenuous cinematic gritty realistic limb rope rock dirt,"mood: gritty, tense, arduous, strenuous. style: cinematic, gritty, realistic. objects: limb, rope, rock, dirt"
mysterious tranquil solitary reflective cinematic western dramatic man cougar hat log desert,"mood: mysterious, tranquil, solitary, reflective. style: cinematic, western, dramatic. objects: man, cougar, hat, log, desert"
dark mysterious unsettling tense intriguing cinematic blurry desaturated figures text wall people,"mood: dark, mysterious, unsettling, tense, intriguing. style: cinematic, blurry, desaturated. objects: figures, text, wall, people"
dark isolated mysterious pensive tense cinematic dramatic futuristic woman spotlight floor structure,"mood: dark, isolated, mysterious, pensive, tense. style: cinematic, dramatic, futuristic. objects: woman, spotlight, floor, structure"
expressive dynamic powerful intense dramatic dramatic theatrical high-contrast dancer shirt pants,"mood: expressive, dynamic, powerful, intense, dramatic. style: dramatic, theatrical, high-contrast. objects: dancer, shirt, pants"
calm pensive serene neutral modern clean minimalist man shirt car window headrest,"mood: calm, pensive, serene, neutral. style: modern, clean, minimalist. objects: man, shirt, car, window, headrest"
wild powerful adventurous dramatic cinematic panoramic dramatic car road ocean mountains rocks,"mood: wild, powerful, adventurous, dramatic. style: cinematic, panoramic, dramatic. objects: car, road, ocean, mountains, rocks"
relaxed serene calm contemplative modern luxurious cinematic man car mountains window screen,"mood: relaxed, serene, calm, contemplative. style: modern, luxurious, cinematic. objects: man, car, mountains, window, screen"
mysterious atmospheric captivating dark immersive cinematic moody dramatic silhouettes structure lights audience beams,"mood: mysterious, atmospheric, captivating, dark, immersive. style: cinematic, moody, dramatic. objects: silhouettes, structure, lights, audience, beams"
futuristic mysterious calm ethereal contemplative digital abstract futuristic tunnel shapes lines orb structure,"mood: futuristic, mysterious, calm, ethereal, contemplative. style: digital, abstract, futuristic. objects: tunnel, shapes, lines, orb, structure"
luxurious sophisticated modern precise elegant sleek contemporary refined control knob car console buttons interior crystal,"mood: luxurious, sophisticated, modern, precise, elegant. style: sleek, contemporary, refined. objects: control knob, car console, buttons, interior, crystal"
tense urgent dynamic gritty fast-paced cinematic dynamic motion-blurred car tire road wall line,"mood: tense, urgent, dynamic, gritty, fast-paced. style: cinematic, dynamic, motion-blurred. objects: car, tire, road, wall, line"
powerful sleek modern dynamic luxurious cinematic automotive high-tech car grille headlight wheel road,"mood: powerful, sleek, modern, dynamic, luxurious. style: cinematic, automotive, high-tech. objects: car, grille, headlight, wheel, road"
intense surreal dynamic opulent mysterious cinematic futuristic dramatic woman garment hood crystals rings,"mood: intense, surreal, dynamic, opulent, mysterious. style: cinematic, futuristic, dramatic. objects: woman, garment, hood, crystals, rings"
dark somber mysterious enclosed dark minimal cinematic panel lines frame structure,"mood: dark, somber, mysterious, enclosed. style: dark, minimal, cinematic. objects: panel, lines, frame, structure"
serious formal mysterious somber animated stylized cinematic device guards emblem uniforms architecture,"mood: serious, formal, mysterious, somber. style: animated, stylized, cinematic. objects: device, guards, emblem, uniforms, architecture"
pensive reflective emotional nostalgic somber animated dramatic stylized mural person stairs railing buildings,"mood: pensive, reflective, emotional, nostalgic, somber. style: animated, dramatic, stylized. objects: mural, person, stairs, railing, buildings"
intense magical dramatic tense serious animated cinematic fantasy characters armor energy beret forest,"mood: intense, magical, dramatic, tense, serious. style: animated, cinematic, fantasy. objects: characters, armor, energy, beret, forest"
dark tense mysterious cinematic medieval dramatic knight sword castle smoke,"mood: dark, tense, mysterious. style: cinematic, medieval, dramatic. objects: knight, sword, castle, smoke"
intense dangerous mysterious thrilling animated cinematic dramatic figures monster weapon energy smoke,"mood: intense, dangerous, mysterious, thrilling. style: animated, cinematic, dramatic. objects: figures, monster, weapon, energy, smoke"
intense focused suspenseful serious animated dramatic stylized woman rifle scope energy rubble,"mood: intense, focused, suspenseful, serious. style: animated, dramatic, stylized. objects: woman, rifle, scope, energy, rubble"
intense ethereal powerful radiant cinematic luminous abstract light beams energy flash,"mood: intense, ethereal, powerful, radiant. style: cinematic, luminous, abstract. objects: light, beams, energy, flash"
mischievous cold desolate whimsical animated stylized storybook man snow branches leaves hat,"mood: mischievous, cold, desolate, whimsical. style: animated, stylized, storybook. objects: man, snow, branches, leaves, hat"
dark mysterious tense solemn animated minimalist dramatic figure hat prop arms background,"mood: dark, mysterious, tense, solemn. style: animated, minimalist, dramatic. objects: figure, hat, prop, arms, background"
festive whimsical anticipatory bright cinematic wintery festive title snowflakes reflection surface words,"mood: festive, whimsical, anticipatory, bright. style: cinematic, wintery, festive. objects: title, snowflakes, reflection, surface, words"
uncomfortable cold bleak distressed animated stylized dramatic character buildings snow hat ladder,"mood: uncomfortable, cold, bleak, distressed. style: animated, stylized, dramatic. objects: character, buildings, snow, hat, ladder"
shocked chaotic distressed overwhelmed animated stylized desaturated postman snow building plant hat,"mood: shocked, chaotic, distressed, overwhelmed. style: animated, stylized, desaturated. objects: postman, snow, building, plant, hat"
struggling cold anxious isolated animated stylized dramatic postman house snow package fence,"mood: struggling, cold, anxious, isolated. style: animated, stylized, dramatic. objects: postman, house, snow, package, fence"
whimsical adventurous peculiar imaginative animated storybook stylized house characters flags tree creature,"mood: whimsical, adventurous, peculiar, imaginative. style: animated, storybook, stylized. objects: house, characters, flags, tree, creature"
humorous quirky wintry active determined animated whimsical stylized postman saw snow buildings men,"mood: humorous, quirky, wintry, active, determined. style: animated, whimsical, stylized. objects: postman, saw, snow, buildings, men"
energetic chaotic frenzied aggressive intense animated stylized dramatic characters hammer club weapons mist,"mood: energetic, chaotic, frenzied, aggressive, intense. style: animated, stylized, dramatic. objects: characters, hammer, club, weapons, mist"
energetic intense dynamic thrilling fast-paced animated vibrant futuristic superhero tunnel pathway streaks glow,"mood: energetic, intense, dynamic, thrilling, fast-paced. style: animated, vibrant, futuristic. objects: superhero, tunnel, pathway, streaks, glow"
chaotic intense dynamic urgent animated action-packed urban taxi spiderwebs people cars buildings,"mood: chaotic, intense, dynamic, urgent. style: animated, action-packed, urban. objects: taxi, spiderwebs, people, cars, buildings"
pensive lively vibrant thoughtful uneasy animated urban stylized miles people cityscape balloons greenhouse,"mood: pensive, lively, vibrant, thoughtful, uneasy. style: animated, urban, stylized. objects: miles, people, cityscape, balloons, greenhouse"
unsettling surreal distorted eerie digital glitchy surreal figure shelves products aisle,"mood: unsettling, surreal, distorted, eerie. style: digital, glitchy, surreal. objects: figure, shelves, products, aisle"
overwhelmed stressed busy mundane ordinary animated cluttered cartoonish woman desk clipboard papers filing cabinet,"mood: overwhelmed, stressed, busy, mundane, ordinary. style: animated, cluttered, cartoonish. objects: woman, desk, clipboard, papers, filing cabinet"
neutral mundane quiet sterile realistic documentary muted window blinds door frames wall,"mood: neutral, mundane, quiet, sterile. style: realistic, documentary, muted. objects: window, blinds, door, frames, wall"
overwhelmed intense chaotic distressed vibrant animated vibrant digital person headphones jersey glowing frame hair,"mood: overwhelmed, intense, chaotic, distressed, vibrant. style: animated, vibrant, digital. objects: person, headphones, jersey, glowing frame, hair"
energetic chaotic rebellious vibrant intense animated pop art grunge guitarist electric guitar newspaper collage abstract shapes,"mood: energetic, chaotic, rebellious, vibrant, intense. style: animated, pop art, grunge. objects: guitarist, electric guitar, newspaper, collage, abstract shapes"
energetic vibrant futuristic intense animated glitchy futuristic superhero tunnel lights symbol,"mood: energetic, vibrant, futuristic, intense. style: animated, glitchy, futuristic. objects: superhero, tunnel, lights, symbol"
exciting thrilling energetic dynamic disorienting animated comic-book vibrant spider-man web crowd building city,"mood: exciting, thrilling, energetic, dynamic, disorienting. style: animated, comic-book, vibrant. objects: spider-man, web, crowd, building, city"
serious determined futuristic intense animated neon stylized characters sunglasses web hair clothing,"mood: serious, determined, futuristic, intense. style: animated, neon, stylized. objects: characters, sunglasses, web, hair, clothing"
lively expressive enthusiastic musical animated cartoony vibrant character chalkboard music stand sheet music fedora,"mood: lively, expressive, enthusiastic, musical. style: animated, cartoony, vibrant. objects: character, chalkboard, music stand, sheet music, fedora"
stressed frantic rushed urgent animated urban dynamic man phone hat car building,"mood: stressed, frantic, rushed, urgent. style: animated, urban, dynamic. objects: man, phone, hat, car, building"
anxious surprised otherworldly concerned eerie animated dreamlike vibrant souls figures crowd faces forms,"mood: anxious, surprised, otherworldly, concerned, eerie. style: animated, dreamlike, vibrant. objects: souls, figures, crowd, faces, forms"
mysterious ethereal serene hopeful animated stylized dreamlike figure hat glasses light environment,"mood: mysterious, ethereal, serene, hopeful. style: animated, stylized, dreamlike. objects: figure, hat, glasses, light, environment"
vast mysterious profound cosmic digital abstract cosmic earth void particles space,"mood: vast, mysterious, profound, cosmic. style: digital, abstract, cosmic. objects: earth, void, particles, space"
ethereal serene hopeful mystical animated dreamlike fantastical hills path souls portal sky,"mood: ethereal, serene, hopeful, mystical. style: animated, dreamlike, fantastical. objects: hills, path, souls, portal, sky"
ethereal whimsical contrasting pensive joyous animated ethereal digital souls pizza pastries display cases storefront,"mood: ethereal, whimsical, contrasting, pensive, joyous. style: animated, ethereal, digital. objects: souls, pizza, pastries, display cases, storefront"
ethereal dreamlike subdued quiet pensive animated ethereal dreamy souls shelves pizzas donuts cakes,"mood: ethereal, dreamlike, subdued, quiet, pensive. style: animated, ethereal, dreamy. objects: souls, shelves, pizzas, donuts, cakes"
ethereal calm mysterious introspective anticipatory animated dramatic blue-hued souls spotlights man broom piano,"mood: ethereal, calm, mysterious, introspective, anticipatory. style: animated, dramatic, blue-hued. objects: souls, spotlights, man, broom, piano"
ethereal mysterious calm curious serene animated luminous dreamlike characters glasses staff line structure,"mood: ethereal, mysterious, calm, curious, serene. style: animated, luminous, dreamlike. objects: characters, glasses, staff, line, structure"
whimsical playful curious charming nostalgic photographic mixed-media creative hand photograph character buildings alley,"mood: whimsical, playful, curious, charming, nostalgic. style: photographic, mixed-media, creative. objects: hand, photograph, character, buildings, alley"
bright nostalgic whimsical playful hybrid photographic vibrant hand photo characters building boats,"mood: bright, nostalgic, whimsical, playful. style: hybrid, photographic, vibrant. objects: hand, photo, characters, building, boats"
happy playful charming whimsical mixed-media photographic vibrant hand character buildings cutout street,"mood: happy, playful, charming, whimsical. style: mixed-media, photographic, vibrant. objects: hand, character, buildings, cutout, street"
playful serene imaginative whimsical bright composite playful vibrant hand photograph ocean sky creatures,"mood: playful, serene, imaginative, whimsical, bright. style: composite, playful, vibrant. objects: hand, photograph, ocean, sky, creatures"
attentive calm neutral conversational televised contemporary brightly lit people stage clothing eyeglasses subtitle,"mood: attentive, calm, neutral, conversational. style: televised, contemporary, brightly lit. objects: people, stage, clothing, eyeglasses, subtitle"
intense dramatic tense desperate shocking televisual live candid woman men stage screen caption,"mood: intense, dramatic, tense, desperate, shocking. style: televisual, live, candid. objects: woman, men, stage, screen, caption"
sad distressed emotional vulnerable candid television dramatic woman necklace earrings wall text,"mood: sad, distressed, emotional, vulnerable. style: candid, television, dramatic. objects: woman, necklace, earrings, wall, text"
happy affectionate warm joyful friendly candid photographic casual man woman shirt handbag building,"mood: happy, affectionate, warm, joyful, friendly. style: candid, photographic, casual. objects: man, woman, shirt, handbag, building"
happy loving warm joyful affectionate natural candid portrait man woman street building clothing,"mood: happy, loving, warm, joyful, affectionate. style: natural, candid, portrait. objects: man, woman, street, building, clothing"
somber melancholic intimate hopeful intimate cinematic muted bouquet flowers hand legs clothing,"mood: somber, melancholic, intimate, hopeful. style: intimate, cinematic, muted. objects: bouquet, flowers, hand, legs, clothing"
proud accomplished celebratory hopeful commemorative casual outdoor graduate mother building trees railing,"mood: proud, accomplished, celebratory, hopeful. style: commemorative, casual, outdoor. objects: graduate, mother, building, trees, railing"
neutral calm informative formal serious digital documentary simple woman text background hair clothing,"mood: neutral, calm, informative, formal, serious. style: digital, documentary, simple. objects: woman, text, background, hair, clothing"
serious informative calm neutral portrait simple digital woman face text background clothing,"mood: serious, informative, calm, neutral. style: portrait, simple, digital. objects: woman, face, text, background, clothing"
loving tender intimate hopeful connected candid soft warm-toned hands ring shirt shorts fabric,"mood: loving, tender, intimate, hopeful, connected. style: candid, soft, warm-toned. objects: hands, ring, shirt, shorts, fabric"
celebratory joyful hopeful accomplished blurry vibrant candid graduates caps gowns sashes crowd,"mood: celebratory, joyful, hopeful, accomplished. style: blurry, vibrant, candid. objects: graduates, caps, gowns, sashes, crowd"
romantic loving celebratory intimate sweet romantic soft blurry legs rose petals lanterns furniture floor,"mood: romantic, loving, celebratory, intimate, sweet. style: romantic, soft, blurry. objects: legs, rose petals, lanterns, furniture, floor"
expectant intimate anxious hopeful personal candid intimate contemporary pregnancy test hands stomach shirt jeans,"mood: expectant, intimate, anxious, hopeful, personal. style: candid, intimate, contemporary. objects: pregnancy test, hands, stomach, shirt, jeans"
joyful heartwarming nostalgic appreciative documentary genuine warm man newspaper hands glasses,"mood: joyful, heartwarming, nostalgic, appreciative. style: documentary, genuine, warm. objects: man, newspaper, hands, glasses"
joyful heartwarming tender loving peaceful casual candid domestic man woman baby pacifier hat,"mood: joyful, heartwarming, tender, loving, peaceful. style: casual, candid, domestic. objects: man, woman, baby, pacifier, hat"
happy fond nostalgic warm vintage monochromatic documentary man uniform hat,"mood: happy, fond, nostalgic, warm. style: vintage, monochromatic, documentary. objects: man, uniform, hat"
sweet joyful heartwarming tender familial digital informal bright man woman baby cap pacifier,"mood: sweet, joyful, heartwarming, tender, familial. style: digital, informal, bright. objects: man, woman, baby, cap, pacifier"
nostalgic sentimental bittersweet reflective vintage rustic informational photograph man woman uniform pies,"mood: nostalgic, sentimental, bittersweet, reflective. style: vintage, rustic, informational. objects: photograph, man, woman, uniform, pies"
nostalgic heartwarming commemorative historical sentimental newsy vintage documentary photograph hands uniform flag shirt,"mood: nostalgic, heartwarming, commemorative, historical, sentimental. style: newsy, vintage, documentary. objects: photograph, hands, uniform, flag, shirt"
joyful heartwarming proud celebratory natural bright documentary family veteran grass trees,"mood: joyful, heartwarming, proud, celebratory. style: natural, bright, documentary. objects: family, veteran, grass, trees"
joyful heartwarming celebratory happy candid warm photographic people hat dress drink can flowers,"mood: joyful, heartwarming, celebratory, happy. style: candid, warm, photographic. objects: people, hat, dress, drink can, flowers"
happy tender emotional surprising joyful candid domestic informative man woman baby pacifier hat,"mood: happy, tender, emotional, surprising, joyful. style: candid, domestic, informative. objects: man, woman, baby, pacifier, hat"
heartwarming joyful tender familial casual domestic broadcast baby man woman hat bottle,"mood: heartwarming, joyful, tender, familial. style: casual, domestic, broadcast. objects: baby, man, woman, hat, bottle"
anticipatory tender warm loving hopeful documentary heartwarming posed baby woman man veteran chair,"mood: anticipatory, tender, warm, loving, hopeful. style: documentary, heartwarming, posed. objects: baby, woman, man, veteran, chair"
joyful heartwarming tender emotional intimate candid warm woman baby man chair cap,"mood: joyful, heartwarming, tender, emotional. style: intimate, candid, warm. objects: woman, baby, man, chair, cap"
joyful tender heartwarming emotional candid warm intimate baby man woman chair hat,"mood: joyful, tender, heartwarming, emotional. style: candid, warm, intimate. objects: baby, man, woman, chair, hat"
dark murky unsettling obscure blurry gritty naturalistic dirt plants hole object,"mood: dark, murky, unsettling, obscure. style: blurry, gritty, naturalistic. objects: dirt, plants, hole, object"
concerned tense arduous precarious distressed realistic candid natural excavator animal pit earth plants,"mood: concerned, tense, arduous, precarious, distressed. style: realistic, candid, natural. objects: excavator, animal, pit, earth, plants"
somber laborious gritty unsettling documentary realistic raw shovel earth trench hand foliage,"mood: somber, laborious, gritty, unsettling. style: documentary, realistic, raw. objects: shovel, earth, trench, hand, foliage"
curious confined earthy natural naturalistic raw unpolished dirt hole animal foliage roots,"mood: curious, confined, earthy, natural. style: naturalistic, raw, unpolished. objects: dirt, hole, animal, foliage, roots"
tense mysterious gritty earthy confined documentary naturalistic observational animal hole soil foliage hand,"mood: tense, mysterious, gritty, earthy, confined. style: documentary, naturalistic, observational. objects: animal, hole, soil, foliage, hand"
laborious natural dirty raw active documentary naturalistic unfiltered shovel hole soil plants hand,"mood: laborious, natural, dirty, raw, active. style: documentary, naturalistic, unfiltered. objects: shovel, hole, soil, plants, hand"
anxious struggling tense grimy naturalistic raw candid pangolin hole dirt plants,"mood: anxious, struggling, tense, grimy. style: naturalistic, raw, candid. objects: pangolin, hole, dirt, plants"
somber gloomy unsettling confined naturalistic documentary rustic hole dirt foliage animal,"mood: somber, gloomy, unsettling, confined. style: naturalistic, documentary, rustic. objects: hole, dirt, foliage, animal"
mysterious tense dark precarious natural gritty earthy earth hole foliage figure,"mood: mysterious, tense, dark, precarious. style: natural, gritty, earthy. objects: earth, hole, foliage, figure"
gritty serious raw industrial unsettling realistic documentary unfiltered excavator earth hole smartphone vegetation,"mood: gritty, serious, raw, industrial, unsettling. style: realistic, documentary, unfiltered. objects: excavator, earth, hole, smartphone, vegetation"
tense concerned anxious hopeful documentary naturalistic candid earth hole animal foliage phone,"mood: tense, concerned, anxious, hopeful. style: documentary, naturalistic, candid. objects: earth, hole, animal, foliage, phone"
tense curious serious raw documentary naturalistic unfiltered excavator earth statue pangolin foliage,"mood: tense, curious, serious, raw. style: documentary, naturalistic, unfiltered. objects: excavator, earth, statue, pangolin, foliage"
distressing vulnerable tense difficult documentary raw urgent elephant pit dirt foliage phone,"mood: distressing, vulnerable, tense, difficult. style: documentary, raw, urgent. objects: elephant, pit, dirt, foliage, phone"
dark mysterious scholarly quiet cinematic traditional atmospheric cat desk lamp bookshelf brain model,"mood: dark, mysterious, scholarly, quiet. style: cinematic, traditional, atmospheric. objects: cat, desk, lamp, bookshelf, brain model"
digital mysterious eerie surreal digital sci-fi cinematic figure street buildings neon signs,"mood: digital, mysterious, eerie, surreal. style: digital, sci-fi, cinematic. objects: figure, street, buildings, neon signs"
reflective serene calm cinematic naturalistic modern woman thermos window,"mood: reflective, serene, calm. style: cinematic, naturalistic, modern. objects: woman, thermos, window"
intense watchful unsettling vulnerable close-up detailed stark eye pupil iris sclera blood vessels,"mood: intense, watchful, unsettling, vulnerable. style: close-up, detailed, stark. objects: eye, pupil, iris, sclera, blood vessels"
absorbed focused distant melancholy reflective modern overhead cinematic people phones tablets screens hands,"mood: absorbed, focused, distant, melancholy, reflective. style: modern, overhead, cinematic. objects: people, phones, tablets, screens, hands"
mysterious enchanting contemplative serene cinematic vintage illustrated book illustration tree text table,"mood: mysterious, enchanting, contemplative, serene. style: cinematic, vintage, illustrated. objects: book, illustration, tree, text, table"
tense mysterious dramatic serious cinematic dark dramatic person pill sunglasses ring light,"mood: tense, mysterious, dramatic, serious. style: cinematic, dark, dramatic. objects: person, pill, sunglasses, ring, light"
intense dramatic mysterious powerful cinematic dramatic fantasy lake trees explosion ring boats,"mood: intense, dramatic, mysterious, powerful. style: cinematic, dramatic, fantasy. objects: lake, trees, explosion, ring, boats"
dramatic somber epic tense cinematic dramatic epic buildings people fire sky water,"mood: dramatic, somber, epic, tense. style: cinematic, dramatic, epic. objects: buildings, people, fire, sky, water"
distressed intense somber dramatic anxious cinematic dark gritty man rain hand face water,"mood: distressed, intense, somber, dramatic, anxious. style: cinematic, dark, gritty. objects: man, rain, hand, face, water"
intense chaotic dangerous alarming cinematic action-packed dramatic man fire hallway weapon explosion,"mood: intense, chaotic, dangerous, alarming. style: cinematic, action-packed, dramatic. objects: man, fire, hallway, weapon, explosion"
dark mysterious tense magical ominous cinematic fantastical dramatic sorcerer cape energy room artifacts,"mood: dark, mysterious, tense, magical, ominous. style: cinematic, fantastical, dramatic. objects: sorcerer, cape, energy, room, artifacts"
chaotic urgent dynamic intense bustling cinematic dynamic urban people cars street buildings motorcycles,"mood: chaotic, urgent, dynamic, intense, bustling. style: cinematic, dynamic, urban. objects: people, cars, street, buildings, motorcycles"
tense chaotic dramatic grim epic cinematic dramatic grand people buildings smoke weapons steps,"mood: tense, chaotic, dramatic, grim, epic. style: cinematic, dramatic, grand. objects: people, buildings, smoke, weapons, steps"
chaotic ominous unsettling dangerous dark sci-fi dystopian cinematic person cape buildings street debris,"mood: chaotic, ominous, unsettling, dangerous, dark. style: sci-fi, dystopian, cinematic. objects: person, cape, buildings, street, debris"
tense perilous dramatic mysterious adventurous cinematic dark fantasy dramatic figure cloak rocks foliage creature,"mood: tense, perilous, dramatic, mysterious, adventurous. style: cinematic, dark fantasy, dramatic. objects: figure, cloak, rocks, foliage, creature"
dark tense chaotic urgent frightening cinematic dramatic shadowy people building fire smoke pillars,"mood: dark, tense, chaotic, urgent, frightening. style: cinematic, dramatic, shadowy. objects: people, building, fire, smoke, pillars"
dark tense intense dramatic cinematic dramatic action-oriented figure weapon hand garment,"mood: dark, tense, intense, dramatic. style: cinematic, dramatic, action-oriented. objects: figure, weapon, hand, garment"
mysterious solemn primal intense cinematic fantastical dramatic giant cave fire people mountains,"mood: mysterious, solemn, primal, intense. style: cinematic, fantastical, dramatic. objects: giant, cave, fire, people, mountains"
tense adventurous mysterious dramatic exciting cinematic futuristic sci-fi spaceship characters vest interior panels,"mood: tense, adventurous, mysterious, dramatic, exciting. style: cinematic, futuristic, sci-fi. objects: spaceship, characters, vest, interior, panels"
intense strenuous powerful gritty dark cinematic dramatic action man chain rocks cave cap,"mood: intense, strenuous, powerful, gritty, dark. style: cinematic, dramatic, action. objects: man, chain, rocks, cave, cap"
tense chaotic heroic dark urgent cinematic dramatic action helmet cape fire houses debris,"mood: tense, chaotic, heroic, dark, urgent. style: cinematic, dramatic, action. objects: helmet, cape, fire, houses, debris"
majestic grand fantastical awe-inspiring cinematic fantastical dramatic buildings waterfalls statue flowers people,"mood: majestic, grand, fantastical, awe-inspiring. style: cinematic, fantastical, dramatic. objects: buildings, waterfalls, statue, flowers, people"
cold intense serious solemn cinematic dramatic harsh man snow mountains fur beard,"mood: cold, intense, serious, solemn. style: cinematic, dramatic, harsh. objects: man, snow, mountains, fur, beard"
dramatic tense action-packed dynamic cinematic blurry dynamic figure cape weapon columns hall,"mood: dramatic, tense, action-packed, dynamic. style: cinematic, blurry, dynamic. objects: figure, cape, weapon, columns, hall"
tense action-packed dramatic powerful cinematic action-oriented fantastical figure energy arena debris structure,"mood: tense, action-packed, dramatic, powerful. style: cinematic, action-oriented, fantastical. objects: figure, energy, arena, debris, structure"
powerful intense epic dark cinematic fantasy dramatic lightning hammer figure statues pillars,"mood: powerful, intense, epic, dark. style: cinematic, fantasy, dramatic. objects: lightning, hammer, figure, statues, pillars"
powerful mysterious awe-inspiring grand cinematic fantasy dramatic robed figure onlookers grand hall energy beams structures,"mood: powerful, mysterious, awe-inspiring, grand. style: cinematic, fantasy, dramatic. objects: robed figure, onlookers, grand hall, energy beams, structures"
enraged intense powerful aggressive cinematic dramatic heroic man arena audience structures lights,"mood: enraged, intense, powerful, aggressive. style: cinematic, dramatic, heroic. objects: man, arena, audience, structures, lights"
isolated melancholic desolate eerie quiet cinematic bleak wide-shot house field sky clouds person,"mood: isolated, melancholic, desolate, eerie, quiet. style: cinematic, bleak, wide-shot. objects: house, field, sky, clouds, person"
concerned serious somber tense cinematic realistic muted woman field shed post jacket,"mood: concerned, serious, somber, tense. style: cinematic, realistic, muted. objects: woman, field, shed, post, jacket"
wary concerned desolate somber uneasy cinematic dramatic bleak man building plants coat sky,"mood: wary, concerned, desolate, somber, uneasy. style: cinematic, dramatic, bleak. objects: man, building, plants, coat, sky"
mysterious ethereal tense vast cinematic dramatic minimalist sky sun mountains figures,"mood: mysterious, ethereal, tense, vast. style: cinematic, dramatic, minimalist. objects: sky, sun, mountains, figures"
somber pensive isolated melancholic cinematic moody stylized window people washing machines rain glass,"mood: somber, pensive, isolated, melancholic. style: cinematic, moody, stylized. objects: window, people, washing machines, rain, glass"
destructive ominous catastrophic terrifying somber realistic cinematic apocalyptic explosion cloud sky smoke atmosphere,"mood: destructive, ominous, catastrophic, terrifying, somber. style: realistic, cinematic, apocalyptic. objects: explosion, cloud, sky, smoke, atmosphere"
tranquil mysterious vast serene aerial cinematic natural forest river mountains boat,"mood: tranquil, mysterious, vast, serene. style: aerial, cinematic, natural. objects: forest, river, mountains, boat"
ominous powerful dramatic tense apocalyptic cinematic epic realistic volcano smoke island ocean clouds,"mood: ominous, powerful, dramatic, tense, apocalyptic. style: cinematic, epic, realistic. objects: volcano, smoke, island, ocean, clouds"
determined serious powerful watchful epic cinematic heroic dramatic characters costumes ocean sky ground,"mood: determined, serious, powerful, watchful, epic. style: cinematic, heroic, dramatic. objects: characters, costumes, ocean, sky, ground"
thoughtful wondrous mysterious pensive cinematic mystical dramatic woman hand light structure roots,"mood: thoughtful, wondrous, mysterious, pensive. style: cinematic, mystical, dramatic. objects: woman, hand, light, structure, roots"
calm neutral informative casual simple digital woman glasses shirt wall subtitles,"mood: calm, neutral, informative. style: casual, simple, digital. objects: woman, glasses, shirt, wall, subtitles"
informative engaged neutral calm direct educational casual straightforward woman glasses shirt wall beams,"mood: informative, engaged, neutral, calm, direct. style: educational, casual, straightforward. objects: woman, glasses, shirt, wall, beams"
solemn proud serious focused respectful candid documentary broadcast players stadium crowd jerseys girl,"mood: solemn, proud, serious, focused, respectful. style: candid, documentary, broadcast. objects: players, stadium, crowd, jerseys, girl"
distressed sad emotional vulnerable exhausted emotional candid documentary person hands face helmet subtitles,"mood: distressed, sad, emotional, vulnerable, exhausted. style: emotional, candid, documentary. objects: person, hands, face, helmet, subtitles"
calm informative neutral clear direct casual direct informal woman glasses wall beam shirt,"mood: calm, informative, neutral, clear, direct. style: casual, direct, informal. objects: woman, glasses, wall, beam, shirt"
neutral calm focused informative casual simple direct woman glasses shirt wall beam,"mood: neutral, calm, focused, informative. style: casual, simple, direct. objects: woman, glasses, shirt, wall, beam"
informative direct engaged serious casual direct simple woman glasses shirt wall text,"mood: informative, direct, engaged, serious. style: casual, direct, simple. objects: woman, glasses, shirt, wall, text"
tense confrontational competitive heated candid documentary unpolished players referee court jerseys shoes,"mood: tense, confrontational, competitive, heated. style: candid, documentary, unpolished. objects: players, referee, court, jerseys, shoes"
focused informative calm neutral conversational casual direct plain woman glasses shirt wall subtitles,"mood: focused, informative, calm, neutral, conversational. style: casual, direct, plain. objects: woman, glasses, shirt, wall, subtitles"
triumphant intense emotional excited energetic athletic dramatic candid fencer mask glove uniform weapon,"mood: triumphant, intense, emotional, excited, energetic. style: athletic, dramatic, candid. objects: fencer, mask, glove, uniform, weapon"
defiant expressive serious determined candid direct authentic woman glasses shirt wall hair,"mood: defiant, expressive, serious, determined. style: candid, direct, authentic. objects: woman, glasses, shirt, wall, hair"
neutral calm informative direct casual informal unfiltered woman glasses shirt wall beam,"mood: neutral, calm, informative, direct. style: casual, informal, unfiltered. objects: woman, glasses, shirt, wall, beam"
neutral informative calm casual vlog-like simple woman glasses shirt wall text,"mood: neutral, informative, calm. style: casual, vlog-like, simple. objects: woman, glasses, shirt, wall, text"
free lively bright active hopeful sunny blurry natural grass sun trees figure,"mood: free, lively, bright, active, hopeful. style: sunny, blurry, natural. objects: grass, sun, trees, figure"
energetic blurred spontaneous everyday candid daytime low-fidelity house bush figures grass path,"mood: energetic, blurred, spontaneous, everyday. style: candid, daytime, low-fidelity. objects: house, bush, figures, grass, path"
playful caring engaging lively candid casual documentary man dog grass hand bush,"mood: playful, caring, engaging, lively. style: candid, casual, documentary. objects: man, dog, grass, hand, bush"
happy calm affectionate gentle natural candid simple dog hands grass,"mood: happy, calm, affectionate, gentle. style: natural, candid, simple. objects: dog, hands, grass"
catastrophic devastated unsettling somber tragic documentary realistic raw house roof siding debris grass,"mood: catastrophic, devastated, unsettling, somber, tragic. style: documentary, realistic, raw. objects: house, roof, siding, debris, grass"
tense urgent emotional hopeful concerned candid documentary realistic firefighter people fire truck hose grass,"mood: tense, urgent, emotional, hopeful, concerned. style: candid, documentary, realistic. objects: firefighter, people, fire truck, hose, grass"
relieved caring tender affectionate candid natural intimate woman cat arm carrier,"mood: relieved, caring, tender, affectionate. style: candid, natural, intimate. objects: woman, cat, arm, carrier"
emotional somber poignant tender candid intimate realistic man woman suit dress corsage,"mood: emotional, somber, poignant, tender. style: candid, intimate, realistic. objects: man, woman, suit, dress, corsage"
caring emotional poignant somber intimate documentary candid man woman wheelchair suit dress,"mood: caring, emotional, poignant, somber. style: intimate, documentary, candid. objects: man, woman, wheelchair, suit, dress"
heartwarming sentimental supportive joyful candid warm eventful people wheelchair suits phones wooden beams,"mood: heartwarming, sentimental, supportive, joyful. style: candid, warm, eventful. objects: people, wheelchair, suits, phones, wooden beams"
emotional heartfelt tender poignant candid intimate emotional people suit dress corsage wall,"mood: emotional, heartfelt, tender, poignant. style: candid, intimate, emotional. objects: people, suit, dress, corsage, wall"
emotional heartwarming supportive tender sentimental candid documentary warm people suits tables chairs dance floor,"mood: emotional, heartwarming, supportive, tender, sentimental. style: candid, documentary, warm. objects: people, suits, tables, chairs, dance floor"
emotional tender sentimental moving cinematic candid emotional people suits dress corsage,"mood: emotional, tender, sentimental, moving. style: cinematic, candid, emotional. objects: people, suits, dress, corsage"
supportive attentive earnest caring candid documentary warm people wheelchair suits tables chairs,"mood: supportive, attentive, earnest, caring. style: candid, documentary, warm. objects: people, wheelchair, suits, tables, chairs"
emotional tender sorrowful poignant intimate candid emotional soft-focus man woman suit dress wheelchair,"mood: emotional, tender, sorrowful, poignant, intimate. style: candid, emotional, soft-focus. objects: man, woman, suit, dress, wheelchair"
emotional sentimental touching solemn tender candid intimate soft man woman vest corsage pampas grass,"mood: emotional, sentimental, touching, solemn, tender. style: candid, intimate, soft. objects: man, woman, vest, corsage, pampas grass"
emotional touching loving tender heartwarming candid celebratory realistic man woman device guests venue,"mood: emotional, touching, loving, tender, heartwarming. style: candid, celebratory, realistic. objects: man, woman, device, guests, venue"
emotional heartwarming tender loving poignant candid intimate warm man woman wheelchair dance floor audience,"mood: emotional, heartwarming, tender, loving, poignant. style: candid, intimate, warm. objects: man, woman, wheelchair, dance floor, audience"
emotional tender intimate sentimental heartfelt candid warm personal man woman guests tables chairs,"mood: emotional, tender, intimate, sentimental, heartfelt. style: candid, warm, personal. objects: man, woman, guests, tables, chairs"
emotional touching sentimental heartfelt candid emotional documentary groom woman scooter guests tables,"mood: emotional, touching, sentimental, heartfelt. style: candid, emotional, documentary. objects: groom, woman, scooter, guests, tables"
caring emotional supportive tender candid documentary intimate man woman wheelchair people wall,"mood: caring, emotional, supportive, tender. style: candid, documentary, intimate. objects: man, woman, wheelchair, people, wall"
emotional touching supportive sentimental intimate candid warm formal people wheelchair phones tables pampas grass,"mood: emotional, touching, supportive, sentimental, intimate. style: candid, warm, formal. objects: people, wheelchair, phones, tables, pampas grass"
reflective serene vast contemplative cinematic atmospheric naturalistic desert sand dunes people,"mood: reflective, serene, vast, contemplative. style: cinematic, atmospheric, naturalistic. objects: desert, sand dunes, people"
hopeful warm connected intrigued mysterious cinematic dramatic arid woman man desert sand dunes clothing,"mood: hopeful, warm, connected, intrigued, mysterious. style: cinematic, dramatic, arid. objects: woman, man, desert, sand dunes, clothing"
somber tense austere solemn enigmatic cinematic desaturated gritty figure garment headpiece face dust,"mood: somber, tense, austere, solemn, enigmatic. style: cinematic, desaturated, gritty. objects: figure, garment, headpiece, face, dust"
intense dangerous overwhelming chaotic cinematic dramatic fiery fire person flames,"mood: intense, dangerous, overwhelming, chaotic. style: cinematic, dramatic, fiery. objects: fire, person, flames"
dark tense mysterious somber cinematic monochromatic dramatic ground figure silhouette gravel cloak,"mood: dark, tense, mysterious, somber. style: cinematic, monochromatic, dramatic. objects: ground, figure, silhouette, gravel, cloak"
intense dangerous gritty urgent cinematic gritty futuristic weapon vehicle operator desert,"mood: intense, dangerous, gritty, urgent. style: cinematic, gritty, futuristic. objects: weapon, vehicle, operator, desert"
distressed intense agonizing desperate haunting cinematic gritty dramatic face eyes mouth nose skin,"mood: distressed, intense, agonizing, desperate, haunting. style: cinematic, gritty, dramatic. objects: face, eyes, mouth, nose, skin"
intense determined serious watchful otherworldly cinematic sci-fi dramatic person stillsuit desert sand headband,"mood: intense, determined, serious, watchful, otherworldly. style: cinematic, sci-fi, dramatic. objects: person, stillsuit, desert, sand, headband"
tense isolated mysterious vigilant sci-fi stark cinematic figure suit headwrap pickaxe blade,"mood: tense, isolated, mysterious, vigilant. style: sci-fi, stark, cinematic. objects: figure, suit, headwrap, pickaxe, blade"
isolated vast solemn mysterious cinematic vast dramatic figure dunes sand shadow,"mood: isolated, vast, solemn, mysterious. style: cinematic, vast, dramatic. objects: figure, dunes, sand, shadow"
dark tense mysterious somber cinematic medieval dramatic knight sword smoke dust,"mood: dark, tense, mysterious, somber. style: cinematic, medieval, dramatic. objects: knight, sword, smoke, dust"
serious contemplative determined focused cinematic sci-fi realistic person stillsuit goggles scarf desert,"mood: serious, contemplative, determined, focused. style: cinematic, sci-fi, realistic. objects: person, stillsuit, goggles, scarf, desert"
strenuous bleak dusty determined somber cinematic gritty desaturated person rope dust ground horizon,"mood: strenuous, bleak, dusty, determined, somber. style: cinematic, gritty, desaturated. objects: person, rope, dust, ground, horizon"
concerned intimate somber vulnerable quiet cinematic intimate muted person cannula face hair clothing,"mood: concerned, intimate, somber, vulnerable, quiet. style: cinematic, intimate, muted. objects: person, cannula, face, hair, clothing"
ominous grand anticipatory cinematic minimalist dramatic text word letters,"mood: ominous, grand, anticipatory. style: cinematic, minimalist, dramatic. objects: text, word, letters"
contemplative weary concerned mundane naturalistic realistic unassuming woman laundromat laundry machines plants,"mood: contemplative, weary, concerned, mundane. style: naturalistic, realistic, unassuming. objects: woman, laundromat, laundry, machines, plants"
quirky playful unsettling observant minimalist graphic clean googly eyes letters dots text logo,"mood: quirky, playful, unsettling, observant. style: minimalist, graphic, clean. objects: googly eyes, letters, dots, text, logo"
somber tired reflective mundane realistic muted cinematic woman machines basket table sign,"mood: somber, tired, reflective, mundane. style: realistic, muted, cinematic. objects: woman, machines, basket, table, sign"
stressful busy mundane surreal realistic cluttered sci-fi woman papers desk man cubicles,"mood: stressful, busy, mundane, surreal. style: realistic, cluttered, sci-fi. objects: woman, papers, desk, man, cubicles"
confused distorted disoriented tense blurry cinematic distorted woman office cubicles man lights,"mood: confused, distorted, disoriented, tense. style: blurry, cinematic, distorted. objects: woman, office, cubicles, man, lights"
pensive concerned serious cinematic realistic naturalistic man woman glasses poster shirt,"mood: pensive, concerned, serious. style: cinematic, realistic, naturalistic. objects: man, woman, glasses, poster, shirt"
mysterious focused technological somber digital futuristic dark computer brains screen person shirt,"mood: mysterious, focused, technological, somber. style: digital, futuristic, dark. objects: computer, brains, screen, person, shirt"
energetic lively warm appetizing dynamic culinary close-up hand spatula vegetables grill food,"mood: energetic, lively, warm, appetizing. style: dynamic, culinary, close-up. objects: hand, spatula, vegetables, grill, food"
terrified desperate anxious violent cinematic gritty dramatic woman hallway blood frames wall,"mood: terrified, desperate, anxious, violent. style: cinematic, gritty, dramatic. objects: woman, hallway, blood, frames, wall"
pensive concerned supportive cinematic naturalistic subdued woman man glasses shirt vest,"mood: pensive, concerned, supportive. style: cinematic, naturalistic, subdued. objects: woman, man, glasses, shirt, vest"
mundane routine quiet pensive cinematic realistic candid woman washing machine lanterns plant,"mood: mundane, routine, quiet, pensive. style: cinematic, realistic, candid. objects: woman, washing machine, lanterns, plant"
stressed confused intense bewildered cinematic dramatic surreal woman hands laundromat washing machines altar,"mood: stressed, confused, intense, bewildered. style: cinematic, dramatic, surreal. objects: woman, hands, laundromat, washing machines, altar"
adventurous bustling lively natural verdant cinematic naturalistic historical forest cars people motorcycles huts,"mood: adventurous, bustling, lively, natural, verdant. style: cinematic, naturalistic, historical. objects: forest, cars, people, motorcycles, huts"
serious formal intense thoughtful vintage vintage cinematic dramatic man desk chair telephone notebook,"mood: serious, formal, intense, thoughtful, vintage. style: vintage, cinematic, dramatic. objects: man, desk, chair, telephone, notebook"
urgent mysterious tense dramatic cinematic dynamic naturalistic man trees forest foliage ground,"mood: urgent, mysterious, tense, dramatic. style: cinematic, dynamic, naturalistic. objects: man, trees, forest, foliage, ground"
intense violent brutal fierce savage cinematic dramatic visceral man tiger blood teeth,"mood: intense, violent, brutal, fierce, savage. style: cinematic, dramatic, visceral. objects: man, tiger, blood, teeth"
tense chaotic crowded oppressive confrontational historical cinematic dramatic crowd police gate flag barrels,"mood: tense, chaotic, crowded, oppressive, confrontational. style: historical, cinematic, dramatic. objects: crowd, police, gate, flag, barrels"
tense dramatic intense chaotic urgent cinematic dramatic gritty man uniform cap fire smoke,"mood: tense, dramatic, intense, chaotic, urgent. style: cinematic, dramatic, gritty. objects: man, uniform, cap, fire, smoke"
tense chaotic dangerous dramatic intense cinematic dramatic gritty bridge fire smoke people water,"mood: tense, chaotic, dangerous, dramatic, intense. style: cinematic, dramatic, gritty. objects: bridge, fire, smoke, people, water"
energetic jubilant celebratory crowded lively grand vibrant epic crowd people flag men headbands,"mood: energetic, jubilant, celebratory, crowded, lively. style: grand, vibrant, epic. objects: crowd, people, flag, men, headbands"
lively grand historical vibrant confident cinematic historical vibrant men building rickshaw car uniforms,"mood: lively, grand, historical, vibrant, confident. style: cinematic, historical, vibrant. objects: men, building, rickshaw, car, uniforms"
serious contemplative determined powerful intense cinematic vibrant natural woman earrings ring foliage clothing,"mood: serious, contemplative, determined, powerful, intense. style: cinematic, vibrant, natural. objects: woman, earrings, ring, foliage, clothing"
sad heartbreaking distressed desperate emotional cinematic dramatic somber girl man bars hand shirt,"mood: sad, heartbreaking, distressed, desperate, emotional. style: cinematic, dramatic, somber. objects: girl, man, bars, hand, shirt"
intense determined adventurous gritty cinematic rugged outdoor man motorcycle trees foliage,"mood: intense, determined, adventurous, gritty. style: cinematic, rugged, outdoor. objects: man, motorcycle, trees, foliage"
tense chaotic dramatic urgent historical cinematic historical action-packed people huts rifle fence trees,"mood: tense, chaotic, dramatic, urgent, historical. style: cinematic, historical, action-packed. objects: people, huts, rifle, fence, trees"
tense serious watchful cinematic dramatic dark officer uniform cap,"mood: tense, serious, watchful. style: cinematic, dramatic, dark. objects: officer, uniform, cap"
futuristic exciting innovative modern sleek techy promotional digital smartphones man screen building landscape,"mood: futuristic, exciting, innovative, modern, sleek. style: techy, promotional, digital. objects: smartphones, man, screen, building, landscape"
happy informative exciting bright modern digital man smartphones text windows building,"mood: happy, informative, exciting. style: bright, modern, digital. objects: man, smartphones, text, windows, building"
happy informative bright clean clean modern commercial man smartphones stands trees building,"mood: happy, informative, bright, clean. style: clean, modern, commercial. objects: man, smartphones, stands, trees, building"
informative technical modern conceptual technical futuristic digital phone man text building screen,"mood: informative, technical, modern, conceptual. style: technical, futuristic, digital. objects: phone, man, text, building, screen"
enthusiastic engaging anticipatory modern informative digital informative clean iphone man webpage screen text,"mood: enthusiastic, engaging, anticipatory, modern, informative. style: digital, informative, clean. objects: iphone, man, webpage, screen, text"
modern conceptual informative sleek engaging digital modern promotional smartphone man screen camera logo,"mood: modern, conceptual, informative, sleek, engaging. style: digital, modern, promotional. objects: smartphone, man, screen, camera, logo"
energetic modern vibrant engaging promotional promotional digital sleek smartphones man text screen background,"mood: energetic, modern, vibrant, engaging, promotional. style: promotional, digital, sleek. objects: smartphones, man, text, screen, background"
happy excited informative modern positive digital promotional modern smartphones man text building screen,"mood: happy, excited, informative, modern, positive. style: digital, promotional, modern. objects: smartphones, man, text, building, screen"
informative modern promotional energetic digital graphic promotional smartphones man text lenses screen,"mood: informative, modern, promotional, energetic. style: digital, graphic, promotional. objects: smartphones, man, text, lenses, screen"
informative modern digital anticipatory upbeat promotional glossy tech phones man text screen hand,"mood: informative, modern, digital, anticipatory, upbeat. style: promotional, glossy, tech. objects: phones, man, text, screen, hand"
informative technical precise sleek technical promotional detailed smartphone camera lenses man iphones components,"mood: informative, technical, precise, sleek. style: technical, promotional, detailed. objects: smartphone, camera lenses, man, iphones, components"
futuristic dynamic modern informative exciting digital promotional futuristic phones man text device buildings,"mood: futuristic, dynamic, modern, informative, exciting. style: digital, promotional, futuristic. objects: phones, man, text, device, buildings"
informative technical professional modern speculative digital informational techy text man iphone circuit board apple logo,"mood: informative, technical, professional, modern, speculative. style: digital, informational, techy. objects: text, man, iphone, circuit board, apple logo"
joyful content peaceful warm candid natural wintry woman child dog snow trees,"mood: joyful, content, peaceful, warm. style: candid, natural, wintry. objects: woman, child, dog, snow, trees"
joyful excited festive lively candid lively nighttime woman dress glass lights people,"mood: joyful, excited, festive, lively. style: candid, lively, nighttime. objects: woman, dress, glass, lights, people"
confused frustrated annoyed pensive candid realistic domestic woman phone television plant flowers,"mood: confused, frustrated, annoyed, pensive. style: candid, realistic, domestic. objects: woman, phone, television, plant, flowers"
ironic humorous disruptive satirical bright realistic commercial couple ocean beach airplane sky,"mood: ironic, humorous, disruptive, satirical. style: bright, realistic, commercial. objects: couple, ocean, beach, airplane, sky"
happy joyful relaxed playful candid bright summery women man pool phones sunglasses,"mood: happy, joyful, relaxed, playful. style: candid, bright, summery. objects: women, man, pool, phones, sunglasses"
happy joyful excited festive lively candid selfie low-light people faces hair clothing crowd,"mood: happy, joyful, excited, festive, lively. style: candid, selfie, low-light. objects: people, faces, hair, clothing, crowd"
happy joyful playful energetic candid domestic bright child couch pillow artwork wall,"mood: happy, joyful, playful, energetic. style: candid, domestic, bright. objects: child, couch, pillow, artwork, wall"
playful energetic musical cheerful animated cartoonish vibrant hamsters keyboard sunglasses buttons,"mood: playful, energetic, musical, cheerful. style: animated, cartoonish, vibrant. objects: hamsters, keyboard, sunglasses, buttons"
tense anxious chaotic startled animated cartoonish bright fox snake rabbit,"mood: tense, anxious, chaotic, startled. style: animated, cartoonish, bright. objects: fox, snake, rabbit"
mysterious eerie submerged dreamlike blurry underwater cinematic water figure umbrella people bubbles,"mood: mysterious, eerie, submerged, dreamlike. style: blurry, underwater, cinematic. objects: water, figure, umbrella, people, bubbles"
cold eerie desolate mysterious animated wintery atmospheric buildings snow windows sign,"mood: cold, eerie, desolate, mysterious. style: animated, wintery, atmospheric. objects: buildings, snow, windows, sign"
adventurous exhilarating dynamic playful vibrant animated vibrant fantastical creatures mountains cliffs flowers rope,"mood: adventurous, exhilarating, dynamic, playful, vibrant. style: animated, vibrant, fantastical. objects: creatures, mountains, cliffs, flowers, rope"
energetic joyful festive lively chaotic animated neon vibrant astronaut zebra animals lasers lights,"mood: energetic, joyful, festive, lively, chaotic. style: animated, neon, vibrant. objects: astronaut, zebra, animals, lasers, lights"
tense anxious ominous suspenseful animated cinematic dramatic fox rabbit snake city buildings,"mood: tense, anxious, ominous, suspenseful. style: animated, cinematic, dramatic. objects: fox, rabbit, snake, city, buildings"
confident playful suave charming animated cartoonish vibrant horse suit collar lapel background,"mood: confident, playful, suave, charming. style: animated, cartoonish, vibrant. objects: horse, suit, collar, lapel, background"
energetic playful cheerful lively musical cartoonish vibrant animated keyboard hamster keys buttons instrument,"mood: energetic, playful, cheerful, lively, musical. style: cartoonish, vibrant, animated. objects: keyboard, hamster, keys, buttons, instrument"
confident playful energetic cool animated whimsical vibrant hamsters keyboard sunglasses buttons keys,"mood: confident, playful, energetic, cool. style: animated, whimsical, vibrant. objects: hamsters, keyboard, sunglasses, buttons, keys"
scared tense threatening anxious animated colorful dramatic fox rabbit snake,"mood: scared, tense, threatening, anxious. style: animated, colorful, dramatic. objects: fox, rabbit, snake"
mysterious eerie calm unsettling blurred animated atmospheric figure umbrella water bubbles,"mood: mysterious, eerie, calm, unsettling. style: blurred, animated, atmospheric. objects: figure, umbrella, water, bubbles"
cold desolate mysterious quiet isolated animated wintry atmospheric buildings snow windows sign fog,"mood: cold, desolate, mysterious, quiet, isolated. style: animated, wintry, atmospheric. objects: buildings, snow, windows, sign, fog"
adventurous energetic exciting playful animated vibrant fantastical mountains cliffs animals flowers ropes,"mood: adventurous, energetic, exciting, playful. style: animated, vibrant, fantastical. objects: mountains, cliffs, animals, flowers, ropes"
energetic vibrant festive chaotic exciting animated neon-lit surreal astronaut zebra aliens crowd laser,"mood: energetic, vibrant, festive, chaotic, exciting. style: animated, neon-lit, surreal. objects: astronaut, zebra, aliens, crowd, laser"
tense anxious suspenseful mysterious animated cinematic dramatic fox rabbit snake rooftop city,"mood: tense, anxious, suspenseful, mysterious. style: animated, cinematic, dramatic. objects: fox, rabbit, snake, rooftop, city"
confident flirtatious playful charming animated cartoonish vibrant horse suit mane ear pin,"mood: confident, flirtatious, playful, charming. style: animated, cartoonish, vibrant. objects: horse, suit, mane, ear, pin"
energetic playful joyful enthusiastic animated retro vibrant keyboard hamster keys buttons,"mood: energetic, playful, joyful, enthusiastic. style: animated, retro, vibrant. objects: keyboard, hamster, keys, buttons"
tense energetic perilous chaotic vibrant animated dramatic stylized character mace chainsaw string lights graffiti,"mood: tense, energetic, perilous, chaotic, vibrant. style: animated, dramatic, stylized. objects: character, mace, chainsaw, string lights, graffiti"
tense chaotic dangerous surreal animated futuristic dramatic rhino soldier weapon smoke helmet,"mood: tense, chaotic, dangerous, surreal. style: animated, futuristic, dramatic. objects: rhino, soldier, weapon, smoke, helmet"
calm observant content everyday animated stylized digital people buildings street clothing,"mood: calm, observant, content, everyday. style: animated, stylized, digital. objects: people, buildings, street, clothing"
triumphant defeated adventurous confident fantastical animated stylized vibrant warrior fallen knight grass trees castle wall,"mood: triumphant, defeated, adventurous, confident, fantastical. style: animated, stylized, vibrant. objects: warrior, fallen knight, grass, trees, castle wall"
concerned serious uneasy dramatic animated stylized fantasy knight armor castle figures,"mood: concerned, serious, uneasy, dramatic. style: animated, stylized, fantasy. objects: knight, armor, castle, figures"
sad somber concerned mysterious animated cinematic dramatic man chain lights shelf garment,"mood: sad, somber, concerned, mysterious. style: animated, cinematic, dramatic. objects: man, chain, lights, shelf, garment"
worried tense surprised anxious animated stylized dramatic girl man robotic arm seats window,"mood: worried, tense, surprised, anxious. style: animated, stylized, dramatic. objects: girl, man, robotic arm, seats, window"
chaotic intense exciting fantastical dynamic animated futuristic action-packed warriors swords creature character castle,"mood: chaotic, intense, exciting, fantastical, dynamic. style: animated, futuristic, action-packed. objects: warriors, swords, creature, character, castle"
sad emotional somber tender tense animated dramatic cinematic man woman armor cape hair,"mood: sad, emotional, somber, tender, tense. style: animated, dramatic, cinematic. objects: man, woman, armor, cape, hair"
mysterious quirky cool tense vibrant animated dramatic neon fish knight lights sunglasses weapon,"mood: mysterious, quirky, cool, tense, vibrant. style: animated, dramatic, neon. objects: fish, knight, lights, sunglasses, weapon"
serious determined tense dramatic anticipatory animated cinematic fantasy figure crowd knight lantern armor,"mood: serious, determined, tense, dramatic, anticipatory. style: animated, cinematic, fantasy. objects: figure, crowd, knight, lantern, armor"
dark lonely somber vulnerable candid low-light grainy building person canopy lights sidewalk,"mood: dark, lonely, somber, vulnerable. style: candid, low-light, grainy. objects: building, person, canopy, lights, sidewalk"
dark tense somber serious documentary realistic nighttime officer building extinguisher trash can window,"mood: dark, tense, somber, serious. style: documentary, realistic, nighttime. objects: officer, building, extinguisher, trash can, window"
dark tense mysterious gritty documentary surveillance car window building lights person,"mood: dark, tense, mysterious. style: gritty, documentary, surveillance. objects: car, window, building, lights, person"
informative serious neutral professional news broadcast daytime reporter microphone gas station cars building,"mood: informative, serious, neutral, professional. style: news, broadcast, daytime. objects: reporter, microphone, gas station, cars, building"
concerning serious urgent journalistic informative digital person text screen photo logo,"mood: concerning, serious, urgent. style: journalistic, informative, digital. objects: person, text, screen, photo, logo"
tense serious apprehensive anxious candid documentary unedited hands table officers man water bottle,"mood: tense, serious, apprehensive, anxious. style: candid, documentary, unedited. objects: hands, table, officers, man, water bottle"
happy friendly affectionate relaxed candid casual low-resolution man woman couch blinds shirts,"mood: happy, friendly, affectionate, relaxed. style: candid, casual, low-resolution. objects: man, woman, couch, blinds, shirts"
neutral candid informal subdued grainy casual unpolished man woman shirt blinds wall,"mood: neutral, candid, informal, subdued. style: grainy, casual, unpolished. objects: man, woman, shirt, blinds, wall"
serious informative professional neutral realistic documentary functional man uniform flag helmets badge,"mood: serious, informative, professional, neutral. style: realistic, documentary, functional. objects: man, uniform, flag, helmets, badge"
vulnerable somber lonely gritty low light surveillance raw person building storefront trash can,"mood: vulnerable, somber, lonely, gritty. style: low light, surveillance, raw. objects: person, building, storefront, trash can"
heartwarming emotional tender intimate candid documentary journalistic people camera tripod hands shirts,"mood: heartwarming, emotional, tender, intimate. style: candid, documentary, journalistic. objects: people, camera, tripod, hands, shirts"
serious thoughtful pensive somber broadcast candid low-fidelity child face shirt toy graphics,"mood: serious, thoughtful, pensive, somber. style: broadcast, candid, low-fidelity. objects: child, face, shirt, toy, graphics"
serious somber pensive journalistic candid grainy child jacket text background shape,"mood: serious, somber, pensive. style: journalistic, candid, grainy. objects: child, jacket, text, background, shape"
professional informative serious broadcast modern journalistic screen man portraits,"mood: professional, informative, serious. style: broadcast, modern, journalistic. objects: screen, man, portraits"
informative professional engaging formal structured televised corporate newsy presenter screen faces text suit,"mood: informative, professional, engaging, formal, structured. style: televised, corporate, newsy. objects: presenter, screen, faces, text, suit"
vulnerable concerned tender supportive candid documentary focused child adult t-shirt wall text,"mood: vulnerable, concerned, tender, supportive. style: candid, documentary, focused. objects: child, adult, t-shirt, wall, text"
curious innocent attentive hopeful candid reportage observational child corkboard papers hand braid,"mood: curious, innocent, attentive, hopeful. style: candid, reportage, observational. objects: child, corkboard, papers, hand, braid"
joyful celebratory triumphant hopeful relieved candid documentary bright bell people phones sign medical equipment,"mood: joyful, celebratory, triumphant, hopeful, relieved. style: candid, documentary, bright. objects: bell, people, phones, sign, medical equipment"
hopeful celebratory inspiring proud calm documentary bright candid boy bell wall sign poster,"mood: hopeful, celebratory, inspiring, proud, calm. style: documentary, bright, candid. objects: boy, bell, wall, sign, poster"
happy joyful hopeful innocent candid bright portrait girl face hair shirt watermark,"mood: happy, joyful, hopeful, innocent. style: candid, bright, portrait. objects: girl, face, hair, shirt, watermark"
happy joyful celebratory excited tender documentary candid bright girl woman man bell camera,"mood: happy, joyful, celebratory, excited, tender. style: documentary, candid, bright. objects: girl, woman, man, bell, camera"
joyful celebratory heartwarming hopeful supportive candid documentary warm people pom-poms camera child adult,"mood: joyful, celebratory, heartwarming, hopeful, supportive. style: candid, documentary, warm. objects: people, pom-poms, camera, child, adult"
joyful hopeful supportive celebratory emotional documentary candid bright people hallway hospital sign wristbands,"mood: joyful, hopeful, supportive, celebratory, emotional. style: documentary, candid, bright. objects: people, hallway, hospital, sign, wristbands"
hopeful comforting uplifting compassionate heartwarming documentary realistic bright guitar people door hospital cup,"mood: hopeful, comforting, uplifting, compassionate, heartwarming. style: documentary, realistic, bright. objects: guitar, people, door, hospital, cup"
triumphant hopeful celebratory joyful emotional candid documentary bright bell person hand wall sign,"mood: triumphant, hopeful, celebratory, joyful, emotional. style: candid, documentary, bright. objects: bell, person, hand, wall, sign"
joyful affectionate supportive hopeful emotional candid realistic documentary women arms sign hallway door,"mood: joyful, affectionate, supportive, hopeful, emotional. style: candid, realistic, documentary. objects: women, arms, sign, hallway, door"
pensive neutral observational calm realistic candid documentary girl woman computer desk curtain,"mood: pensive, neutral, observational, calm. style: realistic, candid, documentary. objects: girl, woman, computer, desk, curtain"
calm informative attentive realistic natural casual woman girl computer cochlear implant curtain,"mood: calm, informative, attentive. style: realistic, natural, casual. objects: woman, girl, computer, cochlear implant, curtain"
happy joyful cheerful positive candid informal bright woman girl computer desk curtain,"mood: happy, joyful, cheerful, positive. style: candid, informal, bright. objects: woman, girl, computer, desk, curtain"
emotional hopeful overwhelming tender relieved candid documentary intimate woman computer desk curtain poster,"mood: emotional, hopeful, overwhelming, tender, relieved. style: candid, documentary, intimate. objects: woman, computer, desk, curtain, poster"
emotional overjoyed relieved hopeful tender realistic intimate documentary woman computer desk tissue box curtain,"mood: emotional, overjoyed, relieved, hopeful, tender. style: realistic, intimate, documentary. objects: woman, computer, desk, tissue box, curtain"
thoughtful luxurious intimate elegant mysterious cinematic art-deco dramatic woman dress mirror staircase lamp,"mood: thoughtful, luxurious, intimate, elegant, mysterious. style: cinematic, art-deco, dramatic. objects: woman, dress, mirror, staircase, lamp"
dark mysterious ancient enchanting cinematic fantasy dramatic person roots vines table vessel,"mood: dark, mysterious, ancient, enchanting. style: cinematic, fantasy, dramatic. objects: person, roots, vines, table, vessel"
dark mysterious tense ominous cinematic dramatic blurry figure lights streaks darkness,"mood: dark, mysterious, tense, ominous. style: cinematic, dramatic, blurry. objects: figure, lights, streaks, darkness"
mysterious eerie suspenseful intriguing cinematic dark fantasy dramatic hands book paper nails letter,"mood: mysterious, eerie, suspenseful, intriguing. style: cinematic, dark fantasy, dramatic. objects: hands, book, paper, nails, letter"
serious solemn dramatic regal cinematic period ornate man uniform epaulet flowers hall,"mood: serious, solemn, dramatic, regal. style: cinematic, period, ornate. objects: man, uniform, epaulet, flowers, hall"
whimsical joyful vibrant adventurous fantastical colorful cinematic house path grass flowers people,"mood: whimsical, joyful, vibrant, adventurous. style: fantastical, colorful, cinematic. objects: house, path, grass, flowers, people"
intense dangerous adventurous epic mystical fantasy cinematic dramatic winged creature cliffs canyon path figure,"mood: intense, dangerous, adventurous, epic, mystical. style: fantasy, cinematic, dramatic. objects: winged creature, cliffs, canyon, path, figure"
chaotic intense energetic dramatic cinematic fantasy vibrant people confetti arrows building creature,"mood: chaotic, intense, energetic, dramatic. style: cinematic, fantasy, vibrant. objects: people, confetti, arrows, building, creature"
peaceful serene expansive hopeful calm cinematic urban atmospheric buildings skyscrapers cityscape rooftop sky,"mood: peaceful, serene, expansive, hopeful, calm. style: cinematic, urban, atmospheric. objects: buildings, skyscrapers, cityscape, rooftop, sky"
energetic bustling fast-paced vibrant urban dynamic cinematic pedestrians taxis buses buildings clock,"mood: energetic, bustling, fast-paced, vibrant. style: urban, dynamic, cinematic. objects: pedestrians, taxis, buses, buildings, clock"
solemn majestic peaceful grand architectural symmetrical monumental building statue fountain flags stairs,"mood: solemn, majestic, peaceful, grand. style: architectural, symmetrical, monumental. objects: building, statue, fountain, flags, stairs"
cold vast desolate mysterious serene wintry epic atmospheric snow ice mountains sun structure,"mood: cold, vast, desolate, mysterious, serene. style: wintry, epic, atmospheric. objects: snow, ice, mountains, sun, structure"
somber serious reflective dignified melancholic cinematic urban monumental flag flagpole building windows sky,"mood: somber, serious, reflective, dignified, melancholic. style: cinematic, urban, monumental. objects: flag, flagpole, building, windows, sky"
focused serious dim pensive realistic functional dimly lit desk monitor lamp papers telephone,"mood: focused, serious, dim, pensive. style: realistic, functional, dimly lit. objects: desk, monitor, lamp, papers, telephone"
tense serious focused dark cinematic dark dramatic person helmet gloves uniform room,"mood: tense, serious, focused, dark. style: cinematic, dark, dramatic. objects: person, helmet, gloves, uniform, room"
tense powerful ominous dramatic cinematic realistic dramatic fighter jets clouds sky aircraft,"mood: tense, powerful, ominous, dramatic. style: cinematic, realistic, dramatic. objects: fighter jets, clouds, sky, aircraft"
tense serious dramatic urgent cinematic formal dramatic man screens audience podium laptop,"mood: tense, serious, dramatic, urgent. style: cinematic, formal, dramatic. objects: man, screens, audience, podium, laptop"
hopeful grand energetic modern bright cinematic urban bright skyscrapers buildings clouds sky sun,"mood: hopeful, grand, energetic, modern, bright. style: cinematic, urban, bright. objects: skyscrapers, buildings, clouds, sky, sun"
heroic epic hopeful solitary powerful cinematic dramatic silhouetted superhero cape city buildings skyline,"mood: heroic, epic, hopeful, solitary, powerful. style: cinematic, dramatic, silhouetted. objects: superhero, cape, city, buildings, skyline"
joyful enthusiastic celebratory energetic bright vibrant dynamic people flag shirts logo hands,"mood: joyful, enthusiastic, celebratory, energetic. style: bright, vibrant, dynamic. objects: people, flag, shirts, logo, hands"
serious tense solemn stark cinematic gritty dramatic man cape soldiers weapons sky,"mood: serious, tense, solemn, stark. style: cinematic, gritty, dramatic. objects: man, cape, soldiers, weapons, sky"
positive active fresh light clean modern graphic silhouette circle text sparkles,"mood: positive, active, fresh, light. style: clean, modern, graphic. objects: silhouette, circle, text, sparkles"
calm informative objective precise digital minimalist clean text screen shape words,"mood: calm, informative, objective, precise. style: digital, minimalist, clean. objects: text, screen, shape, words"
informational functional neutral calm digital clean close-up screen finger text graph data,"mood: informational, functional, neutral, calm. style: digital, clean, close-up. objects: screen, finger, text, graph, data"
innovative sophisticated calm clean sleek minimalist futuristic commercial ring text light background,"mood: innovative, sophisticated, calm, clean, sleek. style: minimalist, futuristic, commercial. objects: ring, text, light, background"
dynamic abstract calm minimalistic modern abstract minimalist tokens shapes pieces,"mood: dynamic, abstract, calm, minimalistic. style: modern, abstract, minimalist. objects: tokens, shapes, pieces"
clean calm modern sophisticated minimalist futuristic photographic earbud case hinge light logo,"mood: clean, calm, modern, sophisticated. style: minimalist, futuristic, photographic. objects: earbud, case, hinge, light, logo"
informative neutral calm advisory minimalist clean typographic text words letters screen,"mood: informative, neutral, calm, advisory. style: minimalist, clean, typographic. objects: text, words, letters, screen"
elegant luxurious delicate refined clean minimalist commercial hand bracelet screwdriver case surface,"mood: elegant, luxurious, delicate, refined. style: clean, minimalist, commercial. objects: hand, bracelet, screwdriver, case, surface"
calm elegant luxurious focused subtle clean minimalist commercial hands bracelet screwdriver mat stitching,"mood: calm, elegant, luxurious, focused, subtle. style: clean, minimalist, commercial. objects: hands, bracelet, screwdriver, mat, stitching"
elegant luxurious precious sophisticated clean minimalist polished hand bracelet mat stitching,"mood: elegant, luxurious, precious, sophisticated. style: clean, minimalist, polished. objects: hand, bracelet, mat, stitching"
elegant luxurious delicate intimate commercial macro sleek bracelet wrist hand cuff,"mood: elegant, luxurious, delicate, intimate. style: commercial, macro, sleek. objects: bracelet, wrist, hand, cuff"
elegant luxurious delicate focused careful clean minimalist detailed bracelet hand wrist screwdriver tool,"mood: elegant, luxurious, delicate, focused, careful. style: clean, minimalist, detailed. objects: bracelet, hand, wrist, screwdriver, tool"
luxurious elegant refined serene minimalist polished commercial bracelet hand wrist tool sleeve,"mood: luxurious, elegant, refined, serene. style: minimalist, polished, commercial. objects: bracelet, hand, wrist, tool, sleeve"
luxurious elegant sophisticated subtle minimalist elegant soft bracelet wrist skin gold screws,"mood: luxurious, elegant, sophisticated, subtle. style: minimalist, elegant, soft. objects: bracelet, wrist, skin, gold, screws"
calm delicate focused luxurious clean close-up minimalist hands bracelet chain surface,"mood: calm, delicate, focused, luxurious. style: clean, close-up, minimalist. objects: hands, bracelet, chain, surface"
elegant focused gentle precise luxurious minimalist clean luxurious hands bracelet screwdriver surface chain,"mood: elegant, focused, gentle, precise, luxurious. style: minimalist, clean, luxurious. objects: hands, bracelet, screwdriver, surface, chain"
elegant calm luxurious delicate minimal clean bright hand bracelet screwdriver surface notebook,"mood: elegant, calm, luxurious, delicate. style: minimal, clean, bright. objects: hand, bracelet, screwdriver, surface, notebook"
sophisticated elegant calm neutral minimalist elegant clean logo text word,"mood: sophisticated, elegant, calm, neutral. style: minimalist, elegant, clean. objects: logo, text, word"
majestic awe-inspiring serene vast powerful cinematic dramatic naturalistic volcano snow mountains sky steam,"mood: majestic, awe-inspiring, serene, vast, powerful. style: cinematic, dramatic, naturalistic. objects: volcano, snow, mountains, sky, steam"
powerful awe-inspiring cold ominous cinematic documentary aerial volcano crater snow smoke mountains,"mood: powerful, awe-inspiring, cold, ominous. style: cinematic, documentary, aerial. objects: volcano, crater, snow, smoke, mountains"
adventurous thrilling exciting action-oriented vibrant dynamic helicopter pilot wingsuit mountains sky,"mood: adventurous, thrilling, exciting. style: action-oriented, vibrant, dynamic. objects: helicopter, pilot, wingsuit, mountains, sky"
adventurous focused intense cool exhilarating sporty dynamic outdoor goggles person snow mountain sky,"mood: adventurous, focused, intense, cool, exhilarating. style: sporty, dynamic, outdoor. objects: goggles, person, snow, mountain, sky"
dangerous cold mysterious ominous aerial dramatic bleak snow crater smoke landscape,"mood: dangerous, cold, mysterious, ominous. style: aerial, dramatic, bleak. objects: snow, crater, smoke, landscape"
anticipatory focused adventurous exhilarating cinematic dynamic adventurous person helmet aircraft sky visor,"mood: anticipatory, focused, adventurous, exhilarating. style: cinematic, dynamic, adventurous. objects: person, helmet, aircraft, sky, visor"
adventurous exhilarating daring free dynamic aerial cinematic vibrant helicopter wingsuit person sky rotor blades,"mood: adventurous, exhilarating, daring, free, dynamic. style: aerial, cinematic, vibrant. objects: helicopter, wingsuit, person, sky, rotor blades"
thrilling exhilarating adventurous intense cinematic dynamic aerial wingsuiter mountains snow display,"mood: thrilling, exhilarating, adventurous, intense. style: cinematic, dynamic, aerial. objects: wingsuiter, mountains, snow, display"
thrilling vast adventurous exhilarating majestic aerial first-person panoramic mountain volcano snow ocean wingsuit,"mood: thrilling, vast, adventurous, exhilarating, majestic. style: aerial, first-person, panoramic. objects: mountain, volcano, snow, ocean, wingsuit"
majestic serene cold expansive naturalistic bright clear mountain snow sky cloud bird,"mood: majestic, serene, cold, expansive. style: naturalistic, bright, clear. objects: mountain, snow, sky, cloud, bird"
exhilarating adventurous breathtaking thrilling free aerial dynamic wide-angle skydiver helmet mountains sky snow,"mood: exhilarating, adventurous, breathtaking, thrilling, free. style: aerial, dynamic, wide-angle. objects: skydiver, helmet, mountains, sky, snow"
exciting thrilling adventurous exhilarating intense first-person dynamic extreme person helmet mountain snow sky,"mood: exciting, thrilling, adventurous, exhilarating, intense. style: first-person, dynamic, extreme. objects: person, helmet, mountain, snow, sky"
exhilarating adventurous vast thrilling freeing aerial cinematic dynamic person mountains snow sky water,"mood: exhilarating, adventurous, vast, thrilling, freeing. style: aerial, cinematic, dynamic. objects: person, mountains, snow, sky, water"
tranquil serene epic wintry contemplative animated stylized cinematic samurai sword village pagoda mountains,"mood: tranquil, serene, epic, wintry, contemplative. style: animated, stylized, cinematic. objects: samurai, sword, village, pagoda, mountains"
serious stoic mysterious contemplative animated stylized dramatic hat goggles scarf figure,"mood: serious, stoic, mysterious, contemplative. style: animated, stylized, dramatic. objects: hat, goggles, scarf, figure"
serious cold mysterious intense determined animated cinematic dramatic sword warrior snow mountain kimono,"mood: serious, cold, mysterious, intense, determined. style: animated, cinematic, dramatic. objects: sword, warrior, snow, mountain, kimono"
calm serene thoughtful professional studio professional simple woman hair sweater necklace chair,"mood: calm, serene, thoughtful, professional. style: studio, professional, simple. objects: woman, hair, sweater, necklace, chair"
desperate intense perilous dark anxious animated dramatic stylized character arrow wood structure hand,"mood: desperate, intense, perilous, dark, anxious. style: animated, dramatic, stylized. objects: character, arrow, wood, structure, hand"
engaging conversational casual friendly studio clean interview man jacket t-shirt chair background,"mood: engaging, conversational, casual, friendly. style: studio, clean, interview. objects: man, jacket, t-shirt, chair, background"
thoughtful calm reflective professional cinematic studio portrait woman hair necklace jacket chair,"mood: thoughtful, calm, reflective, professional. style: cinematic, studio, portrait. objects: woman, hair, necklace, jacket, chair"
observant thoughtful neutral pensive candid realistic natural woman man plant glasses shirt,"mood: observant, thoughtful, neutral, pensive. style: candid, realistic, natural. objects: woman, man, plant, glasses, shirt"
tense dramatic adventurous determined powerful animated cinematic dynamic warrior sword cliff sky clouds,"mood: tense, dramatic, adventurous, determined, powerful. style: animated, cinematic, dynamic. objects: warrior, sword, cliff, sky, clouds"
calm reflective pensive neutral studio stylized vibrant woman hair sweater necklace background,"mood: calm, reflective, pensive, neutral. style: studio, stylized, vibrant. objects: woman, hair, sweater, necklace, background"
calm engaging pensive intimate cinematic moody studio woman hair sweater necklace chair,"mood: calm, engaging, pensive, intimate. style: cinematic, moody, studio. objects: woman, hair, sweater, necklace, chair"
intense violent dark gritty ominous graphic distressed cinematic title text blood number background,"mood: intense, violent, dark, gritty, ominous. style: graphic, distressed, cinematic. objects: title, text, blood, number, background"
somber mysterious industrial tense isolated animated sci-fi futuristic spacecraft logo text stars panels,"mood: somber, mysterious, industrial, tense, isolated. style: animated, sci-fi, futuristic. objects: spacecraft, logo, text, stars, panels"
isolated desolate contemplative poignant vast animated stark surreal person pillars landscape sky structures,"mood: isolated, desolate, contemplative, poignant, vast. style: animated, stark, surreal. objects: person, pillars, landscape, sky, structures"
mysterious tranquil alien calm contemplative animated sci-fi muted capsules robot figures cliffs foliage,"mood: mysterious, tranquil, alien, calm, contemplative. style: animated, sci-fi, muted. objects: capsules, robot, figures, cliffs, foliage"
dark ominous mysterious tense animated dark gritty door knob hatch,"mood: dark, ominous, mysterious, tense. style: animated, dark, gritty. objects: door, knob, hatch"
desolate eerie contemplative futuristic vast animated minimalist sci-fi structures ground sky figure robot,"mood: desolate, eerie, contemplative, futuristic, vast. style: animated, minimalist, sci-fi. objects: structures, ground, sky, figure, robot"
calm mundane neutral unassuming animated simple cartoonish backpack person pants shirt hot dog,"mood: calm, mundane, neutral, unassuming. style: animated, simple, cartoonish. objects: backpack, person, pants, shirt, hot dog"
alien mysterious serene wondrous tranquil animated fantastical stylized robot pillars plants path landscape,"mood: alien, mysterious, serene, wondrous, tranquil. style: animated, fantastical, stylized. objects: robot, pillars, plants, path, landscape"
intense distressed furious violent animated stylized dramatic eye face scratches blood,"mood: intense, distressed, furious, violent. style: animated, stylized, dramatic. objects: eye, face, scratches, blood"
distressed melancholic emotional sorrowful ethereal animated expressive surreal man face beard tears light,"mood: distressed, melancholic, emotional, sorrowful, ethereal. style: animated, expressive, surreal. objects: man, face, beard, tears, light"
surprised tense mysterious intense animated vibrant underwater creature diver eggs tentacle water,"mood: surprised, tense, mysterious, intense. style: animated, vibrant, underwater. objects: creature, diver, eggs, tentacle, water"
dynamic tense urgent perilous vast animated sci-fi dynamic person planet space energy clouds,"mood: dynamic, tense, urgent, perilous, vast. style: animated, sci-fi, dynamic. objects: person, planet, space, energy, clouds"
happy joyful emotional loving reunited candid natural warm soldier dog yard house doorway,"mood: happy, joyful, emotional, loving, reunited. style: candid, natural, warm. objects: soldier, dog, yard, house, doorway"
calm natural mundane casual candid unfiltered documentary dog person building windows debris,"mood: calm, natural, mundane, casual. style: candid, unfiltered, documentary. objects: dog, person, building, windows, debris"
joyful heartwarming excited affectionate emotional candid realistic amateur dog soldier garage shelves lawnmower,"mood: joyful, heartwarming, excited, affectionate, emotional. style: candid, realistic, amateur. objects: dog, soldier, garage, shelves, lawnmower"
expectant heartwarming tender domestic intimate candid realistic domestic person dog uniform door floor,"mood: expectant, heartwarming, tender, domestic, intimate. style: candid, realistic, domestic. objects: person, dog, uniform, door, floor"
heartwarming joyful emotional loving tender candid realistic documentary person dog tent hammock floor,"mood: heartwarming, joyful, emotional, loving, tender. style: candid, realistic, documentary. objects: person, dog, tent, hammock, floor"
heartwarming emotional joyful affectionate touching candid amateur spontaneous car van person dog wall,"mood: heartwarming, emotional, joyful, affectionate, touching. style: candid, amateur, spontaneous. objects: car, van, person, dog, wall"
caring tender gentle peaceful domestic candid natural spontaneous man dog grass road house,"mood: caring, tender, gentle, peaceful, domestic. style: candid, natural, spontaneous. objects: man, dog, grass, road, house"
friendly calm casual content communal candid ordinary naturalistic people bookshelf television tables chairs,"mood: friendly, calm, casual, content, communal. style: candid, ordinary, naturalistic. objects: people, bookshelf, television, tables, chairs"
happy friendly casual relaxed candid ordinary unpolished people tables bookshelf flowers banner,"mood: happy, friendly, casual, relaxed. style: candid, ordinary, unpolished. objects: people, tables, bookshelf, flowers, banner"
happy joyful cheerful lively celebratory candid domestic simple people tables chairs bookshelf flowers,"mood: happy, joyful, cheerful, lively, celebratory. style: candid, domestic, simple. objects: people, tables, chairs, bookshelf, flowers"
joyful celebratory friendly warm casual candid informal domestic people tables chairs flowers bookshelf,"mood: joyful, celebratory, friendly, warm, casual. style: candid, informal, domestic. objects: people, tables, chairs, flowers, bookshelf"
celebratory social friendly lively casual blurry candid amateur people tables chairs balloon bookshelves,"mood: celebratory, social, friendly, lively, casual. style: blurry, candid, amateur. objects: people, tables, chairs, balloon, bookshelves"
informative professional engaging calm bright broadcast modern sleek anchor news studio screens keyboard boy,"mood: informative, professional, engaging, calm, bright. style: broadcast, modern, sleek. objects: anchor, news studio, screens, keyboard, boy"
happy joyful energetic excited lively candid domestic bright child stairs sofa rug doorway,"mood: happy, joyful, energetic, excited, lively. style: candid, domestic, bright. objects: child, stairs, sofa, rug, doorway"
energetic surprised lively expressive candid domestic unpolished child wall couch lamp glasses,"mood: energetic, surprised, lively, expressive. style: candid, domestic, unpolished. objects: child, wall, couch, lamp, glasses"
energetic playful excited joyful candid casual domestic boy sofa lamp glasses outlet,"mood: energetic, playful, excited, joyful. style: candid, casual, domestic. objects: boy, sofa, lamp, glasses, outlet"
serious thoughtful informative journalistic broadcast candid man calendar cabinets shirt overlay,"mood: serious, thoughtful, informative. style: journalistic, broadcast, candid. objects: man, calendar, cabinets, shirt, overlay"
cold quiet bleak somber realistic wintery documentary house tree snow garage steps,"mood: cold, quiet, bleak, somber. style: realistic, wintery, documentary. objects: house, tree, snow, garage, steps"
focused calm engaged peaceful candid documentary naturalistic boy keyboard window blinds chair,"mood: focused, calm, engaged, peaceful. style: candid, documentary, naturalistic. objects: boy, keyboard, window, blinds, chair"
happy supportive focused hopeful engaged journalistic candid warm boy man keyboard speakers laptop,"mood: happy, supportive, focused, hopeful, engaged. style: journalistic, candid, warm. objects: boy, man, keyboard, speakers, laptop"
focused calm concentrated dedicated candid documentary natural boy keyboard glasses wall monitor,"mood: focused, calm, concentrated, dedicated. style: candid, documentary, natural. objects: boy, keyboard, glasses, wall, monitor"
serious contemplative professional calm journalistic professional broadcast man shirt suit microphone stairs,"mood: serious, contemplative, professional, calm. style: journalistic, professional, broadcast. objects: man, shirt, suit, microphone, stairs"
calm domestic routine peaceful documentary candid natural man kitchen coffee maker oranges mug,"mood: calm, domestic, routine, peaceful. style: documentary, candid, natural. objects: man, kitchen, coffee maker, oranges, mug"
dedicated focused calm candid realistic journalistic man piano tuning hammer christmas tree lamp,"mood: dedicated, focused, calm. style: candid, realistic, journalistic. objects: man, piano, tuning hammer, christmas tree, lamp"
happy proud inspired hopeful televised journalistic clear boy keyboard glasses suit window,"mood: happy, proud, inspired, hopeful. style: televised, journalistic, clear. objects: boy, keyboard, glasses, suit, window"
calm warm subtle ethereal soft abstract minimalist atmospheric lines light source background texture glow,"mood: calm, warm, subtle, ethereal, soft. style: abstract, minimalist, atmospheric. objects: lines, light source, background, texture, glow"
dark tense mysterious foreboding cinematic sci-fi dramatic letters structure light debris,"mood: dark, tense, mysterious, foreboding. style: cinematic, sci-fi, dramatic. objects: letters, structure, light, debris"
dark ominous eerie desolate foreboding cinematic dramatic bleak monument pillars sky clouds,"mood: dark, ominous, eerie, desolate, foreboding. style: cinematic, dramatic, bleak. objects: monument, pillars, sky, clouds"
relaxed warm social pleasant candid realistic cinematic train passengers seats windows newspaper,"mood: relaxed, warm, social, pleasant. style: candid, realistic, cinematic. objects: train, passengers, seats, windows, newspaper"
uplifting grand hopeful dramatic majestic cinematic epic classical woman torch clouds steps sky,"mood: uplifting, grand, hopeful, dramatic, majestic. style: cinematic, epic, classical. objects: woman, torch, clouds, steps, sky"
intense gritty determined raw gritty dramatic cinematic man staff rope foliage,"mood: intense, gritty, determined, raw. style: gritty, dramatic, cinematic. objects: man, staff, rope, foliage"
calm peaceful expansive serene muted naturalistic landscape ambient water lake trees shore ripples,"mood: calm, peaceful, expansive, serene, muted. style: naturalistic, landscape, ambient. objects: water, lake, trees, shore, ripples"
joyful intimate casual warm candid naturalistic cinematic warm people table plates food window,"mood: joyful, intimate, casual, warm, candid. style: naturalistic, cinematic, warm. objects: people, table, plates, food, window"
desolate bleak somber abandoned dystopian cinematic post-apocalyptic cars buildings people grass playground,"mood: desolate, bleak, somber, abandoned. style: dystopian, cinematic, post-apocalyptic. objects: cars, buildings, people, grass, playground"
urgent anxious fleeing intense dynamic cinematic dramatic natural man woman trees forest ferns,"mood: urgent, anxious, fleeing, intense, dynamic. style: cinematic, dramatic, natural. objects: man, woman, trees, forest, ferns"
tense urgent distressed anxious cinematic gritty dramatic fence gate people trees,"mood: tense, urgent, distressed, anxious. style: cinematic, gritty, dramatic. objects: fence, gate, people, trees"
horrific terrifying desperate intense grim cinematic dark horrific creature garment bones fire landscape,"mood: horrific, terrifying, desperate, intense, grim. style: cinematic, dark, horrific. objects: creature, garment, bones, fire, landscape"
contemplative strategic focused intense deliberate dramatic moody cinematic hand chess pieces chessboard king,"mood: contemplative, strategic, focused, intense, deliberate. style: dramatic, moody, cinematic. objects: hand, chess pieces, chessboard, king"
industrial mechanical precise focused intense cinematic warm-toned shallow-focus metal component machinery part industrial equipment threaded connector,"mood: industrial, mechanical, precise, focused, intense. style: cinematic, warm-toned, shallow-focus. objects: metal component, machinery part, industrial equipment, threaded connector"
dramatic mysterious elegant contemplative intense cinematic dramatic low-key chess pieces king crown light,"mood: dramatic, mysterious, elegant, contemplative, intense. style: cinematic, dramatic, low-key. objects: chess pieces, king, crown, light"
mysterious dark atmospheric contemplative moody cinematic warm-toned shallow-focus bottles glasses liquid table,"mood: mysterious, dark, atmospheric, contemplative, moody. style: cinematic, warm-toned, shallow-focus. objects: bottles, glasses, liquid, table"
dramatic mysterious cinematic suspenseful atmospheric dramatic moody low-key statue people light podium,"mood: dramatic, mysterious, cinematic, suspenseful, atmospheric. style: dramatic, moody, low-key. objects: statue, people, light, podium"
elegant sophisticated warm luxurious refined cinematic warm-toned shallow-focus brass faucet blurred bottles metallic fixtures,"mood: elegant, sophisticated, warm, luxurious, refined. style: cinematic, warm-toned, shallow-focus. objects: brass faucet, blurred bottles, metallic fixtures"
mysterious contemplative isolated atmospheric introspective cinematic moody atmospheric person desk computer screens chairs laboratory equipment,"mood: mysterious, contemplative, isolated, atmospheric, introspective. style: cinematic, moody, atmospheric. objects: person, desk, computer screens, chairs, laboratory equipment"
intense dramatic cinematic bold confident blue-tinted industrial atmospheric person text stage microphone lighting,"mood: intense, dramatic, cinematic, bold, confident. style: blue-tinted, industrial, atmospheric. objects: person, text, stage, microphone, lighting"
intense dynamic futuristic energetic confrontational futuristic holographic dramatic person holographic display computer terminal digital interface,"mood: intense, dynamic, futuristic, energetic, confrontational. style: futuristic, holographic, dramatic. objects: person, holographic display, computer terminal, digital interface"
intense confrontational aggressive defiant menacing cinematic blue-toned dramatic person text hoodie studio,"mood: intense, confrontational, aggressive, defiant, menacing. style: cinematic, blue-toned, dramatic. objects: person, text, hoodie, studio"
melancholic contemplative noir atmospheric introspective cyberpunk neon-lit atmospheric person neon signs city lights buildings,"mood: melancholic, contemplative, noir, atmospheric, introspective. style: cyberpunk, neon-lit, atmospheric. objects: person, neon signs, city lights, buildings"
tense futuristic ominous technological confrontational cinematic futuristic atmospheric holographic displays people control room technology equipment,"mood: tense, futuristic, ominous, technological, confrontational. style: cinematic, futuristic, atmospheric. objects: holographic displays, people, control room, technology equipment"
intense focused analytical contemplative determined cinematic atmospheric shallow-focus person glass reflections text lights,"mood: intense, focused, analytical, contemplative, determined. style: cinematic, atmospheric, shallow-focus. objects: person, glass, reflections, text, lights"
intense focused futuristic dramatic concentrated cinematic dark futuristic person computer monitors desk chair screens,"mood: intense, focused, futuristic, dramatic, concentrated. style: cinematic, dark, futuristic. objects: person, computer monitors, desk, chair, screens"
intense focused determined serious concentrated cinematic neon-lit atmospheric person gun muzzle flash text overlay,"mood: intense, focused, determined, serious, concentrated. style: cinematic, neon-lit, atmospheric. objects: person, gun, muzzle flash, text overlay"
intense electrifying dynamic energetic dramatic cyberpunk neon-lit atmospheric person holographic displays desk room technology,"mood: intense, electrifying, dynamic, energetic, dramatic. style: cyberpunk, neon-lit, atmospheric. objects: person, holographic displays, desk, room, technology"
intense dramatic urgent confrontational defiant cinematic neon-lit dystopian person gun fire text screens,"mood: intense, dramatic, urgent, confrontational, defiant. style: cinematic, neon-lit, dystopian. objects: person, gun, fire, text, screens"
intense futuristic confrontational dramatic electrifying sci-fi dark-moody high-tech people computers holographic display chairs equipment,"mood: intense, futuristic, confrontational, dramatic, electrifying. style: sci-fi, dark-moody, high-tech. objects: people, computers, holographic display, chairs, equipment"
futuristic immersive technological cyberpunk atmospheric futuristic holographic cyberpunk person text lights interior space,"mood: futuristic, immersive, technological, cyberpunk, atmospheric. style: futuristic, holographic, cyberpunk. objects: person, text, lights, interior space"
intense mystical dramatic ethereal enchanting futuristic holographic atmospheric person cables projector floor light patterns,"mood: intense, mystical, dramatic, ethereal, enchanting. style: futuristic, holographic, atmospheric. objects: person, cables, projector, floor, light patterns"
mysterious futuristic contemplative atmospheric introspective cinematic blue-tinted atmospheric person bar lights interior,"mood: mysterious, futuristic, contemplative, atmospheric, introspective. style: cinematic, blue-tinted, atmospheric. objects: person, bar, lights, interior"
futuristic ominous cyberpunk atmospheric dystopian futuristic neon-lit cyberpunk holographic displays figures corridor ceiling lights,"mood: futuristic, ominous, cyberpunk, atmospheric, dystopian. style: futuristic, neon-lit, cyberpunk. objects: holographic displays, figures, corridor, ceiling lights"
tense serious contemplative dramatic intense cyberpunk neon-lit cinematic man beard neon lights urban background,"mood: tense, serious, contemplative, dramatic, intense. style: cyberpunk, neon-lit, cinematic. objects: man, beard, neon lights, urban background"
intense dramatic fiery chaotic overwhelming cinematic warm-toned atmospheric person smoke equipment lighting,"mood: intense, dramatic, fiery, chaotic, overwhelming. style: cinematic, warm-toned, atmospheric. objects: person, smoke, equipment, lighting"
chaotic intense fiery destructive overwhelming dark atmospheric orange-tinted fire coals flames smoke,"mood: chaotic, intense, fiery, destructive, overwhelming. style: dark, atmospheric, orange-tinted. objects: fire, coals, flames, smoke"
serious contemplative futuristic focused intense cinematic moody high-tech person phone desk computer equipment interior room,"mood: serious, contemplative, futuristic, focused, intense. style: cinematic, moody, high-tech. objects: person, phone, desk, computer equipment, interior room"
dramatic ominous ethereal melancholic atmospheric cinematic warm-toned atmospheric helicopter clouds sky landscape,"mood: dramatic, ominous, ethereal, melancholic, atmospheric. style: cinematic, warm-toned, atmospheric. objects: helicopter, clouds, sky, landscape"
dreamy ethereal peaceful serene nostalgic motion-blurred sepia-toned atmospheric airplane clouds sky landscape,"mood: dreamy, ethereal, peaceful, serene, nostalgic. style: motion-blurred, sepia-toned, atmospheric. objects: airplane, clouds, sky, landscape"
calm serene peaceful nostalgic contemplative aerial cinematic motion-blur car road lane markings,"mood: calm, serene, peaceful, nostalgic, contemplative. style: aerial, cinematic, motion-blur. objects: car, road, lane markings"
nostalgic serene warm peaceful contemplative cinematic warm-toned nostalgic car person building glass,"mood: nostalgic, serene, warm, peaceful, contemplative. style: cinematic, warm-toned, nostalgic. objects: car, person, building, glass"
cool confident relaxed stylish carefree cinematic warm-toned shallow-focus car person sunglasses steering wheel rearview mirror,"mood: cool, confident, relaxed, stylish, carefree. style: cinematic, warm-toned, shallow-focus. objects: car, person, sunglasses, steering wheel, rearview mirror"
cool confident relaxed stylish carefree cinematic blue-tinted high-contrast car person sunglasses steering wheel,"mood: cool, confident, relaxed, stylish, carefree. style: cinematic, blue-tinted, high-contrast. objects: car, person, sunglasses, steering wheel"
nostalgic cinematic adventurous retro dreamy cinematic vintage wide-angle cars road highway vehicles,"mood: nostalgic, cinematic, adventurous, retro, dreamy. style: cinematic, vintage, wide-angle. objects: cars, road, highway, vehicles"
energetic thrilling dynamic exciting powerful cinematic dynamic low-angle car road palm trees street lamp,"mood: energetic, thrilling, dynamic, exciting, powerful. style: cinematic, dynamic, low-angle. objects: car, road, palm trees, street lamp"
nostalgic carefree sunny relaxed dreamy cinematic warm-toned nostalgic car palm trees road sky,"mood: nostalgic, carefree, sunny, relaxed, dreamy. style: cinematic, warm-toned, nostalgic. objects: car, palm trees, road, sky"
nostalgic carefree dreamy peaceful wistful cinematic vintage warm-toned car wheel palm trees sky,"mood: nostalgic, carefree, dreamy, peaceful, wistful. style: cinematic, vintage, warm-toned. objects: car, wheel, palm trees, sky"
nostalgic cool energetic carefree cinematic cinematic sun-soaked low-angle car palm trees road exhaust pipes,"mood: nostalgic, cool, energetic, carefree, cinematic. style: cinematic, sun-soaked, low-angle. objects: car, palm trees, road, exhaust pipes"
nostalgic adventurous cinematic dreamy carefree cinematic vintage low-angle car road license plate tailfins,"mood: nostalgic, adventurous, cinematic, dreamy, carefree. style: cinematic, vintage, low-angle. objects: car, road, license plate, tailfins"
nostalgic energetic carefree sunny exhilarating cinematic vintage warm-toned car road palm trees buildings,"mood: nostalgic, energetic, carefree, sunny, exhilarating. style: cinematic, vintage, warm-toned. objects: car, road, palm trees, buildings"
nostalgic carefree adventurous vibrant energetic cinematic warm-toned low-angle car road palm trees wheels,"mood: nostalgic, carefree, adventurous, vibrant, energetic. style: cinematic, warm-toned, low-angle. objects: car, road, palm trees, wheels"
nostalgic cinematic dramatic intense 追chase cinematic desaturated wide-angle cars road yellow lines pavement,"mood: nostalgic, cinematic, dramatic, intense, 追chase. style: cinematic, desaturated, wide-angle. objects: cars, road, yellow lines, pavement"
nostalgic carefree sunny cruising relaxed cinematic warm-toned dynamic cars palm trees road sky,"mood: nostalgic, carefree, sunny, cruising, relaxed. style: cinematic, warm-toned, dynamic. objects: cars, palm trees, road, sky"
nostalgic cinematic cool smooth dreamy cinematic vintage warm-toned car road palm trees buildings,"mood: nostalgic, cinematic, cool, smooth, dreamy. style: cinematic, vintage, warm-toned. objects: car, road, palm trees, buildings"
nostalgic cinematic cool dreamy atmospheric cinematic warm-toned vintage car palm trees road street lamp,"mood: nostalgic, cinematic, cool, dreamy, atmospheric. style: cinematic, warm-toned, vintage. objects: car, palm trees, road, street lamp"
luxurious nostalgic glamorous confident cinematic cinematic warm-toned motion-blur classic car palm trees street building,"mood: luxurious, nostalgic, glamorous, confident, cinematic. style: cinematic, warm-toned, motion-blur. objects: classic car, palm trees, street, building"
intense aggressive powerful thrilling dramatic cinematic dynamic low-angle car license plate road wheels,"mood: intense, aggressive, powerful, thrilling, dramatic. style: cinematic, dynamic, low-angle. objects: car, license plate, road, wheels"
cool confident relaxed stylish carefree cinematic warm-toned shallow-focus car man sunglasses steering wheel rearview mirror,"mood: cool, confident, relaxed, stylish, carefree. style: cinematic, warm-toned, shallow-focus. objects: car, man, sunglasses, steering wheel, rearview mirror"
cool confident relaxed stylish laid-back cinematic warm-toned retro man sunglasses car steering wheel,"mood: cool, confident, relaxed, stylish, laid-back. style: cinematic, warm-toned, retro. objects: man, sunglasses, car, steering wheel"
nostalgic cruising relaxed cinematic retro cinematic warm-toned nostalgic cars palm trees road city skyline,"mood: nostalgic, cruising, relaxed, cinematic, retro. style: cinematic, warm-toned, nostalgic. objects: cars, palm trees, road, city skyline"
nostalgic dreamy cinematic peaceful romantic cinematic golden-hour vintage palm trees car road sky,"mood: nostalgic, dreamy, cinematic, peaceful, romantic. style: cinematic, golden-hour, vintage. objects: palm trees, car, road, sky"
dynamic fast-paced exhilarating adventurous kinetic cinematic motion-blur shallow-focus car road palm trees guardrail,"mood: dynamic, fast-paced, exhilarating, adventurous, kinetic. style: cinematic, motion-blur, shallow-focus. objects: car, road, palm trees, guardrail"
cool confident relaxed stylish carefree cinematic vintage-toned shallow-focus person car sunglasses steering wheel,"mood: cool, confident, relaxed, stylish, carefree. style: cinematic, vintage-toned, shallow-focus. objects: person, car, sunglasses, steering wheel"
cheerful casual social relaxed friendly commercial bright-lighting casual-contemporary people pepsi vending machine bench bus stop,"mood: cheerful, casual, social, relaxed, friendly. style: commercial, bright-lighting, casual-contemporary. objects: people, pepsi vending machine, bench, bus stop"
relaxed nostalgic carefree sunny leisurely cinematic warm-toned retro car person sunglasses palm trees,"mood: relaxed, nostalgic, carefree, sunny, leisurely. style: cinematic, warm-toned, retro. objects: car, person, sunglasses, palm trees"
warm joyful friendly relaxed content cinematic warm-toned natural-lighting women baby phone palm trees,"mood: warm, joyful, friendly, relaxed, content. style: cinematic, warm-toned, natural-lighting. objects: women, baby, phone, palm trees"
cool relaxed confident stylish carefree cinematic vintage warm-toned car person sunglasses steering wheel,"mood: cool, relaxed, confident, stylish, carefree. style: cinematic, vintage, warm-toned. objects: car, person, sunglasses, steering wheel"
playful confident cheerful relaxed carefree commercial vibrant polished person sunglasses cup pepsi logo,"mood: playful, confident, cheerful, relaxed, carefree. style: commercial, vibrant, polished. objects: person, sunglasses, cup, pepsi logo"
intimate contemplative modern connected personal shallow-focus warm-toned intimate hand smartphone person screen,"mood: intimate, contemplative, modern, connected, personal. style: shallow-focus, warm-toned, intimate. objects: hand, smartphone, person, screen"
glamorous confident focused polished elegant intimate warm-toned shallow-focus woman makeup brush lipstick face hand,"mood: glamorous, confident, focused, polished, elegant. style: intimate, warm-toned, shallow-focus. objects: woman, makeup brush, lipstick, face, hand"
joyful celebratory energetic glamorous confident glamorous vibrant high-fashion people clothing earrings interior space,"mood: joyful, celebratory, energetic, glamorous, confident. style: glamorous, vibrant, high-fashion. objects: people, clothing, earrings, interior space"
confident glamorous bold fierce empowered glamorous high-fashion dramatic-lighting woman jewelry fur coat blonde hair,"mood: confident, glamorous, bold, fierce, empowered. style: glamorous, high-fashion, dramatic-lighting. objects: woman, jewelry, fur coat, blonde hair"
confident glamorous powerful intense captivating glamorous blue-toned cinematic woman earrings text background,"mood: confident, glamorous, powerful, intense, captivating. style: glamorous, blue-toned, cinematic. objects: woman, earrings, text, background"
glamorous confident vibrant luxurious bold futuristic minimalist high-contrast person fur coat curved walls floor,"mood: glamorous, confident, vibrant, luxurious, bold. style: futuristic, minimalist, high-contrast. objects: person, fur coat, curved walls, floor"
glamorous confident luxurious poised elegant glamorous saturated close-up woman microphone jewelry hair,"mood: glamorous, confident, luxurious, poised, elegant. style: glamorous, saturated, close-up. objects: woman, microphone, jewelry, hair"
glamorous confident focused artistic polished intimate warm-toned close-up person makeup brush lipstick face,"mood: glamorous, confident, focused, artistic, polished. style: intimate, warm-toned, close-up. objects: person, makeup brush, lipstick, face"
vibrant confident glamorous energetic celebratory dramatic urban illuminated billboard buildings woman cityscape,"mood: vibrant, confident, glamorous, energetic, celebratory. style: dramatic, urban, illuminated. objects: billboard, buildings, woman, cityscape"
casual relaxed friendly social content cinematic cool-toned urban-nighttime women pepsi can jackets storefront,"mood: casual, relaxed, friendly, social, content. style: cinematic, cool-toned, urban-nighttime. objects: women, pepsi can, jackets, storefront"
vibrant bustling energetic exciting dazzling cinematic dark neon-lit billboards buildings streets advertisements lights,"mood: vibrant, bustling, energetic, exciting, dazzling. style: cinematic, dark, neon-lit. objects: billboards, buildings, streets, advertisements, lights"
professional confident glamorous focused creative professional modern high-fashion photographer woman camera lighting equipment coat,"mood: professional, confident, glamorous, focused, creative. style: professional, modern, high-fashion. objects: photographer, woman, camera, lighting equipment, coat"
futuristic serene contemplative ethereal peaceful futuristic minimalist organic curved walls red carpet person white interior,"mood: futuristic, serene, contemplative, ethereal, peaceful. style: futuristic, minimalist, organic. objects: curved walls, red carpet, person, white interior"
confident glamorous bold empowered fierce glamorous saturated luxurious woman necklace earrings fur coat,"mood: confident, glamorous, bold, empowered, fierce. style: glamorous, saturated, luxurious. objects: woman, necklace, earrings, fur coat"
dreamy ethereal flowing surreal contemplative organic sculptural minimalist walls archway corridor blue object,"mood: dreamy, ethereal, flowing, surreal, contemplative. style: organic, sculptural, minimalist. objects: walls, archway, corridor, blue object"
luxurious confident glamorous opulent powerful luxurious dramatic high-contrast person car fur coat crown,"mood: luxurious, confident, glamorous, opulent, powerful. style: luxurious, dramatic, high-contrast. objects: person, car, fur coat, crown"
confident glamorous bold luxurious powerful glamorous high-fashion luxurious person car sunglasses fur coat jewelry,"mood: confident, glamorous, bold, luxurious, powerful. style: glamorous, high-fashion, luxurious. objects: person, car, sunglasses, fur coat, jewelry"
playful humorous lighthearted silly whimsical cinematic dramatic-lighting high-contrast car person in costume street building,"mood: playful, humorous, lighthearted, silly, whimsical. style: cinematic, dramatic-lighting, high-contrast. objects: car, person in costume, street, building"
confident glamorous bold empowered fierce glamorous golden cinematic sunglasses woman fur coat jewelry,"mood: confident, glamorous, bold, empowered, fierce. style: glamorous, golden, cinematic. objects: sunglasses, woman, fur coat, jewelry"
glamorous professional focused luxurious collaborative professional glamorous behind-the-scenes woman hair stylist clothing rack pepsi can,"mood: glamorous, professional, focused, luxurious, collaborative. style: professional, glamorous, behind-the-scenes. objects: woman, hair stylist, clothing rack, pepsi can"
glamorous confident luxurious radiant empowered cinematic warm-toned shallow-focus woman mirror lights necklace,"mood: glamorous, confident, luxurious, radiant, empowered. style: cinematic, warm-toned, shallow-focus. objects: woman, mirror, lights, necklace"
sleek futuristic sophisticated dramatic cinematic cinematic dark-toned high-contrast car road parking lot building,"mood: sleek, futuristic, sophisticated, dramatic, cinematic. style: cinematic, dark-toned, high-contrast. objects: car, road, parking lot, building"
luxurious exhilarating dynamic sophisticated adventurous cinematic warm-toned motion-blur car road mountains landscape,"mood: luxurious, exhilarating, dynamic, sophisticated, adventurous. style: cinematic, warm-toned, motion-blur. objects: car, road, mountains, landscape"
moody atmospheric contemplative solitary cinematic cinematic moody low-light road car mountains sky,"mood: moody, atmospheric, contemplative, solitary, cinematic. style: cinematic, moody, low-light. objects: road, car, mountains, sky"
mysterious dark atmospheric cinematic moody cinematic dark-atmospheric light-trails hands road city lights highway,"mood: mysterious, dark, atmospheric, cinematic, moody. style: cinematic, dark-atmospheric, light-trails. objects: hands, road, city lights, highway"
intimate moody atmospheric contemplative melancholic cinematic moody shallow-focus violin bow musician strings,"mood: intimate, moody, atmospheric, contemplative, melancholic. style: cinematic, moody, shallow-focus. objects: violin, bow, musician, strings"
contemplative melancholic introspective somber pensive cinematic warm-toned moody person windows chair room,"mood: contemplative, melancholic, introspective, somber, pensive. style: cinematic, warm-toned, moody. objects: person, windows, chair, room"
mysterious contemplative solitary moody introspective noir atmospheric chiaroscuro person desk lamp windows papers,"mood: mysterious, contemplative, solitary, moody, introspective. style: noir, atmospheric, chiaroscuro. objects: person, desk, lamp, windows, papers"
contemplative introspective moody dramatic intense cinematic moody dramatic person hat text window,"mood: contemplative, introspective, moody, dramatic, intense. style: cinematic, moody, dramatic. objects: person, hat, text, window"
focused contemplative intimate serious determined cinematic moody shallow-focus hand pen paper clipboard,"mood: focused, contemplative, intimate, serious, determined. style: cinematic, moody, shallow-focus. objects: hand, pen, paper, clipboard"
somber contemplative melancholic introspective brooding dramatic warm-toned cinematic person windows beanie jacket,"mood: somber, contemplative, melancholic, introspective, brooding. style: dramatic, warm-toned, cinematic. objects: person, windows, beanie, jacket"
contemplative melancholic introspective somber pensive cinematic moody atmospheric person desk lamp windows papers,"mood: contemplative, melancholic, introspective, somber, pensive. style: cinematic, moody, atmospheric. objects: person, desk, lamp, windows, papers"
intimate contemplative melancholic subdued pensive moody atmospheric low-light person window blinds interior room,"mood: intimate, contemplative, melancholic, subdued, pensive. style: moody, atmospheric, low-light. objects: person, window, blinds, interior room"
serious contemplative intense somber brooding cinematic warm-toned shallow-focus person beanie jacket window,"mood: serious, contemplative, intense, somber, brooding. style: cinematic, warm-toned, shallow-focus. objects: person, beanie, jacket, window"
focused contemplative serious studious intense noir atmospheric dramatic person desk lamp papers chair,"mood: focused, contemplative, serious, studious, intense. style: noir, atmospheric, dramatic. objects: person, desk, lamp, papers, chair"
contemplative serious focused introspective determined cinematic noir atmospheric person desk lamp papers chair,"mood: contemplative, serious, focused, introspective, determined. style: cinematic, noir, atmospheric. objects: person, desk, lamp, papers, chair"
intimate nostalgic romantic tender wistful blurry handheld low-light paper hand writing pen,"mood: intimate, nostalgic, romantic, tender, wistful. style: blurry, handheld, low-light. objects: paper, hand, writing, pen"
contemplative melancholic introspective somber pensive moody cinematic warm-toned person candle hand window,"mood: contemplative, melancholic, introspective, somber, pensive. style: moody, cinematic, warm-toned. objects: person, candle, hand, window"
contemplative melancholic introspective somber pensive cinematic dramatic-lighting intimate-framing person beanie hand window,"mood: contemplative, melancholic, introspective, somber, pensive. style: cinematic, dramatic-lighting, intimate-framing. objects: person, beanie, hand, window"
chaotic frantic desperate overwhelming distressed cinematic dramatic low-lit person desk papers lamp window,"mood: chaotic, frantic, desperate, overwhelming, distressed. style: cinematic, dramatic, low-lit. objects: person, desk, papers, lamp, window"
peaceful serene calming tranquil soothing aerial natural high-contrast beach waves ocean sand foam,"mood: peaceful, serene, calming, tranquil, soothing. style: aerial, natural, high-contrast. objects: beach, waves, ocean, sand, foam"
melancholic nostalgic dreamy contemplative wistful aerial dreamy soft-focus piano keys water beach sand,"mood: melancholic, nostalgic, dreamy, contemplative, wistful. style: aerial, dreamy, soft-focus. objects: piano keys, water, beach, sand"
serene contemplative peaceful melancholic tranquil cinematic atmospheric long-exposure beach cityscape waves person sky,"mood: serene, contemplative, peaceful, melancholic, tranquil. style: cinematic, atmospheric, long-exposure. objects: beach, cityscape, waves, person, sky"
contemplative melancholic solitary peaceful reflective cinematic moody desaturated person beach ocean sky coat,"mood: contemplative, melancholic, solitary, peaceful, reflective. style: cinematic, moody, desaturated. objects: person, beach, ocean, sky, coat"
lighting professional polished authoritative promotional person text sky clouds,"mood: lighting, professional, polished, authoritative, promotional. objects: person, text, sky, clouds"
serene contemplative urban nocturnal peaceful aerial cinematic night-lit roads intersection buildings lights,"mood: serene, contemplative, urban, nocturnal, peaceful. style: aerial, cinematic, night-lit. objects: roads, intersection, buildings, lights"
mysterious nocturnal cinematic moody atmospheric dark cinematic moody car road building person,"mood: mysterious, nocturnal, cinematic, moody, atmospheric. style: dark, cinematic, moody. objects: car, road, building, person"
dramatic intense chaotic dangerous stormy dark atmospheric urban cars road water buildings street lights,"mood: dramatic, intense, chaotic, dangerous, stormy. style: dark, atmospheric, urban. objects: cars, road, water, buildings, street lights"
bright explosive energetic celebratory dazzling overexposed dreamy ethereal fireworks smoke light streaks explosions,"mood: bright, explosive, energetic, celebratory, dazzling. style: overexposed, dreamy, ethereal. objects: fireworks, smoke, light streaks, explosions"
mysterious contemplative surreal melancholic ethereal cinematic dramatic atmospheric person rain lights poles,"mood: mysterious, contemplative, surreal, melancholic, ethereal. style: cinematic, dramatic, atmospheric. objects: person, rain, lights, poles"
magical dreamy romantic enchanting serene cinematic bokeh atmospheric floating lanterns stage performer cityscape lights,"mood: magical, dreamy, romantic, enchanting, serene. style: cinematic, bokeh, atmospheric. objects: floating lanterns, stage, performer, cityscape, lights"
mysterious intimate romantic luxurious dreamy cinematic atmospheric bokeh perfume bottles cosmetics vanity table lights bokeh,"mood: mysterious, intimate, romantic, luxurious, dreamy. style: cinematic, atmospheric, bokeh. objects: perfume bottles, cosmetics, vanity table, lights, bokeh"
dreamy nostalgic romantic mesmerizing ethereal cinematic bokeh night-lit buildings city lights skyscrapers urban skyline,"mood: dreamy, nostalgic, romantic, mesmerizing, ethereal. style: cinematic, bokeh, night-lit. objects: buildings, city lights, skyscrapers, urban skyline"
intense brooding contemplative serious melancholic cinematic dramatic atmospheric man lights darkness face,"mood: intense, brooding, contemplative, serious, melancholic. style: cinematic, dramatic, atmospheric. objects: man, lights, darkness, face"
chaotic destructive intense apocalyptic devastating cinematic dramatic explosive buildings explosions debris cityscape,"mood: chaotic, destructive, intense, apocalyptic, devastating. style: cinematic, dramatic, explosive. objects: buildings, explosions, debris, cityscape"
dramatic intense chaotic overwhelming disorienting aerial atmospheric cinematic buildings fireworks city lights skyscrapers,"mood: dramatic, intense, chaotic, overwhelming, disorienting. style: aerial, atmospheric, cinematic. objects: buildings, fireworks, city lights, skyscrapers"
mysterious dark dramatic ominous cinematic dramatic noir atmospheric car headlights darkness clouds,"mood: mysterious, dark, dramatic, ominous, cinematic. style: dramatic, noir, atmospheric. objects: car, headlights, darkness, clouds"
intense dramatic sleek nighttime cinematic cinematic dark-toned dynamic car person steering wheel interior,"mood: intense, dramatic, sleek, nighttime, cinematic. style: cinematic, dark-toned, dynamic. objects: car, person, steering wheel, interior"
glamorous confident luxurious stylish sophisticated cinematic moody noir car person sunglasses fur coat,"mood: glamorous, confident, luxurious, stylish, sophisticated. style: cinematic, moody, noir. objects: car, person, sunglasses, fur coat"
mysterious dramatic cinematic moody atmospheric noir atmospheric cinematic classic car street lights parking lot night sky,"mood: mysterious, dramatic, cinematic, moody, atmospheric. style: noir, atmospheric, cinematic. objects: classic car, street lights, parking lot, night sky"
mysterious dark moody atmospheric cinematic noir atmospheric moody bicycle person street lights,"mood: mysterious, dark, moody, atmospheric, cinematic. style: noir, atmospheric, moody. objects: bicycle, person, street, lights"
dark mysterious contemplative solitary dramatic dramatic low-key silhouetted person stage lights drum kit,"mood: dark, mysterious, contemplative, solitary, dramatic. style: dramatic, low-key, silhouetted. objects: person, stage, lights, drum kit"
mysterious cinematic dramatic contemplative atmospheric cinematic moody dark-toned person airplane runway lights,"mood: mysterious, cinematic, dramatic, contemplative, atmospheric. style: cinematic, moody, dark-toned. objects: person, airplane, runway, lights"
confident seductive powerful glamorous edgy cinematic dark-toned high-contrast woman car parking lot lights,"mood: confident, seductive, powerful, glamorous, edgy. style: cinematic, dark-toned, high-contrast. objects: woman, car, parking lot, lights"
confident glamorous bold empowered dramatic cinematic dramatic-lighting luxurious woman sunglasses necklaces car street lights,"mood: confident, glamorous, bold, empowered, dramatic. style: cinematic, dramatic-lighting, luxurious. objects: woman, sunglasses, necklaces, car, street lights"
serious contemplative intense somber determined cinematic noir dramatic man lights parking lot night sky,"mood: serious, contemplative, intense, somber, determined. style: cinematic, noir, dramatic. objects: man, lights, parking lot, night sky"
confident stylish glamorous bold mysterious cinematic moody bokeh person sunglasses fur coat lights,"mood: confident, stylish, glamorous, bold, mysterious. style: cinematic, moody, bokeh. objects: person, sunglasses, fur coat, lights"
mysterious dark somber contemplative nocturnal cinematic noir atmospheric people walkway buildings lights,"mood: mysterious, dark, somber, contemplative, nocturnal. style: cinematic, noir, atmospheric. objects: people, walkway, buildings, lights"
anticipatory energetic spectacular celebratory exciting aerial dramatic nighttime stadium logo lights building,"mood: anticipatory, energetic, spectacular, celebratory, exciting. style: aerial, dramatic, nighttime. objects: stadium, logo, lights, building"
exciting anticipatory energetic prestigious celebratory bold corporate minimalist super bowl logo pepsi logo text football,"mood: exciting, anticipatory, energetic, prestigious, celebratory. style: bold, corporate, minimalist. objects: super bowl logo, pepsi logo, text, football"
exciting anticipatory grand celebratory energetic bold minimalist corporate super bowl logo pepsi logo text football,"mood: exciting, anticipatory, grand, celebratory, energetic. style: bold, minimalist, corporate. objects: super bowl logo, pepsi logo, text, football"
exciting promotional energetic engaging inviting modern high-contrast minimalist app icon qr code text logos,"mood: exciting, promotional, energetic, engaging, inviting. style: modern, high-contrast, minimalist. objects: app icon, qr code, text, logos"
serene peaceful tranquil pristine calming aerial turquoise minimalist ocean rock formation water text,"mood: serene, peaceful, tranquil, pristine, calming. style: aerial, turquoise, minimalist. objects: ocean, rock formation, water, text"
melancholic somber concerned urgent environmental underwater documentary atmospheric coral reef fish underwater rocks marine vegetation,"mood: melancholic, somber, concerned, urgent, environmental. style: underwater, documentary, atmospheric. objects: coral reef, fish, underwater rocks, marine vegetation"
serene luxurious elegant aspirational romantic minimalist teal-toned typography-focused text background,"mood: serene, luxurious, elegant, aspirational, romantic. style: minimalist, teal-toned, typography-focused. objects: text, background"
serene peaceful inspiring hopeful tranquil underwater cinematic blue-toned coral reef fish ocean water marine life,"mood: serene, peaceful, inspiring, hopeful, tranquil. style: underwater, cinematic, blue-toned. objects: coral reef, fish, ocean water, marine life"
calm serene hopeful elegant peaceful minimalist turquoise-dominant typography-focused text logo ocean conservation message,"mood: calm, serene, hopeful, elegant, peaceful. style: minimalist, turquoise-dominant, typography-focused. objects: text, logo, ocean, conservation message"
luxurious elegant serene sophisticated captivating futuristic neon-lit commercial building screen advertisement city skyscrapers,"mood: luxurious, elegant, serene, sophisticated, captivating. style: futuristic, neon-lit, commercial. objects: building, screen, advertisement, city, skyscrapers"
serene tranquil refreshing peaceful calming aquatic branded aerial-view pool buildings pantone color card text shadows,"mood: serene, tranquil, refreshing, peaceful, calming. style: aquatic, branded, aerial-view. objects: pool, buildings, pantone color card, text, shadows"
curious fascinated engaged contemplative intrigued vibrant digital atmospheric large screen person smartphone building,"mood: curious, fascinated, engaged, contemplative, intrigued. style: vibrant, digital, atmospheric. objects: large screen, person, smartphone, building"
vibrant luxurious captivating aspirational sophisticated vibrant commercial urban building digital billboard people water,"mood: vibrant, luxurious, captivating, aspirational, sophisticated. style: vibrant, commercial, urban. objects: building, digital billboard, people, water"
luxurious vibrant energetic aspirational captivating vibrant urban commercial buildings advertisement screen city street skyscrapers,"mood: luxurious, vibrant, energetic, aspirational, captivating. style: vibrant, urban, commercial. objects: buildings, advertisement screen, city street, skyscrapers"
serene peaceful pristine tranquil inspiring aerial turquoise pristine beach ocean waves coastline,"mood: serene, peaceful, pristine, tranquil, inspiring. style: aerial, turquoise, pristine. objects: beach, ocean, waves, coastline"
serene peaceful calming tranquil hopeful aerial turquoise natural ocean rocks waves coastline,"mood: serene, peaceful, calming, tranquil, hopeful. style: aerial, turquoise, natural. objects: ocean, rocks, waves, coastline"
dark minimalist sleek modern mysterious minimalist dark sleek playstation 5 shelf controller,"mood: dark, minimalist, sleek, modern, mysterious. style: minimalist, dark, sleek. objects: playstation 5, shelf, controller"
sleek modern calm technological sophisticated modern sleek futuristic screens seats aircraft interior seatback displays,"mood: sleek, modern, calm, technological, sophisticated. style: modern, sleek, futuristic. objects: screens, seats, aircraft interior, seatback displays"
sleek futuristic elegant sophisticated serene abstract crystalline monochromatic geometric shapes text angular forms crystalline structures,"mood: sleek, futuristic, elegant, sophisticated, serene. style: abstract, crystalline, monochromatic. objects: geometric shapes, text, angular forms, crystalline structures"
sleek futuristic mysterious elegant sophisticated minimalist futuristic dramatic-lighting tower light text darkness,"mood: sleek, futuristic, mysterious, elegant, sophisticated. style: minimalist, futuristic, dramatic-lighting. objects: tower, light, text, darkness"
minimalist sterile industrial geometric stark minimalist metallic architectural heat sink fins metal cooling system,"mood: minimalist, sterile, industrial, geometric, stark. style: minimalist, metallic, architectural. objects: heat sink, fins, metal, cooling system"
mysterious elegant minimalist contemplative serene minimalist high-contrast futuristic tower building lights,"mood: mysterious, elegant, minimalist, contemplative, serene. style: minimalist, high-contrast, futuristic. objects: tower, building, lights"
futuristic sleek modern cool technological minimalist geometric neon-lit speaker lights circle rectangle,"mood: futuristic, sleek, modern, cool, technological. style: minimalist, geometric, neon-lit. objects: speaker, lights, circle, rectangle"
futuristic sleek dramatic technological mysterious futuristic minimalist neon-lit ps5 console blue light geometric design,"mood: futuristic, sleek, dramatic, technological, mysterious. style: futuristic, minimalist, neon-lit. objects: ps5, console, blue light, geometric design"
futuristic sleek technological modern illuminated futuristic neon-lit minimalist led display escalator handrails steps,"mood: futuristic, sleek, technological, modern, illuminated. style: futuristic, neon-lit, minimalist. objects: led display, escalator, handrails, steps"
sleek futuristic sophisticated technological premium dark sleek minimalist playstation 5 gaming console blue lights stand,"mood: sleek, futuristic, sophisticated, technological, premium. style: dark, sleek, minimalist. objects: playstation 5, gaming console, blue lights, stand"
sleek modern relaxing sophisticated ambient modern minimalist ambient tv playstation 5 entertainment center couch bookshelf,"mood: sleek, modern, relaxing, sophisticated, ambient. style: modern, minimalist, ambient. objects: tv, playstation 5, entertainment center, couch, bookshelf"
minimal sleek modern anticipatory technological minimalist monochromatic sleek ps5 logo controller buttons text,"mood: minimal, sleek, modern, anticipatory, technological. style: minimalist, monochromatic, sleek. objects: ps5 logo, controller buttons, text"
festive cheerful celebratory vibrant joyful bokeh colorful atmospheric colored lights bokeh circles dark background,"mood: festive, cheerful, celebratory, vibrant, joyful. style: bokeh, colorful, atmospheric. objects: colored lights, bokeh circles, dark background"
vibrant playful energetic festive luminous neon glowing abstract colorful lights glowing orbs text overlay dark background,"mood: vibrant, playful, energetic, festive, luminous. style: neon, glowing, abstract. objects: colorful lights, glowing orbs, text overlay, dark background"
dreamy futuristic creative vibrant technological neon cosmic gradient spheres text particles gradient background,"mood: dreamy, futuristic, creative, vibrant, technological. style: neon, cosmic, gradient. objects: spheres, text, particles, gradient background"
futuristic sleek modern technological sophisticated futuristic neon-lit geometric blocks neon lights geometric shapes text,"mood: futuristic, sleek, modern, technological, sophisticated. style: futuristic, neon-lit, geometric. objects: blocks, neon lights, geometric shapes, text"
vibrant creative digital modern interactive dark minimalist interface color picker spectrum bar slider interface buttons,"mood: vibrant, creative, digital, modern, interactive. style: dark, minimalist, interface. objects: color picker, spectrum bar, slider, interface buttons"
intense dramatic bold powerful striking minimalist red-monochrome typography-focused text letters red background,"mood: intense, dramatic, bold, powerful, striking. style: minimalist, red-monochrome, typography-focused. objects: text, letters, red background"
dark ominous threatening intense foreboding dark minimalist dramatic sword smoke text blade,"mood: dark, ominous, threatening, intense, foreboding. style: dark, minimalist, dramatic. objects: sword, smoke, text, blade"
mysterious sleek futuristic dramatic anticipatory dark futuristic minimalist console text smoke light,"mood: mysterious, sleek, futuristic, dramatic, anticipatory. style: dark, futuristic, minimalist. objects: console, text, smoke, light"
sleek sophisticated luxurious futuristic premium sleek minimalist futuristic car parts taillight vehicle body text logo,"mood: sleek, sophisticated, luxurious, futuristic, premium. style: sleek, minimalist, futuristic. objects: car parts, taillight, vehicle body, text logo"
atmospheric contemplative serene cinematic immersive moody cinematic atmospheric tv screen couch room gaming setup,"mood: atmospheric, contemplative, serene, cinematic, immersive. style: moody, cinematic, atmospheric. objects: tv screen, couch, room, gaming setup"
dark mysterious eerie ominous foreboding dark minimalist high-contrast wind turbines darkness,"mood: dark, mysterious, eerie, ominous, foreboding. style: dark, minimalist, high-contrast. objects: wind turbines, darkness"
sleek modern pristine sophisticated minimalist minimalist clean product-focused playstation 5 controller,"mood: sleek, modern, pristine, sophisticated, minimalist. style: minimalist, clean, product-focused. objects: playstation 5, controller"
confident stylish sophisticated aspirational luxurious clean minimalist commercial person jacket text sky,"mood: confident, stylish, sophisticated, aspirational, luxurious. style: clean, minimalist, commercial. objects: person, jacket, text, sky"
sophisticated luxurious elegant minimalist refined minimalist luxury close-up zipper hoodie logo text,"mood: sophisticated, luxurious, elegant, minimalist, refined. style: minimalist, luxury, close-up. objects: zipper, hoodie, logo, text"
confident contemplative determined focused aspirational cinematic soft-lit profile-focused person jacket sky clouds,"mood: confident, contemplative, determined, focused, aspirational. style: cinematic, soft-lit, profile-focused. objects: person, jacket, sky, clouds"
professional serious focused determined businesslike shallow-focus muted-tones contemporary person jacket bag strap,"mood: professional, serious, focused, determined, businesslike. style: shallow-focus, muted-tones, contemporary. objects: person, jacket, bag, strap"
confident contemplative serious intense stoic cinematic overcast portrait-style person suit sky shirt,"mood: confident, contemplative, serious, intense, stoic. style: cinematic, overcast, portrait-style. objects: person, suit, sky, shirt"
mysterious intimate moody contemplative subdued cinematic low-light shallow-focus hand fingers dark surface shadows,"mood: mysterious, intimate, moody, contemplative, subdued. style: cinematic, low-light, shallow-focus. objects: hand, fingers, dark surface, shadows"
sophisticated confident mysterious elegant intense dramatic monochromatic portrait man suit shirt tie collar,"mood: sophisticated, confident, mysterious, elegant, intense. style: dramatic, monochromatic, portrait. objects: man, suit, shirt, tie, collar"
dark sleek mysterious sophisticated moody dark moody textural zipper fabric leather jacket,"mood: dark, sleek, mysterious, sophisticated, moody. style: dark, moody, textural. objects: zipper, fabric, leather, jacket"
confident cool serious determined intense cinematic cool-toned portrait-style man sunglasses hoodie sky,"mood: confident, cool, serious, determined, intense. style: cinematic, cool-toned, portrait-style. objects: man, sunglasses, hoodie, sky"
sleek professional sophisticated minimalist elegant cinematic shallow-focus naturalistic bag person grass zipper,"mood: sleek, professional, sophisticated, minimalist, elegant. style: cinematic, shallow-focus, naturalistic. objects: bag, person, grass, zipper"
confident cool contemplative serious focused cinematic cool-toned portrait man sunglasses hoodie sky,"mood: confident, cool, contemplative, serious, focused. style: cinematic, cool-toned, portrait. objects: man, sunglasses, hoodie, sky"
stoic contemplative serious introspective somber cinematic moody close-up man jacket button collar,"mood: stoic, contemplative, serious, introspective, somber. style: cinematic, moody, close-up. objects: man, jacket, button, collar"
calm peaceful serene contemplative tranquil cinematic shallow-focus natural-lighting coat buttons trees fabric,"mood: calm, peaceful, serene, contemplative, tranquil. style: cinematic, shallow-focus, natural-lighting. objects: coat, buttons, trees, fabric"
focused deliberate intimate calm contemplative cinematic muted-tones close-up hands jacket buttons cuffs,"mood: focused, deliberate, intimate, calm, contemplative. style: cinematic, muted-tones, close-up. objects: hands, jacket, buttons, cuffs"
confident determined intense stoic contemplative cinematic moody portrait person jacket sky clouds,"mood: confident, determined, intense, stoic, contemplative. style: cinematic, moody, portrait. objects: person, jacket, sky, clouds"
sophisticated luxurious elegant professional refined shallow-focus warm-toned cinematic black leather bag handbag purse leather accessories,"mood: sophisticated, luxurious, elegant, professional, refined. style: shallow-focus, warm-toned, cinematic. objects: black leather bag, handbag, purse, leather accessories"
elegant sophisticated luxurious polished refined cinematic luxury shallow-focus handbag clasp leather handles,"mood: elegant, sophisticated, luxurious, polished, refined. style: cinematic, luxury, shallow-focus. objects: handbag, clasp, leather, handles"
mysterious melancholic contemplative moody introspective monochromatic atmospheric silhouetted person laptop floor wall,"mood: mysterious, melancholic, contemplative, moody, introspective. style: monochromatic, atmospheric, silhouetted. objects: person, laptop, floor, wall"
elegant luxurious sophisticated refined prestigious cinematic shallow-focus monochromatic handbag leather clasp strap,"mood: elegant, luxurious, sophisticated, refined, prestigious. style: cinematic, shallow-focus, monochromatic. objects: handbag, leather, clasp, strap"
elegant sophisticated minimalist luxurious serene monochromatic minimalist dramatic-lighting handbag handle clasp surface,"mood: elegant, sophisticated, minimalist, luxurious, serene. style: monochromatic, minimalist, dramatic-lighting. objects: handbag, handle, clasp, surface"
elegant sophisticated minimalist luxurious refined monochromatic minimalist elegant handbag handle clasp leather,"mood: elegant, sophisticated, minimalist, luxurious, refined. style: monochromatic, minimalist, elegant. objects: handbag, handle, clasp, leather"
elegant sophisticated luxurious classic refined monochromatic minimalist studio-lit handbag handle clasp leather,"mood: elegant, sophisticated, luxurious, classic, refined. style: monochromatic, minimalist, studio-lit. objects: handbag, handle, clasp, leather"
elegant sophisticated luxurious refined minimalist monochromatic minimalist dramatic-lighting black handbag marble table display case wall,"mood: elegant, sophisticated, luxurious, refined, minimalist. style: monochromatic, minimalist, dramatic-lighting. objects: black handbag, marble table, display case, wall"
elegant sophisticated minimalist serene refined minimalist monochromatic studio-lit handbag handle strap,"mood: elegant, sophisticated, minimalist, serene, refined. style: minimalist, monochromatic, studio-lit. objects: handbag, handle, strap"
elegant sophisticated minimalist luxurious refined minimalist dramatic-lighting monochromatic handbag marble surface wall handle,"mood: elegant, sophisticated, minimalist, luxurious, refined. style: minimalist, dramatic-lighting, monochromatic. objects: handbag, marble surface, wall, handle"
elegant sophisticated luxurious minimalist refined cinematic monochromatic shallow-focus black handbag marble table display case shelves,"mood: elegant, sophisticated, luxurious, minimalist, refined. style: cinematic, monochromatic, shallow-focus. objects: black handbag, marble table, display case, shelves"
elegant luxurious sophisticated serene aspirational cinematic moody luxurious handbag lamp window cityscape bathtub,"mood: elegant, luxurious, sophisticated, serene, aspirational. style: cinematic, moody, luxurious. objects: handbag, lamp, window, cityscape, bathtub"
mysterious eerie somber ominous haunting dark moody blue-tinted stairs handrail person shadows,"mood: mysterious, eerie, somber, ominous, haunting. style: dark, moody, blue-tinted. objects: stairs, handrail, person, shadows"
melancholic somber introspective lonely contemplative moody blue-toned atmospheric window glass reflection interior,"mood: melancholic, somber, introspective, lonely, contemplative. style: moody, blue-toned, atmospheric. objects: window, glass, reflection, interior"
mysterious dark cinematic moody atmospheric cinematic moody atmospheric car garage lighting building,"mood: mysterious, dark, cinematic, moody, atmospheric. style: cinematic, moody, atmospheric. objects: car, garage, lighting, building"
mysterious atmospheric moody cinematic contemplative moody cinematic neon-lit truck garage lighting doorway,"mood: mysterious, atmospheric, moody, cinematic, contemplative. style: moody, cinematic, neon-lit. objects: truck, garage, lighting, doorway"
mysterious dark ominous suspenseful moody dark cinematic low-light truck tire road building,"mood: mysterious, dark, ominous, suspenseful, moody. style: dark, cinematic, low-light. objects: truck, tire, road, building"
dramatic intense mysterious sleek futuristic cinematic moody high-contrast car license plate garage lights,"mood: dramatic, intense, mysterious, sleek, futuristic. style: cinematic, moody, high-contrast. objects: car, license plate, garage, lights"
dark mysterious cinematic moody atmospheric dark atmospheric cinematic car license plate building lights,"mood: dark, mysterious, cinematic, moody, atmospheric. style: dark, atmospheric, cinematic. objects: car, license plate, building, lights"
mysterious dramatic tense atmospheric cinematic moody silhouetted atmospheric car people garage spoiler,"mood: mysterious, dramatic, tense, atmospheric, cinematic. style: moody, silhouetted, atmospheric. objects: car, people, garage, spoiler"
sterile mundane surveillance cold neutral surveillance grainy monochromatic car garage concrete floor ceiling,"mood: sterile, mundane, surveillance, cold, neutral. style: surveillance, grainy, monochromatic. objects: car, garage, concrete floor, ceiling"
sleek sophisticated elegant luxurious polished monochromatic reflective high-contrast car windshield steering wheel dashboard,"mood: sleek, sophisticated, elegant, luxurious, polished. style: monochromatic, reflective, high-contrast. objects: car, windshield, steering wheel, dashboard"
dark confined claustrophobic ominous unsettling monochrome surveillance-style low-contrast car grille headlight mesh pattern vehicle front,"mood: dark, confined, claustrophobic, ominous, unsettling. style: monochrome, surveillance-style, low-contrast. objects: car grille, headlight, mesh pattern, vehicle front"
mysterious tense industrial shadowy atmospheric cinematic atmospheric silhouetted car person garage building,"mood: mysterious, tense, industrial, shadowy, atmospheric. style: cinematic, atmospheric, silhouetted. objects: car, person, garage, building"
mysterious dark ominous suspenseful eerie moody atmospheric shadowy person knife clothing hand,"mood: mysterious, dark, ominous, suspenseful, eerie. style: moody, atmospheric, shadowy. objects: person, knife, clothing, hand"
moody contemplative cinematic introspective melancholic cinematic moody shallow-focus car mirror vehicle reflection road,"mood: moody, contemplative, cinematic, introspective, melancholic. style: cinematic, moody, shallow-focus. objects: car mirror, vehicle, reflection, road"
fast exhilarating dynamic intense thrilling motion-blur wide-angle racing race track barriers grandstand asphalt sky,"mood: fast, exhilarating, dynamic, intense, thrilling. style: motion-blur, wide-angle, racing. objects: race track, barriers, grandstand, asphalt, sky"
dynamic intense powerful thrilling aggressive cinematic motion-blur desaturated car road hill guardrail,"mood: dynamic, intense, powerful, thrilling, aggressive. style: cinematic, motion-blur, desaturated. objects: car, road, hill, guardrail"
focused intense productive technological concentrated dark blurry motion-blur laptop hands keyboard phone,"mood: focused, intense, productive, technological, concentrated. style: dark, blurry, motion-blur. objects: laptop, hands, keyboard, phone"
bright dreamy ethereal romantic intimate lens-flare overexposed dreamy people airplane interior seats sunlight,"mood: bright, dreamy, ethereal, romantic, intimate. style: lens-flare, overexposed, dreamy. objects: people, airplane interior, seats, sunlight"
dynamic exhilarating powerful intense thrilling cinematic overcast motion-blur car road barriers sky,"mood: dynamic, exhilarating, powerful, intense, thrilling. style: cinematic, overcast, motion-blur. objects: car, road, barriers, sky"
dynamic intense energetic sleek powerful motion-blur high-speed racing-aesthetic car racetrack racing stripes,"mood: dynamic, intense, energetic, sleek, powerful. style: motion-blur, high-speed, racing-aesthetic. objects: car, racetrack, racing stripes"
intense thrilling dynamic adrenaline-filled exhilarating cinematic motion-blur high-speed race car racetrack rear wing sky guardrail,"mood: intense, thrilling, dynamic, adrenaline-filled, exhilarating. style: cinematic, motion-blur, high-speed. objects: race car, racetrack, rear wing, sky, guardrail"
mysterious dark intense ominous brooding blurry dark motion-blur person car interior steering wheel dashboard,"mood: mysterious, dark, intense, ominous, brooding. style: blurry, dark, motion-blur. objects: person, car interior, steering wheel, dashboard"
dynamic intense sleek powerful aggressive motion-blur cinematic high-speed car road spoiler track,"mood: dynamic, intense, sleek, powerful, aggressive. style: motion-blur, cinematic, high-speed. objects: car, road, spoiler, track"
contemplative melancholic introspective somber pensive cinematic moody low-key person flashlight window room,"mood: contemplative, melancholic, introspective, somber, pensive. style: cinematic, moody, low-key. objects: person, flashlight, window, room"
somber melancholic introspective pensive brooding cinematic moody low-key person jacket hood clothing,"mood: somber, melancholic, introspective, pensive, brooding. style: cinematic, moody, low-key. objects: person, jacket, hood, clothing"
contemplative melancholic introspective somber pensive cinematic moody shallow-focus person car interior window light,"mood: contemplative, melancholic, introspective, somber, pensive. style: cinematic, moody, shallow-focus. objects: person, car interior, window, light"
clinical sterile watchful institutional surveillance industrial bright-lit documentary security camera metal railing building structure mounting bracket,"mood: clinical, sterile, watchful, institutional, surveillance. style: industrial, bright-lit, documentary. objects: security camera, metal railing, building structure, mounting bracket"
blurred dynamic racing energetic fast-paced blurred motion-filled racing-themed road lane markings barrier grass,"mood: blurred, dynamic, racing, energetic, fast-paced. style: blurred, motion-filled, racing-themed. objects: road, lane markings, barrier, grass"
mysterious dark intimate contemplative atmospheric dark blurred atmospheric person screens displays silhouettes,"mood: mysterious, dark, intimate, contemplative, atmospheric. style: dark, blurred, atmospheric. objects: person, screens, displays, silhouettes"
intense dynamic aggressive powerful focused cinematic motion-blur high-contrast race car track rear spoiler asphalt,"mood: intense, dynamic, aggressive, powerful, focused. style: cinematic, motion-blur, high-contrast. objects: race car, track, rear spoiler, asphalt"
open expansive serene contemplative peaceful cinematic wide-angle motion-blur road barriers car mountains sky,"mood: open, expansive, serene, contemplative, peaceful. style: cinematic, wide-angle, motion-blur. objects: road, barriers, car, mountains, sky"
dynamic intense exhilarating powerful focused cinematic motion-blur dramatic sports car racetrack mountains clouds,"mood: dynamic, intense, exhilarating, powerful, focused. style: cinematic, motion-blur, dramatic. objects: sports car, racetrack, mountains, clouds"
dynamic sleek powerful mechanical intense dynamic close-up motion-blur wheel brake caliper spokes rim,"mood: dynamic, sleek, powerful, mechanical, intense. style: dynamic, close-up, motion-blur. objects: wheel, brake caliper, spokes, rim"
intense adrenaline-fueled dynamic competitive thrilling cinematic motion-blur dramatic race track car rear wing clouds barriers,"mood: intense, adrenaline-fueled, dynamic, competitive, thrilling. style: cinematic, motion-blur, dramatic. objects: race track, car, rear wing, clouds, barriers"
intense dramatic powerful aggressive thrilling cinematic motion-blur dramatic race car track tire shadow,"mood: intense, dramatic, powerful, aggressive, thrilling. style: cinematic, motion-blur, dramatic. objects: race car, track, tire, shadow"
dynamic intense energetic thrilling powerful cinematic motion-blur dramatic car road clouds barriers,"mood: dynamic, intense, energetic, thrilling, powerful. style: cinematic, motion-blur, dramatic. objects: car, road, clouds, barriers"
dynamic intense energetic chaotic exhilarating motion-blur dynamic high-speed car smoke road tire tracks,"mood: dynamic, intense, energetic, chaotic, exhilarating. style: motion-blur, dynamic, high-speed. objects: car, smoke, road, tire tracks"
mysterious tense ominous atmospheric suspenseful moody red-tinted atmospheric people screens window silhouettes,"mood: mysterious, tense, ominous, atmospheric, suspenseful. style: moody, red-tinted, atmospheric. objects: people, screens, window, silhouettes"
dynamic intense thrilling fast-paced exhilarating motion-blur high-speed dynamic motorcycle racetrack smoke tire marks,"mood: dynamic, intense, thrilling, fast-paced, exhilarating. style: motion-blur, high-speed, dynamic. objects: motorcycle, racetrack, smoke, tire marks"
focused intense professional determined anticipatory cinematic high-contrast shallow-focus helmet visor racing suit person,"mood: focused, intense, professional, determined, anticipatory. style: cinematic, high-contrast, shallow-focus. objects: helmet, visor, racing suit, person"
dark empty void minimal stark dark minimalist high-contrast,"mood: dark, empty, void, minimal, stark. style: dark, minimalist, high-contrast"
motivational inspirational contemplative determined reflective minimal high-contrast typography-focused text black background,"mood: motivational, inspirational, contemplative, determined, reflective. style: minimal, high-contrast, typography-focused. objects: text, black background"
distressed overwhelmed anguished desperate troubled moody low-key cinematic person mask hoodie hands,"mood: distressed, overwhelmed, anguished, desperate, troubled. style: moody, low-key, cinematic. objects: person, mask, hoodie, hands"
tense chaotic frantic urgent disorienting blurry dark handheld hands papers documents cards,"mood: tense, chaotic, frantic, urgent, disorienting. style: blurry, dark, handheld. objects: hands, papers, documents, cards"
intense menacing threatening sinister ominous cinematic shallow-focus moody person window building interior,"mood: intense, menacing, threatening, sinister, ominous. style: cinematic, shallow-focus, moody. objects: person, window, building, interior"
mysterious dramatic sleek anticipatory cinematic moody high-contrast cinematic car garage walls spoiler,"mood: mysterious, dramatic, sleek, anticipatory, cinematic. style: moody, high-contrast, cinematic. objects: car, garage, walls, spoiler"
focused determined minimalist contemplative purposeful minimalist stark typography-focused text black background,"mood: focused, determined, minimalist, contemplative, purposeful. style: minimalist, stark, typography-focused. objects: text, black background"
mysterious dark blurred ominous unsettling motion-blur high-contrast moody building car road motion blur,"mood: mysterious, dark, blurred, ominous, unsettling. style: motion-blur, high-contrast, moody. objects: building, car, road, motion blur"
intense thrilling dynamic competitive exhilarating dynamic motion-blur atmospheric car racetrack buildings sky,"mood: intense, thrilling, dynamic, competitive, exhilarating. style: dynamic, motion-blur, atmospheric. objects: car, racetrack, buildings, sky"
dynamic intense thrilling aggressive powerful motion-blur cinematic high-speed car road spoiler track,"mood: dynamic, intense, thrilling, aggressive, powerful. style: motion-blur, cinematic, high-speed. objects: car, road, spoiler, track"
sleek powerful intense dynamic aggressive cinematic dramatic high-contrast car hood windshield road,"mood: sleek, powerful, intense, dynamic, aggressive. style: cinematic, dramatic, high-contrast. objects: car, hood, windshield, road"
dynamic exhilarating fast-paced intense thrilling motion-blur dynamic high-speed car track hills sky,"mood: dynamic, exhilarating, fast-paced, intense, thrilling. style: motion-blur, dynamic, high-speed. objects: car, track, hills, sky"
dynamic intense exhilarating fast-paced thrilling dynamic motion-blur close-up car wheel race track curb,"mood: dynamic, intense, exhilarating, fast-paced, thrilling. style: dynamic, motion-blur, close-up. objects: car, wheel, race track, curb"
intense thrilling dynamic aggressive exhilarating dynamic motion-blur high-contrast car racetrack grass guardrail,"mood: intense, thrilling, dynamic, aggressive, exhilarating. style: dynamic, motion-blur, high-contrast. objects: car, racetrack, grass, guardrail"
exhilarating intense dynamic thrilling fast-paced motion-blurred dynamic speed-focused race track car guardrail sky,"mood: exhilarating, intense, dynamic, thrilling, fast-paced. style: motion-blurred, dynamic, speed-focused. objects: race track, car, guardrail, sky"
desolate ominous polluted unsettling dystopian cinematic desaturated atmospheric water shore vegetation rocks bridge,"mood: desolate, ominous, polluted, unsettling, dystopian. style: cinematic, desaturated, atmospheric. objects: water, shore, vegetation, rocks, bridge"
dynamic intense thrilling aggressive powerful cinematic motion-blur dramatic race car road clouds track barriers,"mood: dynamic, intense, thrilling, aggressive, powerful. style: cinematic, motion-blur, dramatic. objects: race car, road, clouds, track barriers"
sleek sophisticated intense dynamic powerful dark moody close-up steering wheel speaker dashboard interior,"mood: sleek, sophisticated, intense, dynamic, powerful. style: dark, moody, close-up. objects: steering wheel, speaker, dashboard, interior"
mysterious futuristic dramatic sleek technological dark atmospheric high-contrast wheel yellow circle car interior dashboard,"mood: mysterious, futuristic, dramatic, sleek, technological. style: dark, atmospheric, high-contrast. objects: wheel, yellow circle, car interior, dashboard"
dark mysterious tense mechanical focused dark blurred automotive speedometer dashboard gauges warning lights,"mood: dark, mysterious, tense, mechanical, focused. style: dark, blurred, automotive. objects: speedometer, dashboard, gauges, warning lights"
dynamic exhilarating powerful intense thrilling cinematic dynamic moody car road sky clouds,"mood: dynamic, exhilarating, powerful, intense, thrilling. style: cinematic, dynamic, moody. objects: car, road, sky, clouds"
serene peaceful contemplative calm tranquil cinematic moody wide-shot road car grass sky clouds,"mood: serene, peaceful, contemplative, calm, tranquil. style: cinematic, moody, wide-shot. objects: road, car, grass, sky, clouds"
sleek dynamic aggressive powerful intense cinematic motion-blur low-angle car wheel brake caliper tire,"mood: sleek, dynamic, aggressive, powerful, intense. style: cinematic, motion-blur, low-angle. objects: car, wheel, brake caliper, tire"
sleek futuristic technical sophisticated modern cinematic cool-toned shallow-focus car roof windshield text overlay,"mood: sleek, futuristic, technical, sophisticated, modern. style: cinematic, cool-toned, shallow-focus. objects: car, roof, windshield, text overlay"
sleek sophisticated technical precise clinical cinematic muted-tones close-up car windows porsche logo headlight,"mood: sleek, sophisticated, technical, precise, clinical. style: cinematic, muted-tones, close-up. objects: car, windows, porsche logo, headlight"
sleek futuristic sophisticated precise innovative sleek automotive minimalist car wheel tire fender,"mood: sleek, futuristic, sophisticated, precise, innovative. style: sleek, automotive, minimalist. objects: car, wheel, tire, fender"
focused precise mechanical clinical deliberate cinematic shallow-focus desaturated hand usb cable device port,"mood: focused, precise, mechanical, clinical, deliberate. style: cinematic, shallow-focus, desaturated. objects: hand, usb cable, device, port"
focused intense professional controlled determined cinematic high-contrast dynamic driver steering wheel dashboard racetrack safety barriers,"mood: focused, intense, professional, controlled, determined. style: cinematic, high-contrast, dynamic. objects: driver, steering wheel, dashboard, racetrack, safety barriers"
intense focused adrenaline-filled competitive thrilling cinematic moody dramatic car interior seats steering wheel person helmet,"mood: intense, focused, adrenaline-filled, competitive, thrilling. style: cinematic, moody, dramatic. objects: car interior, seats, steering wheel, person, helmet"
sleek modern sophisticated industrial contemplative moody cinematic high-contrast dashboard screen vents car interior,"mood: sleek, modern, sophisticated, industrial, contemplative. style: moody, cinematic, high-contrast. objects: dashboard, screen, vents, car interior"
sleek modern sophisticated industrial minimalist moody dramatic high-contrast car interior door panel seat handle,"mood: sleek, modern, sophisticated, industrial, minimalist. style: moody, dramatic, high-contrast. objects: car interior, door panel, seat, handle"
sleek technical professional sophisticated minimalist sleek high-tech automotive car screens garage checkered floor,"mood: sleek, technical, professional, sophisticated, minimalist. style: sleek, high-tech, automotive. objects: car, screens, garage, checkered floor"
sleek modern professional sophisticated focused dark cinematic moody laptop monitor desk keyboard,"mood: sleek, modern, professional, sophisticated, focused. style: dark, cinematic, moody. objects: laptop, monitor, desk, keyboard"
contemplative determined focused serious resolute cinematic moody desaturated man uniform patches profile,"mood: contemplative, determined, focused, serious, resolute. style: cinematic, moody, desaturated. objects: man, uniform, patches, profile"
focused intense determined serious concentrated cinematic desaturated shallow-focus helmet steering wheel racing suit hands,"mood: focused, intense, determined, serious, concentrated. style: cinematic, desaturated, shallow-focus. objects: helmet, steering wheel, racing suit, hands"
focused intense competitive determined adrenaline-filled cinematic documentary-style high-contrast steering wheel hands car interior person outside,"mood: focused, intense, competitive, determined, adrenaline-filled. style: cinematic, documentary-style, high-contrast. objects: steering wheel, hands, car interior, person outside"
intense thrilling dynamic aggressive exhilarating cinematic moody motion-blur race car track spoiler guardrail,"mood: intense, thrilling, dynamic, aggressive, exhilarating. style: cinematic, moody, motion-blur. objects: race car, track, spoiler, guardrail"
dynamic intense sleek powerful exhilarating cinematic high-contrast motion-blur car spoiler rear window vehicle interior grass,"mood: dynamic, intense, sleek, powerful, exhilarating. style: cinematic, high-contrast, motion-blur. objects: car spoiler, rear window, vehicle interior, grass"
sleek technical sophisticated precise futuristic sleek high-contrast technical aerodynamic component mechanical parts vehicle interior adjustment mechanism,"mood: sleek, technical, sophisticated, precise, futuristic. style: sleek, high-contrast, technical. objects: aerodynamic component, mechanical parts, vehicle interior, adjustment mechanism"
dynamic exhilarating sleek powerful sophisticated cinematic high-contrast motion-blur race car race track rear wing grandstand,"mood: dynamic, exhilarating, sleek, powerful, sophisticated. style: cinematic, high-contrast, motion-blur. objects: race car, race track, rear wing, grandstand"
dynamic energetic competitive fast-paced intense aerial motion-blur dark-toned race track barriers asphalt markings,"mood: dynamic, energetic, competitive, fast-paced, intense. style: aerial, motion-blur, dark-toned. objects: race track, barriers, asphalt, markings"
surveillance watchful monitoring observational vigilant shallow-focus cinematic moody dashcam windshield road guardrail,"mood: surveillance, watchful, monitoring, observational, vigilant. style: shallow-focus, cinematic, moody. objects: dashcam, windshield, road, guardrail"
dynamic exhilarating intense powerful thrilling cinematic motion-blur golden-hour car road sky grass,"mood: dynamic, exhilarating, intense, powerful, thrilling. style: cinematic, motion-blur, golden-hour. objects: car, road, sky, grass"
exhilarating dynamic powerful sleek intense cinematic high-contrast motion-blur car road racetrack sky,"mood: exhilarating, dynamic, powerful, sleek, intense. style: cinematic, high-contrast, motion-blur. objects: car, road, racetrack, sky"
blurry disorienting unsettling chaotic confusing blurry motion-blur handheld hands gloves steering wheel car interior,"mood: blurry, disorienting, unsettling, chaotic, confusing. style: blurry, motion-blur, handheld. objects: hands, gloves, steering wheel, car interior"
dynamic intense thrilling fast-paced exhilarating motion-blurred dynamic automotive car racetrack barriers buildings,"mood: dynamic, intense, thrilling, fast-paced, exhilarating. style: motion-blurred, dynamic, automotive. objects: car, racetrack, barriers, buildings"
intense focused adrenaline-fueled competitive determined dramatic high-contrast moody roll cage steering wheel car interior dashboard windshield,"mood: intense, focused, adrenaline-fueled, competitive, determined. style: dramatic, high-contrast, moody. objects: roll cage, steering wheel, car interior, dashboard, windshield"
dynamic intense competitive fast-paced exhilarating wide-angle dynamic saturated race track car curb asphalt,"mood: dynamic, intense, competitive, fast-paced, exhilarating. style: wide-angle, dynamic, saturated. objects: race track, car, curb, asphalt"
dynamic exhilarating sleek powerful intense cinematic motion-blur atmospheric sports car racetrack sky road,"mood: dynamic, exhilarating, sleek, powerful, intense. style: cinematic, motion-blur, atmospheric. objects: sports car, racetrack, sky, road"
sleek modern sophisticated innovative cool cinematic moody low-light car windshield driver steering wheel,"mood: sleek, modern, sophisticated, innovative, cool. style: cinematic, moody, low-light. objects: car, windshield, driver, steering wheel"
dynamic exhilarating intense aggressive thrilling cinematic moody dynamic car road barrier clouds,"mood: dynamic, exhilarating, intense, aggressive, thrilling. style: cinematic, moody, dynamic. objects: car, road, barrier, clouds"
ethereal dreamy serene mystical peaceful overexposed hazy ethereal mountains mist sunlight lens flares,"mood: ethereal, dreamy, serene, mystical, peaceful. style: overexposed, hazy, ethereal. objects: mountains, mist, sunlight, lens flares"
exhilarating dynamic intense powerful thrilling cinematic golden-hour dynamic car race track guardrail hills,"mood: exhilarating, dynamic, intense, powerful, thrilling. style: cinematic, golden-hour, dynamic. objects: car, race track, guardrail, hills"
dynamic exhilarating intense focused powerful cinematic motion-blur atmospheric car racetrack sky spoiler,"mood: dynamic, exhilarating, intense, focused, powerful. style: cinematic, motion-blur, atmospheric. objects: car, racetrack, sky, spoiler"
dynamic exhilarating intense powerful thrilling dynamic motion-blur high-speed car road track sky,"mood: dynamic, exhilarating, intense, powerful, thrilling. style: dynamic, motion-blur, high-speed. objects: car, road, track, sky"
dynamic intense powerful thrilling aggressive cinematic motion-blur atmospheric car road smoke sky,"mood: dynamic, intense, powerful, thrilling, aggressive. style: cinematic, motion-blur, atmospheric. objects: car, road, smoke, sky"
intense focused determined serious concentrated dark close-up blurry person helmet face visor,"mood: intense, focused, determined, serious, concentrated. style: dark, close-up, blurry. objects: person, helmet, face, visor"
serene peaceful tender loving hopeful dreamy backlit ethereal person sky clouds sunlight,"mood: serene, peaceful, tender, loving, hopeful. style: dreamy, backlit, ethereal. objects: person, sky, clouds, sunlight"
dynamic energetic fast-paced exhilarating intense motion-blur cinematic warm-toned car road bridge water,"mood: dynamic, energetic, fast-paced, exhilarating, intense. style: motion-blur, cinematic, warm-toned. objects: car, road, bridge, water"
contemplative serene focused peaceful introspective cinematic moody low-light man car interior steering wheel windows,"mood: contemplative, serene, focused, peaceful, introspective. style: cinematic, moody, low-light. objects: man, car interior, steering wheel, windows"
dynamic exhilarating intense powerful thrilling cinematic motion-blur atmospheric race car track sky headlights,"mood: dynamic, exhilarating, intense, powerful, thrilling. style: cinematic, motion-blur, atmospheric. objects: race car, track, sky, headlights"
dynamic energetic exhilarating fast-paced thrilling motion-blur overexposed documentary-style car road hills sky,"mood: dynamic, energetic, exhilarating, fast-paced, thrilling. style: motion-blur, overexposed, documentary-style. objects: car, road, hills, sky"
intimate tender joyful warm loving cinematic soft-lit shallow-focus man uniform face clothing shadow,"mood: intimate, tender, joyful, warm, loving. style: cinematic, soft-lit, shallow-focus. objects: man, uniform, face, clothing, shadow"
intense dramatic powerful exhilarating dynamic cinematic atmospheric motion-blur car headlights road clouds,"mood: intense, dramatic, powerful, exhilarating, dynamic. style: cinematic, atmospheric, motion-blur. objects: car, headlights, road, clouds"
sleek sophisticated minimalist anticipatory premium minimalist elegant high-contrast text black background,"mood: sleek, sophisticated, minimalist, anticipatory, premium. style: minimalist, elegant, high-contrast. objects: text, black background"
dynamic exhilarating powerful intense thrilling cinematic backlit atmospheric car road sky smoke,"mood: dynamic, exhilarating, powerful, intense, thrilling. style: cinematic, backlit, atmospheric. objects: car, road, sky, smoke"
minimalist professional sleek modern neutral minimalist monochromatic centered-text text logo,"mood: minimalist, professional, sleek, modern, neutral. style: minimalist, monochromatic, centered-text. objects: text, logo"
moody atmospheric intense dramatic cinematic motion-blur desaturated atmospheric airplane runway sky aircraft,"mood: moody, atmospheric, intense, dramatic, cinematic. style: motion-blur, desaturated, atmospheric. objects: airplane, runway, sky, aircraft"
elegant prestigious sophisticated luxurious refined minimalist clean corporate porsche logo car hood sky clouds,"mood: elegant, prestigious, sophisticated, luxurious, refined. style: minimalist, clean, corporate. objects: porsche logo, car hood, sky, clouds"
moody intimate warm contemplative serene dark moody cinematic stairs railing ceiling walls,"mood: moody, intimate, warm, contemplative, serene. style: dark, moody, cinematic. objects: stairs, railing, ceiling, walls"
warm mysterious elegant sophisticated contemplative cinematic warm-toned atmospheric circular surface black stripe orange line lighting,"mood: warm, mysterious, elegant, sophisticated, contemplative. style: cinematic, warm-toned, atmospheric. objects: circular surface, black stripe, orange line, lighting"
mysterious dramatic moody contemplative intimate dramatic golden-lit geometric triangular glass prism light beam shadows surface,"mood: mysterious, dramatic, moody, contemplative, intimate. style: dramatic, golden-lit, geometric. objects: triangular glass prism, light beam, shadows, surface"
mysterious serene ethereal contemplative majestic cinematic high-contrast atmospheric earth atmosphere space sunlight,"mood: mysterious, serene, ethereal, contemplative, majestic. style: cinematic, high-contrast, atmospheric. objects: earth, atmosphere, space, sunlight"
mysterious sleek moody atmospheric sophisticated moody cinematic low-light headlight car building pavement,"mood: mysterious, sleek, moody, atmospheric, sophisticated. style: moody, cinematic, low-light. objects: headlight, car, building, pavement"
mysterious dramatic sleek cinematic atmospheric cinematic moody low-lit car garage shadows lighting,"mood: mysterious, dramatic, sleek, cinematic, atmospheric. style: cinematic, moody, low-lit. objects: car, garage, shadows, lighting"
intimate cozy warm relaxed contemplative dark moody low-light phone hands ring table,"mood: intimate, cozy, warm, relaxed, contemplative. style: dark, moody, low-light. objects: phone, hands, ring, table"
dynamic energetic fast-paced thrilling intense cinematic motion-blur dynamic car street buildings motion blur,"mood: dynamic, energetic, fast-paced, thrilling, intense. style: cinematic, motion-blur, dynamic. objects: car, street, buildings, motion blur"
luxurious sophisticated dramatic stylish cinematic cinematic warm-toned urban car building person trees,"mood: luxurious, sophisticated, dramatic, stylish, cinematic. style: cinematic, warm-toned, urban. objects: car, building, person, trees"
serene peaceful calm luxurious relaxed cinematic warm-toned shallow-focus car window building person,"mood: serene, peaceful, calm, luxurious, relaxed. style: cinematic, warm-toned, shallow-focus. objects: car, window, building, person"
serene peaceful luxurious calm tranquil aerial cinematic warm-toned car pool building trees,"mood: serene, peaceful, luxurious, calm, tranquil. style: aerial, cinematic, warm-toned. objects: car, pool, building, trees"
peaceful nostalgic warm serene tranquil cinematic warm-toned atmospheric building cars trees street,"mood: peaceful, nostalgic, warm, serene, tranquil. style: cinematic, warm-toned, atmospheric. objects: building, cars, trees, street"
sleek luxurious sophisticated cinematic elegant cinematic warm-toned urban cars buildings street trees,"mood: sleek, luxurious, sophisticated, cinematic, elegant. style: cinematic, warm-toned, urban. objects: cars, buildings, street, trees"
futuristic sleek sophisticated urban aspirational cinematic warm-toned sleek car building person street,"mood: futuristic, sleek, sophisticated, urban, aspirational. style: cinematic, warm-toned, sleek. objects: car, building, person, street"
focused concentrated serious studious determined naturalistic casual handheld person car laptop glasses seatbelt,"mood: focused, concentrated, serious, studious, determined. style: naturalistic, casual, handheld. objects: person, car, laptop, glasses, seatbelt"
casual connected modern collaborative relaxed cinematic modern sleek car interior video call screen street buildings,"mood: casual, connected, modern, collaborative, relaxed. style: cinematic, modern, sleek. objects: car interior, video call screen, street, buildings"
intense focused thrilling concentrated engaged cinematic moody atmospheric people car interior screen explosion,"mood: intense, focused, thrilling, concentrated, engaged. style: cinematic, moody, atmospheric. objects: people, car interior, screen, explosion"
focused contemplative professional calm concentrated cinematic moody low-light person car interior tablet steering wheel dashboard,"mood: focused, contemplative, professional, calm, concentrated. style: cinematic, moody, low-light. objects: person, car interior, tablet, steering wheel, dashboard"
focused intense collaborative professional concentrated cinematic low-light atmospheric car people paper steering wheel,"mood: focused, intense, collaborative, professional, concentrated. style: cinematic, low-light, atmospheric. objects: car, people, paper, steering wheel"
dark contemplative serious introspective somber cinematic low-light moody person screen headphones control panel,"mood: dark, contemplative, serious, introspective, somber. style: cinematic, low-light, moody. objects: person, screen, headphones, control panel"
dark mysterious eerie isolated ominous dark atmospheric low-light road lights darkness pavement,"mood: dark, mysterious, eerie, isolated, ominous. style: dark, atmospheric, low-light. objects: road, lights, darkness, pavement"
relaxed social intimate warm convivial cinematic warm-toned atmospheric people tables restaurant sign chairs,"mood: relaxed, social, intimate, warm, convivial. style: cinematic, warm-toned, atmospheric. objects: people, tables, restaurant sign, chairs"
dark mysterious ominous tense foreboding dark atmospheric low-lit person staircase railing interior space,"mood: dark, mysterious, ominous, tense, foreboding. style: dark, atmospheric, low-lit. objects: person, staircase, railing, interior space"
welcoming modern sleek professional personalized cinematic warm-toned shallow-focus screen laptop welcome message keyboard,"mood: welcoming, modern, sleek, professional, personalized. style: cinematic, warm-toned, shallow-focus. objects: screen, laptop, welcome message, keyboard"
mysterious cinematic moody atmospheric nocturnal cinematic moody dramatic car headlights building street,"mood: mysterious, cinematic, moody, atmospheric, nocturnal. style: cinematic, moody, dramatic. objects: car, headlights, building, street"
playful humorous futuristic whimsical affectionate cinematic warm-toned futuristic car interior dog screen buildings street,"mood: playful, humorous, futuristic, whimsical, affectionate. style: cinematic, warm-toned, futuristic. objects: car interior, dog, screen, buildings, street"
sleek futuristic urban sophisticated contemplative cinematic moody atmospheric car buildings street windows,"mood: sleek, futuristic, urban, sophisticated, contemplative. style: cinematic, moody, atmospheric. objects: car, buildings, street, windows"
dark mysterious technological sleek ambient dark cinematic shallow-focus monitor keyboard icons screen,"mood: dark, mysterious, technological, sleek, ambient. style: dark, cinematic, shallow-focus. objects: monitor, keyboard, icons, screen"
cozy relaxed intimate comfortable serene moody cinematic low-light coffee cup airplane seats armrest,"mood: cozy, relaxed, intimate, comfortable, serene. style: moody, cinematic, low-light. objects: coffee cup, airplane seats, armrest"
serene peaceful contemplative tranquil calm cinematic warm-toned shallow-focus smartphone floor screen wood,"mood: serene, peaceful, contemplative, tranquil, calm. style: cinematic, warm-toned, shallow-focus. objects: smartphone, floor, screen, wood"
calm focused serene contemplative peaceful cinematic warm-toned soft-lighting woman suitcase bed curtains plant,"mood: calm, focused, serene, contemplative, peaceful. style: cinematic, warm-toned, soft-lighting. objects: woman, suitcase, bed, curtains, plant"
calm urban leisurely nostalgic peaceful cinematic warm-toned urban car building tree people street,"mood: calm, urban, leisurely, nostalgic, peaceful. style: cinematic, warm-toned, urban. objects: car, building, tree, people, street"
playful energetic carefree joyful dynamic cinematic warm-toned dramatic-lighting person tree building stairs railing,"mood: playful, energetic, carefree, joyful, dynamic. style: cinematic, warm-toned, dramatic-lighting. objects: person, tree, building, stairs, railing"
mundane gritty urban neglected desolate cinematic urban shallow-focus garbage bags recycling bin street buildings,"mood: mundane, gritty, urban, neglected, desolate. style: cinematic, urban, shallow-focus. objects: garbage bags, recycling bin, street, buildings"
playful joyful energetic carefree lighthearted cinematic warm-toned shallow-focus car woman dog buildings,"mood: playful, joyful, energetic, carefree, lighthearted. style: cinematic, warm-toned, shallow-focus. objects: car, woman, dog, buildings"
casual relaxed urban contemplative stylish cinematic warm-toned shallow-focus car person stairs building,"mood: casual, relaxed, urban, contemplative, stylish. style: cinematic, warm-toned, shallow-focus. objects: car, person, stairs, building"
futuristic sleek urban cool sophisticated futuristic urban stylized cybertruck building person street,"mood: futuristic, sleek, urban, cool, sophisticated. style: futuristic, urban, stylized. objects: cybertruck, building, person, street"
sleek minimalist futuristic corporate sophisticated minimalist high-contrast corporate tesla logo black background,"mood: sleek, minimalist, futuristic, corporate, sophisticated. style: minimalist, high-contrast, corporate. objects: tesla logo, black background"
dark empty void mysterious somber dark minimal abstract,"mood: dark, empty, void, mysterious, somber. style: dark, minimal, abstract"
melancholic serene nostalgic peaceful contemplative moody atmospheric rustic barn field clouds fence,"mood: melancholic, serene, nostalgic, peaceful, contemplative. style: moody, atmospheric, rustic. objects: barn, field, clouds, fence"
confined somber imprisoned melancholic isolated dramatic shadowy confined person bars fence cap,"mood: confined, somber, imprisoned, melancholic, isolated. style: dramatic, shadowy, confined. objects: person, bars, fence, cap"
dark ominous eerie unsettling menacing dark atmospheric dramatic bull arena dirt fence,"mood: dark, ominous, eerie, unsettling, menacing. style: dark, atmospheric, dramatic. objects: bull, arena, dirt, fence"
mysterious contemplative intimate melancholic serene moody cinematic low-light person horse,"mood: mysterious, contemplative, intimate, melancholic, serene. style: moody, cinematic, low-light. objects: person, horse"
tender caring nurturing gentle compassionate dark documentary intimate person calf bottle fence cap,"mood: tender, caring, nurturing, gentle, compassionate. style: dark, documentary, intimate. objects: person, calf, bottle, fence, cap"
calm gentle peaceful nurturing intimate cinematic moody atmospheric horse person stable doorway harness,"mood: calm, gentle, peaceful, nurturing, intimate. style: cinematic, moody, atmospheric. objects: horse, person, stable, doorway, harness"
dark confined somber isolated melancholic dark grainy surveillance-style dog leash fence pavement,"mood: dark, confined, somber, isolated, melancholic. style: dark, grainy, surveillance-style. objects: dog, leash, fence, pavement"
casual relaxed rural peaceful mundane cinematic desaturated handheld person wooden structure buckets stone wall,"mood: casual, relaxed, rural, peaceful, mundane. style: cinematic, desaturated, handheld. objects: person, wooden structure, buckets, stone wall"
active energetic playful dynamic spirited documentary natural-lighting handheld person horse fence trees,"mood: active, energetic, playful, dynamic, spirited. style: documentary, natural-lighting, handheld. objects: person, horse, fence, trees"
eerie unsettling mysterious somber ominous dark atmospheric moody person snow shovel building stairs,"mood: eerie, unsettling, mysterious, somber, ominous. style: dark, atmospheric, moody. objects: person, snow, shovel, building, stairs"
mysterious ominous tense dramatic unsettling cinematic dramatic low-key hand tool wood shavings chisel,"mood: mysterious, ominous, tense, dramatic, unsettling. style: cinematic, dramatic, low-key. objects: hand, tool, wood shavings, chisel"
peaceful tender serene affectionate calm dark intimate close-up person dog jacket,"mood: peaceful, tender, serene, affectionate, calm. style: dark, intimate, close-up. objects: person, dog, jacket"
focused determined serious contemplative intense cinematic warm-toned natural-lighting man car steering wheel baseball cap,"mood: focused, determined, serious, contemplative, intense. style: cinematic, warm-toned, natural-lighting. objects: man, car, steering wheel, baseball cap"
peaceful serene nostalgic contemplative tranquil overcast documentary handheld airplane wing runway mountains sky,"mood: peaceful, serene, nostalgic, contemplative, tranquil. style: overcast, documentary, handheld. objects: airplane wing, runway, mountains, sky"
energetic free dynamic spirited exhilarating motion-blur candid documentary-style horse truck fence grass,"mood: energetic, free, dynamic, spirited, exhilarating. style: motion-blur, candid, documentary-style. objects: horse, truck, fence, grass"
contemplative melancholic introspective somber peaceful cinematic warm-toned shallow-focus man guitar trees branches,"mood: contemplative, melancholic, introspective, somber, peaceful. style: cinematic, warm-toned, shallow-focus. objects: man, guitar, trees, branches"
peaceful serene rural tranquil nostalgic motion-blurred distant highway-perspective truck fence grass road,"mood: peaceful, serene, rural, tranquil, nostalgic. style: motion-blurred, distant, highway-perspective. objects: truck, fence, grass, road"
casual friendly relaxed collaborative comfortable cinematic naturalistic warm-toned truck men caps fence grass,"mood: casual, friendly, relaxed, collaborative, comfortable. style: cinematic, naturalistic, warm-toned. objects: truck, men, caps, fence, grass"
playful curious energetic mischievous adventurous documentary handheld natural-lighting dog truck leash person,"mood: playful, curious, energetic, mischievous, adventurous. style: documentary, handheld, natural-lighting. objects: dog, truck, leash, person"
dark eerie blurred disorienting ominous dark blurry handheld stairs person railing shadows,"mood: dark, eerie, blurred, disorienting, ominous. style: dark, blurry, handheld. objects: stairs, person, railing, shadows"
contemplative nostalgic melancholic peaceful reflective cinematic dusty dramatic truck person road fence dust,"mood: contemplative, nostalgic, melancholic, peaceful, reflective. style: cinematic, dusty, dramatic. objects: truck, person, road, fence, dust"
melancholic lonely barren contemplative desolate overcast minimal stark tree field sky people buildings,"mood: melancholic, lonely, barren, contemplative, desolate. style: overcast, minimal, stark. objects: tree, field, sky, people, buildings"
contemplative somber melancholic introspective subdued cinematic muted-tones shallow-focus person jacket hoodie building,"mood: contemplative, somber, melancholic, introspective, subdued. style: cinematic, muted-tones, shallow-focus. objects: person, jacket, hoodie, building"
contemplative melancholic solitary reflective subdued cinematic muted-tones naturalistic man newspaper beer bottle table window,"mood: contemplative, melancholic, solitary, reflective, subdued. style: cinematic, muted-tones, naturalistic. objects: man, newspaper, beer bottle, table, window"
nostalgic contemplative casual relaxed reflective intimate documentary vintage newspaper hands bottle table,"mood: nostalgic, contemplative, casual, relaxed, reflective. style: intimate, documentary, vintage. objects: newspaper, hands, bottle, table"
calm contemplative urban peaceful reflective cinematic desaturated wide-angle car interior bridge city skyline steering wheel,"mood: calm, contemplative, urban, peaceful, reflective. style: cinematic, desaturated, wide-angle. objects: car interior, bridge, city skyline, steering wheel"
festive celebratory energetic communal joyful documentary crowded handheld crowd building street people tree,"mood: festive, celebratory, energetic, communal, joyful. style: documentary, crowded, handheld. objects: crowd, building, street, people, tree"
joyful celebratory warm intimate happy blurred candid close-up people baseball cap phone crowd,"mood: joyful, celebratory, warm, intimate, happy. style: blurred, candid, close-up. objects: people, baseball cap, phone, crowd"
nostalgic peaceful rustic charming serene cinematic warm-toned shallow-focus horses harness street buildings,"mood: nostalgic, peaceful, rustic, charming, serene. style: cinematic, warm-toned, shallow-focus. objects: horses, harness, street, buildings"
excited joyful celebratory energetic enthusiastic cinematic crowd-focused dynamic-lighting people barrier crowd hands,"mood: excited, joyful, celebratory, energetic, enthusiastic. style: cinematic, crowd-focused, dynamic-lighting. objects: people, barrier, crowd, hands"
festive nostalgic gentle peaceful traditional documentary natural-lighting handheld horses harness carriage building,"mood: festive, nostalgic, gentle, peaceful, traditional. style: documentary, natural-lighting, handheld. objects: horses, harness, carriage, building"
focused attentive serious engaged contemplative realistic crowd-focused natural-lighting people baseball cap flannel shirt crowd,"mood: focused, attentive, serious, engaged, contemplative. style: realistic, crowd-focused, natural-lighting. objects: people, baseball cap, flannel shirt, crowd"
calm peaceful urban gentle serene cinematic urban close-up horse buildings sky harness,"mood: calm, peaceful, urban, gentle, serene. style: cinematic, urban, close-up. objects: horse, buildings, sky, harness"
calm gentle peaceful serene content documentary natural-lighting handheld horse person saddle stable,"mood: calm, gentle, peaceful, serene, content. style: documentary, natural-lighting, handheld. objects: horse, person, saddle, stable"
patient orderly waiting subdued anticipatory documentary muted-colors street-photography people barriers tree street building,"mood: patient, orderly, waiting, subdued, anticipatory. style: documentary, muted-colors, street-photography. objects: people, barriers, tree, street, building"
contemplative melancholic introspective subdued pensive cinematic moody shallow-focus person baseball cap car interior window,"mood: contemplative, melancholic, introspective, subdued, pensive. style: cinematic, moody, shallow-focus. objects: person, baseball cap, car interior, window"
focused determined serious intense contemplative cinematic shallow-focus desaturated truck side mirror person vehicle,"mood: focused, determined, serious, intense, contemplative. style: cinematic, shallow-focus, desaturated. objects: truck, side mirror, person, vehicle"
empty eerie desolate ominous isolated cinematic desaturated atmospheric road building barriers street lights,"mood: empty, eerie, desolate, ominous, isolated. style: cinematic, desaturated, atmospheric. objects: road, building, barriers, street lights"
surreal whimsical unexpected dreamlike fantastical urban overcast documentary dog street buildings trees,"mood: surreal, whimsical, unexpected, dreamlike, fantastical. style: urban, overcast, documentary. objects: dog, street, buildings, trees"
serious vigilant authoritative tense focused surveillance documentary handheld person truck building road,"mood: serious, vigilant, authoritative, tense, focused. style: surveillance, documentary, handheld. objects: person, truck, building, road"
dynamic urgent energetic bustling rushed blurred motion-capture urban person building street pillar,"mood: dynamic, urgent, energetic, bustling, rushed. style: blurred, motion-capture, urban. objects: person, building, street, pillar"
urgent distressed panicked desperate alarmed cinematic motion-blur handheld person car street building,"mood: urgent, distressed, panicked, desperate, alarmed. style: cinematic, motion-blur, handheld. objects: person, car, street, building"
blurry distant melancholic contemplative subdued shallow-focus soft-lit atmospheric person vehicle interior buildings steering wheel,"mood: blurry, distant, melancholic, contemplative, subdued. style: shallow-focus, soft-lit, atmospheric. objects: person, vehicle interior, buildings, steering wheel"
urban calm controlled subdued orderly urban documentary overcast horse street barriers buildings trees road,"mood: urban, calm, controlled, subdued, orderly. style: urban, documentary, overcast. objects: horse, street barriers, buildings, trees, road"
playful mischievous secretive sneaky amused moody cinematic soft-focus person hat jacket wall,"mood: playful, mischievous, secretive, sneaky, amused. style: moody, cinematic, soft-focus. objects: person, hat, jacket, wall"
tense somber restricted controlled ominous documentary muted-tones wide-angle horse barriers road building,"mood: tense, somber, restricted, controlled, ominous. style: documentary, muted-tones, wide-angle. objects: horse, barriers, road, building"
playful engaging promotional interactive festive bold minimalist textured text red background commercial advertisement social media post,"mood: playful, engaging, promotional, interactive, festive. style: bold, minimalist, textured. objects: text, red background, commercial advertisement, social media post"
dark empty void neutral blank black minimal empty,"mood: dark, empty, void, neutral, blank. style: black, minimal, empty"
sleek sophisticated luxurious serene elegant cinematic shallow-focus atmospheric car audi logo mountains sky,"mood: sleek, sophisticated, luxurious, serene, elegant. style: cinematic, shallow-focus, atmospheric. objects: car, audi logo, mountains, sky"
contemplative melancholic introspective subdued pensive cinematic cool-toned shallow-focus man glass lights reflection,"mood: contemplative, melancholic, introspective, subdued, pensive. style: cinematic, cool-toned, shallow-focus. objects: man, glass, lights, reflection"
ethereal dreamy serene contemplative tranquil blurry monochromatic motion-blur car window steering wheel dashboard glass reflection,"mood: ethereal, dreamy, serene, contemplative, tranquil. style: blurry, monochromatic, motion-blur. objects: car window, steering wheel, dashboard, glass reflection"
mysterious sleek atmospheric anticipatory ethereal cinematic ethereal high-contrast car headlights mist road,"mood: mysterious, sleek, atmospheric, anticipatory, ethereal. style: cinematic, ethereal, high-contrast. objects: car, headlights, mist, road"
mysterious intense dramatic contemplative ethereal cinematic atmospheric moody person smoke face text,"mood: mysterious, intense, dramatic, contemplative, ethereal. style: cinematic, atmospheric, moody. objects: person, smoke, face, text"
sleek modern sophisticated dynamic futuristic sleek automotive high-tech car headlight vehicle body led lights chrome trim,"mood: sleek, modern, sophisticated, dynamic, futuristic. style: sleek, automotive, high-tech. objects: car headlight, vehicle body, led lights, chrome trim"
sleek futuristic sophisticated polished aspirational cinematic cool-toned shallow-focus car garage concrete floor wall,"mood: sleek, futuristic, sophisticated, polished, aspirational. style: cinematic, cool-toned, shallow-focus. objects: car, garage, concrete floor, wall"
sleek futuristic cold mysterious sophisticated cinematic cool-toned shallow-focus car garage concrete floor,"mood: sleek, futuristic, cold, mysterious, sophisticated. style: cinematic, cool-toned, shallow-focus. objects: car, garage, concrete floor"
sleek sophisticated modern elegant aspirational sleek automotive motion-blur car window door handle text,"mood: sleek, sophisticated, modern, elegant, aspirational. style: sleek, automotive, motion-blur. objects: car, window, door handle, text"
contemplative hopeful serene aspirational peaceful cinematic dramatic ethereal man suit clouds sky beard,"mood: contemplative, hopeful, serene, aspirational, peaceful. style: cinematic, dramatic, ethereal. objects: man, suit, clouds, sky, beard"
sleek futuristic sophisticated anticipatory premium sleek futuristic high-contrast car wheels garage text,"mood: sleek, futuristic, sophisticated, anticipatory, premium. style: sleek, futuristic, high-contrast. objects: car, wheels, garage, text"
sleek futuristic sophisticated aspirational confident sleek dramatic futuristic car building text wheels,"mood: sleek, futuristic, sophisticated, aspirational, confident. style: sleek, dramatic, futuristic. objects: car, building, text, wheels"
contemplative introspective melancholic pensive somber atmospheric soft-focus moody person blinds window shadows,"mood: contemplative, introspective, melancholic, pensive, somber. style: atmospheric, soft-focus, moody. objects: person, blinds, window, shadows"
sleek futuristic technological precise sophisticated sleek monochromatic aerodynamic aircraft cockpit pilot canopy,"mood: sleek, futuristic, technological, precise, sophisticated. style: sleek, monochromatic, aerodynamic. objects: aircraft, cockpit, pilot, canopy"
dynamic sleek energetic modern intense abstract motion-blur geometric car taillight road surface reflections,"mood: dynamic, sleek, energetic, modern, intense. style: abstract, motion-blur, geometric. objects: car, taillight, road surface, reflections"
modern sleek sophisticated minimalist professional sleek automotive close-up car badge taillight text,"mood: modern, sleek, sophisticated, minimalist, professional. style: sleek, automotive, close-up. objects: car, badge, taillight, text"
sleek modern sophisticated elegant luxurious sleek monochromatic automotive car sunroof seats interior,"mood: sleek, modern, sophisticated, elegant, luxurious. style: sleek, monochromatic, automotive. objects: car, sunroof, seats, interior"
sleek futuristic sophisticated dynamic aspirational futuristic high-contrast atmospheric car wheel building bridge,"mood: sleek, futuristic, sophisticated, dynamic, aspirational. style: futuristic, high-contrast, atmospheric. objects: car, wheel, building, bridge"
futuristic sleek sophisticated minimalist elegant futuristic minimalist high-tech car architectural structure light beams concrete walls,"mood: futuristic, sleek, sophisticated, minimalist, elegant. style: futuristic, minimalist, high-tech. objects: car, architectural structure, light beams, concrete walls"
sleek futuristic sophisticated aspirational dynamic sleek modern automotive car license plate exhaust pipes concrete surface,"mood: sleek, futuristic, sophisticated, aspirational, dynamic. style: sleek, modern, automotive. objects: car, license plate, exhaust pipes, concrete surface"
mysterious dramatic intense shadowy contemplative moody atmospheric silhouetted man face smoke text,"mood: mysterious, dramatic, intense, shadowy, contemplative. style: moody, atmospheric, silhouetted. objects: man, face, smoke, text"
futuristic sleek sophisticated innovative aspirational futuristic minimalist architectural car tunnel architectural structure text,"mood: futuristic, sleek, sophisticated, innovative, aspirational. style: futuristic, minimalist, architectural. objects: car, tunnel, architectural structure, text"
sleek futuristic sophisticated dynamic aspirational cinematic futuristic sleek car road tunnel sky,"mood: sleek, futuristic, sophisticated, dynamic, aspirational. style: cinematic, futuristic, sleek. objects: car, road, tunnel, sky"
serene aspirational clean expansive premium minimalist bright ethereal audi logo sky mountains landscape,"mood: serene, aspirational, clean, expansive, premium. style: minimalist, bright, ethereal. objects: audi logo, sky, mountains, landscape"
minimalist clean corporate sophisticated neutral minimalist monochromatic geometric logo rings circles interlocking rings,"mood: minimalist, clean, corporate, sophisticated, neutral. style: minimalist, monochromatic, geometric. objects: logo, rings, circles, interlocking rings"
sleek sophisticated professional minimalist elegant minimalist high-contrast corporate text logo brand name channel branding,"mood: sleek, sophisticated, professional, minimalist, elegant. style: minimalist, high-contrast, corporate. objects: text, logo, brand name, channel branding"
confident elegant poised sophisticated glamorous minimalist high-fashion corporate woman jacket backdrop logos,"mood: confident, elegant, poised, sophisticated, glamorous. style: minimalist, high-fashion, corporate. objects: woman, jacket, backdrop, logos"
relaxed confident cheerful casual comfortable contemporary branded casual person jacket backdrop logos beanie,"mood: relaxed, confident, cheerful, casual, comfortable. style: contemporary, branded, casual. objects: person, jacket, backdrop, logos, beanie"
joyful celebratory energetic enthusiastic triumphant celebratory high-energy documentary-style people goggles clothing microphones,"mood: joyful, celebratory, energetic, enthusiastic, triumphant. style: celebratory, high-energy, documentary-style. objects: people, goggles, clothing, microphones"
elegant confident glamorous poised sophisticated fashion-forward editorial high-contrast woman dress backdrop logos,"mood: elegant, confident, glamorous, poised, sophisticated. style: fashion-forward, editorial, high-contrast. objects: woman, dress, backdrop, logos"
energetic vibrant celebratory exciting euphoric atmospheric neon-lit concert-style stage crowd screens lighting audience,"mood: energetic, vibrant, celebratory, exciting, euphoric. style: atmospheric, neon-lit, concert-style. objects: stage, crowd, screens, lighting, audience"
energetic crowded vibrant celebratory bustling moody purple-tinted atmospheric crowd screens lighting stage people,"mood: energetic, crowded, vibrant, celebratory, bustling. style: moody, purple-tinted, atmospheric. objects: crowd, screens, lighting, stage, people"
elegant sophisticated minimalist pristine ethereal minimalist monochromatic high-fashion runway models lights clothing,"mood: elegant, sophisticated, minimalist, pristine, ethereal. style: minimalist, monochromatic, high-fashion. objects: runway, models, lights, clothing"
serene ethereal graceful contemplative minimalist minimalist ethereal monochromatic performers suspension cables ceiling wall,"mood: serene, ethereal, graceful, contemplative, minimalist. style: minimalist, ethereal, monochromatic. objects: performers, suspension cables, ceiling, wall"
contemplative melancholic intimate pensive somber cinematic blue-tinted atmospheric screen audience projection people,"mood: contemplative, melancholic, intimate, pensive, somber. style: cinematic, blue-tinted, atmospheric. objects: screen, audience, projection, people"
energetic vibrant exciting electric dynamic moody neon-lit atmospheric people laser lights stage audience,"mood: energetic, vibrant, exciting, electric, dynamic. style: moody, neon-lit, atmospheric. objects: people, laser lights, stage, audience"
mysterious dark dramatic enigmatic haunting dramatic monochromatic avant-garde person hat coat belt,"mood: mysterious, dark, dramatic, enigmatic, haunting. style: dramatic, monochromatic, avant-garde. objects: person, hat, coat, belt"
energetic festive vibrant social celebratory atmospheric purple-tinted event-lighting crowd people purple lighting venue screens,"mood: energetic, festive, vibrant, social, celebratory. style: atmospheric, purple-tinted, event-lighting. objects: crowd, people, purple lighting, venue, screens"
casual focused content relaxed engaged bright minimal contemporary woman phone yellow jacket wall,"mood: casual, focused, content, relaxed, engaged. style: bright, minimal, contemporary. objects: woman, phone, yellow jacket, wall"
dramatic intense bold futuristic confident dramatic pink-saturated fashion-forward models runway fashion show coats sunglasses,"mood: dramatic, intense, bold, futuristic, confident. style: dramatic, pink-saturated, fashion-forward. objects: models, runway, fashion show, coats, sunglasses"
dreamy ethereal vibrant mysterious elegant blurred neon-lit abstract lights shapes logo channel branding,"mood: dreamy, ethereal, vibrant, mysterious, elegant. style: blurred, neon-lit, abstract. objects: lights, shapes, logo, channel branding"
dramatic mysterious intense surreal theatrical dramatic monochromatic atmospheric models runway coats fashion show pink lighting,"mood: dramatic, mysterious, intense, surreal, theatrical. style: dramatic, monochromatic, atmospheric. objects: models, runway, coats, fashion show, pink lighting"
futuristic dramatic avant-garde mysterious theatrical futuristic minimalist high-contrast figures runway ceiling handbag alcoves,"mood: futuristic, dramatic, avant-garde, mysterious, theatrical. style: futuristic, minimalist, high-contrast. objects: figures, runway, ceiling, handbag, alcoves"
vibrant confident avant-garde theatrical bold futuristic high-fashion avant-garde model runway ceiling sunglasses dress,"mood: vibrant, confident, avant-garde, theatrical, bold. style: futuristic, high-fashion, avant-garde. objects: model, runway, ceiling, sunglasses, dress"
sleek modern sophisticated elegant pristine modern minimalist high-contrast runway legs heels reflection floor,"mood: sleek, modern, sophisticated, elegant, pristine. style: modern, minimalist, high-contrast. objects: runway, legs, heels, reflection, floor"
futuristic sterile minimalist avant-garde surreal futuristic minimalist high-contrast models runway ceiling audience geometric structure,"mood: futuristic, sterile, minimalist, avant-garde, surreal. style: futuristic, minimalist, high-contrast. objects: models, runway, ceiling, audience, geometric structure"
friendly cheerful warm social joyful candid documentary intimate women jackets phones wall people,"mood: friendly, cheerful, warm, social, joyful. style: candid, documentary, intimate. objects: women, jackets, phones, wall, people"
curious playful intimate casual intriguing documentary candid natural-lighting dog people microphone camera handbag,"mood: curious, playful, intimate, casual, intriguing. style: documentary, candid, natural-lighting. objects: dog, people, microphone, camera, handbag"
playful whimsical lighthearted fashionable entertaining dramatic smoky editorial woman dog mirror phone jacket,"mood: playful, whimsical, lighthearted, fashionable, entertaining. style: dramatic, smoky, editorial. objects: woman, dog, mirror, phone, jacket"
energetic vibrant exciting festive electric nightclub neon-lit atmospheric stage crowd lights screens,"mood: energetic, vibrant, exciting, festive, electric. style: nightclub, neon-lit, atmospheric. objects: stage, crowd, lights, screens"
minimal sophisticated clean corporate elegant minimalist high-contrast geometric logo text squares building,"mood: minimal, sophisticated, clean, corporate, elegant. style: minimalist, high-contrast, geometric. objects: logo, text, squares, building"
cheerful enthusiastic friendly animated positive casual bright-lit conversational person hands polo shirt window blinds,"mood: cheerful, enthusiastic, friendly, animated, positive. style: casual, bright-lit, conversational. objects: person, hands, polo shirt, window, blinds"
casual confident friendly relaxed approachable clean minimalist casual man polo shirt window blinds,"mood: casual, confident, friendly, relaxed, approachable. style: clean, minimalist, casual. objects: man, polo shirt, window, blinds"
cheerful friendly relaxed positive meme-style overlaid-text casual-portrait person numbers text shirt,"mood: cheerful, friendly, relaxed, positive. style: meme-style, overlaid-text, casual-portrait. objects: person, numbers, text, shirt"
calm professional neutral composed relaxed clean minimalist well-lit person polo shirt window wall,"mood: calm, professional, neutral, composed, relaxed. style: clean, minimalist, well-lit. objects: person, polo shirt, window, wall"
neutral casual simple organized calm flat-lay product-focused minimalist jeans wooden floor label pocket,"mood: neutral, casual, simple, organized, calm. style: flat-lay, product-focused, minimalist. objects: jeans, wooden floor, label, pocket"
neutral informative practical methodical straightforward product-focused documentary-style overhead-shot jeans measuring tape wooden surface,"mood: neutral, informative, practical, methodical, straightforward. style: product-focused, documentary-style, overhead-shot. objects: jeans, measuring tape, wooden surface"
practical instructional neutral methodical straightforward instructional flat-lay measurement-focused pants measuring tape wooden floor hands,"mood: practical, instructional, neutral, methodical, straightforward. style: instructional, flat-lay, measurement-focused. objects: pants, measuring tape, wooden floor, hands"
neutral informative practical straightforward clinical flat-lay product-photography overhead-shot jeans measuring tape wood floor label,"mood: neutral, informative, practical, straightforward, clinical. style: flat-lay, product-photography, overhead-shot. objects: jeans, measuring tape, wood floor, label"
practical methodical informative neutral precise instructional clean documentary pants measuring tape wood floor fabric,"mood: practical, methodical, informative, neutral, precise. style: instructional, clean, documentary. objects: pants, measuring tape, wood floor, fabric"
casual relaxed informative neutral professional documentary casual informational person door window building pants,"mood: casual, relaxed, informative, neutral, professional. style: documentary, casual, informational. objects: person, door, window, building, pants"
casual nostalgic classic timeless authentic flat-lay product-focused warm-lit jeans tag wooden floor buttons,"mood: casual, nostalgic, classic, timeless, authentic. style: flat-lay, product-focused, warm-lit. objects: jeans, tag, wooden floor, buttons"
neutral informative practical straightforward methodical flat-lay instructional product-focused jeans measuring tape tag wooden floor,"mood: neutral, informative, practical, straightforward, methodical. style: flat-lay, instructional, product-focused. objects: jeans, measuring tape, tag, wooden floor"
neutral informative practical straightforward instructional instructional overhead product-focused jeans measuring tape tag wooden surface,"mood: neutral, informative, practical, straightforward, instructional. style: instructional, overhead, product-focused. objects: jeans, measuring tape, tag, wooden surface"
neutral informative practical straightforward commercial flat-lay instructional product-focused jeans measuring tape tag wooden floor,"mood: neutral, informative, practical, straightforward, commercial. style: flat-lay, instructional, product-focused. objects: jeans, measuring tape, tag, wooden floor"
neutral practical methodical informative precise educational overhead-shot measurement-focused jeans measuring tape floor leg opening,"mood: neutral, practical, methodical, informative, precise. style: educational, overhead-shot, measurement-focused. objects: jeans, measuring tape, floor, leg opening"
casual informative neutral practical straightforward instructional casual documentary person jeans building door window,"mood: casual, informative, neutral, practical, straightforward. style: instructional, casual, documentary. objects: person, jeans, building, door, window"
casual commercial neutral practical ordinary flat-lay product-focused warm-lighting jeans tags wooden floor pocket,"mood: casual, commercial, neutral, practical, ordinary. style: flat-lay, product-focused, warm-lighting. objects: jeans, tags, wooden floor, pocket"
neutral informative practical straightforward clinical product-photography well-lit informational jeans measuring tape wooden floor,"mood: neutral, informative, practical, straightforward, clinical. style: product-photography, well-lit, informational. objects: jeans, measuring tape, wooden floor"
practical neutral informative methodical focused instructional overhead-shot practical jeans measuring tape floor labels,"mood: practical, neutral, informative, methodical, focused. style: instructional, overhead-shot, practical. objects: jeans, measuring tape, floor, labels"
practical informative neutral methodical commercial overhead documentary informational jeans measuring tape floor tags,"mood: practical, informative, neutral, methodical, commercial. style: overhead, documentary, informational. objects: jeans, measuring tape, floor, tags"
practical instructional methodical precise focused instructional overhead-shot casual jeans measuring tape wooden floor,"mood: practical, instructional, methodical, precise, focused. style: instructional, overhead-shot, casual. objects: jeans, measuring tape, wooden floor"
casual relaxed neutral informative mundane casual documentary-style natural-lighting person jeans building door window,"mood: casual, relaxed, neutral, informative, mundane. style: casual, documentary-style, natural-lighting. objects: person, jeans, building, door, window"
casual neutral simple ordinary mundane product-focused warm-lighting documentary-style jeans tag wooden floor label,"mood: casual, neutral, simple, ordinary, mundane. style: product-focused, warm-lighting, documentary-style. objects: jeans, tag, wooden floor, label"
neutral practical informative straightforward commercial overhead product-photography measurement-documentation jeans measuring tape wooden floor price tags,"mood: neutral, practical, informative, straightforward, commercial. style: overhead, product-photography, measurement-documentation. objects: jeans, measuring tape, wooden floor, price tags"
practical neutral informative methodical straightforward instructional bright-lit flat-lay jeans measuring tape floor tags,"mood: practical, neutral, informative, methodical, straightforward. style: instructional, bright-lit, flat-lay. objects: jeans, measuring tape, floor, tags"
neutral informative practical straightforward commercial product-photography overhead-lighting instructional jeans measuring tape wooden floor tags,"mood: neutral, informative, practical, straightforward, commercial. style: product-photography, overhead-lighting, instructional. objects: jeans, measuring tape, wooden floor, tags"
practical instructional focused methodical straightforward instructional overhead-shot measurement-focused jeans measuring tape wooden floor,"mood: practical, instructional, focused, methodical, straightforward. style: instructional, overhead-shot, measurement-focused. objects: jeans, measuring tape, wooden floor"
casual relaxed informative neutral demonstrative casual documentary informational person jeans building door window,"mood: casual, relaxed, informative, neutral, demonstrative. style: casual, documentary, informational. objects: person, jeans, building, door, window"
casual relaxed ordinary neutral mundane overhead product-focused natural-lighting jeans wooden floor price tag label,"mood: casual, relaxed, ordinary, neutral, mundane. style: overhead, product-focused, natural-lighting. objects: jeans, wooden floor, price tag, label"
neutral informative practical straightforward methodical product-demonstration overhead-lighting measurement-focused jeans measuring tape wooden surface,"mood: neutral, informative, practical, straightforward, methodical. style: product-demonstration, overhead-lighting, measurement-focused. objects: jeans, measuring tape, wooden surface"
informational neutral practical straightforward descriptive flat-lay instructional clean-lighting jeans measuring tape wooden floor,"mood: informational, neutral, practical, straightforward, descriptive. style: flat-lay, instructional, clean-lighting. objects: jeans, measuring tape, wooden floor"
instructional practical methodical straightforward informative instructional documentary overhead-shot jeans measuring tape wooden surface,"mood: instructional, practical, methodical, straightforward, informative. style: instructional, documentary, overhead-shot. objects: jeans, measuring tape, wooden surface"
focused methodical practical instructional precise instructional clean bright jeans measuring tape fabric wood floor,"mood: focused, methodical, practical, instructional, precise. style: instructional, clean, bright. objects: jeans, measuring tape, fabric, wood floor"
casual relaxed informative neutral demonstration casual documentary natural-lighting person jeans building door window,"mood: casual, relaxed, informative, neutral, demonstration. style: casual, documentary, natural-lighting. objects: person, jeans, building, door, window"
calm conversational relaxed engaging thoughtful casual natural-lighting domestic person hands wall flowers,"mood: calm, conversational, relaxed, engaging, thoughtful. style: casual, natural-lighting, domestic. objects: person, hands, wall, flowers"
neutral practical organized methodical commercial product-focused overhead-shot flat-lay jeans measuring tape yellow tag floor,"mood: neutral, practical, organized, methodical, commercial. style: product-focused, overhead-shot, flat-lay. objects: jeans, measuring tape, yellow tag, floor"
practical informative neutral methodical instructional instructional clean overhead-shot jeans measuring tape floor fabric,"mood: practical, informative, neutral, methodical, instructional. style: instructional, clean, overhead-shot. objects: jeans, measuring tape, floor, fabric"
neutral practical informative straightforward commercial flat-lay product-photography instructional jeans measuring tape yellow tag floor,"mood: neutral, practical, informative, straightforward, commercial. style: flat-lay, product-photography, instructional. objects: jeans, measuring tape, yellow tag, floor"
practical informative methodical precise instructional instructional clean well-lit jeans ruler floor fabric,"mood: practical, informative, methodical, precise, instructional. style: instructional, clean, well-lit. objects: jeans, ruler, floor, fabric"
casual relaxed neutral everyday informal casual comparison documentary person jeans road houses shoes,"mood: casual, relaxed, neutral, everyday, informal. style: casual, comparison, documentary. objects: person, jeans, road, houses, shoes"
casual relaxed organized neutral everyday clean product-focused overhead jeans wooden floor tags label,"mood: casual, relaxed, organized, neutral, everyday. style: clean, product-focused, overhead. objects: jeans, wooden floor, tags, label"
neutral practical informative straightforward mundane casual flat-lay measurement jeans measuring tape wooden surface,"mood: neutral, practical, informative, straightforward, mundane. style: casual, flat-lay, measurement. objects: jeans, measuring tape, wooden surface"
practical methodical precise informative neutral documentary overhead-shot instructional jeans measuring tape floor fabric,"mood: practical, methodical, precise, informative, neutral. style: documentary, overhead-shot, instructional. objects: jeans, measuring tape, floor, fabric"
practical informative neutral methodical straightforward flat-lay product-photography overhead-shot jeans measuring tape wooden floor,"mood: practical, informative, neutral, methodical, straightforward. style: flat-lay, product-photography, overhead-shot. objects: jeans, measuring tape, wooden floor"
focused methodical precise instructional practical instructional warm-lighting close-up jeans measuring tape wooden floor,"mood: focused, methodical, precise, instructional, practical. style: instructional, warm-lighting, close-up. objects: jeans, measuring tape, wooden floor"
casual relaxed confident stylish comfortable casual minimalist product-focused person jeans building door shoes,"mood: casual, relaxed, confident, stylish, comfortable. style: casual, minimalist, product-focused. objects: person, jeans, building, door, shoes"
casual neutral practical simple everyday minimalist product-focused overhead-shot jeans wooden floor label pocket,"mood: casual, neutral, practical, simple, everyday. style: minimalist, product-focused, overhead-shot. objects: jeans, wooden floor, label, pocket"
neutral practical informative straightforward mundane clean instructional overhead-shot pants measuring tape wooden floor,"mood: neutral, practical, informative, straightforward, mundane. style: clean, instructional, overhead-shot. objects: pants, measuring tape, wooden floor"
practical methodical instructional neutral focused flat-lay instructional clean-lighting pants measuring tape wooden floor,"mood: practical, methodical, instructional, neutral, focused. style: flat-lay, instructional, clean-lighting. objects: pants, measuring tape, wooden floor"
neutral informative practical straightforward mundane overhead flat-lay informational pants measuring tape wooden floor label,"mood: neutral, informative, practical, straightforward, mundane. style: overhead, flat-lay, informational. objects: pants, measuring tape, wooden floor, label"
practical methodical precise straightforward instructional instructional overhead-view measuring-focused fabric measuring tape ruler wood floor,"mood: practical, methodical, precise, straightforward, instructional. style: instructional, overhead-view, measuring-focused. objects: fabric, measuring tape, ruler, wood floor"
casual relaxed informative practical neutral casual documentary product-focused person pants boots door building,"mood: casual, relaxed, informative, practical, neutral. style: casual, documentary, product-focused. objects: person, pants, boots, door, building"
casual relaxed neutral ordinary mundane flat-lay warm-lighting product-focused jeans tag wooden floor,"mood: casual, relaxed, neutral, ordinary, mundane. style: flat-lay, warm-lighting, product-focused. objects: jeans, tag, wooden floor"
neutral informative practical straightforward clinical overhead measurement tutorial jeans measuring tape wooden floor tag,"mood: neutral, informative, practical, straightforward, clinical. style: overhead, measurement, tutorial. objects: jeans, measuring tape, wooden floor, tag"
practical mundane methodical neutral informative overhead instructional documentary-style jeans measuring tape floor text label,"mood: practical, mundane, methodical, neutral, informative. style: overhead, instructional, documentary-style. objects: jeans, measuring tape, floor, text label"
informative neutral practical methodical straightforward overhead instructional bright-lit jeans measuring tape wooden floor,"mood: informative, neutral, practical, methodical, straightforward. style: overhead, instructional, bright-lit. objects: jeans, measuring tape, wooden floor"
practical methodical focused instructional precise instructional flat-lay crisp-focus jeans measuring tape wooden table ruler,"mood: practical, methodical, focused, instructional, precise. style: instructional, flat-lay, crisp-focus. objects: jeans, measuring tape, wooden table, ruler"
casual relaxed neutral informal everyday casual documentary natural-lighting person jeans building door window,"mood: casual, relaxed, neutral, informal, everyday. style: casual, documentary, natural-lighting. objects: person, jeans, building, door, window"
casual relaxed simple neutral everyday flat-lay product-focused natural-lighting jeans wooden floor leather label,"mood: casual, relaxed, simple, neutral, everyday. style: flat-lay, product-focused, natural-lighting. objects: jeans, wooden floor, leather label"
neutral practical informative straightforward mundane flat-lay product-photography overhead jeans measuring tape wooden surface,"mood: neutral, practical, informative, straightforward, mundane. style: flat-lay, product-photography, overhead. objects: jeans, measuring tape, wooden surface"
practical instructional methodical straightforward informative instructional bright-lit overhead-angle jeans measuring tape floor fabric,"mood: practical, instructional, methodical, straightforward, informative. style: instructional, bright-lit, overhead-angle. objects: jeans, measuring tape, floor, fabric"
neutral practical informative methodical straightforward flat-lay instructional documentary jeans measuring tape wooden surface,"mood: neutral, practical, informative, methodical, straightforward. style: flat-lay, instructional, documentary. objects: jeans, measuring tape, wooden surface"
practical informative neutral methodical instructional instructional flat-lay measurement-focused jeans ruler wood floor measuring tape,"mood: practical, informative, neutral, methodical, instructional. style: instructional, flat-lay, measurement-focused. objects: jeans, ruler, wood floor, measuring tape"
casual relaxed informative neutral practical casual documentary natural-lighting person jeans door building shoes,"mood: casual, relaxed, informative, neutral, practical. style: casual, documentary, natural-lighting. objects: person, jeans, door, building, shoes"
casual neutral practical simple ordinary flat-lay product-focused documentary jeans wooden floor label text,"mood: casual, neutral, practical, simple, ordinary. style: flat-lay, product-focused, documentary. objects: jeans, wooden floor, label, text"
practical instructional neutral informative straightforward product-focused overhead-angle instructional jeans measuring tape wooden surface label,"mood: practical, instructional, neutral, informative, straightforward. style: product-focused, overhead-angle, instructional. objects: jeans, measuring tape, wooden surface, label"
practical instructional neutral methodical straightforward instructional bright overhead jeans measuring tape wooden surface,"mood: practical, instructional, neutral, methodical, straightforward. style: instructional, bright, overhead. objects: jeans, measuring tape, wooden surface"
casual practical informative neutral straightforward product-photography overhead-shot measurement-focused jeans measuring tape wooden surface tags,"mood: casual, practical, informative, neutral, straightforward. style: product-photography, overhead-shot, measurement-focused. objects: jeans, measuring tape, wooden surface, tags"
practical methodical precise informative straightforward instructional clean close-up jeans measuring tape ruler fabric,"mood: practical, methodical, precise, informative, straightforward. style: instructional, clean, close-up. objects: jeans, measuring tape, ruler, fabric"
casual neutral informative straightforward demonstrative casual documentary informational person jeans building door window,"mood: casual, neutral, informative, straightforward, demonstrative. style: casual, documentary, informational. objects: person, jeans, building, door, window"
clean casual organized simple neutral clean minimalist product-focused jeans wooden floor levi's label denim,"mood: clean, casual, organized, simple, neutral. style: clean, minimalist, product-focused. objects: jeans, wooden floor, levi's label, denim"
neutral practical informative straightforward commercial flat-lay measurement product-focused white pants measuring tape wooden floor buttons,"mood: neutral, practical, informative, straightforward, commercial. style: flat-lay, measurement, product-focused. objects: white pants, measuring tape, wooden floor, buttons"
informative neutral methodical practical straightforward documentary instructional overhead-shot pants measuring tape floor text,"mood: informative, neutral, methodical, practical, straightforward. style: documentary, instructional, overhead-shot. objects: pants, measuring tape, floor, text"
neutral informative practical straightforward casual educational overhead-shot flat-lighting jeans measuring tape wooden floor,"mood: neutral, informative, practical, straightforward, casual. style: educational, overhead-shot, flat-lighting. objects: jeans, measuring tape, wooden floor"
practical instructional focused methodical informative educational bright-lit close-up measuring tape fabric snap button wooden surface,"mood: practical, instructional, focused, methodical, informative. style: educational, bright-lit, close-up. objects: measuring tape, fabric, snap button, wooden surface"
casual relaxed neutral informative demonstrative casual urban documentary person pants building window shoes,"mood: casual, relaxed, neutral, informative, demonstrative. style: casual, urban, documentary. objects: person, pants, building, window, shoes"
casual relaxed neutral commercial mundane product-photography warm-lighting overhead-shot jeans tag wooden floor text overlay,"mood: casual, relaxed, neutral, commercial, mundane. style: product-photography, warm-lighting, overhead-shot. objects: jeans, tag, wooden floor, text overlay"
neutral methodical organized practical commercial product-photography flat-lay measurement-focused jeans measuring tape wooden floor price tag,"mood: neutral, methodical, organized, practical, commercial. style: product-photography, flat-lay, measurement-focused. objects: jeans, measuring tape, wooden floor, price tag"
practical informative methodical straightforward mundane casual instructional documentary-style jeans measuring tape wooden floor,"mood: practical, informative, methodical, straightforward, mundane. style: casual, instructional, documentary-style. objects: jeans, measuring tape, wooden floor"
neutral informative casual practical straightforward documentary overhead-shot practical jeans measuring tape tags wooden floor,"mood: neutral, informative, casual, practical, straightforward. style: documentary, overhead-shot, practical. objects: jeans, measuring tape, tags, wooden floor"
informative practical neutral instructional methodical instructional overhead measurement jeans measuring tape wooden floor fabric,"mood: informative, practical, neutral, instructional, methodical. style: instructional, overhead, measurement. objects: jeans, measuring tape, wooden floor, fabric"
casual relaxed informative neutral demonstrative casual lifestyle informational person jeans building door window,"mood: casual, relaxed, informative, neutral, demonstrative. style: casual, lifestyle, informational. objects: person, jeans, building, door, window"
casual neutral commercial straightforward mundane overhead documentary warm-lit jeans tag wooden floor text overlay,"mood: casual, neutral, commercial, straightforward, mundane. style: overhead, documentary, warm-lit. objects: jeans, tag, wooden floor, text overlay"
neutral practical informative straightforward mundane product-photography overhead-lighting measurement-focused pants measuring tape tags wooden floor,"mood: neutral, practical, informative, straightforward, mundane. style: product-photography, overhead-lighting, measurement-focused. objects: pants, measuring tape, tags, wooden floor"
practical methodical mundane focused instructional instructional flat-lay documentary pants measuring tape floor label,"mood: practical, methodical, mundane, focused, instructional. style: instructional, flat-lay, documentary. objects: pants, measuring tape, floor, label"
informative neutral practical methodical straightforward flat-lay product-focused instructional jeans measuring tape tags floor,"mood: informative, neutral, practical, methodical, straightforward. style: flat-lay, product-focused, instructional. objects: jeans, measuring tape, tags, floor"
neutral methodical practical informative straightforward instructional flat-lay documentary measuring tape fabric pants wooden floor,"mood: neutral, methodical, practical, informative, straightforward. style: instructional, flat-lay, documentary. objects: measuring tape, fabric, pants, wooden floor"
casual relaxed neutral informative practical casual natural informational person pants building door window,"mood: casual, relaxed, neutral, informative, practical. style: casual, natural, informational. objects: person, pants, building, door, window"
casual neutral simple organized mundane flat-lay minimal product-focused jeans wooden floor label tag,"mood: casual, neutral, simple, organized, mundane. style: flat-lay, minimal, product-focused. objects: jeans, wooden floor, label, tag"
neutral methodical practical straightforward mundane flat-lay documentary overhead jeans measuring tape wooden floor price tag,"mood: neutral, methodical, practical, straightforward, mundane. style: flat-lay, documentary, overhead. objects: jeans, measuring tape, wooden floor, price tag"
practical instructional neutral methodical informative instructional overhead-shot documentary jeans measuring tape wooden floor,"mood: practical, instructional, neutral, methodical, informative. style: instructional, overhead-shot, documentary. objects: jeans, measuring tape, wooden floor"
neutral practical informative straightforward clinical flat-lay instructional overhead jeans measuring tape wooden floor hand,"mood: neutral, practical, informative, straightforward, clinical. style: flat-lay, instructional, overhead. objects: jeans, measuring tape, wooden floor, hand"
practical instructional neutral methodical informative instructional flat-lay measurement-focused measuring tape pants wooden floor fabric,"mood: practical, instructional, neutral, methodical, informative. style: instructional, flat-lay, measurement-focused. objects: measuring tape, pants, wooden floor, fabric"
casual relaxed informative neutral demonstrative casual documentary natural-lighting person jeans building door,"mood: casual, relaxed, informative, neutral, demonstrative. style: casual, documentary, natural-lighting. objects: person, jeans, building, door"
casual informative comparative neutral practical comparison casual informational person jeans wall sneakers,"mood: casual, informative, comparative, neutral, practical. style: comparison, casual, informational. objects: person, jeans, wall, sneakers"
casual comparative informative neutral practical comparison documentary casual person jeans building street,"mood: casual, comparative, informative, neutral, practical. style: comparison, documentary, casual. objects: person, jeans, building, street"
casual comparative neutral informative relaxed comparative documentary split-screen person jeans building windows,"mood: casual, comparative, neutral, informative, relaxed. style: comparative, documentary, split-screen. objects: person, jeans, building, windows"
casual informative neutral comparative practical comparison casual informational person jeans shoes building,"mood: casual, informative, neutral, comparative, practical. style: comparison, casual, informational. objects: person, jeans, shoes, building"
neutral informative commercial comparative practical commercial informational straightforward jeans wall person pants,"mood: neutral, informative, commercial, comparative, practical. style: commercial, informational, straightforward. objects: jeans, wall, person, pants"
casual relaxed ordinary comfortable neutral casual warm-toned overhead-angle jeans hand wooden floor price tag,"mood: casual, relaxed, ordinary, comfortable, neutral. style: casual, warm-toned, overhead-angle. objects: jeans, hand, wooden floor, price tag"
casual practical mundane neutral ordinary casual overhead-shot domestic jeans measuring tape wooden floor,"mood: casual, practical, mundane, neutral, ordinary. style: casual, overhead-shot, domestic. objects: jeans, measuring tape, wooden floor"
practical methodical focused deliberate mundane domestic natural-lighting overhead-shot jeans measuring tape wooden floor,"mood: practical, methodical, focused, deliberate, mundane. style: domestic, natural-lighting, overhead-shot. objects: jeans, measuring tape, wooden floor"
casual neutral relaxed practical informative comparison documentary casual person jeans wall boots,"mood: casual, neutral, relaxed, practical, informative. style: comparison, documentary, casual. objects: person, jeans, wall, boots"
casual comparative informative neutral practical comparison documentary informational jeans person wall shoes,"mood: casual, comparative, informative, neutral, practical. style: comparison, documentary, informational. objects: jeans, person, wall, shoes"
casual comparative neutral relaxed demonstrative split-screen vintage comparison person jeans building shoes,"mood: casual, comparative, neutral, relaxed, demonstrative. style: split-screen, vintage, comparison. objects: person, jeans, building, shoes"
casual relaxed neutral mundane ordinary documentary comparison split-screen person pants wall door,"mood: casual, relaxed, neutral, mundane, ordinary. style: documentary, comparison, split-screen. objects: person, pants, wall, door"
casual relaxed comparative informative neutral comparison casual minimalist men jeans wall shoes t-shirts,"mood: casual, relaxed, comparative, informative, neutral. style: comparison, casual, minimalist. objects: men, jeans, wall, shoes, t-shirts"
casual relaxed neutral promotional informative clean commercial instructional men jeans wall shirts,"mood: casual, relaxed, neutral, promotional, informative. style: clean, commercial, instructional. objects: men, jeans, wall, shirts"
casual relaxed neutral informative commercial casual comparison-style product-focused men jeans t-shirts wall pants,"mood: casual, relaxed, neutral, informative, commercial. style: casual, comparison-style, product-focused. objects: men, jeans, t-shirts, wall, pants"
casual confident relaxed conversational friendly clean minimal bright person window blinds room,"mood: casual, confident, relaxed, conversational, friendly. style: clean, minimal, bright. objects: person, window, blinds, room"
engaged enthusiastic animated explanatory confident casual bright conversational man polo shirt window blinds,"mood: engaged, enthusiastic, animated, explanatory, confident. style: casual, bright, conversational. objects: man, polo shirt, window, blinds"
happy confident relaxed cheerful casual casual bright minimalist person polo shirt window blinds,"mood: happy, confident, relaxed, cheerful, casual. style: casual, bright, minimalist. objects: person, polo shirt, window, blinds"
dreamy peaceful nostalgic whimsical serene animated vibrant stylized cn tower traditional roof purple flowers city skyline,"mood: dreamy, peaceful, nostalgic, whimsical, serene. style: animated, vibrant, stylized. objects: cn tower, traditional roof, purple flowers, city skyline"
surprised concerned anxious tense worried animated colorful 3d-rendered characters window blinds room faces,"mood: surprised, concerned, anxious, tense, worried. style: animated, colorful, 3d-rendered. objects: characters, window blinds, room, faces"
playful youthful casual energetic carefree soft-focus pastel-toned close-up sneaker sock pavement ankle,"mood: playful, youthful, casual, energetic, carefree. style: soft-focus, pastel-toned, close-up. objects: sneaker, sock, pavement, ankle"
contemplative wistful melancholic introspective pensive 3d-animated soft-lighting stylized girl glasses sweater hair,"mood: contemplative, wistful, melancholic, introspective, pensive. style: 3d-animated, soft-lighting, stylized. objects: girl, glasses, sweater, hair"
playful mischievous sneaky conspiratorial amused animated colorful 3d-rendered boy girl window room,"mood: playful, mischievous, sneaky, conspiratorial, amused. style: animated, colorful, 3d-rendered. objects: boy, girl, window, room"
joyful energetic playful excited cheerful animated vibrant stylized person cityscape tower buildings,"mood: joyful, energetic, playful, excited, cheerful. style: animated, vibrant, stylized. objects: person, cityscape, tower, buildings"
peaceful contemplative serene gentle thoughtful 3d-animated stylized soft-lighting character glasses hair shirt,"mood: peaceful, contemplative, serene, gentle, thoughtful. style: 3d-animated, stylized, soft-lighting. objects: character, glasses, hair, shirt"
casual relaxed cheerful optimistic friendly colorful soft-focus dreamy sneakers legs pavement street,"mood: casual, relaxed, cheerful, optimistic, friendly. style: colorful, soft-focus, dreamy. objects: sneakers, legs, pavement, street"
cheerful excited optimistic animated joyful animated vibrant cartoonish girl street buildings people backpack,"mood: cheerful, excited, optimistic, animated, joyful. style: animated, vibrant, cartoonish. objects: girl, street, buildings, people, backpack"
cheerful warm friendly optimistic pleasant animated colorful soft-focus character necklace red clothing white collar,"mood: cheerful, warm, friendly, optimistic, pleasant. style: animated, colorful, soft-focus. objects: character, necklace, red clothing, white collar"
playful colorful cheerful youthful creative colorful playful nostalgic laptop stickers hands keyboard,"mood: playful, colorful, cheerful, youthful, creative. style: colorful, playful, nostalgic. objects: laptop, stickers, hands, keyboard"
joyful excited cheerful enthusiastic animated animated colorful whimsical girl street buildings lanterns,"mood: joyful, excited, cheerful, enthusiastic, animated. style: animated, colorful, whimsical. objects: girl, street, buildings, lanterns"
calm serene professional clean anticipatory minimalist clean corporate pixar logo lamp letter i text,"mood: calm, serene, professional, clean, anticipatory. style: minimalist, clean, corporate. objects: pixar logo, lamp, letter i, text"
excited joyful energetic triumphant enthusiastic animated vibrant whimsical girl laptop stickers glasses,"mood: excited, joyful, energetic, triumphant, enthusiastic. style: animated, vibrant, whimsical. objects: girl, laptop, stickers, glasses"
cheerful friendly warm welcoming optimistic 3d-animated colorful cartoon-style children school hallway backpacks students,"mood: cheerful, friendly, warm, welcoming, optimistic. style: 3d-animated, colorful, cartoon-style. objects: children, school hallway, backpacks, students"
energetic passionate determined activist enthusiastic 3d-animated colorful cartoon-style children protest signs megaphone hallway,"mood: energetic, passionate, determined, activist, enthusiastic. style: 3d-animated, colorful, cartoon-style. objects: children, protest signs, megaphone, hallway"
romantic intimate personal affectionate tender handwritten soft-focus intimate handwriting paper pen text,"mood: romantic, intimate, personal, affectionate, tender. style: handwritten, soft-focus, intimate. objects: handwriting, paper, pen, text"
dreamy content peaceful blissful serene 3d-animated colorful soft-lighting students desks classroom glasses books,"mood: dreamy, content, peaceful, blissful, serene. style: 3d-animated, colorful, soft-lighting. objects: students, desks, classroom, glasses, books"
joyful energetic playful enthusiastic cheerful 3d-animated colorful stylized children musical instruments classroom chairs,"mood: joyful, energetic, playful, enthusiastic, cheerful. style: 3d-animated, colorful, stylized. objects: children, musical instruments, classroom, chairs"
peaceful contemplative serene intimate quiet animated stylized colorful people seats books bags,"mood: peaceful, contemplative, serene, intimate, quiet. style: animated, stylized, colorful. objects: people, seats, books, bags"
playful nostalgic cheerful innocent whimsical animated colorful promotional hands magazine poster toy figures,"mood: playful, nostalgic, cheerful, innocent, whimsical. style: animated, colorful, promotional. objects: hands, magazine, poster, toy figures"
shocked surprised alarmed anxious startled colorful cartoonish 3d-animated characters glasses headband clothing,"mood: shocked, surprised, alarmed, anxious, startled. style: colorful, cartoonish, 3d-animated. objects: characters, glasses, headband, clothing"
joyful magical wonder excited amazed bright overexposed glowing children book bright light faces,"mood: joyful, magical, wonder, excited, amazed. style: bright, overexposed, glowing. objects: children, book, bright light, faces"
joyful energetic playful carefree animated animated colorful soft-lighting girl sweater skirt children street,"mood: joyful, energetic, playful, carefree, animated. style: animated, colorful, soft-lighting. objects: girl, sweater, skirt, children, street"
surprised shocked alarmed startled panicked animated colorful soft-lighting children glasses sweater room,"mood: surprised, shocked, alarmed, startled, panicked. style: animated, colorful, soft-lighting. objects: children, glasses, sweater, room"
joyful playful cheerful energetic carefree colorful animated vibrant children street buildings trees,"mood: joyful, playful, cheerful, energetic, carefree. style: colorful, animated, vibrant. objects: children, street, buildings, trees"
anticipatory vibrant emotional dramatic nostalgic dark colorful minimalist text logo colorful circles dark background,"mood: anticipatory, vibrant, emotional, dramatic, nostalgic. style: dark, colorful, minimalist. objects: text, logo, colorful circles, dark background"
ethereal dreamlike melancholic mysterious tranquil ethereal blue-tinted dreamlike bed person curtains room,"mood: ethereal, dreamlike, melancholic, mysterious, tranquil. style: ethereal, blue-tinted, dreamlike. objects: bed, person, curtains, room"
peaceful tender calm protective serene dark atmospheric blue-tinted baby crib blanket stuffed animal,"mood: peaceful, tender, calm, protective, serene. style: dark, atmospheric, blue-tinted. objects: baby, crib, blanket, stuffed animal"
dramatic heroic exciting bold anticipatory dramatic gradient bold logo text background,"mood: dramatic, heroic, exciting, bold, anticipatory. style: dramatic, gradient, bold. objects: logo, text, background"
ominous menacing eerie sinister threatening atmospheric monochromatic silhouetted figures eyes red lighting silhouettes,"mood: ominous, menacing, eerie, sinister, threatening. style: atmospheric, monochromatic, silhouetted. objects: figures, eyes, red lighting, silhouettes"
ominous chaotic destructive intense menacing ethereal cracked luminous cracked glass red liquid white surface,"mood: ominous, chaotic, destructive, intense, menacing. style: ethereal, cracked, luminous. objects: cracked glass, red liquid, white surface"
ominous apocalyptic intense dramatic foreboding dramatic red-tinted atmospheric red beams clouds sky light rays,"mood: ominous, apocalyptic, intense, dramatic, foreboding. style: dramatic, red-tinted, atmospheric. objects: red beams, clouds, sky, light rays"
dark ominous mysterious eerie foreboding dark atmospheric red-lit red lights darkness,"mood: dark, ominous, mysterious, eerie, foreboding. style: dark, atmospheric, red-lit. objects: red lights, darkness"
dark mysterious ominous eerie foreboding dark atmospheric moody door smoke red lights furniture,"mood: dark, mysterious, ominous, eerie, foreboding. style: dark, atmospheric, moody. objects: door, smoke, red lights, furniture"
intense mysterious haunting ominous unsettling macro amber-toned shallow-focus eye iris pupil sclera,"mood: intense, mysterious, haunting, ominous, unsettling. style: macro, amber-toned, shallow-focus. objects: eye, iris, pupil, sclera"
playful whimsical cheerful creative lighthearted overhead warm-lit playful pan eggs hands stove bowl,"mood: playful, whimsical, cheerful, creative, lighthearted. style: overhead, warm-lit, playful. objects: pan, eggs, hands, stove, bowl"
warm joyful domestic cheerful loving 3d-animated warm-lighting domestic man woman kitchen table chairs,"mood: warm, joyful, domestic, cheerful, loving. style: 3d-animated, warm-lighting, domestic. objects: man, woman, kitchen, table, chairs"
cozy peaceful comfortable soft intimate soft-focus dim-lighting cozy-intimate slippers feet floor bunny slippers,"mood: cozy, peaceful, comfortable, soft, intimate. style: soft-focus, dim-lighting, cozy-intimate. objects: slippers, feet, floor, bunny slippers"
warm peaceful cozy intimate serene atmospheric warm-toned stylized vase table wall curtains,"mood: warm, peaceful, cozy, intimate, serene. style: atmospheric, warm-toned, stylized. objects: vase, table, wall, curtains"
angry frustrated aggressive intense menacing animated surreal close-up mouth teeth lips face,"mood: angry, frustrated, aggressive, intense, menacing. style: animated, surreal, close-up. objects: mouth, teeth, lips, face"
warm intimate peaceful comfortable familial animated warm-toned domestic father son kitchen table cabinets,"mood: warm, intimate, peaceful, comfortable, familial. style: animated, warm-toned, domestic. objects: father, son, kitchen table, cabinets"
chaotic disorienting unsettling frantic distorted blurry motion-blur handheld cabinet bottles person wall,"mood: chaotic, disorienting, unsettling, frantic, distorted. style: blurry, motion-blur, handheld. objects: cabinet, bottles, person, wall"
cheerful playful energetic enthusiastic joyful 3d-animated vibrant cartoonish red panda face eyes paw,"mood: cheerful, playful, energetic, enthusiastic, joyful. style: 3d-animated, vibrant, cartoonish. objects: red panda, face, eyes, paw"
playful energetic chaotic excited animated blurry motion-blur saturated person bathroom sink mirror,"mood: playful, energetic, chaotic, excited, animated. style: blurry, motion-blur, saturated. objects: person, bathroom, sink, mirror"
angry menacing intense threatening sinister animated atmospheric magenta-tinted red creature brick wall cage bars prison cell,"mood: angry, menacing, intense, threatening, sinister. style: animated, atmospheric, magenta-tinted. objects: red creature, brick wall, cage bars, prison cell"
surprised startled shocked alarmed anxious 3d-animated vibrant cartoonish person door wall hallway,"mood: surprised, startled, shocked, alarmed, anxious. style: 3d-animated, vibrant, cartoonish. objects: person, door, wall, hallway"
shocked alarmed startled frightened panicked animated colorful stylized dog blanket room windows bookshelf,"mood: shocked, alarmed, startled, frightened, panicked. style: animated, colorful, stylized. objects: dog, blanket, room, windows, bookshelf"
surprised concerned tense alarmed bewildered animated warm-lit domestic boy man green creature room,"mood: surprised, concerned, tense, alarmed, bewildered. style: animated, warm-lit, domestic. objects: boy, man, green creature, room"
shocked surprised alarmed startled panicked animated vibrant soft-focus red panda face eyes fur,"mood: shocked, surprised, alarmed, startled, panicked. style: animated, vibrant, soft-focus. objects: red panda, face, eyes, fur"
peaceful serene tranquil harmonious idyllic animated colorful whimsical building flowers courtyard roof,"mood: peaceful, serene, tranquil, harmonious, idyllic. style: animated, colorful, whimsical. objects: building, flowers, courtyard, roof"
peaceful serene mystical enchanting tranquil stylized colorful animated stone lions red lanterns traditional building steps,"mood: peaceful, serene, mystical, enchanting, tranquil. style: stylized, colorful, animated. objects: stone lions, red lanterns, traditional building, steps"
mystical reverent serene sacred contemplative atmospheric warm-toned cinematic buddha statue altar candles temple interior,"mood: mystical, reverent, serene, sacred, contemplative. style: atmospheric, warm-toned, cinematic. objects: buddha statue, altar, candles, temple interior"
alarmed startled concerned anxious worried animated warm-toned atmospheric red panda bamboo foliage trees,"mood: alarmed, startled, concerned, anxious, worried. style: animated, warm-toned, atmospheric. objects: red panda, bamboo, foliage, trees"
mysterious dramatic suspenseful theatrical ominous moody atmospheric low-light person tablet desk papers,"mood: mysterious, dramatic, suspenseful, theatrical, ominous. style: moody, atmospheric, low-light. objects: person, tablet, desk, papers"
warm nostalgic whimsical adventurous fantastical animated sepia-toned stylized monkey clouds sky wings,"mood: warm, nostalgic, whimsical, adventurous, fantastical. style: animated, sepia-toned, stylized. objects: monkey, clouds, sky, wings"
angry intense frustrated dramatic confrontational animated warm-toned dramatic-lighting red panda person lanterns buildings,"mood: angry, intense, frustrated, dramatic, confrontational. style: animated, warm-toned, dramatic-lighting. objects: red panda, person, lanterns, buildings"
dramatic intense ominous mysterious threatening dramatic red-tinted atmospheric red fur creature mirror room interior figure reflection,"mood: dramatic, intense, ominous, mysterious, threatening. style: dramatic, red-tinted, atmospheric. objects: red fur creature, mirror, room interior, figure reflection"
joyful celebratory energetic excited playful surreal red-tinted dreamlike person fan red lighting green clothing,"mood: joyful, celebratory, energetic, excited, playful. style: surreal, red-tinted, dreamlike. objects: person, fan, red lighting, green clothing"
ominous chaotic intense turbulent menacing dramatic warm-toned atmospheric animated character smoke flames clouds,"mood: ominous, chaotic, intense, turbulent, menacing. style: dramatic, warm-toned, atmospheric. objects: animated character, smoke, flames, clouds"
playful whimsical chaotic energetic mischievous animated colorful whimsical monster bed bedroom window,"mood: playful, whimsical, chaotic, energetic, mischievous. style: animated, colorful, whimsical. objects: monster, bed, bedroom, window"
shocked distressed alarmed panicked horrified animated blurred cartoonish red character eyes mouth teeth,"mood: shocked, distressed, alarmed, panicked, horrified. style: animated, blurred, cartoonish. objects: red character, eyes, mouth, teeth"
energetic vibrant intense dynamic euphoric vibrant atmospheric color-saturated person headband wall hand,"mood: energetic, vibrant, intense, dynamic, euphoric. style: vibrant, atmospheric, color-saturated. objects: person, headband, wall, hand"
wonder curiosity awe amazement enchantment soft-lit animated dreamy girl red panda hallway glasses,"mood: wonder, curiosity, awe, amazement, enchantment. style: soft-lit, animated, dreamy. objects: girl, red panda, hallway, glasses"
warm joyful comforting playful affectionate animated vibrant soft-lighting children red panda window room,"mood: warm, joyful, comforting, playful, affectionate. style: animated, vibrant, soft-lighting. objects: children, red panda, window, room"
happy friendly cheerful warm joyful animated colorful 3d-rendered characters glasses braces clothing hair,"mood: happy, friendly, cheerful, warm, joyful. style: animated, colorful, 3d-rendered. objects: characters, glasses, braces, clothing, hair"
warm joyful loving cozy heartwarming animated warm-toned soft-focus children winter clothing hug snow,"mood: warm, joyful, loving, cozy, heartwarming. style: animated, warm-toned, soft-focus. objects: children, winter clothing, hug, snow"
surprised shocked concerned worried alarmed 3d-animated colorful stylized children woman hair clothing room,"mood: surprised, shocked, concerned, worried, alarmed. style: 3d-animated, colorful, stylized. objects: children, woman, hair, clothing, room"
playful cheerful energetic silly joyful playful bright-colored domestic red teddy bear kitchen cabinets window blinds ceiling light,"mood: playful, cheerful, energetic, silly, joyful. style: playful, bright-colored, domestic. objects: red teddy bear, kitchen cabinets, window blinds, ceiling light"
playful innocent cheerful curious lighthearted 3d-animated colorful stylized child bedroom bed toys,"mood: playful, innocent, cheerful, curious, lighthearted. style: 3d-animated, colorful, stylized. objects: child, bedroom, bed, toys"
anxious concerned worried tense distressed animated warm-toned stylized character shelves bottles room,"mood: anxious, concerned, worried, tense, distressed. style: animated, warm-toned, stylized. objects: character, shelves, bottles, room"
awkward uncomfortable tense concerned hesitant 3d-animated colorful stylized characters stairs door wall,"mood: awkward, uncomfortable, tense, concerned, hesitant. style: 3d-animated, colorful, stylized. objects: characters, stairs, door, wall"
dramatic intense bold motivational empowering minimalist high-contrast bold-typography text background,"mood: dramatic, intense, bold, motivational, empowering. style: minimalist, high-contrast, bold-typography. objects: text, background"
playful whimsical lighthearted animated cheerful animated vibrant stylized red fox chef buildings street,"mood: playful, whimsical, lighthearted, animated, cheerful. style: animated, vibrant, stylized. objects: red fox, chef, buildings, street"
chaotic violent aggressive menacing disturbing cinematic bright-lit dynamic person hallway lockers floor,"mood: chaotic, violent, aggressive, menacing, disturbing. style: cinematic, bright-lit, dynamic. objects: person, hallway, lockers, floor"
playful energetic chaotic frantic comedic animated vibrant motion-blur lockers person in red backpack hallway,"mood: playful, energetic, chaotic, frantic, comedic. style: animated, vibrant, motion-blur. objects: lockers, person in red, backpack, hallway"
mysterious bold dramatic adventurous rebellious minimalist bold high-contrast text title words,"mood: mysterious, bold, dramatic, adventurous, rebellious. style: minimalist, bold, high-contrast. objects: text, title, words"
playful whimsical lighthearted cheerful amusing vibrant animated whimsical red panda child bathroom sinks mirrors,"mood: playful, whimsical, lighthearted, cheerful, amusing. style: vibrant, animated, whimsical. objects: red panda, child, bathroom sinks, mirrors"
awkward tense uncomfortable strained confrontational 3d-animated soft-lighting stylized man woman red hair table laptop,"mood: awkward, tense, uncomfortable, strained, confrontational. style: 3d-animated, soft-lighting, stylized. objects: man, woman, red hair, table, laptop"
serious concerned tense worried uncomfortable animated soft-lit cinematic girl glasses table people,"mood: serious, concerned, tense, worried, uncomfortable. style: animated, soft-lit, cinematic. objects: girl, glasses, table, people"
uncomfortable awkward nervous hesitant uncertain animated colorful soft-lighting characters bathroom tiles window,"mood: uncomfortable, awkward, nervous, hesitant, uncertain. style: animated, colorful, soft-lighting. objects: characters, bathroom, tiles, window"
joyful energetic festive celebratory exuberant vibrant animated disco-lit disco ball crowd animated character stage lights,"mood: joyful, energetic, festive, celebratory, exuberant. style: vibrant, animated, disco-lit. objects: disco ball, crowd, animated character, stage lights"
peaceful nostalgic dreamy magical contemplative animated nostalgic atmospheric teddy bear children moon city skyline tower,"mood: peaceful, nostalgic, dreamy, magical, contemplative. style: animated, nostalgic, atmospheric. objects: teddy bear, children, moon, city skyline, tower"
cheerful playful innocent lighthearted joyful 3d-animated bright-colored cartoon-style girl mirror bathroom flowers hair,"mood: cheerful, playful, innocent, lighthearted, joyful. style: 3d-animated, bright-colored, cartoon-style. objects: girl, mirror, bathroom, flowers, hair"
dreamy surreal ethereal mystical tranquil dreamy saturated ethereal coral fish aquarium water,"mood: dreamy, surreal, ethereal, mystical, tranquil. style: dreamy, saturated, ethereal. objects: coral, fish, aquarium, water"
playful mischievous excited energetic joyful animated vibrant dramatic-lighting red panda character fur eyes mouth,"mood: playful, mischievous, excited, energetic, joyful. style: animated, vibrant, dramatic-lighting. objects: red panda character, fur, eyes, mouth"
melancholic isolated nostalgic subdued wistful cinematic pastel-toned nostalgic chain-link fence car building cherry blossoms,"mood: melancholic, isolated, nostalgic, subdued, wistful. style: cinematic, pastel-toned, nostalgic. objects: chain-link fence, car, building, cherry blossoms"
playful energetic joyful innocent cheerful animated vibrant stylized children basketball playground building,"mood: playful, energetic, joyful, innocent, cheerful. style: animated, vibrant, stylized. objects: children, basketball, playground, building"
joyful playful cheerful innocent lighthearted 3d-animated colorful stylized children building trees window,"mood: joyful, playful, cheerful, innocent, lighthearted. style: 3d-animated, colorful, stylized. objects: children, building, trees, window"
nervous anxious worried uncertain apprehensive 3d-animated colorful pixar-style girl glasses ball buildings car,"mood: nervous, anxious, worried, uncertain, apprehensive. style: 3d-animated, colorful, pixar-style. objects: girl, glasses, ball, buildings, car"
surprised concerned anxious curious apprehensive 3d-animated colorful stylized children playground ball school uniforms,"mood: surprised, concerned, anxious, curious, apprehensive. style: 3d-animated, colorful, stylized. objects: children, playground, ball, school uniforms"
shocked panicked alarmed distressed frantic 3d-animated colorful cartoon-style character building backpack street,"mood: shocked, panicked, alarmed, distressed, frantic. style: 3d-animated, colorful, cartoon-style. objects: character, building, backpack, street"
joyful excited energetic cheerful exuberant 3d-animated colorful cartoon-style cartoon character pink explosion buildings street,"mood: joyful, excited, energetic, cheerful, exuberant. style: 3d-animated, colorful, cartoon-style. objects: cartoon character, pink explosion, buildings, street"
playful energetic joyful carefree cheerful animated bright-colored stylized children school building playground basketball court,"mood: playful, energetic, joyful, carefree, cheerful. style: animated, bright-colored, stylized. objects: children, school building, playground, basketball court"
playful energetic bold youthful vibrant bold minimalist graphic logo text panda face ears,"mood: playful, energetic, bold, youthful, vibrant. style: bold, minimalist, graphic. objects: logo, text, panda face, ears"
mysterious anticipatory dramatic ominous suspenseful minimalist high-contrast bold-typography text date background,"mood: mysterious, anticipatory, dramatic, ominous, suspenseful. style: minimalist, high-contrast, bold-typography. objects: text, date, background"
ominous eerie supernatural haunting mystical aerial dramatic nighttime house fire smoke trees,"mood: ominous, eerie, supernatural, haunting, mystical. style: aerial, dramatic, nighttime. objects: house, fire, smoke, trees"
festive celebratory joyful enchanting magical animated atmospheric crowd-scene crowd staircase performer audience stage,"mood: festive, celebratory, joyful, enchanting, magical. style: animated, atmospheric, crowd-scene. objects: crowd, staircase, performer, audience, stage"
curious contemplative gentle warm thoughtful animated warm-lit stylized girl glasses dress curtains,"mood: curious, contemplative, gentle, warm, thoughtful. style: animated, warm-lit, stylized. objects: girl, glasses, dress, curtains"
warm hopeful magical peaceful contemplative animated atmospheric warm-lit candle woman staircase lights,"mood: warm, hopeful, magical, peaceful, contemplative. style: animated, atmospheric, warm-lit. objects: candle, woman, staircase, lights"
warm joyful celebratory familial content animated warm-lighting disney-style characters people costumes crowd faces,"mood: warm, joyful, celebratory, familial, content. style: animated, warm-lighting, disney-style. objects: characters, people, costumes, crowd, faces"
mysterious enchanting mystical contemplative serene cinematic warm-toned atmospheric person candles dress ground,"mood: mysterious, enchanting, mystical, contemplative, serene. style: cinematic, warm-toned, atmospheric. objects: person, candles, dress, ground"
dramatic intense ominous powerful explosive cinematic luminous atmospheric sun solar flares space corona,"mood: dramatic, intense, ominous, powerful, explosive. style: cinematic, luminous, atmospheric. objects: sun, solar flares, space, corona"
magical mystical enchanting dramatic otherworldly animated mystical warm-toned door figure flames building grass,"mood: magical, mystical, enchanting, dramatic, otherworldly. style: animated, mystical, warm-toned. objects: door, figure, flames, building, grass"
magical whimsical enchanting vibrant dreamlike vibrant magical painterly house mountains flowers trees rainbow,"mood: magical, whimsical, enchanting, vibrant, dreamlike. style: vibrant, magical, painterly. objects: house, mountains, flowers, trees, rainbow"
joyful excited cheerful hopeful enthusiastic animated colorful stylized girl glasses clothing stone wall,"mood: joyful, excited, cheerful, hopeful, enthusiastic. style: animated, colorful, stylized. objects: girl, glasses, clothing, stone wall"
romantic enchanting warm inviting magical vibrant atmospheric romantic archway flowers balcony building,"mood: romantic, enchanting, warm, inviting, magical. style: vibrant, atmospheric, romantic. objects: archway, flowers, balcony, building"
joyful energetic celebratory vibrant magical animated vibrant colorful character courtyard arches floor pattern,"mood: joyful, energetic, celebratory, vibrant, magical. style: animated, vibrant, colorful. objects: character, courtyard, arches, floor pattern"
hopeful joyful warm optimistic content animated colorful vibrant girl table candles family tree room,"mood: hopeful, joyful, warm, optimistic, content. style: animated, colorful, vibrant. objects: girl, table, candles, family tree, room"
cozy warm intimate nostalgic peaceful pixelated low-resolution blocky drawer papers wooden furniture floor,"mood: cozy, warm, intimate, nostalgic, peaceful. style: pixelated, low-resolution, blocky. objects: drawer, papers, wooden furniture, floor"
joyful playful energetic carefree vibrant animated colorful stylized woman staircase railing columns,"mood: joyful, playful, energetic, carefree, vibrant. style: animated, colorful, stylized. objects: woman, staircase, railing, columns"
warm inviting cozy rustic peaceful vibrant rustic colorful staircase chairs plant railing beams,"mood: warm, inviting, cozy, rustic, peaceful. style: vibrant, rustic, colorful. objects: staircase, chairs, plant, railing, beams"
joyful celebratory euphoric triumphant elated animated colorful whimsical rainbow people children adults,"mood: joyful, celebratory, euphoric, triumphant, elated. style: animated, colorful, whimsical. objects: rainbow, people, children, adults"
festive joyful celebratory warm communal animated vibrant atmospheric people temple stairs plants building,"mood: festive, joyful, celebratory, warm, communal. style: animated, vibrant, atmospheric. objects: people, temple, stairs, plants, building"
joyful celebratory romantic festive enchanting animated colorful vibrant dancers buildings town square people,"mood: joyful, celebratory, romantic, festive, enchanting. style: animated, colorful, vibrant. objects: dancers, buildings, town square, people"
vibrant mystical enchanting celebratory magical aerial vibrant symmetrical flowers person stone path petals,"mood: vibrant, mystical, enchanting, celebratory, magical. style: aerial, vibrant, symmetrical. objects: flowers, person, stone path, petals"
warm magical tender peaceful enchanting cinematic warm-toned bokeh bird person lights hand,"mood: warm, magical, tender, peaceful, enchanting. style: cinematic, warm-toned, bokeh. objects: bird, person, lights, hand"
surprised curious wonder excited amazed colorful animated warm-lighting boy feather dog furniture,"mood: surprised, curious, wonder, excited, amazed. style: colorful, animated, warm-lighting. objects: boy, feather, dog, furniture"
surprised curious wonder amazed captivated animated vibrant magical girl glasses sun flowers,"mood: surprised, curious, wonder, amazed, captivated. style: animated, vibrant, magical. objects: girl, glasses, sun, flowers"
joyful warm affectionate tender loving animated warm-lit detailed child parrot clothing hair,"mood: joyful, warm, affectionate, tender, loving. style: animated, warm-lit, detailed. objects: child, parrot, clothing, hair"
mysterious ominous dark eerie suspenseful atmospheric purple-tinted nighttime character rooftops buildings lights night sky,"mood: mysterious, ominous, dark, eerie, suspenseful. style: atmospheric, purple-tinted, nighttime. objects: character, rooftops, buildings, lights, night sky"
determined confident strong focused empowered animated vibrant stylized man ceiling room shirt,"mood: determined, confident, strong, focused, empowered. style: animated, vibrant, stylized. objects: man, ceiling, room, shirt"
peaceful tropical serene relaxing idyllic animated vibrant tropical bridge palm trees grass buildings,"mood: peaceful, tropical, serene, relaxing, idyllic. style: animated, vibrant, tropical. objects: bridge, palm trees, grass, buildings"
joyful warm romantic hopeful enchanting animated vibrant detailed woman man house trees stone column,"mood: joyful, warm, romantic, hopeful, enchanting. style: animated, vibrant, detailed. objects: woman, man, house, trees, stone column"
joyful playful whimsical lighthearted cheerful animated vibrant whimsical donkeys woman child trees house,"mood: joyful, playful, whimsical, lighthearted, cheerful. style: animated, vibrant, whimsical. objects: donkeys, woman, child, trees, house"
peaceful cheerful idyllic serene whimsical animated vibrant pastoral trees houses characters path sky,"mood: peaceful, cheerful, idyllic, serene, whimsical. style: animated, vibrant, pastoral. objects: trees, houses, characters, path, sky"
joyful excited wonder amazed delighted vibrant animated warm-lit girl boy decorations lights,"mood: joyful, excited, wonder, amazed, delighted. style: vibrant, animated, warm-lit. objects: girl, boy, decorations, lights"
romantic dreamy tender intimate enchanting theatrical dramatic warm-lit performer rope ship deck railing,"mood: romantic, dreamy, tender, intimate, enchanting. style: theatrical, dramatic, warm-lit. objects: performer, rope, ship deck, railing"
joyful whimsical celebratory playful cheerful animated colorful whimsical pinwheels woman glasses child,"mood: joyful, whimsical, celebratory, playful, cheerful. style: animated, colorful, whimsical. objects: pinwheels, woman, glasses, child"
joyful celebratory festive lively cheerful animated colorful whimsical staircase people flowers woman in purple dress,"mood: joyful, celebratory, festive, lively, cheerful. style: animated, colorful, whimsical. objects: staircase, people, flowers, woman in purple dress"
mysterious eerie somber atmospheric melancholic dark atmospheric low-key pot flame stove kitchen,"mood: mysterious, eerie, somber, atmospheric, melancholic. style: dark, atmospheric, low-key. objects: pot, flame, stove, kitchen"
sinister menacing dark threatening malevolent dark atmospheric moody person glasses clothing lights,"mood: sinister, menacing, dark, threatening, malevolent. style: dark, atmospheric, moody. objects: person, glasses, clothing, lights"
desperate trapped anxious claustrophobic helpless dramatic blue-tinted atmospheric hands brick wall shadows,"mood: desperate, trapped, anxious, claustrophobic, helpless. style: dramatic, blue-tinted, atmospheric. objects: hands, brick wall, shadows"
intimate tender romantic warm affectionate animated warm-toned intimate glasses women clothing hair,"mood: intimate, tender, romantic, warm, affectionate. style: animated, warm-toned, intimate. objects: glasses, women, clothing, hair"
warm intimate joyful affectionate tender animated warm-lit intimate glasses woman girl clothing,"mood: warm, intimate, joyful, affectionate, tender. style: animated, warm-lit, intimate. objects: glasses, woman, girl, clothing"
magical enchanting warm nostalgic cinematic cinematic warm-toned mystical text title card gradient background particles,"mood: magical, enchanting, warm, nostalgic, cinematic. style: cinematic, warm-toned, mystical. objects: text, title card, gradient background, particles"
dark mysterious eerie somber ominous dark atmospheric low-key hand tiles floor,"mood: dark, mysterious, eerie, somber, ominous. style: dark, atmospheric, low-key. objects: hand, tiles, floor"
curious wonder enchanted magical captivated animated colorful whimsical person glasses floral shirt dark background,"mood: curious, wonder, enchanted, magical, captivated. style: animated, colorful, whimsical. objects: person, glasses, floral shirt, dark background"
mysterious eerie dark ominous suspenseful dark atmospheric moody stairs railing person lighting,"mood: mysterious, eerie, dark, ominous, suspenseful. style: dark, atmospheric, moody. objects: stairs, railing, person, lighting"
concerned anxious worried apprehensive uncertain 3d-animated vibrant stylized glasses girl earrings hair,"mood: concerned, anxious, worried, apprehensive, uncertain. style: 3d-animated, vibrant, stylized. objects: glasses, girl, earrings, hair"
mysterious eerie atmospheric haunting nocturnal atmospheric moody warm-lit building windows railing lights,"mood: mysterious, eerie, atmospheric, haunting, nocturnal. style: atmospheric, moody, warm-lit. objects: building, windows, railing, lights"
warm contemplative intimate nostalgic cozy animated warm-lighting stylized people lamp wall furniture,"mood: warm, contemplative, intimate, nostalgic, cozy. style: animated, warm-lighting, stylized. objects: people, lamp, wall, furniture"
cozy warm nostalgic intimate rustic animated warm-toned rustic parrot shelves pottery lantern,"mood: cozy, warm, nostalgic, intimate, rustic. style: animated, warm-toned, rustic. objects: parrot, shelves, pottery, lantern"
magical whimsical enchanting dreamy fantastical cosmic gradient animated text logo particles background,"mood: magical, whimsical, enchanting, dreamy, fantastical. style: cosmic, gradient, animated. objects: text, logo, particles, background"
dark mysterious ominous eerie foreboding dark atmospheric cinematic figure floor lighting shadows,"mood: dark, mysterious, ominous, eerie, foreboding. style: dark, atmospheric, cinematic. objects: figure, floor, lighting, shadows"
dark mysterious eerie ominous unsettling pixelated atmospheric dark-toned player character stone blocks cave wall underground tunnel,"mood: dark, mysterious, eerie, ominous, unsettling. style: pixelated, atmospheric, dark-toned. objects: player character, stone blocks, cave wall, underground tunnel"
cozy intimate warm peaceful romantic moody atmospheric low-lit candle bed pillow room,"mood: cozy, intimate, warm, peaceful, romantic. style: moody, atmospheric, low-lit. objects: candle, bed, pillow, room"
tense concerned anxious serious contemplative animated warm-lighting atmospheric candles woman table window room,"mood: tense, concerned, anxious, serious, contemplative. style: animated, warm-lighting, atmospheric. objects: candles, woman, table, window, room"
mysterious enchanting peaceful magical dreamy atmospheric twilight enchanting house people mountains flowers tower,"mood: mysterious, enchanting, peaceful, magical, dreamy. style: atmospheric, twilight, enchanting. objects: house, people, mountains, flowers, tower"
surprised concerned anxious startled worried animated colorful dramatic woman man table lights,"mood: surprised, concerned, anxious, startled, worried. style: animated, colorful, dramatic. objects: woman, man, table, lights"
festive warm celebratory grateful inviting cinematic warm-toned atmospheric text particles background typography,"mood: festive, warm, celebratory, grateful, inviting. style: cinematic, warm-toned, atmospheric. objects: text, particles, background, typography"
mysterious atmospheric contemplative nostalgic enchanting animated atmospheric stylized character buildings courtyard sky,"mood: mysterious, atmospheric, contemplative, nostalgic, enchanting. style: animated, atmospheric, stylized. objects: character, buildings, courtyard, sky"
dark mysterious somber melancholic introspective dark moody atmospheric person pillar floor darkness,"mood: dark, mysterious, somber, melancholic, introspective. style: dark, moody, atmospheric. objects: person, pillar, floor, darkness"
mysterious eerie suspenseful dark ominous dark atmospheric moody person staircase railing hallway,"mood: mysterious, eerie, suspenseful, dark, ominous. style: dark, atmospheric, moody. objects: person, staircase, railing, hallway"
playful curious innocent whimsical enchanted dark atmospheric moody child clothing door wall,"mood: playful, curious, innocent, whimsical, enchanted. style: dark, atmospheric, moody. objects: child, clothing, door, wall"
mysterious eerie ominous foreboding unsettling dark atmospheric stylized bed chairs table door,"mood: mysterious, eerie, ominous, foreboding, unsettling. style: dark, atmospheric, stylized. objects: bed, chairs, table, door"
mysterious intriguing dramatic suspenseful captivating cosmic neon gradient text stars space lights,"mood: mysterious, intriguing, dramatic, suspenseful, captivating. style: cosmic, neon, gradient. objects: text, stars, space, lights"
mysterious eerie atmospheric ominous enchanting atmospheric moody fantastical dragon character ruins torch sky,"mood: mysterious, eerie, atmospheric, ominous, enchanting. style: atmospheric, moody, fantastical. objects: dragon, character, ruins, torch, sky"
mysterious ominous ethereal dramatic foreboding dark mystical atmospheric rocks figure blue light cliff mist,"mood: mysterious, ominous, ethereal, dramatic, foreboding. style: dark, mystical, atmospheric. objects: rocks, figure, blue light, cliff, mist"
tense confrontational dramatic heated aggressive animated warm-lighting colorful man women railing house,"mood: tense, confrontational, dramatic, heated, aggressive. style: animated, warm-lighting, colorful. objects: man, women, railing, house"
playful chaotic frantic comedic energetic animated warm-lighting vintage-interior bear character lamp room,"mood: playful, chaotic, frantic, comedic, energetic. style: animated, warm-lighting, vintage-interior. objects: bear, character, lamp, room"
mysterious ominous dark ethereal haunting dark atmospheric mystical character platform cave purple light,"mood: mysterious, ominous, dark, ethereal, haunting. style: dark, atmospheric, mystical. objects: character, platform, cave, purple light"
inspiring magical uplifting hopeful enchanting mystical glowing ethereal text stars sparkles space,"mood: inspiring, magical, uplifting, hopeful, enchanting. style: mystical, glowing, ethereal. objects: text, stars, sparkles, space"
mysterious eerie supernatural ominous haunting atmospheric cinematic ethereal character green light darkness glow,"mood: mysterious, eerie, supernatural, ominous, haunting. style: atmospheric, cinematic, ethereal. objects: character, green light, darkness, glow"
playful curious magical wonder enchanted dark colorful atmospheric children toys glowing object hands,"mood: playful, curious, magical, wonder, enchanted. style: dark, colorful, atmospheric. objects: children, toys, glowing object, hands"
romantic intimate tender peaceful enchanting cinematic moody atmospheric people plants terrace buildings,"mood: romantic, intimate, tender, peaceful, enchanting. style: cinematic, moody, atmospheric. objects: people, plants, terrace, buildings"
curious wonder magical enchanted mesmerized animated vibrant cinematic glasses flowers person butterflies,"mood: curious, wonder, magical, enchanted, mesmerized. style: animated, vibrant, cinematic. objects: glasses, flowers, person, butterflies"
adventurous exhilarating dangerous thrilling precarious cinematic atmospheric dramatic rock cliff person mountains sky clouds,"mood: adventurous, exhilarating, dangerous, thrilling, precarious. style: cinematic, atmospheric, dramatic. objects: rock cliff, person, mountains, sky, clouds"
dreamy nostalgic whimsical ethereal contemplative warm-toned cinematic atmospheric person microphone dress wall,"mood: dreamy, nostalgic, whimsical, ethereal, contemplative. style: warm-toned, cinematic, atmospheric. objects: person, microphone, dress, wall"
mysterious intimate contemplative serene introspective dark atmospheric silhouetted person lamp shadow wall,"mood: mysterious, intimate, contemplative, serene, introspective. style: dark, atmospheric, silhouetted. objects: person, lamp, shadow, wall"
warm romantic intimate tender hopeful animated warm-toned atmospheric woman man stairs room,"mood: warm, romantic, intimate, tender, hopeful. style: animated, warm-toned, atmospheric. objects: woman, man, stairs, room"
cozy warm friendly intimate comfortable animated warm-lit atmospheric child monsters candles wooden floor stairs,"mood: cozy, warm, friendly, intimate, comfortable. style: animated, warm-lit, atmospheric. objects: child, monsters, candles, wooden floor, stairs"
menacing aggressive threatening fierce intimidating animated dramatic-lighting stylized leopard lantern stone wall flame,"mood: menacing, aggressive, threatening, fierce, intimidating. style: animated, dramatic-lighting, stylized. objects: leopard, lantern, stone wall, flame"
dramatic intense ominous threatening epic animated dramatic warm-toned dragon people colosseum fire,"mood: dramatic, intense, ominous, threatening, epic. style: animated, dramatic, warm-toned. objects: dragon, people, colosseum, fire"
mysterious eerie ominous supernatural foreboding atmospheric ethereal monochromatic clouds green light darkness atmospheric glow,"mood: mysterious, eerie, ominous, supernatural, foreboding. style: atmospheric, ethereal, monochromatic. objects: clouds, green light, darkness, atmospheric glow"
mysterious dark ethereal ominous supernatural dark atmospheric sci-fi person green light blue object smoke,"mood: mysterious, dark, ethereal, ominous, supernatural. style: dark, atmospheric, sci-fi. objects: person, green light, blue object, smoke"
magical wonder enchanting dreamy mystical fantastical luminous dreamlike tree boy roots animals light,"mood: magical, wonder, enchanting, dreamy, mystical. style: fantastical, luminous, dreamlike. objects: tree, boy, roots, animals, light"
dreamy whimsical peaceful enchanting magical blurred colorful dreamlike fish coral aquarium water,"mood: dreamy, whimsical, peaceful, enchanting, magical. style: blurred, colorful, dreamlike. objects: fish, coral, aquarium, water"
joyful celebratory magical wonder euphoric vibrant animated magical fireworks person night sky buildings street lights,"mood: joyful, celebratory, magical, wonder, euphoric. style: vibrant, animated, magical. objects: fireworks, person, night sky, buildings, street lights"
joyful magical romantic dreamy whimsical dreamy soft-focus ethereal people sky ground clothing,"mood: joyful, magical, romantic, dreamy, whimsical. style: dreamy, soft-focus, ethereal. objects: people, sky, ground, clothing"
mysterious eerie ominous suspenseful unsettling dark atmospheric green-lit person green light darkness interior space,"mood: mysterious, eerie, ominous, suspenseful, unsettling. style: dark, atmospheric, green-lit. objects: person, green light, darkness, interior space"
mysterious ominous surreal haunting eerie dark atmospheric mysterious person umbrella light ground,"mood: mysterious, ominous, surreal, haunting, eerie. style: dark, atmospheric, mysterious. objects: person, umbrella, light, ground"
dark intimate melancholic somber vulnerable dark atmospheric moody person curtains window bedroom,"mood: dark, intimate, melancholic, somber, vulnerable. style: dark, atmospheric, moody. objects: person, curtains, window, bedroom"
dark mysterious ominous eerie foreboding dark blurry atmospheric flower petals stem leaves,"mood: dark, mysterious, ominous, eerie, foreboding. style: dark, blurry, atmospheric. objects: flower, petals, stem, leaves"
magical enchanting vibrant whimsical celebratory magical colorful cinematic disney logo encanto title text sparkles dark background,"mood: magical, enchanting, vibrant, whimsical, celebratory. style: magical, colorful, cinematic. objects: disney logo, encanto title text, sparkles, dark background"
dark ominous mysterious foreboding atmospheric dark atmospheric dramatic clouds sky lightning storm,"mood: dark, ominous, mysterious, foreboding, atmospheric. style: dark, atmospheric, dramatic. objects: clouds, sky, lightning, storm"
playful whimsical cheerful vibrant lighthearted cinematic warm-toned shallow-focus bird rock beak feathers,"mood: playful, whimsical, cheerful, vibrant, lighthearted. style: cinematic, warm-toned, shallow-focus. objects: bird, rock, beak, feathers"
joyful playful energetic cheerful whimsical animated vibrant atmospheric woman parrot dress rock,"mood: joyful, playful, energetic, cheerful, whimsical. style: animated, vibrant, atmospheric. objects: woman, parrot, dress, rock"
mysterious ominous dramatic atmospheric foreboding dark atmospheric cinematic rocks canyon light cliffs,"mood: mysterious, ominous, dramatic, atmospheric, foreboding. style: dark, atmospheric, cinematic. objects: rocks, canyon, light, cliffs"
warm curious gentle contemplative inviting animated warm-lighting detailed-rendering person glasses dress floor,"mood: warm, curious, gentle, contemplative, inviting. style: animated, warm-lighting, detailed-rendering. objects: person, glasses, dress, floor"
festive warm celebratory grateful joyful cinematic bokeh warm-toned text lights particles background,"mood: festive, warm, celebratory, grateful, joyful. style: cinematic, bokeh, warm-toned. objects: text, lights, particles, background"
lighting empty void neutral indeterminate lighting minimal void,"mood: lighting, empty, void, neutral, indeterminate. style: lighting, minimal, void"
majestic mysterious ethereal fantastical awe-inspiring fantasy golden atmospheric castle towers bridge waterfalls flags,"mood: majestic, mysterious, ethereal, fantastical, awe-inspiring. style: fantasy, golden, atmospheric. objects: castle, towers, bridge, waterfalls, flags"
warm bustling inviting peaceful nostalgic animated warm-toned atmospheric fruit carts marketplace buildings people bread,"mood: warm, bustling, inviting, peaceful, nostalgic. style: animated, warm-toned, atmospheric. objects: fruit carts, marketplace, buildings, people, bread"
cozy rustic warm intimate nostalgic atmospheric rustic lantern-lit table chairs lanterns wooden floor bottles,"mood: cozy, rustic, warm, intimate, nostalgic. style: atmospheric, rustic, lantern-lit. objects: table, chairs, lanterns, wooden floor, bottles"
heroic inspiring dramatic triumphant cinematic cinematic golden dramatic text glow effect,"mood: heroic, inspiring, dramatic, triumphant, cinematic. style: cinematic, golden, dramatic. objects: text, glow effect"
charming playful mischievous whimsical adventurous animated warm-toned cinematic cat hat feather windows tavern,"mood: charming, playful, mischievous, whimsical, adventurous. style: animated, warm-toned, cinematic. objects: cat, hat, feather, windows, tavern"
cozy warm intimate peaceful comforting cinematic warm-toned 3d-animated coffee mug hands steam table,"mood: cozy, warm, intimate, peaceful, comforting. style: cinematic, warm-toned, 3d-animated. objects: coffee mug, hands, steam, table"
confident mischievous charming adventurous playful animated warm-toned fantasy cat hat cup table,"mood: confident, mischievous, charming, adventurous, playful. style: animated, warm-toned, fantasy. objects: cat, hat, cup, table"
cozy warm festive communal inviting cinematic warm-toned atmospheric tavern people lanterns wooden table barrels,"mood: cozy, warm, festive, communal, inviting. style: cinematic, warm-toned, atmospheric. objects: tavern, people, lanterns, wooden table, barrels"
warm lively adventurous bustling spirited animated warm-toned atmospheric cat tavern people tables chairs,"mood: warm, lively, adventurous, bustling, spirited. style: animated, warm-toned, atmospheric. objects: cat, tavern, people, tables, chairs"
adventurous whimsical lively charming playful animated warm-toned cinematic cat buildings people market stalls cobblestone street,"mood: adventurous, whimsical, lively, charming, playful. style: animated, warm-toned, cinematic. objects: cat, buildings, people, market stalls, cobblestone street"
dark ominous mysterious foreboding sinister cinematic dramatic gothic text title shadows,"mood: dark, ominous, mysterious, foreboding, sinister. style: cinematic, dramatic, gothic. objects: text, title, shadows"
ominous menacing dark sinister threatening dark atmospheric cinematic hooded figure glowing red eyes lightsaber smoke,"mood: ominous, menacing, dark, sinister, threatening. style: dark, atmospheric, cinematic. objects: hooded figure, glowing red eyes, lightsaber, smoke"
dark mysterious intimate romantic tender dark atmospheric cinematic hooded figure lantern buildings people,"mood: dark, mysterious, intimate, romantic, tender. style: dark, atmospheric, cinematic. objects: hooded figure, lantern, buildings, people"
mysterious ancient dramatic ethereal ominous cinematic dramatic atmospheric mammoth tusks ice snow darkness,"mood: mysterious, ancient, dramatic, ethereal, ominous. style: cinematic, dramatic, atmospheric. objects: mammoth tusks, ice, snow, darkness"
mysterious suspenseful fearful tense ominous animated atmospheric medieval hooded figure villagers medieval buildings cobblestone street lantern,"mood: mysterious, suspenseful, fearful, tense, ominous. style: animated, atmospheric, medieval. objects: hooded figure, villagers, medieval buildings, cobblestone street, lantern"
mysterious ominous dramatic intense foreboding cinematic atmospheric warm-toned dragon water buildings fire village,"mood: mysterious, ominous, dramatic, intense, foreboding. style: cinematic, atmospheric, warm-toned. objects: dragon, water, buildings, fire, village"
mysterious dark ominous melancholic haunting dark cinematic moody pocket watch chain rocks ground,"mood: mysterious, dark, ominous, melancholic, haunting. style: dark, cinematic, moody. objects: pocket watch, chain, rocks, ground"
sinister menacing dark threatening ominous dramatic animated contrasted wolf flame red eyes fire,"mood: sinister, menacing, dark, threatening, ominous. style: dramatic, animated, contrasted. objects: wolf, flame, red eyes, fire"
dramatic ominous threatening intense suspenseful animated aerial-view stylized buildings bull people cobblestone street rooftops,"mood: dramatic, ominous, threatening, intense, suspenseful. style: animated, aerial-view, stylized. objects: buildings, bull, people, cobblestone street, rooftops"
mysterious atmospheric nocturnal enchanting contemplative atmospheric medieval top-down cobblestone street character stairs archway lantern,"mood: mysterious, atmospheric, nocturnal, enchanting, contemplative. style: atmospheric, medieval, top-down. objects: cobblestone street, character, stairs, archway, lantern"
dramatic intense protective noble determined gothic golden dramatic text background glow lettering,"mood: dramatic, intense, protective, noble, determined. style: gothic, golden, dramatic. objects: text, background, glow, lettering"
adventurous playful warm whimsical cheerful animated warm-lighting cinematic cats hat lanterns buildings,"mood: adventurous, playful, warm, whimsical, cheerful. style: animated, warm-lighting, cinematic. objects: cats, hat, lanterns, buildings"
tender affectionate intimate warm loving animated cinematic atmospheric cats hat eyes whiskers,"mood: tender, affectionate, intimate, warm, loving. style: animated, cinematic, atmospheric. objects: cats, hat, eyes, whiskers"
playful mischievous chaotic destructive energetic animated warm-lit medieval black cat fruits wooden stalls cobblestone street,"mood: playful, mischievous, chaotic, destructive, energetic. style: animated, warm-lit, medieval. objects: black cat, fruits, wooden stalls, cobblestone street"
cozy playful warm content whimsical cinematic warm-toned animated cat cup toy figure room,"mood: cozy, playful, warm, content, whimsical. style: cinematic, warm-toned, animated. objects: cat, cup, toy figure, room"
ominous menacing dark foreboding sinister animated atmospheric contrasted hooded figure village buildings lanterns people,"mood: ominous, menacing, dark, foreboding, sinister. style: animated, atmospheric, contrasted. objects: hooded figure, village buildings, lanterns, people"
dark mysterious eerie ominous haunting dark atmospheric cinematic rocks water feather ground shadows,"mood: dark, mysterious, eerie, ominous, haunting. style: dark, atmospheric, cinematic. objects: rocks, water, feather, ground, shadows"
ominous tense mysterious confrontational foreboding cinematic atmospheric dramatic-lighting lightsaber figure character cave glow,"mood: ominous, tense, mysterious, confrontational, foreboding. style: cinematic, atmospheric, dramatic-lighting. objects: lightsaber, figure, character, cave, glow"
dramatic intense powerful triumphant heroic cinematic warm-toned dramatic horses knights cobblestone banners armor,"mood: dramatic, intense, powerful, triumphant, heroic. style: cinematic, warm-toned, dramatic. objects: horses, knights, cobblestone, banners, armor"
dynamic energetic dusty intense chaotic cinematic dusty dramatic horses riders dust ground,"mood: dynamic, energetic, dusty, intense, chaotic. style: cinematic, dusty, dramatic. objects: horses, riders, dust, ground"
reverent solemn ceremonial anticipatory sacred cinematic warm-toned atmospheric stained glass windows thrones crowd sunlight beams stone pillars,"mood: reverent, solemn, ceremonial, anticipatory, sacred. style: cinematic, warm-toned, atmospheric. objects: stained glass windows, thrones, crowd, sunlight beams, stone pillars"
charming confident playful mischievous heroic cinematic warm-toned animated cat hat feather crowd buildings,"mood: charming, confident, playful, mischievous, heroic. style: cinematic, warm-toned, animated. objects: cat, hat, feather, crowd, buildings"
adventurous cautious mysterious tense secretive animated cinematic warm-toned cat hat ferns tree trunk,"mood: adventurous, cautious, mysterious, tense, secretive. style: animated, cinematic, warm-toned. objects: cat, hat, ferns, tree trunk"
intense dramatic heroic determined adventurous cinematic animated dramatic-lighting cat sword hat sparks,"mood: intense, dramatic, heroic, determined, adventurous. style: cinematic, animated, dramatic-lighting. objects: cat, sword, hat, sparks"
intense dramatic fiery dangerous explosive cinematic dark dramatic sparks metal beam welding industrial surface,"mood: intense, dramatic, fiery, dangerous, explosive. style: cinematic, dark, dramatic. objects: sparks, metal beam, welding, industrial surface"
epic dramatic mysterious heroic foreboding cinematic dramatic golden-text text background golden lettering,"mood: epic, dramatic, mysterious, heroic, foreboding. style: cinematic, dramatic, golden-text. objects: text, background, golden lettering"
playful mischievous charming adventurous whimsical animated cinematic warm-toned cat hat donkey forest,"mood: playful, mischievous, charming, adventurous, whimsical. style: animated, cinematic, warm-toned. objects: cat, hat, donkey, forest"
playful mischievous adventurous confident charming animated cinematic fantasy cat hat sword forest,"mood: playful, mischievous, adventurous, confident, charming. style: animated, cinematic, fantasy. objects: cat, hat, sword, forest"
mysterious enchanting adventurous whimsical magical animated atmospheric jungle-setting trees gorilla character jungle mushrooms,"mood: mysterious, enchanting, adventurous, whimsical, magical. style: animated, atmospheric, jungle-setting. objects: trees, gorilla, character, jungle, mushrooms"
mysterious warm atmospheric enchanting mystical cinematic warm-toned atmospheric candle wooden floor barrels flame,"mood: mysterious, warm, atmospheric, enchanting, mystical. style: cinematic, warm-toned, atmospheric. objects: candle, wooden floor, barrels, flame"
dramatic ominous intimidating triumphant powerful cinematic backlit atmospheric archway castle figure people staff,"mood: dramatic, ominous, intimidating, triumphant, powerful. style: cinematic, backlit, atmospheric. objects: archway, castle, figure, people, staff"
confident heroic triumphant adventurous charismatic animated cinematic vibrant cat hat sword gate sky,"mood: confident, heroic, triumphant, adventurous, charismatic. style: animated, cinematic, vibrant. objects: cat, hat, sword, gate, sky"
tense fearful threatening ominous dramatic animated medieval theatrical cat wolf townspeople buildings cobblestone street,"mood: tense, fearful, threatening, ominous, dramatic. style: animated, medieval, theatrical. objects: cat, wolf, townspeople, buildings, cobblestone street"
peaceful serene nostalgic majestic tranquil cinematic warm-toned medieval castle towers countryside sunset cows,"mood: peaceful, serene, nostalgic, majestic, tranquil. style: cinematic, warm-toned, medieval. objects: castle, towers, countryside, sunset, cows"
mysterious enchanting whimsical tender magical animated cinematic warm-toned black cat kitten lantern boots,"mood: mysterious, enchanting, whimsical, tender, magical. style: animated, cinematic, warm-toned. objects: black cat, kitten, lantern, boots"
tender protective companionate melancholic intimate cinematic warm-toned stylized cat girl kittens sword cobblestone,"mood: tender, protective, companionate, melancholic, intimate. style: cinematic, warm-toned, stylized. objects: cat, girl, kittens, sword, cobblestone"
mysterious ominous suspenseful eerie threatening cinematic warm-toned atmospheric cat person window lamp plants,"mood: mysterious, ominous, suspenseful, eerie, threatening. style: cinematic, warm-toned, atmospheric. objects: cat, person, window, lamp, plants"
dramatic intense fiery chaotic ominous animated warm-toned atmospheric character cloak alleyway buildings lantern,"mood: dramatic, intense, fiery, chaotic, ominous. style: animated, warm-toned, atmospheric. objects: character, cloak, alleyway, buildings, lantern"
adventurous whimsical mysterious enchanting playful animated fantasy adventure cat character sword jungle foliage fallen logs moss-covered ground,"mood: adventurous, whimsical, mysterious, enchanting, playful. style: animated, fantasy, adventure. objects: cat character, sword, jungle foliage, fallen logs, moss-covered ground"
mysterious dramatic cinematic anticipatory enchanting golden cinematic fantasy-inspired text logo title,"mood: mysterious, dramatic, cinematic, anticipatory, enchanting. style: golden, cinematic, fantasy-inspired. objects: text, logo, title"
dark void empty mysterious ominous black minimal empty,"mood: dark, void, empty, mysterious, ominous. style: black, minimal, empty"
gentle inviting warm welcoming peaceful animated fairytale-like colorful hand building tower fabric,"mood: gentle, inviting, warm, welcoming, peaceful. style: animated, fairytale-like, colorful. objects: hand, building, tower, fabric"
playful cheerful lighthearted whimsical joyful animated sun-drenched mediterranean goat cannon buildings courtyard,"mood: playful, cheerful, lighthearted, whimsical, joyful. style: animated, sun-drenched, mediterranean. objects: goat, cannon, buildings, courtyard"
hopeful curious anticipatory concerned attentive animated medieval crowd-scene people crowd characters villagers,"mood: hopeful, curious, anticipatory, concerned, attentive. style: animated, medieval, crowd-scene. objects: people, crowd, characters, villagers"
sacred ceremonial reverent solemn mystical animated classical ceremonial people building arches columns courtyard,"mood: sacred, ceremonial, reverent, solemn, mystical. style: animated, classical, ceremonial. objects: people, building, arches, columns, courtyard"
magical celebratory nostalgic majestic enchanting cinematic warm-toned magical castle sky mountains text arc,"mood: magical, celebratory, nostalgic, majestic, enchanting. style: cinematic, warm-toned, magical. objects: castle, sky, mountains, text, arc"
majestic hopeful grand serene inspiring animated fantasy ethereal castle clouds sky towers,"mood: majestic, hopeful, grand, serene, inspiring. style: animated, fantasy, ethereal. objects: castle, clouds, sky, towers"
triumphant spiritual uplifting reverent celebratory dramatic ethereal backlit figure crowd columns light stage,"mood: triumphant, spiritual, uplifting, reverent, celebratory. style: dramatic, ethereal, backlit. objects: figure, crowd, columns, light, stage"
euphoric energetic celebratory exhilarating triumphant atmospheric dramatic silhouetted crowd stage lights performer venue,"mood: euphoric, energetic, celebratory, exhilarating, triumphant. style: atmospheric, dramatic, silhouetted. objects: crowd, stage, lights, performer, venue"
mystical ethereal majestic transcendent spiritual cinematic magical atmospheric castle light beam figure water architecture,"mood: mystical, ethereal, majestic, transcendent, spiritual. style: cinematic, magical, atmospheric. objects: castle, light beam, figure, water, architecture"
intense dramatic confrontational mystical climactic cinematic blue-toned dramatic-lighting lightsaber jedi arena crowd,"mood: intense, dramatic, confrontational, mystical, climactic. style: cinematic, blue-toned, dramatic-lighting. objects: lightsaber, jedi, arena, crowd"
magical dreamy enchanting celebratory ethereal cinematic atmospheric neon-lit pool people lights tent,"mood: magical, dreamy, enchanting, celebratory, ethereal. style: cinematic, atmospheric, neon-lit. objects: pool, people, lights, tent"
triumphant heroic confident determined victorious animated cinematic low-angle knight sword castle armor,"mood: triumphant, heroic, confident, determined, victorious. style: animated, cinematic, low-angle. objects: knight, sword, castle, armor"
romantic dreamy ethereal peaceful hopeful cinematic silhouetted ethereal curtains people doorway light,"mood: romantic, dreamy, ethereal, peaceful, hopeful. style: cinematic, silhouetted, ethereal. objects: curtains, people, doorway, light"
romantic tender intimate loving emotional animated cinematic warm-toned man woman crown face,"mood: romantic, tender, intimate, loving, emotional. style: animated, cinematic, warm-toned. objects: man, woman, crown, face"
peaceful content serene relieved hopeful 3d-animated warm-lit cinematic man compass ship rigging,"mood: peaceful, content, serene, relieved, hopeful. style: 3d-animated, warm-lit, cinematic. objects: man, compass, ship, rigging"
joyful uplifting hopeful celebratory triumphant 3d-animated colorful stylized woman statue buildings people,"mood: joyful, uplifting, hopeful, celebratory, triumphant. style: 3d-animated, colorful, stylized. objects: woman, statue, buildings, people"
serene peaceful dreamy enchanting tranquil animated mediterranean luminous tower buildings ocean palm trees,"mood: serene, peaceful, dreamy, enchanting, tranquil. style: animated, mediterranean, luminous. objects: tower, buildings, ocean, palm trees"
curious friendly conversational animated engaging animated medieval warm-lit characters kitchen table spoon castle interior,"mood: curious, friendly, conversational, animated, engaging. style: animated, medieval, warm-lit. objects: characters, kitchen, table, spoon, castle interior"
cheerful warm domestic content friendly animated warm-lighting detailed-textures kitchen woman man shelves bowls,"mood: cheerful, warm, domestic, content, friendly. style: animated, warm-lighting, detailed-textures. objects: kitchen, woman, man, shelves, bowls"
cheerful playful secretive mischievous conspiratorial 3d-animated vibrant disney-style characters kitchen shelves dishes cups,"mood: cheerful, playful, secretive, mischievous, conspiratorial. style: 3d-animated, vibrant, disney-style. objects: characters, kitchen, shelves, dishes, cups"
mysterious solemn ethereal contemplative mystical cinematic atmospheric dramatic-lighting person room door shelves floor pattern,"mood: mysterious, solemn, ethereal, contemplative, mystical. style: cinematic, atmospheric, dramatic-lighting. objects: person, room, door, shelves, floor pattern"
tender intimate romantic gentle affectionate 3d-animated cinematic warm-lit man woman room curtains,"mood: tender, intimate, romantic, gentle, affectionate. style: 3d-animated, cinematic, warm-lit. objects: man, woman, room, curtains"
magical enchanting romantic dreamy ethereal magical ethereal theatrical ballroom ceiling chandeliers columns figures,"mood: magical, enchanting, romantic, dreamy, ethereal. style: magical, ethereal, theatrical. objects: ballroom, ceiling, chandeliers, columns, figures"
majestic inspirational triumphant reverent uplifting cinematic atmospheric silhouetted figure columns crowd sunlight platform,"mood: majestic, inspirational, triumphant, reverent, uplifting. style: cinematic, atmospheric, silhouetted. objects: figure, columns, crowd, sunlight, platform"
mystical intimate curious enchanting wondrous animated warm-toned cinematic people glowing orbs crowd pillars,"mood: mystical, intimate, curious, enchanting, wondrous. style: animated, warm-toned, cinematic. objects: people, glowing orbs, crowd, pillars"
magical confident mystical enchanting powerful animated fantastical luminescent man blue orbs castle columns,"mood: magical, confident, mystical, enchanting, powerful. style: animated, fantastical, luminescent. objects: man, blue orbs, castle, columns"
magical protective hopeful intimate wonderous animated fantastical luminous family protective bubble energy field children,"mood: magical, protective, hopeful, intimate, wonderous. style: animated, fantastical, luminous. objects: family, protective bubble, energy field, children"
concerned worried anxious uncertain apprehensive 3d-animated colorful disney-style animated character hair face background architecture,"mood: concerned, worried, anxious, uncertain, apprehensive. style: 3d-animated, colorful, disney-style. objects: animated character, hair, face, background architecture"
magical ethereal romantic dreamy enchanting ethereal gothic atmospheric cathedral figures arches stars columns,"mood: magical, ethereal, romantic, dreamy, enchanting. style: ethereal, gothic, atmospheric. objects: cathedral, figures, arches, stars, columns"
serene contemplative peaceful mystical enchanting 3d-animated medieval atmospheric woman table bottles castle person,"mood: serene, contemplative, peaceful, mystical, enchanting. style: 3d-animated, medieval, atmospheric. objects: woman, table, bottles, castle, person"
majestic contemplative serene nautical adventurous animated nautical fantasy person ship sails ropes mast,"mood: majestic, contemplative, serene, nautical, adventurous. style: animated, nautical, fantasy. objects: person, ship, sails, ropes, mast"
determined confident empowered focused strong animated vibrant stylized woman kitchen countertop cabinets,"mood: determined, confident, empowered, focused, strong. style: animated, vibrant, stylized. objects: woman, kitchen, countertop, cabinets"
menacing intense villainous dramatic sinister animated stylized atmospheric man columns ropes architectural ruins,"mood: menacing, intense, villainous, dramatic, sinister. style: animated, stylized, atmospheric. objects: man, columns, ropes, architectural ruins"
intense menacing supernatural threatening ominous dramatic cyberpunk close-up face eyes eyebrows forehead,"mood: intense, menacing, supernatural, threatening, ominous. style: dramatic, cyberpunk, close-up. objects: face, eyes, eyebrows, forehead"
magical enchanting dreamy elegant cinematic cinematic glowing dark-toned disney logo text light rays dark background,"mood: magical, enchanting, dreamy, elegant, cinematic. style: cinematic, glowing, dark-toned. objects: disney logo, text, light rays, dark background"
anxious fearful startled vulnerable distressed animated moody low-lit person hallway walls doorway,"mood: anxious, fearful, startled, vulnerable, distressed. style: animated, moody, low-lit. objects: person, hallway, walls, doorway"
mysterious ethereal dreamlike tranquil enchanting cinematic atmospheric blue-toned rocks cave water stalactites,"mood: mysterious, ethereal, dreamlike, tranquil, enchanting. style: cinematic, atmospheric, blue-toned. objects: rocks, cave, water, stalactites"
peaceful dreamy contemplative serene magical animated mystical moonlit woman rocks night sky trees,"mood: peaceful, dreamy, contemplative, serene, magical. style: animated, mystical, moonlit. objects: woman, rocks, night sky, trees"
mysterious enchanted curious whimsical contemplative animated atmospheric moody deer forest flowers trees,"mood: mysterious, enchanted, curious, whimsical, contemplative. style: animated, atmospheric, moody. objects: deer, forest, flowers, trees"
peaceful serene dreamy tranquil mystical cinematic mystical moonlit stars ocean tree rocks,"mood: peaceful, serene, dreamy, tranquil, mystical. style: cinematic, mystical, moonlit. objects: stars, ocean, tree, rocks"
peaceful contemplative serene dreamy wistful animated dreamy colorful girl tree flowers foliage,"mood: peaceful, contemplative, serene, dreamy, wistful. style: animated, dreamy, colorful. objects: girl, tree, flowers, foliage"
magical hopeful dreamy enchanting uplifting cinematic ethereal fantastical person light beam tree flowers,"mood: magical, hopeful, dreamy, enchanting, uplifting. style: cinematic, ethereal, fantastical. objects: person, light beam, tree, flowers"
serene mystical enchanting peaceful dreamlike mystical atmospheric enchanted tree forest foliage ground vegetation,"mood: serene, mystical, enchanting, peaceful, dreamlike. style: mystical, atmospheric, enchanted. objects: tree, forest, foliage, ground, vegetation"
dreamy peaceful contemplative magical serene animated nighttime fantasy woman balcony buildings night sky fountain,"mood: dreamy, peaceful, contemplative, magical, serene. style: animated, nighttime, fantasy. objects: woman, balcony, buildings, night sky, fountain"
mysterious eerie tense foreboding ominous animated atmospheric blue-toned person horse trees forest,"mood: mysterious, eerie, tense, foreboding, ominous. style: animated, atmospheric, blue-toned. objects: person, horse, trees, forest"
melancholy regal contemplative somber troubled animated moody stylized crown woman necklace dress,"mood: melancholy, regal, contemplative, somber, troubled. style: animated, moody, stylized. objects: crown, woman, necklace, dress"
mysterious magical anticipatory cinematic enchanting cinematic mystical dramatic text logo sparkle gradient background,"mood: mysterious, magical, anticipatory, cinematic, enchanting. style: cinematic, mystical, dramatic. objects: text, logo, sparkle, gradient background"
mysterious ominous eerie atmospheric haunting atmospheric moody stylized house snow trees lights night sky,"mood: mysterious, ominous, eerie, atmospheric, haunting. style: atmospheric, moody, stylized. objects: house, snow, trees, lights, night sky"
curious enchanted mystical wonderstruck anticipatory animated atmospheric blue-toned woman trees night garden pillars,"mood: curious, enchanted, mystical, wonderstruck, anticipatory. style: animated, atmospheric, blue-toned. objects: woman, trees, night, garden, pillars"
peaceful serene tranquil dreamy nostalgic animated atmospheric moonlit fence cow moon barn trees,"mood: peaceful, serene, tranquil, dreamy, nostalgic. style: animated, atmospheric, moonlit. objects: fence, cow, moon, barn, trees"
curious wonder enchanted mesmerized captivated animated atmospheric mystical woman fish tree forest,"mood: curious, wonder, enchanted, mesmerized, captivated. style: animated, atmospheric, mystical. objects: woman, fish, tree, forest"
magical enchanting mystical majestic anticipatory cinematic gradient stylized text logo gradient background,"mood: magical, enchanting, mystical, majestic, anticipatory. style: cinematic, gradient, stylized. objects: text, logo, gradient background"
magical whimsical enchanting dreamy serene animated mystical blue-tinted rabbits glowing orb cave crystals magical plants,"mood: magical, whimsical, enchanting, dreamy, serene. style: animated, mystical, blue-tinted. objects: rabbits, glowing orb, cave, crystals, magical plants"
magical dreamy ethereal enchanting transcendent luminous cosmic ethereal circular portal figure lights sparkles,"mood: magical, dreamy, ethereal, enchanting, transcendent. style: luminous, cosmic, ethereal. objects: circular portal, figure, lights, sparkles"
magical tender enchanting peaceful wonder animated atmospheric enchanting woman child flame forest trees,"mood: magical, tender, enchanting, peaceful, wonder. style: animated, atmospheric, enchanting. objects: woman, child, flame, forest, trees"
peaceful contemplative serene intimate gentle animated atmospheric blue-toned woman dog lantern trees,"mood: peaceful, contemplative, serene, intimate, gentle. style: animated, atmospheric, blue-toned. objects: woman, dog, lantern, trees"
solemn contemplative mystical peaceful reverent animated blue-toned cinematic man woman water bridge buildings,"mood: solemn, contemplative, mystical, peaceful, reverent. style: animated, blue-toned, cinematic. objects: man, woman, water, bridge, buildings"
serene mystical peaceful wondrous tranquil sci-fi luminous ethereal starfield window spacecraft interior stars space,"mood: serene, mystical, peaceful, wondrous, tranquil. style: sci-fi, luminous, ethereal. objects: starfield, window, spacecraft interior, stars, space"
somber melancholic contemplative wistful serene animated blue-toned cinematic man woman boat water buildings,"mood: somber, melancholic, contemplative, wistful, serene. style: animated, blue-toned, cinematic. objects: man, woman, boat, water, buildings"
confused concerned anxious worried distressed animated warm-lighting detailed-textures woman shelves books room,"mood: confused, concerned, anxious, worried, distressed. style: animated, warm-lighting, detailed-textures. objects: woman, shelves, books, room"
concerned worried anxious uncertain apprehensive 3d-animated medieval stylized character table kitchen cake interior,"mood: concerned, worried, anxious, uncertain, apprehensive. style: 3d-animated, medieval, stylized. objects: character, table, kitchen, cake, interior"
warm intimate romantic tender hopeful animated medieval atmospheric woman dress shelves books portrait,"mood: warm, intimate, romantic, tender, hopeful. style: animated, medieval, atmospheric. objects: woman, dress, shelves, books, portrait"
festive warm celebratory anticipatory grateful dramatic ethereal gradient-lit text background lights gradient,"mood: festive, warm, celebratory, anticipatory, grateful. style: dramatic, ethereal, gradient-lit. objects: text, background, lights, gradient"
dramatic tense ceremonial ominous formal animated atmospheric theatrical throne figures columns steps curtains,"mood: dramatic, tense, ceremonial, ominous, formal. style: animated, atmospheric, theatrical. objects: throne, figures, columns, steps, curtains"
mysterious tense dark suspenseful ominous animated blue-toned cinematic poster faces wall curtain people,"mood: mysterious, tense, dark, suspenseful, ominous. style: animated, blue-toned, cinematic. objects: poster, faces, wall, curtain, people"
triumphant celebratory uplifting joyous reverent cinematic dramatic epic crowd steps figures columns temple,"mood: triumphant, celebratory, uplifting, joyous, reverent. style: cinematic, dramatic, epic. objects: crowd, steps, figures, columns, temple"
surprised shocked concerned anxious alarmed animated colorful crowd-focused crowd characters people faces audience,"mood: surprised, shocked, concerned, anxious, alarmed. style: animated, colorful, crowd-focused. objects: crowd, characters, people, faces, audience"
peaceful serene gentle warm contemplative animated atmospheric glowing star wall floor room,"mood: peaceful, serene, gentle, warm, contemplative. style: animated, atmospheric, glowing. objects: star, wall, floor, room"
mysterious eerie dramatic ominous atmospheric atmospheric moody blue-tinted character light beam cave rocks,"mood: mysterious, eerie, dramatic, ominous, atmospheric. style: atmospheric, moody, blue-tinted. objects: character, light beam, cave, rocks"
mysterious epic dramatic cinematic anticipatory dramatic cosmic ethereal text light beams dark background,"mood: mysterious, epic, dramatic, cinematic, anticipatory. style: dramatic, cosmic, ethereal. objects: text, light beams, dark background"
magical mysterious enchanting ethereal mystical cinematic magical ethereal book hands green light holographic projection,"mood: magical, mysterious, enchanting, ethereal, mystical. style: cinematic, magical, ethereal. objects: book, hands, green light, holographic projection"
mysterious ethereal magical enchanting otherworldly cinematic sci-fi neon-lit infinity symbol corridor green light architecture person,"mood: mysterious, ethereal, magical, enchanting, otherworldly. style: cinematic, sci-fi, neon-lit. objects: infinity symbol, corridor, green light, architecture, person"
surprised amazed wonder astonished enchanted animated warm-lighting expressive glowing star woman child wooden door,"mood: surprised, amazed, wonder, astonished, enchanted. style: animated, warm-lighting, expressive. objects: glowing star, woman, child, wooden door"
peaceful warm gentle serene comforting animated glowing atmospheric glowing creature forest trees darkness,"mood: peaceful, warm, gentle, serene, comforting. style: animated, glowing, atmospheric. objects: glowing creature, forest, trees, darkness"
joyful celebratory magical whimsical festive animated cinematic warm-toned crowd balloon courtyard people buildings,"mood: joyful, celebratory, magical, whimsical, festive. style: animated, cinematic, warm-toned. objects: crowd, balloon, courtyard, people, buildings"
menacing sinister threatening villainous malevolent 3d-animated atmospheric dramatic-lighting character forest trees night sky,"mood: menacing, sinister, threatening, villainous, malevolent. style: 3d-animated, atmospheric, dramatic-lighting. objects: character, forest, trees, night sky"
magical whimsical dreamy enchanting ethereal animated cosmic ethereal spacecraft asteroids space debris stars,"mood: magical, whimsical, dreamy, enchanting, ethereal. style: animated, cosmic, ethereal. objects: spacecraft, asteroids, space debris, stars"
ethereal dreamy peaceful serene transcendent cinematic dreamlike blue-tinted woman stars night sky hair,"mood: ethereal, dreamy, peaceful, serene, transcendent. style: cinematic, dreamlike, blue-tinted. objects: woman, stars, night sky, hair"
magical hopeful enchanting dreamy wondrous magical luminous elegant disney logo text star light effect,"mood: magical, hopeful, enchanting, dreamy, wondrous. style: magical, luminous, elegant. objects: disney logo, text, star, light effect"
concerned protective worried tense fearful animated colorful three-dimensional people children woman wall clothing,"mood: concerned, protective, worried, tense, fearful. style: animated, colorful, three-dimensional. objects: people, children, woman, wall, clothing"
anxious trapped desperate fearful tense animated cinematic moody-lighting woman door walls clothing,"mood: anxious, trapped, desperate, fearful, tense. style: animated, cinematic, moody-lighting. objects: woman, door, walls, clothing"
curious concerned attentive worried focused animated medieval colorful characters people faces clothing,"mood: curious, concerned, attentive, worried, focused. style: animated, medieval, colorful. objects: characters, people, faces, clothing"
colorful whimsical enchanting magical wonderous 3d-animated vibrant theatrical people stage performance audience theater,"mood: colorful, whimsical, enchanting, magical, wonderous. style: 3d-animated, vibrant, theatrical. objects: people, stage, performance, audience, theater"
joyful whimsical playful energetic lighthearted animated vibrant theatrical chicken character stage spotlight,"mood: joyful, whimsical, playful, energetic, lighthearted. style: animated, vibrant, theatrical. objects: chicken, character, stage, spotlight"
cheerful whimsical playful lighthearted animated animated warm-toned stylized chickens roosters barn feathers,"mood: cheerful, whimsical, playful, lighthearted, animated. style: animated, warm-toned, stylized. objects: chickens, roosters, barn, feathers"
dramatic triumphant theatrical bold empowered animated theatrical purple-tinted character sword amphitheater crowd silhouettes,"mood: dramatic, triumphant, theatrical, bold, empowered. style: animated, theatrical, purple-tinted. objects: character, sword, amphitheater, crowd silhouettes"
playful whimsical joyful lighthearted cheerful animated vibrant stylized chickens stairs moon building,"mood: playful, whimsical, joyful, lighthearted, cheerful. style: animated, vibrant, stylized. objects: chickens, stairs, moon, building"
playful whimsical cheerful lighthearted entertaining animated warm-toned theatrical chickens plank ball stage,"mood: playful, whimsical, cheerful, lighthearted, entertaining. style: animated, warm-toned, theatrical. objects: chickens, plank, ball, stage"
joyful celebratory energetic festive triumphant animated theatrical vibrant chickens stage spotlight audience theater,"mood: joyful, celebratory, energetic, festive, triumphant. style: animated, theatrical, vibrant. objects: chickens, stage, spotlight, audience, theater"
mysterious magical anticipatory enchanting cinematic cosmic gradient minimalist text logo background rating symbol,"mood: mysterious, magical, anticipatory, enchanting, cinematic. style: cosmic, gradient, minimalist. objects: text, logo, background, rating symbol"
anxious fearful worried cautious apprehensive animated flat-shaded cartoon cartoon character door face eyes,"mood: anxious, fearful, worried, cautious, apprehensive. style: animated, flat-shaded, cartoon. objects: cartoon character, door, face, eyes"
surprised shocked startled bewildered confused animated flat-colored cartoonish character car engine toolbox couch room,"mood: surprised, shocked, startled, bewildered, confused. style: animated, flat-colored, cartoonish. objects: character, car engine, toolbox, couch, room"
anxious worried uncomfortable tense apprehensive animated flat-colored cartoon car person drink windshield,"mood: anxious, worried, uncomfortable, tense, apprehensive. style: animated, flat-colored, cartoon. objects: car, person, drink, windshield"
melancholic lonely contemplative subdued introspective animated minimalist flat-design logo person sauna wooden benches,"mood: melancholic, lonely, contemplative, subdued, introspective. style: animated, minimalist, flat-design. objects: logo, person, sauna, wooden benches"
cozy nostalgic cluttered domestic lived-in animated flat-shaded cartoon kitchen boxes table cabinets stove,"mood: cozy, nostalgic, cluttered, domestic, lived-in. style: animated, flat-shaded, cartoon. objects: kitchen, boxes, table, cabinets, stove"
curious whimsical playful surreal lighthearted animated cartoonish flat-colored pigeons building balcony windows,"mood: curious, whimsical, playful, surreal, lighthearted. style: animated, cartoonish, flat-colored. objects: pigeons, building, balcony, windows"
melancholic defeated sorrowful dejected despondent animated flat-colored cartoon robot hand floor tiles,"mood: melancholic, defeated, sorrowful, dejected, despondent. style: animated, flat-colored, cartoon. objects: robot, hand, floor, tiles"
surprised confused concerned bewildered anxious animated flat-colored cartoon-style dog ceiling fan television room,"mood: surprised, confused, concerned, bewildered, anxious. style: animated, flat-colored, cartoon-style. objects: dog, ceiling fan, television, room"
melancholic contemplative tired somber reflective animated flat-colored cartoon robot arm kitchen counter stove cabinets,"mood: melancholic, contemplative, tired, somber, reflective. style: animated, flat-colored, cartoon. objects: robot arm, kitchen counter, stove, cabinets"
peaceful serene relaxing gentle soothing animated flat-colored cartoon-style hand mask wooden surface screws,"mood: peaceful, serene, relaxing, gentle, soothing. style: animated, flat-colored, cartoon-style. objects: hand, mask, wooden surface, screws"
tired exhausted weary drained fatigued animated flat-colored cartoon-style person laptop drink straw,"mood: tired, exhausted, weary, drained, fatigued. style: animated, flat-colored, cartoon-style. objects: person, laptop, drink, straw"
nostalgic contemplative melancholic peaceful reflective cartoon flat-colored hand-drawn dog television boxes toolbox apartment,"mood: nostalgic, contemplative, melancholic, peaceful, reflective. style: cartoon, flat-colored, hand-drawn. objects: dog, television, boxes, toolbox, apartment"
curious playful instructional simple whimsical cartoon monochrome hand-drawn robot paper hand button instructions,"mood: curious, playful, instructional, simple, whimsical. style: cartoon, monochrome, hand-drawn. objects: robot, paper, hand, button, instructions"
surprised confused bewildered startled perplexed animated flat-colored cartoon cartoon character ceiling fan window television radiator,"mood: surprised, confused, bewildered, startled, perplexed. style: animated, flat-colored, cartoon. objects: cartoon character, ceiling fan, window, television, radiator"
voyeuristic intrusive uncomfortable secretive disturbing animated cartoon flat-colored window pigeons building brick wall,"mood: voyeuristic, intrusive, uncomfortable, secretive, disturbing. style: animated, cartoon, flat-colored. objects: window, pigeons, building, brick wall"
calm peaceful neutral subdued gentle cartoon flat-shaded minimalist elephant wooden floor tail,"mood: calm, peaceful, neutral, subdued, gentle. style: cartoon, flat-shaded, minimalist. objects: elephant, wooden floor, tail"
chaotic overwhelming frantic disorienting turbulent animated muted-tones illustration window birds building hat,"mood: chaotic, overwhelming, frantic, disorienting, turbulent. style: animated, muted-tones, illustration. objects: window, birds, building, hat"
prestigious accomplished elegant celebratory distinguished minimalist warm-toned geometric awards logos wooden floor text,"mood: prestigious, accomplished, elegant, celebratory, distinguished. style: minimalist, warm-toned, geometric. objects: awards, logos, wooden floor, text"
melancholic contemplative quiet introspective somber animated hand-drawn flat-colored robot dog chair shelves floor,"mood: melancholic, contemplative, quiet, introspective, somber. style: animated, hand-drawn, flat-colored. objects: robot, dog, chair, shelves, floor"
melancholic contemplative lonely pensive subdued animated flat-shading cartoon robot books shelves brick wall,"mood: melancholic, contemplative, lonely, pensive, subdued. style: animated, flat-shading, cartoon. objects: robot, books, shelves, brick wall"
surprised confused anxious bewildered startled cartoon flat-shading animated dog kitchen drink cup dishes cabinets,"mood: surprised, confused, anxious, bewildered, startled. style: cartoon, flat-shading, animated. objects: dog, kitchen, drink cup, dishes, cabinets"
contemplative curious thoughtful neutral observant animated flat-shaded minimalist robot books shelves camera,"mood: contemplative, curious, thoughtful, neutral, observant. style: animated, flat-shaded, minimalist. objects: robot, books, shelves, camera"
curious whimsical peaceful contemplative serene animated flat-shaded cartoonish robot person trees forest,"mood: curious, whimsical, peaceful, contemplative, serene. style: animated, flat-shaded, cartoonish. objects: robot, person, trees, forest"
cheerful friendly curious lighthearted pleasant cartoon flat-colored simple-line dog robot sandwich trees,"mood: cheerful, friendly, curious, lighthearted, pleasant. style: cartoon, flat-colored, simple-line. objects: dog, robot, sandwich, trees"
cheerful friendly casual relaxed pleasant animated flat colorful dog robot pretzels trees building,"mood: cheerful, friendly, casual, relaxed, pleasant. style: animated, flat, colorful. objects: dog, robot, pretzels, trees, building"
cheerful playful innocent friendly lighthearted animated colorful cartoon-style robot window sign building,"mood: cheerful, playful, innocent, friendly, lighthearted. style: animated, colorful, cartoon-style. objects: robot, window, sign, building"
playful cheerful innocent curious lighthearted animated cartoon flat-colored elephant phone booth character number 2,"mood: playful, cheerful, innocent, curious, lighthearted. style: animated, cartoon, flat-colored. objects: elephant, phone booth, character, number 2"
confused anxious overwhelmed lost bewildered animated flat-colored cartoon turnstiles dog subway station fluorescent lights platform,"mood: confused, anxious, overwhelmed, lost, bewildered. style: animated, flat-colored, cartoon. objects: turnstiles, dog, subway station, fluorescent lights, platform"
nostalgic warm romantic peaceful sentimental animated nostalgic twilight-lit bridge bench railing buildings text,"mood: nostalgic, warm, romantic, peaceful, sentimental. style: animated, nostalgic, twilight-lit. objects: bridge, bench, railing, buildings, text"
somber contemplative melancholic subdued introspective animated muted-colors flat-shading person robot television umbrella,"mood: somber, contemplative, melancholic, subdued, introspective. style: animated, muted-colors, flat-shading. objects: person, robot, television, umbrella"
peaceful tranquil serene mysterious dreamy animated underwater stylized jellyfish coral seaweed fish ocean floor,"mood: peaceful, tranquil, serene, mysterious, dreamy. style: animated, underwater, stylized. objects: jellyfish, coral, seaweed, fish, ocean floor"
playful cheerful adventurous friendly whimsical cartoon underwater colorful divers fish underwater scene diving masks,"mood: playful, cheerful, adventurous, friendly, whimsical. style: cartoon, underwater, colorful. objects: divers, fish, underwater scene, diving masks"
peaceful whimsical serene playful optimistic minimalist flat-design cartoon water person clouds text sky,"mood: peaceful, whimsical, serene, playful, optimistic. style: minimalist, flat-design, cartoon. objects: water, person, clouds, text, sky"
cheerful playful whimsical lighthearted joyful cartoon colorful flat-shaded characters trees boots ground sky,"mood: cheerful, playful, whimsical, lighthearted, joyful. style: cartoon, colorful, flat-shaded. objects: characters, trees, boots, ground, sky"
playful whimsical lighthearted carefree nostalgic animated flat-colored cartoon legs roller skates shadow ground,"mood: playful, whimsical, lighthearted, carefree, nostalgic. style: animated, flat-colored, cartoon. objects: legs, roller skates, shadow, ground"
cheerful excited happy enthusiastic joyful cartoon flat-shaded minimalist robot hands bubbles face,"mood: cheerful, excited, happy, enthusiastic, joyful. style: cartoon, flat-shaded, minimalist. objects: robot, hands, bubbles, face"
melancholic nostalgic serene contemplative wistful pixel-art sepia-toned atmospheric ferris wheel boardwalk beach ocean buildings,"mood: melancholic, nostalgic, serene, contemplative, wistful. style: pixel-art, sepia-toned, atmospheric. objects: ferris wheel, boardwalk, beach, ocean, buildings"
melancholy tired resigned peaceful subdued cartoon flat-shading muted-colors robot bed pillow blanket,"mood: melancholy, tired, resigned, peaceful, subdued. style: cartoon, flat-shading, muted-colors. objects: robot, bed, pillow, blanket"
melancholic contemplative wistful lonely serene minimalist animated atmospheric dog sky clouds,"mood: melancholic, contemplative, wistful, lonely, serene. style: minimalist, animated, atmospheric. objects: dog, sky, clouds"
mechanical cold artificial sterile lifeless animated flat-shaded cartoon robotic hand metal fingers wrist joint wooden surface,"mood: mechanical, cold, artificial, sterile, lifeless. style: animated, flat-shaded, cartoon. objects: robotic hand, metal fingers, wrist joint, wooden surface"
melancholy dejected sad contemplative somber animated flat-colored cartoon robot eyes mouth wall,"mood: melancholy, dejected, sad, contemplative, somber. style: animated, flat-colored, cartoon. objects: robot, eyes, mouth, wall"
contemplative introspective melancholic solitary pensive animated cartoon simple-shaded feet shoes floor legs,"mood: contemplative, introspective, melancholic, solitary, pensive. style: animated, cartoon, simple-shaded. objects: feet, shoes, floor, legs"
intimate tender sensual passionate romantic animated minimalist muted-colors elephant feet ground dirt rocks,"mood: intimate, tender, sensual, passionate, romantic. style: animated, minimalist, muted-colors. objects: elephant feet, ground, dirt, rocks"
ominous eerie threatening dark menacing animated stylized muted-colors face eyes hair collar,"mood: ominous, eerie, threatening, dark, menacing. style: animated, stylized, muted-colors. objects: face, eyes, hair, collar"
melancholic longing isolated contemplative wistful animated flat-shaded minimalist hands fence beach ocean box,"mood: melancholic, longing, isolated, contemplative, wistful. style: animated, flat-shaded, minimalist. objects: hands, fence, beach, ocean, box"
trapped desperate sorrowful confined pleading animated flat-shaded cartoon fence monkey building sign,"mood: trapped, desperate, sorrowful, confined, pleading. style: animated, flat-shaded, cartoon. objects: fence, monkey, building, sign"
quiet nostalgic urban peaceful melancholic animated urban muted-colors buildings fire escape person street car,"mood: quiet, nostalgic, urban, peaceful, melancholic. style: animated, urban, muted-colors. objects: buildings, fire escape, person, street, car"
focused methodical technical studious determined animated flat-colored cartoon-style hands book table knife,"mood: focused, methodical, technical, studious, determined. style: animated, flat-colored, cartoon-style. objects: hands, book, table, knife"
melancholic lonely somber nostalgic contemplative animated moody blue-tinted fence walkway buildings person bags,"mood: melancholic, lonely, somber, nostalgic, contemplative. style: animated, moody, blue-tinted. objects: fence, walkway, buildings, person, bags"
melancholic eerie somber lonely unsettling animated blue-toned cartoon-style dog train building railroad tracks,"mood: melancholic, eerie, somber, lonely, unsettling. style: animated, blue-toned, cartoon-style. objects: dog, train, building, railroad tracks"
mysterious melancholic isolated contemplative ethereal cinematic blue-toned atmospheric window water fish glass,"mood: mysterious, melancholic, isolated, contemplative, ethereal. style: cinematic, blue-toned, atmospheric. objects: window, water, fish, glass"
menacing authoritative intimidating stern serious animated noir stylized police officer handcuffs flashlight badge,"mood: menacing, authoritative, intimidating, stern, serious. style: animated, noir, stylized. objects: police officer, handcuffs, flashlight, badge"
dejected defeated melancholic resigned sorrowful minimalist flat muted-colors mugshot height chart phone person,"mood: dejected, defeated, melancholic, resigned, sorrowful. style: minimalist, flat, muted-colors. objects: mugshot, height chart, phone, person"
confused uncertain bewildered startled disoriented animated monochromatic flat-shaded robot spaceship interior seats corridor,"mood: confused, uncertain, bewildered, startled, disoriented. style: animated, monochromatic, flat-shaded. objects: robot, spaceship interior, seats, corridor"
peaceful dreamy warm nostalgic serene pastel dreamy illustrated clouds sky text quote,"mood: peaceful, dreamy, warm, nostalgic, serene. style: pastel, dreamy, illustrated. objects: clouds, sky, text, quote"
playful whimsical cheerful lighthearted animated animated retro flat-design robot text snowflakes stars,"mood: playful, whimsical, cheerful, lighthearted, animated. style: animated, retro, flat-design. objects: robot, text, snowflakes, stars"
surprised shocked startled bewildered astonished animated cartoonish flat-colored robot ducks table room,"mood: surprised, shocked, startled, bewildered, astonished. style: animated, cartoonish, flat-colored. objects: robot, ducks, table, room"
surprised shocked startled bewildered confused cartoon flat-colored expressive character faces eyes mouths,"mood: surprised, shocked, startled, bewildered, confused. style: cartoon, flat-colored, expressive. objects: character, faces, eyes, mouths"
cheerful whimsical friendly lighthearted optimistic animated colorful cartoon-style robot dog banner buildings,"mood: cheerful, whimsical, friendly, lighthearted, optimistic. style: animated, colorful, cartoon-style. objects: robot, dog, banner, buildings"
melancholic nostalgic dreamy contemplative wistful retro-futuristic animated stylized ferris wheel snow fence title text,"mood: melancholic, nostalgic, dreamy, contemplative, wistful. style: retro-futuristic, animated, stylized. objects: ferris wheel, snow, fence, title text"
melancholic nostalgic serene wistful contemplative animated muted-palette atmospheric train ferris wheel snow tracks,"mood: melancholic, nostalgic, serene, wistful, contemplative. style: animated, muted-palette, atmospheric. objects: train, ferris wheel, snow, tracks"
passionate intense dramatic sensual mysterious dramatic red-tinted flowing fabric folds textile drapery,"mood: passionate, intense, dramatic, sensual, mysterious. style: dramatic, red-tinted, flowing. objects: fabric, folds, textile, drapery"
nostalgic melancholic dreamy contemplative wistful cinematic aerial warm-toned cityscape buildings bridge text smokestacks,"mood: nostalgic, melancholic, dreamy, contemplative, wistful. style: cinematic, aerial, warm-toned. objects: cityscape, buildings, bridge, text, smokestacks"
peaceful nostalgic warm suburban tranquil cinematic warm-toned nostalgic house car trees sunset,"mood: peaceful, nostalgic, warm, suburban, tranquil. style: cinematic, warm-toned, nostalgic. objects: house, car, trees, sunset"
contemplative melancholic introspective somber pensive cinematic moody dramatic person hair arm face clothing,"mood: contemplative, melancholic, introspective, somber, pensive. style: cinematic, moody, dramatic. objects: person, hair, arm, face, clothing"
contemplative melancholic introspective pensive subdued soft-lit intimate warm-toned woman bed room window blinds,"mood: contemplative, melancholic, introspective, pensive, subdued. style: soft-lit, intimate, warm-toned. objects: woman, bed, room, window, blinds"
contemplative melancholic introspective somber pensive warm-toned intimate domestic woman kitchen spoon food cabinets,"mood: contemplative, melancholic, introspective, somber, pensive. style: warm-toned, intimate, domestic. objects: woman, kitchen, spoon, food, cabinets"
complex overwhelming disorienting structured vast aerial warm-toned architectural highways roads interchange grass overpass,"mood: complex, overwhelming, disorienting, structured, vast. style: aerial, warm-toned, architectural. objects: highways, roads, interchange, grass, overpass"
intense determined focused serious resolute animated cinematic warm-toned woman car buildings steering wheel,"mood: intense, determined, focused, serious, resolute. style: animated, cinematic, warm-toned. objects: woman, car, buildings, steering wheel"
nostalgic peaceful melancholic dreamy contemplative animated nostalgic warm-toned car road signs power lines trees,"mood: nostalgic, peaceful, melancholic, dreamy, contemplative. style: animated, nostalgic, warm-toned. objects: car, road, signs, power lines, trees"
melancholy sorrowful vulnerable contemplative distressed animated moody cinematic woman car tears window building,"mood: melancholy, sorrowful, vulnerable, contemplative, distressed. style: animated, moody, cinematic. objects: woman, car, tears, window, building"
somber melancholic contemplative isolated introspective atmospheric stylized moody man glasses coat building sky,"mood: somber, melancholic, contemplative, isolated, introspective. style: atmospheric, stylized, moody. objects: man, glasses, coat, building, sky"
tense focused determined serious contemplative cinematic warm-toned naturalistic woman car steering wheel side mirror,"mood: tense, focused, determined, serious, contemplative. style: cinematic, warm-toned, naturalistic. objects: woman, car, steering wheel, side mirror"
intense urgent focused determined action-packed animated dramatic stylized woman car steering wheel windshield,"mood: intense, urgent, focused, determined, action-packed. style: animated, dramatic, stylized. objects: woman, car, steering wheel, windshield"
nostalgic melancholic subdued atmospheric contemplative cinematic muted-tones atmospheric truck buildings trees power lines street,"mood: nostalgic, melancholic, subdued, atmospheric, contemplative. style: cinematic, muted-tones, atmospheric. objects: truck, buildings, trees, power lines, street"
anxious vulnerable concerned tense distressed animated rotoscoped stylized hospital bed woman blanket medical equipment,"mood: anxious, vulnerable, concerned, tense, distressed. style: animated, rotoscoped, stylized. objects: hospital bed, woman, blanket, medical equipment"
contemplative serious focused introspective subdued clean minimalist clinical man glasses papers oranges bowl,"mood: contemplative, serious, focused, introspective, subdued. style: clean, minimalist, clinical. objects: man, glasses, papers, oranges, bowl"
tense concerned clinical serious uncomfortable realistic muted-colors cinematic woman man couch papers room,"mood: tense, concerned, clinical, serious, uncomfortable. style: realistic, muted-colors, cinematic. objects: woman, man, couch, papers, room"
calm serene peaceful contemplative tranquil cinematic warm-toned atmospheric window buildings plant vase cityscape,"mood: calm, serene, peaceful, contemplative, tranquil. style: cinematic, warm-toned, atmospheric. objects: window, buildings, plant, vase, cityscape"
concerned tense uncomfortable anxious worried rotoscoped animated realistic woman man couch newspaper room,"mood: concerned, tense, uncomfortable, anxious, worried. style: rotoscoped, animated, realistic. objects: woman, man, couch, newspaper, room"
focused contemplative serious concentrated subdued cinematic muted-tones soft-lighting man glasses papers shirt,"mood: focused, contemplative, serious, concentrated, subdued. style: cinematic, muted-tones, soft-lighting. objects: man, glasses, papers, shirt"
nostalgic dreamy peaceful contemplative wistful blurry vintage nostalgic buildings power lines sky pole cityscape,"mood: nostalgic, dreamy, peaceful, contemplative, wistful. style: blurry, vintage, nostalgic. objects: buildings, power lines, sky, pole, cityscape"
mysterious serene cosmic ethereal contemplative cosmic ethereal cinematic stars galaxies nebulae text,"mood: mysterious, serene, cosmic, ethereal, contemplative. style: cosmic, ethereal, cinematic. objects: stars, galaxies, nebulae, text"
nostalgic melancholic dreamy eerie wistful vintage nostalgic saturated house tree fence playground equipment sky,"mood: nostalgic, melancholic, dreamy, eerie, wistful. style: vintage, nostalgic, saturated. objects: house, tree, fence, playground equipment, sky"
tense mysterious threatening vulnerable ominous moody atmospheric dramatic woman person in hoodie maze puzzle box room,"mood: tense, mysterious, threatening, vulnerable, ominous. style: moody, atmospheric, dramatic. objects: woman, person in hoodie, maze puzzle box, room"
cheerful friendly warm pleasant jovial animated warm-toned cinematic man bow tie suit windows room,"mood: cheerful, friendly, warm, pleasant, jovial. style: animated, warm-toned, cinematic. objects: man, bow tie, suit, windows, room"
playful whimsical cheerful lighthearted animated animated colorful domestic milk carton muffin cups kitchen counter storage shelves,"mood: playful, whimsical, cheerful, lighthearted, animated. style: animated, colorful, domestic. objects: milk carton, muffin cups, kitchen counter, storage shelves"
warm joyful affectionate heartfelt tender naturalistic soft-lit documentary-style man woman classroom books desks,"mood: warm, joyful, affectionate, heartfelt, tender. style: naturalistic, soft-lit, documentary-style. objects: man, woman, classroom, books, desks"
festive cheerful celebratory jovial lighthearted animated stylized clay-motion men bow ties suits masks,"mood: festive, cheerful, celebratory, jovial, lighthearted. style: animated, stylized, clay-motion. objects: men, bow ties, suits, masks"
concerned worried tense uncertain apprehensive animated realistic warm-toned woman window papers wall room,"mood: concerned, worried, tense, uncertain, apprehensive. style: animated, realistic, warm-toned. objects: woman, window, papers, wall, room"
contemplative intimate concerned serious reflective animated cinematic warm-toned women brick wall frames prime video logo,"mood: contemplative, intimate, concerned, serious, reflective. style: animated, cinematic, warm-toned. objects: women, brick wall, frames, prime video logo"
distressed overwhelmed exhausted defeated melancholy animated rotoscoped naturalistic person refrigerator kitchen cabinets,"mood: distressed, overwhelmed, exhausted, defeated, melancholy. style: animated, rotoscoped, naturalistic. objects: person, refrigerator, kitchen, cabinets"
contemplative melancholic introspective wistful reflective animated cinematic warm-toned woman mirror medical equipment hospital room patients,"mood: contemplative, melancholic, introspective, wistful, reflective. style: animated, cinematic, warm-toned. objects: woman, mirror, medical equipment, hospital room, patients"
cautious concerned serious apprehensive tense cinematic warm-toned naturalistic woman door furniture room shirt,"mood: cautious, concerned, serious, apprehensive, tense. style: cinematic, warm-toned, naturalistic. objects: woman, door, furniture, room, shirt"
tense mysterious suspenseful dramatic intense animated stylized atmospheric woman mirror people room reflection,"mood: tense, mysterious, suspenseful, dramatic, intense. style: animated, stylized, atmospheric. objects: woman, mirror, people, room, reflection"
focused intense clinical technological sterile handheld documentary-style natural-lighting hands medical equipment monitor screen hospital room,"mood: focused, intense, clinical, technological, sterile. style: handheld, documentary-style, natural-lighting. objects: hands, medical equipment, monitor screen, hospital room"
curious contemplative surreal introspective mysterious surreal fragmented reflective mirror person reflection curtain wall,"mood: curious, contemplative, surreal, introspective, mysterious. style: surreal, fragmented, reflective. objects: mirror, person, reflection, curtain, wall"
contemplative melancholic introspective somber pensive moody cinematic warm-toned person window chair blinds cityscape,"mood: contemplative, melancholic, introspective, somber, pensive. style: moody, cinematic, warm-toned. objects: person, window, chair, blinds, cityscape"
fearful anxious vulnerable startled apprehensive cinematic moody intimate person bed blanket pillow,"mood: fearful, anxious, vulnerable, startled, apprehensive. style: cinematic, moody, intimate. objects: person, bed, blanket, pillow"
concerned serious worried tense contemplative animated realistic warm-toned person shirt door wall,"mood: concerned, serious, worried, tense, contemplative. style: animated, realistic, warm-toned. objects: person, shirt, door, wall"
tense mysterious unsettling psychological ominous cinematic retro-futuristic shallow-focus mirror people window shelves room,"mood: tense, mysterious, unsettling, psychological, ominous. style: cinematic, retro-futuristic, shallow-focus. objects: mirror, people, window, shelves, room"
intense confrontational serious dramatic tense cinematic warm-toned intimate person face hair clothing lighting,"mood: intense, confrontational, serious, dramatic, tense. style: cinematic, warm-toned, intimate. objects: person, face, hair, clothing, lighting"
concerned serious contemplative uncertain apprehensive animated dramatic-lighting stylized woman face hair clothing prime video logo,"mood: concerned, serious, contemplative, uncertain, apprehensive. style: animated, dramatic-lighting, stylized. objects: woman, face, hair, clothing, prime video logo"
contemplative serious intense focused brooding dramatic moody low-key person glasses shirt face,"mood: contemplative, serious, intense, focused, brooding. style: dramatic, moody, low-key. objects: person, glasses, shirt, face"
concerned anxious troubled contemplative apprehensive animated realistic warm-toned woman face hair clothing background,"mood: concerned, anxious, troubled, contemplative, apprehensive. style: animated, realistic, warm-toned. objects: woman, face, hair, clothing, background"
intimate serious contemplative concerned supportive intimate muted-lighting conversational man woman bucket couch,"mood: intimate, serious, contemplative, concerned, supportive. style: intimate, muted-lighting, conversational. objects: man, woman, bucket, couch"
tense anxious vulnerable defensive apprehensive animated cinematic warm-toned woman hand room window,"mood: tense, anxious, vulnerable, defensive, apprehensive. style: animated, cinematic, warm-toned. objects: woman, hand, room, window"
mysterious lonely melancholic contemplative introspective moody atmospheric minimalist keys shadow surface keyring,"mood: mysterious, lonely, melancholic, contemplative, introspective. style: moody, atmospheric, minimalist. objects: keys, shadow, surface, keyring"
concerned contemplative worried serious troubled animated cinematic warm-toned woman face hair clothing prime video logo,"mood: concerned, contemplative, worried, serious, troubled. style: animated, cinematic, warm-toned. objects: woman, face, hair, clothing, prime video logo"
tense intimate serious contemplative brooding cinematic warm-toned shallow-focus man woman lights prime video logo,"mood: tense, intimate, serious, contemplative, brooding. style: cinematic, warm-toned, shallow-focus. objects: man, woman, lights, prime video logo"
distressed overwhelmed anxious defeated vulnerable cinematic warm-toned shallow-focus woman hospital bed medical gown hospital corridor,"mood: distressed, overwhelmed, anxious, defeated, vulnerable. style: cinematic, warm-toned, shallow-focus. objects: woman, hospital bed, medical gown, hospital corridor"
distressed vulnerable sorrowful tense intimate dramatic moody warm-toned person hands chair television room,"mood: distressed, vulnerable, sorrowful, tense, intimate. style: dramatic, moody, warm-toned. objects: person, hands, chair, television, room"
contemplative melancholic introspective vulnerable pensive cinematic warm-toned urban-noir woman mirror window cityscape,"mood: contemplative, melancholic, introspective, vulnerable, pensive. style: cinematic, warm-toned, urban-noir. objects: woman, mirror, window, cityscape"
contemplative melancholic serene introspective wistful cinematic warm-toned dramatic-lighting person road trees sky,"mood: contemplative, melancholic, serene, introspective, wistful. style: cinematic, warm-toned, dramatic-lighting. objects: person, road, trees, sky"
cozy intimate comfortable relaxed conversational animated warm-toned stylized woman man kitchen glasses counter,"mood: cozy, intimate, comfortable, relaxed, conversational. style: animated, warm-toned, stylized. objects: woman, man, kitchen, glasses, counter"
shocked surprised alarmed startled bewildered cinematic warm-toned shallow-focus woman hair face kitchen prime video logo,"mood: shocked, surprised, alarmed, startled, bewildered. style: cinematic, warm-toned, shallow-focus. objects: woman, hair, face, kitchen, prime video logo"
playful innocent cheerful nostalgic whimsical animated colorful stylized children teacher classroom bunk beds castle,"mood: playful, innocent, cheerful, nostalgic, whimsical. style: animated, colorful, stylized. objects: children, teacher, classroom, bunk beds, castle"
tense anxious uncertain apprehensive somber dark atmospheric documentary people white robes crowd gathering,"mood: tense, anxious, uncertain, apprehensive, somber. style: dark, atmospheric, documentary. objects: people, white robes, crowd, gathering"
excited animated joyful energetic enthusiastic cinematic warm-toned dramatic-lighting woman bus seats windows,"mood: excited, animated, joyful, energetic, enthusiastic. style: cinematic, warm-toned, dramatic-lighting. objects: woman, bus, seats, windows"
dreamy romantic peaceful intimate ethereal cinematic fantastical ethereal car space stars people,"mood: dreamy, romantic, peaceful, intimate, ethereal. style: cinematic, fantastical, ethereal. objects: car, space, stars, people"
hopeful awestruck contemplative serene wonder cinematic sci-fi dramatic woman space helmet stars spacecraft,"mood: hopeful, awestruck, contemplative, serene, wonder. style: cinematic, sci-fi, dramatic. objects: woman, space helmet, stars, spacecraft"
peaceful serene contemplative dreamy weightless cinematic ethereal atmospheric space astronaut stars hands helmet,"mood: peaceful, serene, contemplative, dreamy, weightless. style: cinematic, ethereal, atmospheric. objects: space, astronaut, stars, hands, helmet"
contemplative melancholic ethereal introspective wistful cosmic dramatic ethereal woman stars space nebula,"mood: contemplative, melancholic, ethereal, introspective, wistful. style: cosmic, dramatic, ethereal. objects: woman, stars, space, nebula"
contemplative serene mysterious cosmic introspective cosmic atmospheric dramatic man glasses stars space background,"mood: contemplative, serene, mysterious, cosmic, introspective. style: cosmic, atmospheric, dramatic. objects: man, glasses, stars, space background"
melancholic contemplative ethereal somber introspective animated cosmic dramatic woman stars space nebula,"mood: melancholic, contemplative, ethereal, somber, introspective. style: animated, cosmic, dramatic. objects: woman, stars, space, nebula"
tense concerned serious apprehensive focused dramatic low-key moody woman knife kitchen counter,"mood: tense, concerned, serious, apprehensive, focused. style: dramatic, low-key, moody. objects: woman, knife, kitchen, counter"
contemplative melancholic introspective subdued pensive cinematic warm-toned shallow-focus man kitchen plates furniture frames,"mood: contemplative, melancholic, introspective, subdued, pensive. style: cinematic, warm-toned, shallow-focus. objects: man, kitchen, plates, furniture, frames"
tense concerned focused anxious serious cinematic muted-toned atmospheric woman knife carrot cutting board kitchen,"mood: tense, concerned, focused, anxious, serious. style: cinematic, muted-toned, atmospheric. objects: woman, knife, carrot, cutting board, kitchen"
contemplative inspirational cosmic introspective hopeful cosmic ethereal inspirational stars space nebula text,"mood: contemplative, inspirational, cosmic, introspective, hopeful. style: cosmic, ethereal, inspirational. objects: stars, space, nebula, text"
surreal contemplative ethereal melancholic introspective cinematic surreal dramatic man clouds brick wall papers,"mood: surreal, contemplative, ethereal, melancholic, introspective. style: cinematic, surreal, dramatic. objects: man, clouds, brick wall, papers"
chaotic destructive dramatic overwhelming catastrophic dramatic low-lit atmospheric wooden beams person debris ceiling scattered papers,"mood: chaotic, destructive, dramatic, overwhelming, catastrophic. style: dramatic, low-lit, atmospheric. objects: wooden beams, person, debris, ceiling, scattered papers"
contemplative mysterious introspective cosmic philosophical cosmic ethereal inspirational stars galaxies nebulae text,"mood: contemplative, mysterious, introspective, cosmic, philosophical. style: cosmic, ethereal, inspirational. objects: stars, galaxies, nebulae, text"
chaotic frantic distressed overwhelming turbulent moody saturated atmospheric people bathtub water interior room,"mood: chaotic, frantic, distressed, overwhelming, turbulent. style: moody, saturated, atmospheric. objects: people, bathtub, water, interior room"
supportive caring comforting empathetic reassuring animated warm-toned cinematic people hallway lockers hands,"mood: supportive, caring, comforting, empathetic, reassuring. style: animated, warm-toned, cinematic. objects: people, hallway, lockers, hands"
inspirational contemplative vast hopeful transformative cosmic ethereal minimalist stars text space nebula,"mood: inspirational, contemplative, vast, hopeful, transformative. style: cosmic, ethereal, minimalist. objects: stars, text, space, nebula"
peaceful contemplative serene nostalgic tranquil painterly pastoral golden-hour person skull trees mountains stream,"mood: peaceful, contemplative, serene, nostalgic, tranquil. style: painterly, pastoral, golden-hour. objects: person, skull, trees, mountains, stream"
contemplative peaceful hopeful serene reflective animated cinematic warm-toned woman trees car interior prime video logo,"mood: contemplative, peaceful, hopeful, serene, reflective. style: animated, cinematic, warm-toned. objects: woman, trees, car interior, prime video logo"
peaceful contemplative serene hopeful tranquil painted fantastical cinematic people dragon mountains trees landscape,"mood: peaceful, contemplative, serene, hopeful, tranquil. style: painted, fantastical, cinematic. objects: people, dragon, mountains, trees, landscape"
intimate romantic tender peaceful enchanting cinematic warm-toned atmospheric door woman stone wall vegetation,"mood: intimate, romantic, tender, peaceful, enchanting. style: cinematic, warm-toned, atmospheric. objects: door, woman, stone wall, vegetation"
dreamy peaceful contemplative ethereal serene animated cosmic minimalist person stars space hoodie,"mood: dreamy, peaceful, contemplative, ethereal, serene. style: animated, cosmic, minimalist. objects: person, stars, space, hoodie"
tense mysterious confrontational dramatic ominous dramatic atmospheric noir person mask mirror wall,"mood: tense, mysterious, confrontational, dramatic, ominous. style: dramatic, atmospheric, noir. objects: person, mask, mirror, wall"
peaceful restful serene contemplative tranquil cinematic warm-toned shallow-focus person bed pillow blanket window,"mood: peaceful, restful, serene, contemplative, tranquil. style: cinematic, warm-toned, shallow-focus. objects: person, bed, pillow, blanket, window"
anticipatory mysterious promotional sleek expectant minimalist dark-toned centered-text text background,"mood: anticipatory, mysterious, promotional, sleek, expectant. style: minimalist, dark-toned, centered-text. objects: text, background"
joyful romantic celebratory elegant blissful vintage romantic period-drama bride wedding dress veil wedding cake,"mood: joyful, romantic, celebratory, elegant, blissful. style: vintage, romantic, period-drama. objects: bride, wedding dress, veil, wedding cake"
concerned serious tense focused worried cinematic low-lit dramatic man glasses telephone hand,"mood: concerned, serious, tense, focused, worried. style: cinematic, low-lit, dramatic. objects: man, glasses, telephone, hand"
intimate contemplative warm gentle thoughtful cinematic warm-toned shallow-focus face man text background,"mood: intimate, contemplative, warm, gentle, thoughtful. style: cinematic, warm-toned, shallow-focus. objects: face, man, text, background"
serious authoritative professional contemplative stoic cinematic warm-toned shallow-focus police officer badge uniform office,"mood: serious, authoritative, professional, contemplative, stoic. style: cinematic, warm-toned, shallow-focus. objects: police officer, badge, uniform, office"
tense mysterious dark suspenseful foreboding cinematic warm-toned shallow-focus woman laboratory equipment bottles shelves,"mood: tense, mysterious, dark, suspenseful, foreboding. style: cinematic, warm-toned, shallow-focus. objects: woman, laboratory equipment, bottles, shelves"
concerned intense worried focused troubled cinematic warm-toned shallow-focus man text face shirt,"mood: concerned, intense, worried, focused, troubled. style: cinematic, warm-toned, shallow-focus. objects: man, text, face, shirt"
confident mischievous knowing sly satisfied cinematic period-drama professional woman coat text building,"mood: confident, mischievous, knowing, sly, satisfied. style: cinematic, period-drama, professional. objects: woman, coat, text, building"
surprised confused concerned uncertain apprehensive cinematic natural-lighting shallow-focus person wall pictures phone,"mood: surprised, confused, concerned, uncertain, apprehensive. style: cinematic, natural-lighting, shallow-focus. objects: person, wall, pictures, phone"
mysterious futuristic contemplative isolated ethereal sci-fi futuristic holographic woman circle text interface,"mood: mysterious, futuristic, contemplative, isolated, ethereal. style: sci-fi, futuristic, holographic. objects: woman, circle, text, interface"
serious contemplative focused determined intense underwater bright-lit professional man water text clothing,"mood: serious, contemplative, focused, determined, intense. style: underwater, bright-lit, professional. objects: man, water, text, clothing"
hopeful content peaceful warm optimistic cinematic warm-toned shallow-focus woman text hair face,"mood: hopeful, content, peaceful, warm, optimistic. style: cinematic, warm-toned, shallow-focus. objects: woman, text, hair, face"
tense apprehensive serious troubled contemplative cinematic teal-orange shallow-focus man face yellow shirt building,"mood: tense, apprehensive, serious, troubled, contemplative. style: cinematic, teal-orange, shallow-focus. objects: man, face, yellow shirt, building"
uplifting inspirational hopeful welcoming motivational minimalist text-overlay dark-background text stars space background,"mood: uplifting, inspirational, hopeful, welcoming, motivational. style: minimalist, text-overlay, dark-background. objects: text, stars, space background"
contemplative serene artistic peaceful reflective painterly warm-toned dramatic painter easel canvas paintbrush buildings,"mood: contemplative, serene, artistic, peaceful, reflective. style: painterly, warm-toned, dramatic. objects: painter, easel, canvas, paintbrush, buildings"
ominous sinister unsettling foreboding menacing warm-toned nostalgic intimate child crayon table shirt,"mood: ominous, sinister, unsettling, foreboding, menacing. style: warm-toned, nostalgic, intimate. objects: child, crayon, table, shirt"
contrasting hopeful emotional uplifting transformative dark-contrasted split-screen dramatic-lighting man child painting text,"mood: contrasting, hopeful, emotional, uplifting, transformative. style: dark-contrasted, split-screen, dramatic-lighting. objects: man, child, painting, text"
contemplative melancholic introspective nostalgic wistful painterly warm-toned dramatic elderly man paintbrush canvas crowd painting,"mood: contemplative, melancholic, introspective, nostalgic, wistful. style: painterly, warm-toned, dramatic. objects: elderly man, paintbrush, canvas, crowd, painting"
contemplative melancholic artistic reflective wistful cinematic warm-toned atmospheric man painting canvas easel,"mood: contemplative, melancholic, artistic, reflective, wistful. style: cinematic, warm-toned, atmospheric. objects: man, painting, canvas, easel"
peaceful contemplative serene inspiring hopeful naturalistic documentary-style bright-lighting man umbrella trees bench path,"mood: peaceful, contemplative, serene, inspiring, hopeful. style: naturalistic, documentary-style, bright-lighting. objects: man, umbrella, trees, bench, path"
warm joyful loving content peaceful clean soft-lit portrait-style family children adults glasses,"mood: warm, joyful, loving, content, peaceful. style: clean, soft-lit, portrait-style. objects: family, children, adults, glasses"
contemplative introspective artistic peaceful reflective vibrant artistic documentary-style artist paintings easel plants studio,"mood: contemplative, introspective, artistic, peaceful, reflective. style: vibrant, artistic, documentary-style. objects: artist, paintings, easel, plants, studio"
warm contemplative peaceful introspective serene warm minimalist contemplative wooden floor shadow text sunlight,"mood: warm, contemplative, peaceful, introspective, serene. style: warm, minimalist, contemplative. objects: wooden floor, shadow, text, sunlight"
serene contemplative peaceful inspiring hopeful cinematic cold-toned wide-angle snow-covered mountains hikers backpacks snowy landscape,"mood: serene, contemplative, peaceful, inspiring, hopeful. style: cinematic, cold-toned, wide-angle. objects: snow-covered mountains, hikers, backpacks, snowy landscape"
urgent serious distressing tense concerned handheld documentary news-style rocks canyon news banner terrain,"mood: urgent, serious, distressing, tense, concerned. style: handheld, documentary, news-style. objects: rocks, canyon, news banner, terrain"
serious urgent concerned professional focused professional broadcast modern news anchors television studio news graphics broadcast desk,"mood: serious, urgent, concerned, professional, focused. style: professional, broadcast, modern. objects: news anchors, television studio, news graphics, broadcast desk"
urgent dynamic energetic immediate alert broadcast glossy warm-toned text television screen news graphics studio lighting,"mood: urgent, dynamic, energetic, immediate, alert. style: broadcast, glossy, warm-toned. objects: text, television screen, news graphics, studio lighting"
urgent dangerous concerning dramatic rescue news-broadcast handheld documentary rocks canyon vegetation sky,"mood: urgent, dangerous, concerning, dramatic, rescue. style: news-broadcast, handheld, documentary. objects: rocks, canyon, vegetation, sky"
urgent tense dramatic perilous rescue news-broadcast handheld-footage documentary-style rocks canyon person boots,"mood: urgent, tense, dramatic, perilous, rescue. style: news-broadcast, handheld-footage, documentary-style. objects: rocks, canyon, person, boots"
urgent dramatic perilous anxious intense aerial documentary high-contrast rocks water canyon person,"mood: urgent, dramatic, perilous, anxious, intense. style: aerial, documentary, high-contrast. objects: rocks, water, canyon, person"
relieved grateful hopeful rescued assisted news-broadcast handheld-camera outdoor-lighting person trees canyon rescuers,"mood: relieved, grateful, hopeful, rescued, assisted. style: news-broadcast, handheld-camera, outdoor-lighting. objects: person, trees, canyon, rescuers"
serious concerned somber thoughtful troubled broadcast intimate casual man map papers wall,"mood: serious, concerned, somber, thoughtful, troubled. style: broadcast, intimate, casual. objects: man, map, papers, wall"
urgent dangerous precarious tense distressing handheld documentary bright-daylight canyon rocks sky trees,"mood: urgent, dangerous, precarious, tense, distressing. style: handheld, documentary, bright-daylight. objects: canyon, rocks, sky, trees"
urgent concerned hopeful tense relieved news-broadcast handheld-camera bright-daylight person helicopter snow canyon,"mood: urgent, concerned, hopeful, tense, relieved. style: news-broadcast, handheld-camera, bright-daylight. objects: person, helicopter, snow, canyon"
urgent dramatic tense concerning serious aerial bright-daylight news-broadcast canyon walls sky news ticker vegetation,"mood: urgent, dramatic, tense, concerning, serious. style: aerial, bright-daylight, news-broadcast. objects: canyon walls, sky, news ticker, vegetation"
urgent dangerous dramatic distressing intense rocky news-footage handheld rocks canyon news text water,"mood: urgent, dangerous, dramatic, distressing, intense. style: rocky, news-footage, handheld. objects: rocks, canyon, news text, water"
concerned worried anxious serious distressed broadcast documentary intimate man calendar wood paneling news graphics,"mood: concerned, worried, anxious, serious, distressed. style: broadcast, documentary, intimate. objects: man, calendar, wood paneling, news graphics"
urgent anxious dramatic tense concerning aerial news-broadcast documentary helicopter canyon trees rocks news banner,"mood: urgent, anxious, dramatic, tense, concerning. style: aerial, news-broadcast, documentary. objects: helicopter, canyon, trees, rocks, news banner"
concerned urgent collaborative focused relieved news-broadcast bright-daylight documentary rescue vehicle trees people cars,"mood: concerned, urgent, collaborative, focused, relieved. style: news-broadcast, bright-daylight, documentary. objects: rescue vehicle, trees, people, cars"
urgent concerned focused serious collaborative documentary bright-daylight news-footage rescuers orange vehicle tent trees,"mood: urgent, concerned, focused, serious, collaborative. style: documentary, bright-daylight, news-footage. objects: rescuers, orange vehicle, tent, trees"
urgent concerned collaborative focused relieved news-broadcast documentary handheld people trees vehicles rescuers,"mood: urgent, concerned, collaborative, focused, relieved. style: news-broadcast, documentary, handheld. objects: people, trees, vehicles, rescuers"
urgent concerned dramatic tense 救援 news-broadcast documentary-style handheld person rocks canyon rescue equipment,"mood: urgent, concerned, dramatic, tense, 救援. style: news-broadcast, documentary-style, handheld. objects: person, rocks, canyon, rescue equipment"
urgent concerning serious dramatic tense grainy overexposed documentary rocks canyon water news graphics,"mood: urgent, concerning, serious, dramatic, tense. style: grainy, overexposed, documentary. objects: rocks, canyon, water, news graphics"
concerned urgent tense hopeful relieved news-broadcast outdoor-documentary handheld-camera trees people horses canyon,"mood: concerned, urgent, tense, hopeful, relieved. style: news-broadcast, outdoor-documentary, handheld-camera. objects: trees, people, horses, canyon"
urgent distressing chaotic dangerous dramatic documentary handheld natural-lighting rocks debris canyon rescue equipment,"mood: urgent, distressing, chaotic, dangerous, dramatic. style: documentary, handheld, natural-lighting. objects: rocks, debris, canyon, rescue equipment"
relieved grateful hopeful concerned thankful broadcast amateur handheld man news graphics wall pictures,"mood: relieved, grateful, hopeful, concerned, thankful. style: broadcast, amateur, handheld. objects: man, news graphics, wall, pictures"
relieved grateful happy safe reunited broadcast documentary news-style people car building news graphics,"mood: relieved, grateful, happy, safe, reunited. style: broadcast, documentary, news-style. objects: people, car, building, news graphics"
relieved grateful hopeful concerned thankful broadcast documentary news-style man map news banner microphone,"mood: relieved, grateful, hopeful, concerned, thankful. style: broadcast, documentary, news-style. objects: man, map, news banner, microphone"
urgent tense rescue dramatic concerned aerial documentary news-broadcast people helicopter canyon vegetation rocks,"mood: urgent, tense, rescue, dramatic, concerned. style: aerial, documentary, news-broadcast. objects: people, helicopter, canyon, vegetation, rocks"
serious concerned urgent focused professional professional broadcast corporate news anchor city buildings television screen news desk,"mood: serious, concerned, urgent, focused, professional. style: professional, broadcast, corporate. objects: news anchor, city buildings, television screen, news desk"
uplifting celebratory heartwarming positive encouraging bold neon-styled high-contrast text background,"mood: uplifting, celebratory, heartwarming, positive, encouraging. style: bold, neon-styled, high-contrast. objects: text, background"
focused determined athletic energetic competitive broadcast documentary handheld basketball player gymnasium basketball hoop basketball court,"mood: focused, determined, athletic, energetic, competitive. style: broadcast, documentary, handheld. objects: basketball player, gymnasium, basketball hoop, basketball court"
casual friendly relaxed conversational informal broadcast documentary low-resolution basketball person shirt building,"mood: casual, friendly, relaxed, conversational, informal. style: broadcast, documentary, low-resolution. objects: basketball, person, shirt, building"
jubilant celebratory ecstatic triumphant elated broadcast vintage soft-focus basketball players coach microphone uniforms,"mood: jubilant, celebratory, ecstatic, triumphant, elated. style: broadcast, vintage, soft-focus. objects: basketball players, coach, microphone, uniforms"
distressed overwhelmed defeated exhausted despairing blurred documentary low-light person hands shirt tie,"mood: distressed, overwhelmed, defeated, exhausted, despairing. style: blurred, documentary, low-light. objects: person, hands, shirt, tie"
joyful celebratory excited triumphant elated broadcast celebratory candid basketball players trophy phones uniforms,"mood: joyful, celebratory, excited, triumphant, elated. style: broadcast, celebratory, candid. objects: basketball players, trophy, phones, uniforms"
serious contemplative concerned subdued reflective news-style close-up soft-lighting man face cbs news logo background,"mood: serious, contemplative, concerned, subdued, reflective. style: news-style, close-up, soft-lighting. objects: man, face, cbs news logo, background"
excited energetic celebratory joyful triumphant documentary broadcast handheld basketball players team huddle uniforms coach,"mood: excited, energetic, celebratory, joyful, triumphant. style: documentary, broadcast, handheld. objects: basketball players, team huddle, uniforms, coach"
intimate tender romantic passionate sensual blurry motion-blur news-footage person hands cbs news logo,"mood: intimate, tender, romantic, passionate, sensual. style: blurry, motion-blur, news-footage. objects: person, hands, cbs news logo"
tense serious concentrated focused anticipatory documentary natural-lighting handheld basketball players gymnasium bleachers coach,"mood: tense, serious, concentrated, focused, anticipatory. style: documentary, natural-lighting, handheld. objects: basketball players, gymnasium, bleachers, coach"
casual friendly professional confident approachable broadcast documentary natural-lighting person building trees coat cbs logo,"mood: casual, friendly, professional, confident, approachable. style: broadcast, documentary, natural-lighting. objects: person, building, trees, coat, cbs logo"
energetic competitive intense exciting spirited vintage grainy broadcast-quality basketball court players crowd scoreboard gymnasium,"mood: energetic, competitive, intense, exciting, spirited. style: vintage, grainy, broadcast-quality. objects: basketball court, players, crowd, scoreboard, gymnasium"
celebratory joyful energetic triumphant exuberant grainy overexposed documentary-style crowd people celebration confetti balloons,"mood: celebratory, joyful, energetic, triumphant, exuberant. style: grainy, overexposed, documentary-style. objects: crowd, people, celebration, confetti, balloons"
energetic competitive intense exciting spirited vintage grainy documentary-style basketball court players bleachers crowd scoreboard,"mood: energetic, competitive, intense, exciting, spirited. style: vintage, grainy, documentary-style. objects: basketball court, players, bleachers, crowd, scoreboard"
casual relaxed conversational youthful candid broadcast documentary handheld boy basketball players gymnasium hallway,"mood: casual, relaxed, conversational, youthful, candid. style: broadcast, documentary, handheld. objects: boy, basketball players, gymnasium, hallway"
calm contemplative serious subdued pensive broadcast documentary interview man microphone wall shirt,"mood: calm, contemplative, serious, subdued, pensive. style: broadcast, documentary, interview. objects: man, microphone, wall, shirt"
exciting celebratory energetic triumphant joyful grainy documentary low-resolution basketball court players bleachers crowd gymnasium,"mood: exciting, celebratory, energetic, triumphant, joyful. style: grainy, documentary, low-resolution. objects: basketball court, players, bleachers, crowd, gymnasium"
chaotic tense crowded frantic overwhelming grainy surveillance-style documentary basketball court crowd gymnasium basketball hoop spectators,"mood: chaotic, tense, crowded, frantic, overwhelming. style: grainy, surveillance-style, documentary. objects: basketball court, crowd, gymnasium, basketball hoop, spectators"
concerned serious tense worried apprehensive broadcast institutional documentary man shirt wall background,"mood: concerned, serious, tense, worried, apprehensive. style: broadcast, institutional, documentary. objects: man, shirt, wall, background"
serious contemplative concerned subdued reflective documentary soft-lit intimate person kitchen cabinets appliances,"mood: serious, contemplative, concerned, subdued, reflective. style: documentary, soft-lit, intimate. objects: person, kitchen, cabinets, appliances"
tense chaotic confrontational intense aggressive grainy broadcast documentary basketball players gymnasium bleachers scorers table,"mood: tense, chaotic, confrontational, intense, aggressive. style: grainy, broadcast, documentary. objects: basketball players, gymnasium, bleachers, scorers table"
energetic competitive intense focused anticipatory low-resolution documentary grainy basketball court players crowd scoreboard gymnasium,"mood: energetic, competitive, intense, focused, anticipatory. style: low-resolution, documentary, grainy. objects: basketball court, players, crowd, scoreboard, gymnasium"
energetic celebratory triumphant exciting jubilant broadcast documentary surveillance-style basketball court players crowd gymnasium basketball hoop,"mood: energetic, celebratory, triumphant, exciting, jubilant. style: broadcast, documentary, surveillance-style. objects: basketball court, players, crowd, gymnasium, basketball hoop"
chaotic tense alarming frantic disturbing grainy documentary low-resolution gymnasium basketball players crowd bleachers scoreboard,"mood: chaotic, tense, alarming, frantic, disturbing. style: grainy, documentary, low-resolution. objects: gymnasium, basketball players, crowd, bleachers, scoreboard"
excited energetic celebratory chaotic jubilant vintage grainy documentary-style basketball court crowd players gymnasium bleachers,"mood: excited, energetic, celebratory, chaotic, jubilant. style: vintage, grainy, documentary-style. objects: basketball court, crowd, players, gymnasium, bleachers"
jubilant celebratory energetic triumphant ecstatic grainy documentary crowded basketball player crowd fans arena,"mood: jubilant, celebratory, energetic, triumphant, ecstatic. style: grainy, documentary, crowded. objects: basketball player, crowd, fans, arena"
uplifting spiritual unity hopeful harmonious dreamlike vibrant-gradient artistic-abstract elephant text gradient background,"mood: uplifting, spiritual, unity, hopeful, harmonious. style: dreamlike, vibrant-gradient, artistic-abstract. objects: elephant, text, gradient background"
urgent serious emergency focused alert broadcast documentary handheld fire truck firefighter window number 94,"mood: urgent, serious, emergency, focused, alert. style: broadcast, documentary, handheld. objects: fire truck, firefighter, window, number 94"
celebratory joyful heartwarming respectful uplifting news-broadcast documentary natural-lighting elderly man hat sunglasses woman news banner,"mood: celebratory, joyful, heartwarming, respectful, uplifting. style: news-broadcast, documentary, natural-lighting. objects: elderly man, hat, sunglasses, woman, news banner"
celebratory joyful heartwarming festive uplifting news-broadcast handheld-camera documentary-style police cars houses trees street,"mood: celebratory, joyful, heartwarming, festive, uplifting. style: news-broadcast, handheld-camera, documentary-style. objects: police cars, houses, trees, street"
lighthearted amusing playful cheerful entertaining broadcast split-screen professional reporter microphone umbrella plants news anchors,"mood: lighthearted, amusing, playful, cheerful, entertaining. style: broadcast, split-screen, professional. objects: reporter, microphone, umbrella, plants, news anchors"
professional cheerful informative casual upbeat broadcast split-screen professional classic car news anchors building street,"mood: professional, cheerful, informative, casual, upbeat. style: broadcast, split-screen, professional. objects: classic car, news anchors, building, street"
serious professional concerned focused urgent professional broadcast studio-lit news anchor monitors control room television screens,"mood: serious, professional, concerned, focused, urgent. style: professional, broadcast, studio-lit. objects: news anchor, monitors, control room, television screens"
joyful celebratory triumphant exuberant elated broadcast documentary handheld person hat plants building news broadcast,"mood: joyful, celebratory, triumphant, exuberant, elated. style: broadcast, documentary, handheld. objects: person, hat, plants, building, news broadcast"
celebratory joyful heartwarming festive uplifting broadcast documentary handheld people umbrellas house grass news banner,"mood: celebratory, joyful, heartwarming, festive, uplifting. style: broadcast, documentary, handheld. objects: people, umbrellas, house, grass, news banner"
celebratory joyful patriotic heartwarming festive news-broadcast documentary bright-daylight parade float banner people flags,"mood: celebratory, joyful, patriotic, heartwarming, festive. style: news-broadcast, documentary, bright-daylight. objects: parade float, banner, people, flags"
celebratory joyful festive heartwarming cheerful news-footage bright documentary-style car people windshield street,"mood: celebratory, joyful, festive, heartwarming, cheerful. style: news-footage, bright, documentary-style. objects: car, people, windshield, street"
celebratory patriotic joyful heartwarming festive news-broadcast documentary handheld vehicles american flag trees houses street,"mood: celebratory, patriotic, joyful, heartwarming, festive. style: news-broadcast, documentary, handheld. objects: vehicles, american flag, trees, houses, street"
celebratory joyful honored grateful uplifting news-broadcast natural-lighting close-up person sunglasses hat sky text,"mood: celebratory, joyful, honored, grateful, uplifting. style: news-broadcast, natural-lighting, close-up. objects: person, sunglasses, hat, sky, text"
celebratory heartwarming respectful appreciative joyful broadcast documentary news-style police car light bar trees news banner,"mood: celebratory, heartwarming, respectful, appreciative, joyful. style: broadcast, documentary, news-style. objects: police car, light bar, trees, news banner"
celebratory joyful heartwarming festive uplifting broadcast documentary handheld police cars house trees people,"mood: celebratory, joyful, heartwarming, festive, uplifting. style: broadcast, documentary, handheld. objects: police cars, house, trees, people"
celebratory joyful patriotic festive heartwarming news-broadcast bright-daylight documentary-style house flags people sky trees,"mood: celebratory, joyful, patriotic, festive, heartwarming. style: news-broadcast, bright-daylight, documentary-style. objects: house, flags, people, sky, trees"
joyful celebratory triumphant grateful uplifting broadcast documentary handheld elderly man woman microphone mask trees,"mood: joyful, celebratory, triumphant, grateful, uplifting. style: broadcast, documentary, handheld. objects: elderly man, woman, microphone, mask, trees"
celebratory joyful uplifting heartwarming festive blurred news-broadcast soft-focus helicopter trees sky news banner,"mood: celebratory, joyful, uplifting, heartwarming, festive. style: blurred, news-broadcast, soft-focus. objects: helicopter, trees, sky, news banner"
serious concerned somber worried cautious broadcast documentary naturalistic man woman microphone baseball cap,"mood: serious, concerned, somber, worried, cautious. style: broadcast, documentary, naturalistic. objects: man, woman, microphone, baseball cap"
celebratory joyful heartwarming festive uplifting news-broadcast soft-focus colorful birthday card news banner text celebration decorations,"mood: celebratory, joyful, heartwarming, festive, uplifting. style: news-broadcast, soft-focus, colorful. objects: birthday card, news banner, text, celebration decorations"
celebratory heartwarming joyful commemorative appreciative broadcast colorful documentary birthday card photograph veteran parade banner,"mood: celebratory, heartwarming, joyful, commemorative, appreciative. style: broadcast, colorful, documentary. objects: birthday card, photograph, veteran, parade banner"
heartwarming celebratory joyful touching uplifting broadcast documentary handheld people masks palm trees flag,"mood: heartwarming, celebratory, joyful, touching, uplifting. style: broadcast, documentary, handheld. objects: people, masks, palm trees, flag"
celebratory patriotic joyful festive heartwarming broadcast documentary celebratory birthday card number 105 american flag pattern news broadcast graphics,"mood: celebratory, patriotic, joyful, festive, heartwarming. style: broadcast, documentary, celebratory. objects: birthday card, number 105, american flag pattern, news broadcast graphics"
patriotic celebratory respectful honorable joyful patriotic bright-daylight documentary-style american flags grass news banner text overlay,"mood: patriotic, celebratory, respectful, honorable, joyful. style: patriotic, bright-daylight, documentary-style. objects: american flags, grass, news banner, text overlay"
joyful celebratory heartwarming cheerful uplifting news-broadcast outdoor-lit documentary-style elderly man hat foliage news banner,"mood: joyful, celebratory, heartwarming, cheerful, uplifting. style: news-broadcast, outdoor-lit, documentary-style. objects: elderly man, hat, foliage, news banner"
proud celebratory respectful honoring joyful news-broadcast documentary-style celebratory elderly veteran military uniform house window welcome sign,"mood: proud, celebratory, respectful, honoring, joyful. style: news-broadcast, documentary-style, celebratory. objects: elderly veteran, military uniform, house, window, welcome sign"
celebratory joyful festive heartwarming uplifting broadcast documentary celebratory display boards bunting flags people swimming pool,"mood: celebratory, joyful, festive, heartwarming, uplifting. style: broadcast, documentary, celebratory. objects: display boards, bunting flags, people, swimming pool"
celebratory heartwarming generous festive uplifting broadcast documentary newscast books table flags cards,"mood: celebratory, heartwarming, generous, festive, uplifting. style: broadcast, documentary, newscast. objects: books, table, flags, cards"
celebratory heartwarming joyful uplifting festive colorful documentary news-style books cards papers shelves,"mood: celebratory, heartwarming, joyful, uplifting, festive. style: colorful, documentary, news-style. objects: books, cards, papers, shelves"
celebratory joyful heartwarming festive grateful news-broadcast outdoor-lighting documentary-style veteran hat people sign flag,"mood: celebratory, joyful, heartwarming, festive, grateful. style: news-broadcast, outdoor-lighting, documentary-style. objects: veteran, hat, people, sign, flag"
celebratory joyful patriotic festive heartwarming bright festive documentary-style house flags lawn building,"mood: celebratory, joyful, patriotic, festive, heartwarming. style: bright, festive, documentary-style. objects: house, flags, lawn, building"
joyful celebratory warm community uplifting news-broadcast outdoor-lighting documentary-style people house tree lawn news banner,"mood: joyful, celebratory, warm, community, uplifting. style: news-broadcast, outdoor-lighting, documentary-style. objects: people, house, tree, lawn, news banner"
celebratory heartwarming joyful festive uplifting broadcast documentary bright-daylight fire truck windows news banner text,"mood: celebratory, heartwarming, joyful, festive, uplifting. style: broadcast, documentary, bright-daylight. objects: fire truck, windows, news banner, text"
joyful celebratory heartwarming grateful uplifting broadcast documentary natural-lighting elderly man woman baseball cap news banner,"mood: joyful, celebratory, heartwarming, grateful, uplifting. style: broadcast, documentary, natural-lighting. objects: elderly man, woman, baseball cap, news banner"
celebratory joyful festive heartwarming uplifting broadcast documentary handheld car person window hand,"mood: celebratory, joyful, festive, heartwarming, uplifting. style: broadcast, documentary, handheld. objects: car, person, window, hand"
celebratory patriotic joyful heartwarming uplifting broadcast sunny patriotic american flags military personnel house news graphics,"mood: celebratory, patriotic, joyful, heartwarming, uplifting. style: broadcast, sunny, patriotic. objects: american flags, military personnel, house, news graphics"
celebratory joyful patriotic festive heartwarming bright documentary celebratory balloons flag people banner,"mood: celebratory, joyful, patriotic, festive, heartwarming. style: bright, documentary, celebratory. objects: balloons, flag, people, banner"
celebratory joyful heartwarming uplifting festive news-broadcast candid documentary-style people phones masks news banner,"mood: celebratory, joyful, heartwarming, uplifting, festive. style: news-broadcast, candid, documentary-style. objects: people, phones, masks, news banner"
celebratory joyful patriotic warm heartening news-broadcast outdoor-natural documentary-style american flag elderly man woman trees,"mood: celebratory, joyful, patriotic, warm, heartening. style: news-broadcast, outdoor-natural, documentary-style. objects: american flag, elderly man, woman, trees"
celebratory heartwarming joyful patriotic uplifting broadcast documentary handheld motorcycles house trees people street,"mood: celebratory, heartwarming, joyful, patriotic, uplifting. style: broadcast, documentary, handheld. objects: motorcycles, house, trees, people, street"
celebratory joyful patriotic heartwarming festive broadcast documentary celebratory american flag man woman banner,"mood: celebratory, joyful, patriotic, heartwarming, festive. style: broadcast, documentary, celebratory. objects: american flag, man, woman, banner"
professional composed alert serious focused broadcast professional high-tech news anchor television screens control room broadcast equipment,"mood: professional, composed, alert, serious, focused. style: broadcast, professional, high-tech. objects: news anchor, television screens, control room, broadcast equipment"
cheerful professional warm confident pleasant professional bright polished woman cityscape buildings microphone,"mood: cheerful, professional, warm, confident, pleasant. style: professional, bright, polished. objects: woman, cityscape, buildings, microphone"
disturbing somber tragic unsettling mournful naturalistic high-definition documentary-style whale barnacles water ice,"mood: disturbing, somber, tragic, unsettling, mournful. style: naturalistic, high-definition, documentary-style. objects: whale, barnacles, water, ice"
adventurous excited curious peaceful awe-inspiring cinematic bright-lighting wide-angle boat woman binoculars water mountains,"mood: adventurous, excited, curious, peaceful, awe-inspiring. style: cinematic, bright-lighting, wide-angle. objects: boat, woman, binoculars, water, mountains"
disturbing grotesque unsettling morbid haunting documentary naturalistic high-definition whale barnacles water ice,"mood: disturbing, grotesque, unsettling, morbid, haunting. style: documentary, naturalistic, high-definition. objects: whale, barnacles, water, ice"
adventurous excited curious peaceful optimistic cinematic bright-natural wide-angle boat people water mountains,"mood: adventurous, excited, curious, peaceful, optimistic. style: cinematic, bright-natural, wide-angle. objects: boat, people, water, mountains"
awe-inspiring majestic adventurous wonder spectacular documentary high-definition naturalistic whale boat people ocean,"mood: awe-inspiring, majestic, adventurous, wonder, spectacular. style: documentary, high-definition, naturalistic. objects: whale, boat, people, ocean"
curious adventurous educational fascinating documentary documentary high-resolution naturalistic boat whale people ocean,"mood: curious, adventurous, educational, fascinating, documentary. style: documentary, high-resolution, naturalistic. objects: boat, whale, people, ocean"
somber melancholic respectful serious contemplative documentary maritime realistic whale boat people chains ocean,"mood: somber, melancholic, respectful, serious, contemplative. style: documentary, maritime, realistic. objects: whale, boat, people, chains, ocean"
somber serious concerned melancholic respectful documentary maritime naturalistic boat whale crane people ocean,"mood: somber, serious, concerned, melancholic, respectful. style: documentary, maritime, naturalistic. objects: boat, whale, crane, people, ocean"
somber respectful clinical serious melancholic documentary naturalistic wide-angle whale boat people chains,"mood: somber, respectful, clinical, serious, melancholic. style: documentary, naturalistic, wide-angle. objects: whale, boat, people, chains"
serious somber scientific contemplative respectful documentary high-definition naturalistic whale ship people deck,"mood: serious, somber, scientific, contemplative, respectful. style: documentary, high-definition, naturalistic. objects: whale, ship, people, deck"
somber reverent melancholic contemplative tragic documentary naturalistic wide-angle whale woman ship deck crew members,"mood: somber, reverent, melancholic, contemplative, tragic. style: documentary, naturalistic, wide-angle. objects: whale, woman, ship deck, crew members"
concerned urgent clinical serious focused documentary natural-lighting wide-angle ship whale people deck,"mood: concerned, urgent, clinical, serious, focused. style: documentary, natural-lighting, wide-angle. objects: ship, whale, people, deck"
somber scientific respectful melancholic investigative documentary maritime realistic whale ship people deck,"mood: somber, scientific, respectful, melancholic, investigative. style: documentary, maritime, realistic. objects: whale, ship, people, deck"
shocked somber tragic disturbing sorrowful documentary bright wide-angle large fish boat people deck,"mood: shocked, somber, tragic, disturbing, sorrowful. style: documentary, bright, wide-angle. objects: large fish, boat, people, deck"
somber investigative serious melancholic scientific documentary nautical realistic whale boat people ocean,"mood: somber, investigative, serious, melancholic, scientific. style: documentary, nautical, realistic. objects: whale, boat, people, ocean"
concerned urgent serious distressing somber documentary high-definition realistic whale ship people deck,"mood: concerned, urgent, serious, distressing, somber. style: documentary, high-definition, realistic. objects: whale, ship, people, deck"
scientific somber clinical educational serious documentary naturalistic high-definition whale people boat buckets,"mood: scientific, somber, clinical, educational, serious. style: documentary, naturalistic, high-definition. objects: whale, people, boat, buckets"
concerned serious focused somber urgent documentary naturalistic educational whale boat people deck,"mood: concerned, serious, focused, somber, urgent. style: documentary, naturalistic, educational. objects: whale, boat, people, deck"
somber serious respectful contemplative subdued documentary naturalistic high-definition whale boat people ocean,"mood: somber, serious, respectful, contemplative, subdued. style: documentary, naturalistic, high-definition. objects: whale, boat, people, ocean"
serious concerned somber clinical melancholic documentary bright-lit wide-angle whale boat people ocean,"mood: serious, concerned, somber, clinical, melancholic. style: documentary, bright-lit, wide-angle. objects: whale, boat, people, ocean"
somber educational serious respectful scientific documentary high-definition realistic whale ship crew members buckets,"mood: somber, educational, serious, respectful, scientific. style: documentary, high-definition, realistic. objects: whale, ship, crew members, buckets"
curious concerned scientific investigative collaborative documentary maritime educational whale boat people deck,"mood: curious, concerned, scientific, investigative, collaborative. style: documentary, maritime, educational. objects: whale, boat, people, deck"
rescue urgent concerned serious hopeful documentary high-definition naturalistic boat whale water people,"mood: rescue, urgent, concerned, serious, hopeful. style: documentary, high-definition, naturalistic. objects: boat, whale, water, people"
majestic peaceful awe-inspiring serene wondrous documentary crisp naturalistic whale boat water ice,"mood: majestic, peaceful, awe-inspiring, serene, wondrous. style: documentary, crisp, naturalistic. objects: whale, boat, water, ice"
tense melancholic urban contemplative somber cinematic muted-tones urban-realism buildings people street cobblestones traffic sign,"mood: tense, melancholic, urban, contemplative, somber. style: cinematic, muted-tones, urban-realism. objects: buildings, people, street, cobblestones, traffic sign"
energetic dynamic casual spontaneous playful handheld motion-blur documentary person stairs railing building,"mood: energetic, dynamic, casual, spontaneous, playful. style: handheld, motion-blur, documentary. objects: person, stairs, railing, building"
casual relaxed urban conversational friendly cinematic urban shallow-focus people car street buildings cobblestones,"mood: casual, relaxed, urban, conversational, friendly. style: cinematic, urban, shallow-focus. objects: people, car, street, buildings, cobblestones"
casual companionable relaxed supportive peaceful cinematic warm-toned shallow-focus people cars buildings street,"mood: casual, companionable, relaxed, supportive, peaceful. style: cinematic, warm-toned, shallow-focus. objects: people, cars, buildings, street"
serious concerned tense contemplative worried cinematic soft-focus natural-lighting woman man building jacket,"mood: serious, concerned, tense, contemplative, worried. style: cinematic, soft-focus, natural-lighting. objects: woman, man, building, jacket"
curious serious contemplative intrigued questioning cinematic cool-toned shallow-focus man sunglasses building text,"mood: curious, serious, contemplative, intrigued, questioning. style: cinematic, cool-toned, shallow-focus. objects: man, sunglasses, building, text"
curious grateful intrigued questioning expectant cinematic dramatic urban-contemporary woman man sunglasses building earrings,"mood: curious, grateful, intrigued, questioning, expectant. style: cinematic, dramatic, urban-contemporary. objects: woman, man, sunglasses, building, earrings"
serious observant cool calculating intense cinematic cool-toned shallow-focus man sunglasses suit building,"mood: serious, observant, cool, calculating, intense. style: cinematic, cool-toned, shallow-focus. objects: man, sunglasses, suit, building"
tense serious focused concerned contemplative cinematic warm-toned shallow-focus woman man car building,"mood: tense, serious, focused, concerned, contemplative. style: cinematic, warm-toned, shallow-focus. objects: woman, man, car, building"
focused observant calculating determined intense cinematic cool-toned shallow-focus man sunglasses car building,"mood: focused, observant, calculating, determined, intense. style: cinematic, cool-toned, shallow-focus. objects: man, sunglasses, car, building"
surprised concerned tense serious uncomfortable cinematic shallow-focus dramatic woman man earrings necklace clothing,"mood: surprised, concerned, tense, serious, uncomfortable. style: cinematic, shallow-focus, dramatic. objects: woman, man, earrings, necklace, clothing"
tense confrontational accusatory dramatic serious cinematic cool-toned shallow-focus man sunglasses text logo,"mood: tense, confrontational, accusatory, dramatic, serious. style: cinematic, cool-toned, shallow-focus. objects: man, sunglasses, text, logo"
tense concerned serious apprehensive worried cinematic dramatic urban-contemporary woman man sunglasses building clothing,"mood: tense, concerned, serious, apprehensive, worried. style: cinematic, dramatic, urban-contemporary. objects: woman, man, sunglasses, building, clothing"
casual relaxed urban contemplative confident cinematic muted-tones wide-shot people buildings street car dog,"mood: casual, relaxed, urban, contemplative, confident. style: cinematic, muted-tones, wide-shot. objects: people, buildings, street, car, dog"
contemplative serious pensive melancholic introspective cinematic warm-toned shallow-focus woman earbuds hoodie face,"mood: contemplative, serious, pensive, melancholic, introspective. style: cinematic, warm-toned, shallow-focus. objects: woman, earbuds, hoodie, face"
mysterious intimate warm domestic contemplative cinematic warm-toned shallow-focus wall poster doorway subscription button,"mood: mysterious, intimate, warm, domestic, contemplative. style: cinematic, warm-toned, shallow-focus. objects: wall, poster, doorway, subscription button"
casual relaxed domestic contemplative quiet naturalistic warm-lighting handheld person doors hallway walls floor,"mood: casual, relaxed, domestic, contemplative, quiet. style: naturalistic, warm-lighting, handheld. objects: person, doors, hallway, walls, floor"
serious contemplative subdued pensive somber naturalistic soft-lit intimate woman hoodie hallway wall,"mood: serious, contemplative, subdued, pensive, somber. style: naturalistic, soft-lit, intimate. objects: woman, hoodie, hallway, wall"
warm intimate expectant cozy welcoming cinematic warm-toned atmospheric lamp door plant wall furniture,"mood: warm, intimate, expectant, cozy, welcoming. style: cinematic, warm-toned, atmospheric. objects: lamp, door, plant, wall, furniture"
tense awkward confrontational uncertain strained domestic naturalistic softly-lit woman man door plant shelving unit,"mood: tense, awkward, confrontational, uncertain, strained. style: domestic, naturalistic, softly-lit. objects: woman, man, door, plant, shelving unit"
concerned serious contemplative worried tense cinematic natural-lighting close-up woman hair clothing wall,"mood: concerned, serious, contemplative, worried, tense. style: cinematic, natural-lighting, close-up. objects: woman, hair, clothing, wall"
intense brooding contemplative intimate serious cinematic warm-toned shallow-focus man beard text face,"mood: intense, brooding, contemplative, intimate, serious. style: cinematic, warm-toned, shallow-focus. objects: man, beard, text, face"
melancholy contemplative subdued pensive somber intimate naturalistic soft-lit woman hoodie necklace wall,"mood: melancholy, contemplative, subdued, pensive, somber. style: intimate, naturalistic, soft-lit. objects: woman, hoodie, necklace, wall"
relaxed amused intimate playful content cinematic warm-toned shallow-focus man beard hoodie subtitles,"mood: relaxed, amused, intimate, playful, content. style: cinematic, warm-toned, shallow-focus. objects: man, beard, hoodie, subtitles"
contemplative resigned melancholy subdued pensive cinematic naturalistic intimate woman hair clothing background,"mood: contemplative, resigned, melancholy, subdued, pensive. style: cinematic, naturalistic, intimate. objects: woman, hair, clothing, background"
contemplative resigned melancholic subdued pensive cinematic warm-toned shallow-focus man hoodie door wall,"mood: contemplative, resigned, melancholic, subdued, pensive. style: cinematic, warm-toned, shallow-focus. objects: man, hoodie, door, wall"
tense mysterious contemplative intimate uncertain domestic soft-lighting naturalistic person door hallway lamp robe,"mood: tense, mysterious, contemplative, intimate, uncertain. style: domestic, soft-lighting, naturalistic. objects: person, door, hallway, lamp, robe"
contemplative serious pensive subdued introspective cinematic natural-lighting soft-focus person door wall clothing,"mood: contemplative, serious, pensive, subdued, introspective. style: cinematic, natural-lighting, soft-focus. objects: person, door, wall, clothing"
concerned confused worried tense questioning cinematic warm-toned shallow-focus man hoodie subtitles background,"mood: concerned, confused, worried, tense, questioning. style: cinematic, warm-toned, shallow-focus. objects: man, hoodie, subtitles, background"
curious uncertain hesitant apprehensive questioning cinematic green-tinted dramatic person door hallway wall,"mood: curious, uncertain, hesitant, apprehensive, questioning. style: cinematic, green-tinted, dramatic. objects: person, door, hallway, wall"
concerned contemplative serious troubled intense cinematic warm-toned shallow-focus man hoodie wall door,"mood: concerned, contemplative, serious, troubled, intense. style: cinematic, warm-toned, shallow-focus. objects: man, hoodie, wall, door"
contemplative serious pensive subdued melancholic modern minimalist soft-lit woman wall plant logo,"mood: contemplative, serious, pensive, subdued, melancholic. style: modern, minimalist, soft-lit. objects: woman, wall, plant, logo"
concerned confused surprised worried questioning cinematic warm-toned shallow-focus man beard hoodie subtitle text,"mood: concerned, confused, surprised, worried, questioning. style: cinematic, warm-toned, shallow-focus. objects: man, beard, hoodie, subtitle text"
concerned uncertain hesitant troubled apprehensive naturalistic muted-lighting handheld woman hoodie wall door,"mood: concerned, uncertain, hesitant, troubled, apprehensive. style: naturalistic, muted-lighting, handheld. objects: woman, hoodie, wall, door"
intimate contemplative soft peaceful reflective cinematic warm-toned shallow-focus person mirror hair wall,"mood: intimate, contemplative, soft, peaceful, reflective. style: cinematic, warm-toned, shallow-focus. objects: person, mirror, hair, wall"
tense serious concerned awkward uncomfortable cinematic shallow-focus naturalistic man woman bathrobe door wall,"mood: tense, serious, concerned, awkward, uncomfortable. style: cinematic, shallow-focus, naturalistic. objects: man, woman, bathrobe, door, wall"
anxious distressed panicked desperate pleading naturalistic muted-lighting handheld woman ponytail subtitles logo,"mood: anxious, distressed, panicked, desperate, pleading. style: naturalistic, muted-lighting, handheld. objects: woman, ponytail, subtitles, logo"
tense confrontational distressed urgent defensive realistic handheld dramatic woman man door wall decorative signs,"mood: tense, confrontational, distressed, urgent, defensive. style: realistic, handheld, dramatic. objects: woman, man, door, wall, decorative signs"
intimate tender romantic gentle affectionate dark intimate blurred person hair clothing wall,"mood: intimate, tender, romantic, gentle, affectionate. style: dark, intimate, blurred. objects: person, hair, clothing, wall"
intimate tender romantic gentle affectionate intimate warm-lit close-up man woman mirror sweater,"mood: intimate, tender, romantic, gentle, affectionate. style: intimate, warm-lit, close-up. objects: man, woman, mirror, sweater"
concerned disappointed frustrated serious troubled cinematic warm-toned shallow-focus woman wall artwork mirror,"mood: concerned, disappointed, frustrated, serious, troubled. style: cinematic, warm-toned, shallow-focus. objects: woman, wall, artwork, mirror"
awkward uncomfortable disappointed explanatory defensive domestic naturalistic subdued-lighting woman man door wall bathrobe,"mood: awkward, uncomfortable, disappointed, explanatory, defensive. style: domestic, naturalistic, subdued-lighting. objects: woman, man, door, wall, bathrobe"
awkward embarrassed sheepish uncomfortable apologetic domestic naturalistic television-style man cat door poster,"mood: awkward, embarrassed, sheepish, uncomfortable, apologetic. style: domestic, naturalistic, television-style. objects: man, cat, door, poster"
contemplative pensive melancholic introspective wistful cinematic natural-lighting intimate woman hair face wall ceiling,"mood: contemplative, pensive, melancholic, introspective, wistful. style: cinematic, natural-lighting, intimate. objects: woman, hair, face, wall, ceiling"
playful surprised comedic lighthearted mischievous domestic casual television woman man door lamp artwork,"mood: playful, surprised, comedic, lighthearted, mischievous. style: domestic, casual, television. objects: woman, man, door, lamp, artwork"
apologetic regretful vulnerable concerned sincere cinematic warm-toned shallow-focus man hoodie subtitles logo,"mood: apologetic, regretful, vulnerable, concerned, sincere. style: cinematic, warm-toned, shallow-focus. objects: man, hoodie, subtitles, logo"
playful amused teasing lighthearted mischievous naturalistic soft-lit conversational woman hair hoodie subtitles,"mood: playful, amused, teasing, lighthearted, mischievous. style: naturalistic, soft-lit, conversational. objects: woman, hair, hoodie, subtitles"
intimate tender romantic affectionate loving cinematic intimate soft-focus man woman face hair,"mood: intimate, tender, romantic, affectionate, loving. style: cinematic, intimate, soft-focus. objects: man, woman, face, hair"
intimate tender emotional vulnerable comforting intimate soft-focus naturalistic woman hoodie hair face,"mood: intimate, tender, emotional, vulnerable, comforting. style: intimate, soft-focus, naturalistic. objects: woman, hoodie, hair, face"
intimate concerned tender vulnerable contemplative intimate naturalistic conversational man woman bathrobe subtitle text,"mood: intimate, concerned, tender, vulnerable, contemplative. style: intimate, naturalistic, conversational. objects: man, woman, bathrobe, subtitle text"
anticipatory intimate romantic expectant tender intimate warm-lit domestic woman man door lamp furniture,"mood: anticipatory, intimate, romantic, expectant, tender. style: intimate, warm-lit, domestic. objects: woman, man, door, lamp, furniture"
contemplative melancholic pensive introspective somber cinematic warm-toned shallow-focus man window building glass,"mood: contemplative, melancholic, pensive, introspective, somber. style: cinematic, warm-toned, shallow-focus. objects: man, window, building, glass"
mysterious suspenseful hidden secretive cautious cinematic warm-toned intimate door wall hand wood,"mood: mysterious, suspenseful, hidden, secretive, cautious. style: cinematic, warm-toned, intimate. objects: door, wall, hand, wood"
concerned worried intimate domestic tense warm-toned domestic intimate man woman door lamp children's artwork,"mood: concerned, worried, intimate, domestic, tense. style: warm-toned, domestic, intimate. objects: man, woman, door, lamp, children's artwork"
intimate tender melancholic contemplative romantic cinematic warm-toned intimate man woman hair clothing watermark,"mood: intimate, tender, melancholic, contemplative, romantic. style: cinematic, warm-toned, intimate. objects: man, woman, hair, clothing, watermark"
energetic urgent dynamic intense action-packed cinematic motion-blur natural-lighting people buildings street trees tables,"mood: energetic, urgent, dynamic, intense, action-packed. style: cinematic, motion-blur, natural-lighting. objects: people, buildings, street, trees, tables"
hopeful determined resilient independent courageous cinematic shallow-focus documentary-style person white cane shoes pavement chair,"mood: hopeful, determined, resilient, independent, courageous. style: cinematic, shallow-focus, documentary-style. objects: person, white cane, shoes, pavement, chair"
contemplative serious focused determined intense cinematic warm-toned shallow-focus woman trees jacket building,"mood: contemplative, serious, focused, determined, intense. style: cinematic, warm-toned, shallow-focus. objects: woman, trees, jacket, building"
tense confrontational serious uncomfortable dramatic urban conversational natural-lighting man woman table chairs street,"mood: tense, confrontational, serious, uncomfortable, dramatic. style: urban, conversational, natural-lighting. objects: man, woman, table, chairs, street"
tense confrontational serious emotional accusatory dramatic shallow-focus natural-lighting woman trees subtitles logo,"mood: tense, confrontational, serious, emotional, accusatory. style: dramatic, shallow-focus, natural-lighting. objects: woman, trees, subtitles, logo"
serious contemplative mysterious intense philosophical cinematic cool-toned shallow-focus man sunglasses text logo,"mood: serious, contemplative, mysterious, intense, philosophical. style: cinematic, cool-toned, shallow-focus. objects: man, sunglasses, text, logo"
serious contemplative intense confrontational determined cinematic natural-lighting shallow-focus woman plants subtitle text logo,"mood: serious, contemplative, intense, confrontational, determined. style: cinematic, natural-lighting, shallow-focus. objects: woman, plants, subtitle text, logo"
confrontational angry dismissive hostile defiant street-level naturalistic handheld people table chairs flowers street,"mood: confrontational, angry, dismissive, hostile, defiant. style: street-level, naturalistic, handheld. objects: people, table, chairs, flowers, street"
angry confrontational defiant intense hostile cinematic warm-toned shallow-focus woman face hair clothing text,"mood: angry, confrontational, defiant, intense, hostile. style: cinematic, warm-toned, shallow-focus. objects: woman, face, hair, clothing, text"
defiant angry confrontational dismissive hostile dramatic cinematic moody man sunglasses hand text,"mood: defiant, angry, confrontational, dismissive, hostile. style: dramatic, cinematic, moody. objects: man, sunglasses, hand, text"
intense chaotic aggressive violent confrontational blurred intimate cinematic person hands face hair,"mood: intense, chaotic, aggressive, violent, confrontational. style: blurred, intimate, cinematic. objects: person, hands, face, hair"
serious contemplative intense focused determined cinematic warm-toned shallow-focus woman trees building watermark,"mood: serious, contemplative, intense, focused, determined. style: cinematic, warm-toned, shallow-focus. objects: woman, trees, building, watermark"
serious intense contemplative stoic reflective cinematic cool-toned shallow-focus man sunglasses text logo,"mood: serious, intense, contemplative, stoic, reflective. style: cinematic, cool-toned, shallow-focus. objects: man, sunglasses, text, logo"
intense unsettling ominous disturbing menacing cinematic close-up dramatic-lighting face sunglasses eyes skin,"mood: intense, unsettling, ominous, disturbing, menacing. style: cinematic, close-up, dramatic-lighting. objects: face, sunglasses, eyes, skin"
contemplative serious focused pensive troubled cinematic shallow-focus natural-lighting person trees building jacket,"mood: contemplative, serious, focused, pensive, troubled. style: cinematic, shallow-focus, natural-lighting. objects: person, trees, building, jacket"
relaxed casual pleasant social leisurely cinematic warm-toned shallow-focus man tables chairs street buildings,"mood: relaxed, casual, pleasant, social, leisurely. style: cinematic, warm-toned, shallow-focus. objects: man, tables, chairs, street, buildings"
relaxed sophisticated confident content leisurely cinematic warm-toned shallow-focus man sunglasses coffee cup hand,"mood: relaxed, sophisticated, confident, content, leisurely. style: cinematic, warm-toned, shallow-focus. objects: man, sunglasses, coffee cup, hand"
casual comfortable satisfied relaxed content warm-toned shallow-focus intimate person plate pasta fork table,"mood: casual, comfortable, satisfied, relaxed, content. style: warm-toned, shallow-focus, intimate. objects: person, plate, pasta, fork, table"
casual domestic concerned intimate questioning cinematic warm-toned naturalistic man woman pasta table kitchen,"mood: casual, domestic, concerned, intimate, questioning. style: cinematic, warm-toned, naturalistic. objects: man, woman, pasta, table, kitchen"
serious concerned tense contemplative troubled cinematic warm-toned shallow-focus man kitchen refrigerator cabinets,"mood: serious, concerned, tense, contemplative, troubled. style: cinematic, warm-toned, shallow-focus. objects: man, kitchen, refrigerator, cabinets"
intense menacing dark unsettling sinister intimate dramatic close-up face eyes nose eyebrows,"mood: intense, menacing, dark, unsettling, sinister. style: intimate, dramatic, close-up. objects: face, eyes, nose, eyebrows"
serious contemplative intense concerned thoughtful cinematic soft-focus naturalistic woman person clothing background,"mood: serious, contemplative, intense, concerned, thoughtful. style: cinematic, soft-focus, naturalistic. objects: woman, person, clothing, background"
confused concerned intense troubled questioning cinematic warm-toned shallow-focus man dialogue text kitchen cabinet,"mood: confused, concerned, intense, troubled, questioning. style: cinematic, warm-toned, shallow-focus. objects: man, dialogue text, kitchen, cabinet"
contemplative serious pensive concerned melancholic cinematic natural-lighting intimate-framing woman blue clothing shelves indoor setting,"mood: contemplative, serious, pensive, concerned, melancholic. style: cinematic, natural-lighting, intimate-framing. objects: woman, blue clothing, shelves, indoor setting"
tense uncomfortable strained awkward conflicted naturalistic indoor-lighting medium-shot man kitchen cabinets subtitle text,"mood: tense, uncomfortable, strained, awkward, conflicted. style: naturalistic, indoor-lighting, medium-shot. objects: man, kitchen, cabinets, subtitle text"
uncomfortable tense dismissive strained awkward cinematic warm-toned shallow-focus woman man kitchen shelves,"mood: uncomfortable, tense, dismissive, strained, awkward. style: cinematic, warm-toned, shallow-focus. objects: woman, man, kitchen, shelves"
melancholic resigned contemplative sad defeated cinematic warm-toned close-up face eyes nose mustache skin,"mood: melancholic, resigned, contemplative, sad, defeated. style: cinematic, warm-toned, close-up. objects: face, eyes, nose, mustache, skin"
calm instructional patient gentle educational cinematic warm-toned shallow-focus woman mirror reflection necklace,"mood: calm, instructional, patient, gentle, educational. style: cinematic, warm-toned, shallow-focus. objects: woman, mirror, reflection, necklace"
casual comfortable intimate relaxed conversational cinematic warm-toned natural-lighting man woman table food kitchen,"mood: casual, comfortable, intimate, relaxed, conversational. style: cinematic, warm-toned, natural-lighting. objects: man, woman, table, food, kitchen"
serious contemplative focused calm instructional cinematic warm-toned shallow-focus woman shelves text logo,"mood: serious, contemplative, focused, calm, instructional. style: cinematic, warm-toned, shallow-focus. objects: woman, shelves, text, logo"
frustrated condescending irritated sarcastic patronizing cinematic warm-toned shallow-focus man hoodie kitchen text logo,"mood: frustrated, condescending, irritated, sarcastic, patronizing. style: cinematic, warm-toned, shallow-focus. objects: man, hoodie, kitchen, text, logo"
intense contemplative serious focused brooding intimate cinematic shallow-focus face eyes nose skin,"mood: intense, contemplative, serious, focused, brooding. style: intimate, cinematic, shallow-focus. objects: face, eyes, nose, skin"
concerned troubled serious contemplative anxious cinematic soft-lighting intimate woman blue dress window building,"mood: concerned, troubled, serious, contemplative, anxious. style: cinematic, soft-lighting, intimate. objects: woman, blue dress, window, building"
confrontational suspicious hurt accusatory betrayed dramatic moody close-up man kitchen cabinets subtitles,"mood: confrontational, suspicious, hurt, accusatory, betrayed. style: dramatic, moody, close-up. objects: man, kitchen, cabinets, subtitles"
confrontational hurt suspicious betrayed accusatory cinematic warm-toned shallow-focus woman text interior clothing face,"mood: confrontational, hurt, suspicious, betrayed, accusatory. style: cinematic, warm-toned, shallow-focus. objects: woman, text, interior, clothing, face"
serious contemplative stern focused intense cinematic warm-toned shallow-focus man kitchen text logo,"mood: serious, contemplative, stern, focused, intense. style: cinematic, warm-toned, shallow-focus. objects: man, kitchen, text, logo"
menacing intense sinister threatening unsettling cinematic close-up dramatic face eyes eyebrows skin text,"mood: menacing, intense, sinister, threatening, unsettling. style: cinematic, close-up, dramatic. objects: face, eyes, eyebrows, skin, text"
contemplative concerned serious thoughtful troubled cinematic warm-toned shallow-focus woman face blue shirt background,"mood: contemplative, concerned, serious, thoughtful, troubled. style: cinematic, warm-toned, shallow-focus. objects: woman, face, blue shirt, background"
contemplative melancholic introspective pensive somber cinematic shallow-focus moody man plants shelves books,"mood: contemplative, melancholic, introspective, pensive, somber. style: cinematic, shallow-focus, moody. objects: man, plants, shelves, books"
confrontational intense accusatory emotional dramatic cinematic shallow-focus dramatic woman eyes face background text,"mood: confrontational, intense, accusatory, emotional, dramatic. style: cinematic, shallow-focus, dramatic. objects: woman, eyes, face, background, text"
defensive frustrated intense confrontational emotional dramatic intimate naturalistic man kitchen subtitle logo,"mood: defensive, frustrated, intense, confrontational, emotional. style: dramatic, intimate, naturalistic. objects: man, kitchen, subtitle, logo"
intense desperate pleading emotional vulnerable cinematic close-up dramatic face eyes nose text watermark,"mood: intense, desperate, pleading, emotional, vulnerable. style: cinematic, close-up, dramatic. objects: face, eyes, nose, text, watermark"
intimate tender romantic caring affectionate cinematic warm-toned intimate man woman table kitchen flowers,"mood: intimate, tender, romantic, caring, affectionate. style: cinematic, warm-toned, intimate. objects: man, woman, table, kitchen, flowers"
intimate cozy relaxed comfortable peaceful intimate warm-toned soft-focus bathtub water toys bowl,"mood: intimate, cozy, relaxed, comfortable, peaceful. style: intimate, warm-toned, soft-focus. objects: bathtub, water, toys, bowl"
angry confrontational intense aggressive agitated dramatic saturated close-up man woman room furniture,"mood: angry, confrontational, intense, aggressive, agitated. style: dramatic, saturated, close-up. objects: man, woman, room, furniture"
defeated resigned guilty somber dejected cinematic moody dramatic woman subtitles windows interior room,"mood: defeated, resigned, guilty, somber, dejected. style: cinematic, moody, dramatic. objects: woman, subtitles, windows, interior room"
resigned defeated remorseful weary somber cinematic warm-toned shallow-focus man kitchen counter bottles cabinets,"mood: resigned, defeated, remorseful, weary, somber. style: cinematic, warm-toned, shallow-focus. objects: man, kitchen, counter, bottles, cabinets"
contemplative melancholic pensive subdued introspective dramatic soft-lit intimate woman hair clothing background,"mood: contemplative, melancholic, pensive, subdued, introspective. style: dramatic, soft-lit, intimate. objects: woman, hair, clothing, background"
tense uncomfortable distant strained awkward contemporary naturalistic soft-lit man woman kitchen table bottles flowers,"mood: tense, uncomfortable, distant, strained, awkward. style: contemporary, naturalistic, soft-lit. objects: man, woman, kitchen table, bottles, flowers"
relieved vulnerable contemplative sincere emotional cinematic warm-toned shallow-focus man text shirt background,"mood: relieved, vulnerable, contemplative, sincere, emotional. style: cinematic, warm-toned, shallow-focus. objects: man, text, shirt, background"
regretful melancholic resigned contemplative wistful cinematic muted-tones soft-focus woman necklace clothing person,"mood: regretful, melancholic, resigned, contemplative, wistful. style: cinematic, muted-tones, soft-focus. objects: woman, necklace, clothing, person"
melancholic regretful contemplative somber resigned cinematic warm-toned shallow-focus man beard hoodie text,"mood: melancholic, regretful, contemplative, somber, resigned. style: cinematic, warm-toned, shallow-focus. objects: man, beard, hoodie, text"
concerned confused tense worried questioning dramatic soft-lit close-up woman man subtitles logo,"mood: concerned, confused, tense, worried, questioning. style: dramatic, soft-lit, close-up. objects: woman, man, subtitles, logo"
intense emotional confrontational passionate dramatic dramatic intimate naturalistic man face dialogue text background,"mood: intense, emotional, confrontational, passionate, dramatic. style: dramatic, intimate, naturalistic. objects: man, face, dialogue text, background"
emotional intense desperate pleading heartbroken dramatic intimate soft-lit man woman dialogue text logo,"mood: emotional, intense, desperate, pleading, heartbroken. style: dramatic, intimate, soft-lit. objects: man, woman, dialogue text, logo"
intense serious confrontational determined brooding dramatic moody close-up man face hair shirt background,"mood: intense, serious, confrontational, determined, brooding. style: dramatic, moody, close-up. objects: man, face, hair, shirt, background"
romantic intimate tender affectionate loving cinematic warm-toned contemporary man woman table flowers chair,"mood: romantic, intimate, tender, affectionate, loving. style: cinematic, warm-toned, contemporary. objects: man, woman, table, flowers, chair"
intense serious concerned focused intimate dramatic intimate close-up man woman shelves binders,"mood: intense, serious, concerned, focused, intimate. style: dramatic, intimate, close-up. objects: man, woman, shelves, binders"
tense intimate serious contemplative emotional cinematic dramatic intimate man woman clothing background,"mood: tense, intimate, serious, contemplative, emotional. style: cinematic, dramatic, intimate. objects: man, woman, clothing, background"
melancholic heartbroken vulnerable sorrowful resigned cinematic soft-lit intimate woman kitchen sink mirror bottles,"mood: melancholic, heartbroken, vulnerable, sorrowful, resigned. style: cinematic, soft-lit, intimate. objects: woman, kitchen, sink, mirror, bottles"
tense confrontational dramatic intimate serious cinematic intimate warm-toned man woman faces subtitle text,"mood: tense, confrontational, dramatic, intimate, serious. style: cinematic, intimate, warm-toned. objects: man, woman, faces, subtitle text"
concerned serious contemplative worried tense cinematic soft-lit dramatic woman windows wall clothing,"mood: concerned, serious, contemplative, worried, tense. style: cinematic, soft-lit, dramatic. objects: woman, windows, wall, clothing"
warm nostalgic peaceful romantic cozy cinematic warm-toned atmospheric buildings street lights trees bicycles storefront,"mood: warm, nostalgic, peaceful, romantic, cozy. style: cinematic, warm-toned, atmospheric. objects: buildings, street lights, trees, bicycles, storefront"
intimate contemplative nostalgic cozy reflective cinematic warm-toned shallow-focus glass liquid ladle table newspaper,"mood: intimate, contemplative, nostalgic, cozy, reflective. style: cinematic, warm-toned, shallow-focus. objects: glass, liquid, ladle, table, newspaper"
relaxed intimate casual social warm cinematic warm-toned atmospheric woman bartender bar drinks glasses,"mood: relaxed, intimate, casual, social, warm. style: cinematic, warm-toned, atmospheric. objects: woman, bartender, bar, drinks, glasses"
sultry seductive confident intimate alluring cinematic warm-toned shallow-focus sunglasses person hand text,"mood: sultry, seductive, confident, intimate, alluring. style: cinematic, warm-toned, shallow-focus. objects: sunglasses, person, hand, text"
anxious hopeful vulnerable tentative nervous cinematic warm-toned shallow-focus man kitchen apron counter bottles,"mood: anxious, hopeful, vulnerable, tentative, nervous. style: cinematic, warm-toned, shallow-focus. objects: man, kitchen, apron, counter, bottles"
playful flirtatious confident seductive teasing cinematic warm-toned shallow-focus woman sunglasses hair text,"mood: playful, flirtatious, confident, seductive, teasing. style: cinematic, warm-toned, shallow-focus. objects: woman, sunglasses, hair, text"
intense serious contemplative focused determined cinematic close-up dramatic-lighting face eyes nose text logo,"mood: intense, serious, contemplative, focused, determined. style: cinematic, close-up, dramatic-lighting. objects: face, eyes, nose, text, logo"
focused studious contemplative productive concentrated warm-toned shallow-focus intimate pen paper hands drink,"mood: focused, studious, contemplative, productive, concentrated. style: warm-toned, shallow-focus, intimate. objects: pen, paper, hands, drink"
playful flirty confident seductive mysterious cinematic warm-toned shallow-focus woman sunglasses phone hair,"mood: playful, flirty, confident, seductive, mysterious. style: cinematic, warm-toned, shallow-focus. objects: woman, sunglasses, phone, hair"
serious contemplative concerned focused troubled cinematic warm-toned shallow-focus man shirt tie kitchen,"mood: serious, contemplative, concerned, focused, troubled. style: cinematic, warm-toned, shallow-focus. objects: man, shirt, tie, kitchen"
intimate romantic warm cozy affectionate cinematic warm-toned intimate couple couch drinks paintings bar,"mood: intimate, romantic, warm, cozy, affectionate. style: cinematic, warm-toned, intimate. objects: couple, couch, drinks, paintings, bar"
focused contemplative intimate peaceful productive warm-toned shallow-focus intimate hand pen notebook glass table,"mood: focused, contemplative, intimate, peaceful, productive. style: warm-toned, shallow-focus, intimate. objects: hand, pen, notebook, glass, table"
casual social relaxed friendly lively casual warm-lit candid people bar drinks glasses photos,"mood: casual, social, relaxed, friendly, lively. style: casual, warm-lit, candid. objects: people, bar, drinks, glasses, photos"
mysterious sultry intense dramatic seductive moody cinematic warm-toned woman sunglasses hair people,"mood: mysterious, sultry, intense, dramatic, seductive. style: moody, cinematic, warm-toned. objects: woman, sunglasses, hair, people"
warm friendly welcoming pleased amused cinematic warm-toned shallow-focus man suit jacket shirt bookshelf,"mood: warm, friendly, welcoming, pleased, amused. style: cinematic, warm-toned, shallow-focus. objects: man, suit jacket, shirt, bookshelf"
confrontational tense dramatic suspicious accusatory dramatic warm-lit close-up woman sunglasses hair text,"mood: confrontational, tense, dramatic, suspicious, accusatory. style: dramatic, warm-lit, close-up. objects: woman, sunglasses, hair, text"
uncomfortable awkward tense strained conflicted cinematic warm-toned shallow-focus man bow tie suspenders bottles bar,"mood: uncomfortable, awkward, tense, strained, conflicted. style: cinematic, warm-toned, shallow-focus. objects: man, bow tie, suspenders, bottles, bar"
tense serious urgent concerned dramatic cinematic warm-toned shallow-focus woman sunglasses hair dialogue text,"mood: tense, serious, urgent, concerned, dramatic. style: cinematic, warm-toned, shallow-focus. objects: woman, sunglasses, hair, dialogue text"
serious contemplative melancholic introspective troubled cinematic warm-toned shallow-focus man hand text watermark,"mood: serious, contemplative, melancholic, introspective, troubled. style: cinematic, warm-toned, shallow-focus. objects: man, hand, text, watermark"
tense confrontational dramatic heated intense warm-lit intimate casual man woman bar glasses bottles,"mood: tense, confrontational, dramatic, heated, intense. style: warm-lit, intimate, casual. objects: man, woman, bar, glasses, bottles"
intense confrontational accusatory dramatic sinister cinematic warm-toned shallow-focus man finger text face,"mood: intense, confrontational, accusatory, dramatic, sinister. style: cinematic, warm-toned, shallow-focus. objects: man, finger, text, face"
dramatic suspicious intense confrontational accusatory dramatic stylized moody woman sunglasses text logo,"mood: dramatic, suspicious, intense, confrontational, accusatory. style: dramatic, stylized, moody. objects: woman, sunglasses, text, logo"
serious contemplative focused intense concerned cinematic warm-toned shallow-focus man bow tie suspenders bar,"mood: serious, contemplative, focused, intense, concerned. style: cinematic, warm-toned, shallow-focus. objects: man, bow tie, suspenders, bar"
confrontational tense aggressive defensive hostile warm-toned cinematic atmospheric man woman table drinks photographs,"mood: confrontational, tense, aggressive, defensive, hostile. style: warm-toned, cinematic, atmospheric. objects: man, woman, table, drinks, photographs"
anxious uncomfortable resigned deflated defeated cinematic warm-toned shallow-focus man bow tie suspenders shirt,"mood: anxious, uncomfortable, resigned, deflated, defeated. style: cinematic, warm-toned, shallow-focus. objects: man, bow tie, suspenders, shirt"
relaxed social casual warm friendly warm-lit vintage atmospheric woman bar bottles pictures glasses,"mood: relaxed, social, casual, warm, friendly. style: warm-lit, vintage, atmospheric. objects: woman, bar, bottles, pictures, glasses"
tense confrontational dramatic intense emotional dramatic warm-lighting close-up man woman hands faces,"mood: tense, confrontational, dramatic, intense, emotional. style: dramatic, warm-lighting, close-up. objects: man, woman, hands, faces"
serious contemplative melancholic pensive subdued cinematic warm-toned shallow-focus man bow tie suspenders shirt,"mood: serious, contemplative, melancholic, pensive, subdued. style: cinematic, warm-toned, shallow-focus. objects: man, bow tie, suspenders, shirt"
tense uncomfortable serious confrontational awkward cinematic warm-toned shallow-focus man woman people faces,"mood: tense, uncomfortable, serious, confrontational, awkward. style: cinematic, warm-toned, shallow-focus. objects: man, woman, people, faces"
intense disturbing unsettling ominous menacing dramatic horror-inspired close-up face eyes nose skin,"mood: intense, disturbing, unsettling, ominous, menacing. style: dramatic, horror-inspired, close-up. objects: face, eyes, nose, skin"
concerned serious thoughtful apprehensive troubled cinematic warm-toned shallow-focus man bow tie suspenders shirt,"mood: concerned, serious, thoughtful, apprehensive, troubled. style: cinematic, warm-toned, shallow-focus. objects: man, bow tie, suspenders, shirt"
intimate romantic tender contemplative affectionate cinematic warm-toned intimate man woman sunglasses logo,"mood: intimate, romantic, tender, contemplative, affectionate. style: cinematic, warm-toned, intimate. objects: man, woman, sunglasses, logo"
warm intimate pleading hopeful vulnerable cinematic warm-toned shallow-focus man face beard shirt text,"mood: warm, intimate, pleading, hopeful, vulnerable. style: cinematic, warm-toned, shallow-focus. objects: man, face, beard, shirt, text"
tense confrontational hurt accusatory emotional cinematic warm-toned shallow-focus man bow tie suspenders text,"mood: tense, confrontational, hurt, accusatory, emotional. style: cinematic, warm-toned, shallow-focus. objects: man, bow tie, suspenders, text"
serious concerned tense intimate confrontational cinematic warm-toned intimate man woman subtitles logo,"mood: serious, concerned, tense, intimate, confrontational. style: cinematic, warm-toned, intimate. objects: man, woman, subtitles, logo"
serious concerned tense troubled anxious cinematic warm-toned shallow-focus man bow tie suspenders kitchen,"mood: serious, concerned, tense, troubled, anxious. style: cinematic, warm-toned, shallow-focus. objects: man, bow tie, suspenders, kitchen"
warm friendly cheerful romantic lighthearted cinematic warm-toned shallow-focus man woman text logo,"mood: warm, friendly, cheerful, romantic, lighthearted. style: cinematic, warm-toned, shallow-focus. objects: man, woman, text, logo"
energetic dynamic playful vibrant lively motion-blur warm-toned dynamic scissors paper hands table,"mood: energetic, dynamic, playful, vibrant, lively. style: motion-blur, warm-toned, dynamic. objects: scissors, paper, hands, table"
casual social relaxed intimate friendly warm-lit intimate vintage bar people bottles pictures,"mood: casual, social, relaxed, intimate, friendly. style: warm-lit, intimate, vintage. objects: bar, people, bottles, pictures"
melancholy contemplative somber pensive troubled cinematic warm-toned shallow-focus woman face hair lips,"mood: melancholy, contemplative, somber, pensive, troubled. style: cinematic, warm-toned, shallow-focus. objects: woman, face, hair, lips"
frustrated serious tense determined confrontational cinematic warm-toned shallow-focus man bow tie suspenders text,"mood: frustrated, serious, tense, determined, confrontational. style: cinematic, warm-toned, shallow-focus. objects: man, bow tie, suspenders, text"
focused contemplative intimate relaxed methodical cinematic warm-toned shallow-focus laptop hand bottle glass,"mood: focused, contemplative, intimate, relaxed, methodical. style: cinematic, warm-toned, shallow-focus. objects: laptop, hand, bottle, glass"
tender intimate gentle peaceful loving cinematic shallow-focus intimate baby hands white clothing red ribbon,"mood: tender, intimate, gentle, peaceful, loving. style: cinematic, shallow-focus, intimate. objects: baby, hands, white clothing, red ribbon"
contemplative melancholy introspective subdued pensive cinematic warm-toned shallow-focus man bottles shelves bowtie,"mood: contemplative, melancholy, introspective, subdued, pensive. style: cinematic, warm-toned, shallow-focus. objects: man, bottles, shelves, bowtie"
contemplative melancholic introspective pensive somber cinematic warm-toned shallow-focus woman hair face background watermark,"mood: contemplative, melancholic, introspective, pensive, somber. style: cinematic, warm-toned, shallow-focus. objects: woman, hair, face, background, watermark"
serene peaceful contemplative atmospheric tranquil dramatic moody overcast bridge buildings water clouds church spires,"mood: serene, peaceful, contemplative, atmospheric, tranquil. style: dramatic, moody, overcast. objects: bridge, buildings, water, clouds, church spires"
calm peaceful leisurely urban contemplative cinematic muted-tones shallow-focus buildings person street traffic sign sidewalk,"mood: calm, peaceful, leisurely, urban, contemplative. style: cinematic, muted-tones, shallow-focus. objects: buildings, person, street, traffic sign, sidewalk"
mysterious elegant intimate contemplative sophisticated dark minimalist intimate hands ring black clothing logo,"mood: mysterious, elegant, intimate, contemplative, sophisticated. style: dark, minimalist, intimate. objects: hands, ring, black clothing, logo"
calm contemplative urban solitary peaceful cinematic natural-lighting urban-realism person car building street bollards,"mood: calm, contemplative, urban, solitary, peaceful. style: cinematic, natural-lighting, urban-realism. objects: person, car, building, street, bollards"
focused contemplative serious determined pensive cinematic warm-toned shallow-focus woman earbuds building jacket,"mood: focused, contemplative, serious, determined, pensive. style: cinematic, warm-toned, shallow-focus. objects: woman, earbuds, building, jacket"
casual relaxed urban conversational leisurely street-level natural-lighting documentary-style people building street bollards sign,"mood: casual, relaxed, urban, conversational, leisurely. style: street-level, natural-lighting, documentary-style. objects: people, building, street, bollards, sign"
intense romantic longing emotional intimate cinematic warm-toned shallow-focus woman man earrings clothing,"mood: intense, romantic, longing, emotional, intimate. style: cinematic, warm-toned, shallow-focus. objects: woman, man, earrings, clothing"
melancholic resigned lonely defeated somber cinematic shallow-focus cool-toned man sunglasses text street,"mood: melancholic, resigned, lonely, defeated, somber. style: cinematic, shallow-focus, cool-toned. objects: man, sunglasses, text, street"
confrontational tense serious accusatory intense cinematic warm-toned shallow-focus woman man earbuds face hair,"mood: confrontational, tense, serious, accusatory, intense. style: cinematic, warm-toned, shallow-focus. objects: woman, man, earbuds, face, hair"
intense confrontational serious challenging intimidating cinematic shallow-focus warm-toned man sunglasses street text,"mood: intense, confrontational, serious, challenging, intimidating. style: cinematic, shallow-focus, warm-toned. objects: man, sunglasses, street, text"
serious contemplative subdued pensive melancholic cinematic warm-toned shallow-focus woman earbuds black clothing person,"mood: serious, contemplative, subdued, pensive, melancholic. style: cinematic, warm-toned, shallow-focus. objects: woman, earbuds, black clothing, person"
tense suspicious dramatic apprehensive unsettling cinematic moody urban person storefront glass doors interior space clothing,"mood: tense, suspicious, dramatic, apprehensive, unsettling. style: cinematic, moody, urban. objects: person, storefront, glass doors, interior space, clothing"
contemplative serious introspective melancholic pensive cinematic warm-toned shallow-focus man picture frames wall sweater,"mood: contemplative, serious, introspective, melancholic, pensive. style: cinematic, warm-toned, shallow-focus. objects: man, picture frames, wall, sweater"
mysterious contemplative moody introspective melancholic cinematic moody teal-toned woman door buttons sign,"mood: mysterious, contemplative, moody, introspective, melancholic. style: cinematic, moody, teal-toned. objects: woman, door, buttons, sign"
contemplative melancholic introspective somber reflective cinematic warm-toned shallow-focus man pictures wall text,"mood: contemplative, melancholic, introspective, somber, reflective. style: cinematic, warm-toned, shallow-focus. objects: man, pictures, wall, text"
casual nostalgic romantic intimate contemplative cinematic warm-toned shallow-focus person glass doors storefront suspenders windows,"mood: casual, nostalgic, romantic, intimate, contemplative. style: cinematic, warm-toned, shallow-focus. objects: person, glass doors, storefront, suspenders, windows"
intimate warm nostalgic contemplative melancholic cinematic warm-toned shallow-focus person shelves lights room,"mood: intimate, warm, nostalgic, contemplative, melancholic. style: cinematic, warm-toned, shallow-focus. objects: person, shelves, lights, room"
vulnerable intimate uncertain contemplative tender cinematic warm-toned shallow-focus woman window text face,"mood: vulnerable, intimate, uncertain, contemplative, tender. style: cinematic, warm-toned, shallow-focus. objects: woman, window, text, face"
romantic intimate hopeful charming flirtatious cinematic warm-toned shallow-focus man face shirt suspenders text,"mood: romantic, intimate, hopeful, charming, flirtatious. style: cinematic, warm-toned, shallow-focus. objects: man, face, shirt, suspenders, text"
contemplative melancholic introspective somber pensive cinematic moody shallow-focus woman face clothing background lighting,"mood: contemplative, melancholic, introspective, somber, pensive. style: cinematic, moody, shallow-focus. objects: woman, face, clothing, background lighting"
serious contemplative concerned intense melancholic cinematic warm-toned shallow-focus man bow tie suspenders collar,"mood: serious, contemplative, concerned, intense, melancholic. style: cinematic, warm-toned, shallow-focus. objects: man, bow tie, suspenders, collar"
intimate melancholic contemplative vulnerable pensive cinematic warm-toned intimate face eye eyebrow skin logo,"mood: intimate, melancholic, contemplative, vulnerable, pensive. style: cinematic, warm-toned, intimate. objects: face, eye, eyebrow, skin, logo"
sincere earnest intimate serious heartfelt cinematic warm-toned shallow-focus man shirt tie suspenders,"mood: sincere, earnest, intimate, serious, heartfelt. style: cinematic, warm-toned, shallow-focus. objects: man, shirt, tie, suspenders"
intense vulnerable emotional intimate contemplative cinematic warm-toned shallow-focus eyes face skin tears,"mood: intense, vulnerable, emotional, intimate, contemplative. style: cinematic, warm-toned, shallow-focus. objects: eyes, face, skin, tears"
serious contemplative intense concerned thoughtful cinematic warm-toned shallow-focus man bow tie suspenders shirt,"mood: serious, contemplative, intense, concerned, thoughtful. style: cinematic, warm-toned, shallow-focus. objects: man, bow tie, suspenders, shirt"
contemplative melancholic introspective pensive subdued cinematic shallow-focus warm-toned woman window glass reflection,"mood: contemplative, melancholic, introspective, pensive, subdued. style: cinematic, shallow-focus, warm-toned. objects: woman, window, glass, reflection"
urgent commanding promotional assertive attention-grabbing bold graphic minimalist text arrows circle logo,"mood: urgent, commanding, promotional, assertive, attention-grabbing. style: bold, graphic, minimalist. objects: text, arrows, circle, logo"
relaxed casual peaceful content conversational documentary natural-lighting outdoor-interview man bench grass building trees,"mood: relaxed, casual, peaceful, content, conversational. style: documentary, natural-lighting, outdoor-interview. objects: man, bench, grass, building, trees"
nostalgic sentimental melancholic bittersweet reflective surveillance grainy handheld grass photograph ground dirt,"mood: nostalgic, sentimental, melancholic, bittersweet, reflective. style: surveillance, grainy, handheld. objects: grass, photograph, ground, dirt"
serious contemplative concerned thoughtful subdued realistic natural-lighting journalistic man grass rocks trees,"mood: serious, contemplative, concerned, thoughtful, subdued. style: realistic, natural-lighting, journalistic. objects: man, grass, rocks, trees"
peaceful contemplative serene meditative tranquil documentary outdoor natural-lighting statue photograph boy dome,"mood: peaceful, contemplative, serene, meditative, tranquil. style: documentary, outdoor, natural-lighting. objects: statue, photograph, boy, dome"
peaceful tender nostalgic serene loving handheld documentary naturalistic photograph stone trees car,"mood: peaceful, tender, nostalgic, serene, loving. style: handheld, documentary, naturalistic. objects: photograph, stone, trees, car"
nostalgic bittersweet melancholic sentimental wistful nostalgic documentary handheld photograph car driveway family,"mood: nostalgic, bittersweet, melancholic, sentimental, wistful. style: nostalgic, documentary, handheld. objects: photograph, car, driveway, family"
peaceful nostalgic tender serene intimate documentary handheld naturalistic tablet plants vegetation display screen,"mood: peaceful, nostalgic, tender, serene, intimate. style: documentary, handheld, naturalistic. objects: tablet, plants, vegetation, display screen"
calm reflective peaceful contemplative serene documentary natural-lighting medium-shot man grass trees building rocks,"mood: calm, reflective, peaceful, contemplative, serene. style: documentary, natural-lighting, medium-shot. objects: man, grass, trees, building, rocks"
eerie haunting melancholic surreal unsettling surreal dreamlike double-exposed hand flowers water leaves,"mood: eerie, haunting, melancholic, surreal, unsettling. style: surreal, dreamlike, double-exposed. objects: hand, flowers, water, leaves"
proud confident accomplished satisfied cheerful news-style blue-framed broadcast-graphics truck man person vehicle,"mood: proud, confident, accomplished, satisfied, cheerful. style: news-style, blue-framed, broadcast-graphics. objects: truck, man, person, vehicle"
calm relaxed peaceful casual content documentary natural-lighting outdoor-interview man bench grass building trees,"mood: calm, relaxed, peaceful, casual, content. style: documentary, natural-lighting, outdoor-interview. objects: man, bench, grass, building, trees"
peaceful relaxed companionable leisurely content naturalistic documentary-style outdoor two men bridge pathway trees rocks,"mood: peaceful, relaxed, companionable, leisurely, content. style: naturalistic, documentary-style, outdoor. objects: two men, bridge, pathway, trees, rocks"
industrial routine mundane practical commercial documentary overcast industrial truck trailer building loading dock,"mood: industrial, routine, mundane, practical, commercial. style: documentary, overcast, industrial. objects: truck, trailer, building, loading dock"
peaceful warm content pleasant cheerful documentary natural-lighting outdoor man trees flowers river grass,"mood: peaceful, warm, content, pleasant, cheerful. style: documentary, natural-lighting, outdoor. objects: man, trees, flowers, river, grass"
casual relaxed friendly conversational comfortable overexposed hazy documentary two men grass building trees,"mood: casual, relaxed, friendly, conversational, comfortable. style: overexposed, hazy, documentary. objects: two men, grass, building, trees"
casual relaxed friendly peaceful content documentary natural-lighting handheld two men trees sidewalk grass,"mood: casual, relaxed, friendly, peaceful, content. style: documentary, natural-lighting, handheld. objects: two men, trees, sidewalk, grass"
casual friendly relaxed conversational pleasant documentary bright casual men trees path grass,"mood: casual, friendly, relaxed, conversational, pleasant. style: documentary, bright, casual. objects: men, trees, path, grass"
peaceful leisurely calm relaxed casual documentary natural-lighting handheld men sidewalk bridge grass water,"mood: peaceful, leisurely, calm, relaxed, casual. style: documentary, natural-lighting, handheld. objects: men, sidewalk, bridge, grass, water"
calm serious contemplative concerned somber naturalistic soft-lit documentary-style man trees water grass,"mood: calm, serious, contemplative, concerned, somber. style: naturalistic, soft-lit, documentary-style. objects: man, trees, water, grass"
relaxed friendly casual pleasant conversational documentary natural-lighting outdoor man man water grass pathway,"mood: relaxed, friendly, casual, pleasant, conversational. style: documentary, natural-lighting, outdoor. objects: man, man, water, grass, pathway"
calm peaceful relaxed content serene naturalistic soft-lit documentary-style man trees water grass,"mood: calm, peaceful, relaxed, content, serene. style: naturalistic, soft-lit, documentary-style. objects: man, trees, water, grass"
casual friendly relaxed conversational pleasant documentary natural-lighting outdoor two men bridge river trees,"mood: casual, friendly, relaxed, conversational, pleasant. style: documentary, natural-lighting, outdoor. objects: two men, bridge, river, trees"
relaxed casual contemplative peaceful content casual documentary outdoor man bench grass trees building,"mood: relaxed, casual, contemplative, peaceful, content. style: casual, documentary, outdoor. objects: man, bench, grass, trees, building"
sleek modern professional polished minimal minimalist glossy tech-focused circular logo light flare letter c,"mood: sleek, modern, professional, polished, minimal. style: minimalist, glossy, tech-focused. objects: circular logo, light flare, letter c"
warm welcoming content peaceful friendly documentary natural-lighting casual people chairs fence trees,"mood: warm, welcoming, content, peaceful, friendly. style: documentary, natural-lighting, casual. objects: people, chairs, fence, trees"
relaxed comfortable casual content intimate casual natural-lighting documentary-style woman man couch glasses,"mood: relaxed, comfortable, casual, content, intimate. style: casual, natural-lighting, documentary-style. objects: woman, man, couch, glasses"
relaxed comfortable casual content intimate casual documentary intimate woman man couch glasses,"mood: relaxed, comfortable, casual, content, intimate. style: casual, documentary, intimate. objects: woman, man, couch, glasses"
relaxed comfortable friendly casual content casual documentary natural-lighting woman man couch glasses,"mood: relaxed, comfortable, friendly, casual, content. style: casual, documentary, natural-lighting. objects: woman, man, couch, glasses"
relaxed comfortable casual content conversational casual intimate documentary-style woman man couch glasses,"mood: relaxed, comfortable, casual, content, conversational. style: casual, intimate, documentary-style. objects: woman, man, couch, glasses"
relaxed comfortable intimate casual content documentary natural-lighting intimate woman man couch glasses,"mood: relaxed, comfortable, intimate, casual, content. style: documentary, natural-lighting, intimate. objects: woman, man, couch, glasses"
relaxed casual comfortable content intimate casual documentary-style natural-lighting woman man couch glasses,"mood: relaxed, casual, comfortable, content, intimate. style: casual, documentary-style, natural-lighting. objects: woman, man, couch, glasses"
relaxed comfortable casual content friendly casual documentary intimate woman man couch glasses,"mood: relaxed, comfortable, casual, content, friendly. style: casual, documentary, intimate. objects: woman, man, couch, glasses"
dark minimal stark somber empty minimalist dark text-based text copyright symbol black background,"mood: dark, minimal, stark, somber, empty. style: minimalist, dark, text-based. objects: text, copyright symbol, black background"
peaceful serene warm nostalgic tranquil cinematic warm-toned atmospheric fishing boats sunset village buildings water clouds,"mood: peaceful, serene, warm, nostalgic, tranquil. style: cinematic, warm-toned, atmospheric. objects: fishing boats, sunset, village buildings, water, clouds"
peaceful serene nostalgic tranquil melancholic cinematic warm-toned silhouetted wooden pier waves sunset ocean,"mood: peaceful, serene, nostalgic, tranquil, melancholic. style: cinematic, warm-toned, silhouetted. objects: wooden pier, waves, sunset, ocean"
peaceful melancholic contemplative serene bittersweet cinematic warm-toned silhouetted boat person ocean clouds sunset,"mood: peaceful, melancholic, contemplative, serene, bittersweet. style: cinematic, warm-toned, silhouetted. objects: boat, person, ocean, clouds, sunset"
peaceful nostalgic serene contemplative melancholic cinematic golden-hour atmospheric cottage sea sunset clouds,"mood: peaceful, nostalgic, serene, contemplative, melancholic. style: cinematic, golden-hour, atmospheric. objects: cottage, sea, sunset, clouds"
peaceful contemplative serene nostalgic tranquil cinematic warm-toned atmospheric elderly man easel brush window sunset,"mood: peaceful, contemplative, serene, nostalgic, tranquil. style: cinematic, warm-toned, atmospheric. objects: elderly man, easel, brush, window, sunset"
contemplative melancholic introspective nostalgic solitary atmospheric warm-lit painterly person easel window desk books,"mood: contemplative, melancholic, introspective, nostalgic, solitary. style: atmospheric, warm-lit, painterly. objects: person, easel, window, desk, books"
nostalgic melancholic reflective serene bittersweet cinematic warm-toned atmospheric elderly man painting easel lamp window,"mood: nostalgic, melancholic, reflective, serene, bittersweet. style: cinematic, warm-toned, atmospheric. objects: elderly man, painting, easel, lamp, window"
melancholic contemplative uncertain wistful introspective cinematic warm-toned dramatic-lighting hand paintbrush canvas painting easel,"mood: melancholic, contemplative, uncertain, wistful, introspective. style: cinematic, warm-toned, dramatic-lighting. objects: hand, paintbrush, canvas, painting, easel"
contemplative melancholic nostalgic fragile wistful cinematic warm-toned shallow-focus hand paintbrush canvas easel mirror,"mood: contemplative, melancholic, nostalgic, fragile, wistful. style: cinematic, warm-toned, shallow-focus. objects: hand, paintbrush, canvas, easel, mirror"
peaceful contemplative nostalgic serene reflective cinematic golden-hour contemplative easel painter sunset clouds canvas,"mood: peaceful, contemplative, nostalgic, serene, reflective. style: cinematic, golden-hour, contemplative. objects: easel, painter, sunset, clouds, canvas"
melancholic contemplative nostalgic peaceful bittersweet cinematic warm-toned golden-hour painter easel sunset pier water,"mood: melancholic, contemplative, nostalgic, peaceful, bittersweet. style: cinematic, warm-toned, golden-hour. objects: painter, easel, sunset, pier, water"
contemplative melancholic determined nostalgic peaceful cinematic warm-toned golden-hour artist easel paintbrush window sunset,"mood: contemplative, melancholic, determined, nostalgic, peaceful. style: cinematic, warm-toned, golden-hour. objects: artist, easel, paintbrush, window, sunset"
nostalgic contemplative peaceful wistful reflective cinematic warm-toned atmospheric person boats water harbor buildings,"mood: nostalgic, contemplative, peaceful, wistful, reflective. style: cinematic, warm-toned, atmospheric. objects: person, boats, water, harbor, buildings"
peaceful nostalgic contemplative serene hopeful cinematic warm-toned atmospheric boats mosque sunset water person,"mood: peaceful, nostalgic, contemplative, serene, hopeful. style: cinematic, warm-toned, atmospheric. objects: boats, mosque, sunset, water, person"
peaceful nostalgic serene contemplative wistful cinematic warm-toned shallow-focus painting easel trees fence sunset,"mood: peaceful, nostalgic, serene, contemplative, wistful. style: cinematic, warm-toned, shallow-focus. objects: painting, easel, trees, fence, sunset"
peaceful contemplative melancholic serene introspective cinematic golden-hour contemplative person ocean sunset rocks flag,"mood: peaceful, contemplative, melancholic, serene, introspective. style: cinematic, golden-hour, contemplative. objects: person, ocean, sunset, rocks, flag"
peaceful contemplative serene inspiring nostalgic cinematic golden-hour atmospheric artist easel ocean sunset clouds,"mood: peaceful, contemplative, serene, inspiring, nostalgic. style: cinematic, golden-hour, atmospheric. objects: artist, easel, ocean, sunset, clouds"
peaceful nostalgic contemplative serene melancholic cinematic golden-hour wide-angle road sunset sky cross fields,"mood: peaceful, nostalgic, contemplative, serene, melancholic. style: cinematic, golden-hour, wide-angle. objects: road, sunset, sky, cross, fields"
warm intimate nostalgic contemplative bittersweet cinematic golden-hour shallow-focus man woman easel sunset trees,"mood: warm, intimate, nostalgic, contemplative, bittersweet. style: cinematic, golden-hour, shallow-focus. objects: man, woman, easel, sunset, trees"
peaceful nostalgic serene contemplative melancholic cinematic warm-toned atmospheric painting easel window sunset ocean,"mood: peaceful, nostalgic, serene, contemplative, melancholic. style: cinematic, warm-toned, atmospheric. objects: painting, easel, window, sunset, ocean"
melancholic nostalgic wistful romantic bittersweet cinematic golden-hour intimate woman eyes face sunset,"mood: melancholic, nostalgic, wistful, romantic, bittersweet. style: cinematic, golden-hour, intimate. objects: woman, eyes, face, sunset"
warm joyful radiant content peaceful cinematic warm-toned golden-hour woman headscarf smile golden light,"mood: warm, joyful, radiant, content, peaceful. style: cinematic, warm-toned, golden-hour. objects: woman, headscarf, smile, golden light"
nostalgic warm bittersweet contemplative melancholic cinematic warm-toned atmospheric man scarf chair lamp books,"mood: nostalgic, warm, bittersweet, contemplative, melancholic. style: cinematic, warm-toned, atmospheric. objects: man, scarf, chair, lamp, books"
melancholic contemplative serene wistful peaceful cinematic warm-toned golden-hour easel person sunset canvas,"mood: melancholic, contemplative, serene, wistful, peaceful. style: cinematic, warm-toned, golden-hour. objects: easel, person, sunset, canvas"
contemplative melancholic urgent introspective bittersweet cinematic warm-toned dramatic-lighting man windows easel paintbrush sunset,"mood: contemplative, melancholic, urgent, introspective, bittersweet. style: cinematic, warm-toned, dramatic-lighting. objects: man, windows, easel, paintbrush, sunset"
determined intense hopeful resilient contemplative cinematic warm-toned shallow-focus man face sunset text,"mood: determined, intense, hopeful, resilient, contemplative. style: cinematic, warm-toned, shallow-focus. objects: man, face, sunset, text"
peaceful contemplative nostalgic serene melancholic cinematic golden-hour atmospheric easel mountains sunset clouds,"mood: peaceful, contemplative, nostalgic, serene, melancholic. style: cinematic, golden-hour, atmospheric. objects: easel, mountains, sunset, clouds"
peaceful contemplative reverent solemn hopeful cinematic dramatic golden-hour villagers house sunset road clouds,"mood: peaceful, contemplative, reverent, solemn, hopeful. style: cinematic, dramatic, golden-hour. objects: villagers, house, sunset, road, clouds"
melancholic reverent solemn bittersweet contemplative cinematic warm-toned dramatic faces people sunset robes,"mood: melancholic, reverent, solemn, bittersweet, contemplative. style: cinematic, warm-toned, dramatic. objects: faces, people, sunset, robes"
reflective melancholic peaceful nostalgic contemplative atmospheric moody cinematic people house tree sky fence,"mood: reflective, melancholic, peaceful, nostalgic, contemplative. style: atmospheric, moody, cinematic. objects: people, house, tree, sky, fence"
peaceful nostalgic contemplative serene wistful silhouette warm-toned minimalist person castle sun water reflection,"mood: peaceful, nostalgic, contemplative, serene, wistful. style: silhouette, warm-toned, minimalist. objects: person, castle, sun, water, reflection"
serene peaceful warm nostalgic tranquil cinematic warm-toned dramatic house trees sunset clouds,"mood: serene, peaceful, warm, nostalgic, tranquil. style: cinematic, warm-toned, dramatic. objects: house, trees, sunset, clouds"
peaceful contemplative serene satisfied tranquil warm-toned cinematic golden-hour elderly man paintbrush window sunset easel,"mood: peaceful, contemplative, serene, satisfied, tranquil. style: warm-toned, cinematic, golden-hour. objects: elderly man, paintbrush, window, sunset, easel"
determined intense weathered resolute gritty cinematic dramatic golden-hour elderly man hat hands vial sunset,"mood: determined, intense, weathered, resolute, gritty. style: cinematic, dramatic, golden-hour. objects: elderly man, hat, hands, vial, sunset"
vibrant creative contemplative expressive introspective vibrant swirling artistic paint bottles canvas brushes,"mood: vibrant, creative, contemplative, expressive, introspective. style: vibrant, swirling, artistic. objects: paint, bottles, canvas, brushes"
serene nostalgic peaceful contemplative romantic cinematic warm-toned artistic easel harbor boats buildings sunset,"mood: serene, nostalgic, peaceful, contemplative, romantic. style: cinematic, warm-toned, artistic. objects: easel, harbor, boats, buildings, sunset"
solemn reverent contemplative peaceful nostalgic cinematic silhouetted atmospheric house villagers sunset windmill tree,"mood: solemn, reverent, contemplative, peaceful, nostalgic. style: cinematic, silhouetted, atmospheric. objects: house, villagers, sunset, windmill, tree"
melancholic contemplative solemn peaceful reflective cinematic warm-toned atmospheric person house sunset sky,"mood: melancholic, contemplative, solemn, peaceful, reflective. style: cinematic, warm-toned, atmospheric. objects: person, house, sunset, sky"
nostalgic melancholic peaceful contemplative bittersweet cinematic golden-hour atmospheric artist easel painting sunset watchtowers,"mood: nostalgic, melancholic, peaceful, contemplative, bittersweet. style: cinematic, golden-hour, atmospheric. objects: artist, easel, painting, sunset, watchtowers"
peaceful content focused warm satisfied cinematic warm-toned atmospheric man hat paintbrush canvas easel,"mood: peaceful, content, focused, warm, satisfied. style: cinematic, warm-toned, atmospheric. objects: man, hat, paintbrush, canvas, easel"
contemplative serene warm reflective peaceful warm-toned cinematic nostalgic people roof tiles painting sunset,"mood: contemplative, serene, warm, reflective, peaceful. style: warm-toned, cinematic, nostalgic. objects: people, roof tiles, painting, sunset"
peaceful romantic serene nostalgic contemplative cinematic warm-toned panoramic houses lake mountains people boat,"mood: peaceful, romantic, serene, nostalgic, contemplative. style: cinematic, warm-toned, panoramic. objects: houses, lake, mountains, people, boat"
cozy peaceful nostalgic warm contemplative atmospheric cinematic warm-lit house painting chair trees fence,"mood: cozy, peaceful, nostalgic, warm, contemplative. style: atmospheric, cinematic, warm-lit. objects: house, painting, chair, trees, fence"
inspiring triumphant hopeful determined resilient cinematic warm-toned dramatic sunset mountains desert vegetation commemorative plaque,"mood: inspiring, triumphant, hopeful, determined, resilient. style: cinematic, warm-toned, dramatic. objects: sunset, mountains, desert vegetation, commemorative plaque"
peaceful nostalgic contemplative serene reflective silhouette golden-hour atmospheric sunset tree person silhouette sky,"mood: peaceful, nostalgic, contemplative, serene, reflective. style: silhouette, golden-hour, atmospheric. objects: sunset, tree, person, silhouette, sky"
warm nostalgic peaceful contemplative intimate warm-toned atmospheric nostalgic paintings window chair easel lamp,"mood: warm, nostalgic, peaceful, contemplative, intimate. style: warm-toned, atmospheric, nostalgic. objects: paintings, window, chair, easel, lamp"
peaceful contemplative warm nostalgic serene silhouette cinematic golden-hour villagers buildings sunset sky,"mood: peaceful, contemplative, warm, nostalgic, serene. style: silhouette, cinematic, golden-hour. objects: villagers, buildings, sunset, sky"
peaceful contemplative warm admiring serene cinematic golden-hour atmospheric people house sunset trees,"mood: peaceful, contemplative, warm, admiring, serene. style: cinematic, golden-hour, atmospheric. objects: people, house, sunset, trees"
peaceful nostalgic serene melancholic contemplative cinematic warm-toned silhouetted house truck sunset trees,"mood: peaceful, nostalgic, serene, melancholic, contemplative. style: cinematic, warm-toned, silhouetted. objects: house, truck, sunset, trees"
nostalgic peaceful warm contemplative serene cinematic warm-toned atmospheric buildings window lamp vase landscape,"mood: nostalgic, peaceful, warm, contemplative, serene. style: cinematic, warm-toned, atmospheric. objects: buildings, window, lamp, vase, landscape"
contemplative nostalgic peaceful introspective wistful cinematic warm-toned golden-hour people painting easel mountains sky,"mood: contemplative, nostalgic, peaceful, introspective, wistful. style: cinematic, warm-toned, golden-hour. objects: people, painting, easel, mountains, sky"
nostalgic peaceful contemplative melancholic serene cinematic golden-hour silhouetted people sunset road clouds,"mood: nostalgic, peaceful, contemplative, melancholic, serene. style: cinematic, golden-hour, silhouetted. objects: people, sunset, road, clouds"
contemplative melancholic nostalgic introspective wistful cinematic warm-toned atmospheric window desk chair chandelier television,"mood: contemplative, melancholic, nostalgic, introspective, wistful. style: cinematic, warm-toned, atmospheric. objects: window, desk, chair, chandelier, television"
peaceful contemplative romantic serene nostalgic cinematic warm-toned golden-hour woman table candles sunset wine glass,"mood: peaceful, contemplative, romantic, serene, nostalgic. style: cinematic, warm-toned, golden-hour. objects: woman, table, candles, sunset, wine glass"
warm hopeful inspiring heartfelt uplifting cinematic warm-toned shallow-focus heart nail art yarn wall book,"mood: warm, hopeful, inspiring, heartfelt, uplifting. style: cinematic, warm-toned, shallow-focus. objects: heart, nail art, yarn, wall, book"
peaceful contemplative serene hopeful reflective cinematic warm-toned atmospheric houses road sunset fence trees,"mood: peaceful, contemplative, serene, hopeful, reflective. style: cinematic, warm-toned, atmospheric. objects: houses, road, sunset, fence, trees"
peaceful contemplative serene reflective tranquil cinematic warm-toned macro leaf water droplets sunlight plants,"mood: peaceful, contemplative, serene, reflective, tranquil. style: cinematic, warm-toned, macro. objects: leaf, water droplets, sunlight, plants"
serene romantic nostalgic peaceful contemplative artistic ethereal romantic water sunset flag pole landscape,"mood: serene, romantic, nostalgic, peaceful, contemplative. style: artistic, ethereal, romantic. objects: water, sunset, flag, pole, landscape"
serene peaceful inspiring hopeful contemplative cinematic golden-hour dramatic coastline church tower boats sunset ocean,"mood: serene, peaceful, inspiring, hopeful, contemplative. style: cinematic, golden-hour, dramatic. objects: coastline, church tower, boats, sunset, ocean"
dramatic sophisticated sleek anticipatory cinematic minimal dark elegant text logo background,"mood: dramatic, sophisticated, sleek, anticipatory, cinematic. style: minimal, dark, elegant. objects: text, logo, background"
minimalist stark formal serious educational minimalist high-contrast typographic text letter typography,"mood: minimalist, stark, formal, serious, educational. style: minimalist, high-contrast, typographic. objects: text, letter, typography"
melancholic nostalgic bittersweet contemplative sorrowful cinematic warm-toned soft-lighting curtains window books desk plant,"mood: melancholic, nostalgic, bittersweet, contemplative, sorrowful. style: cinematic, warm-toned, soft-lighting. objects: curtains, window, books, desk, plant"
contemplative nostalgic peaceful reflective warm cinematic warm-toned intimate man laptop glasses table curtains,"mood: contemplative, nostalgic, peaceful, reflective, warm. style: cinematic, warm-toned, intimate. objects: man, laptop, glasses, table, curtains"
intimate contemplative nostalgic tender melancholic cinematic warm-toned intimate hands paper pen desk,"mood: intimate, contemplative, nostalgic, tender, melancholic. style: cinematic, warm-toned, intimate. objects: hands, paper, pen, desk"
peaceful serene welcoming natural grounding cinematic shallow-focus natural-lighting feet grass pants text,"mood: peaceful, serene, welcoming, natural, grounding. style: cinematic, shallow-focus, natural-lighting. objects: feet, grass, pants, text"
serene peaceful tranquil beautiful admiring cinematic golden-hour tree-lined trees road fence buildings,"mood: serene, peaceful, tranquil, beautiful, admiring. style: cinematic, golden-hour, tree-lined. objects: trees, road, fence, buildings"
peaceful serene beautiful tranquil uplifting shallow-focus natural-lighting soft-bokeh flowers leaves plant water,"mood: peaceful, serene, beautiful, tranquil, uplifting. style: shallow-focus, natural-lighting, soft-bokeh. objects: flowers, leaves, plant, water"
peaceful nurturing hopeful serene inspiring natural soft-focus documentary hands plants shirt leaves,"mood: peaceful, nurturing, hopeful, serene, inspiring. style: natural, soft-focus, documentary. objects: hands, plants, shirt, leaves"
serene contemplative peaceful inspiring tranquil cinematic golden-hour silhouetted ocean beach people sunset waves,"mood: serene, contemplative, peaceful, inspiring, tranquil. style: cinematic, golden-hour, silhouetted. objects: ocean, beach, people, sunset, waves"
contemplative peaceful introspective serene melancholic cinematic golden-hour contemplative man beach water buildings people,"mood: contemplative, peaceful, introspective, serene, melancholic. style: cinematic, golden-hour, contemplative. objects: man, beach, water, buildings, people"
contemplative mysterious philosophical pensive introspective cinematic warm-toned shallow-focus man shirt subtitles logo,"mood: contemplative, mysterious, philosophical, pensive, introspective. style: cinematic, warm-toned, shallow-focus. objects: man, shirt, subtitles, logo"
contemplative melancholic wise resigned peaceful cinematic warm-toned shallow-focus elderly man white hair face subtitles,"mood: contemplative, melancholic, wise, resigned, peaceful. style: cinematic, warm-toned, shallow-focus. objects: elderly man, white hair, face, subtitles"
melancholic contemplative serene reflective peaceful cinematic golden-hour melancholic person beach ocean bird waves,"mood: melancholic, contemplative, serene, reflective, peaceful. style: cinematic, golden-hour, melancholic. objects: person, beach, ocean, bird, waves"
contemplative melancholic peaceful reflective wistful cinematic warm-toned shallow-focus elderly man beach water buildings shirt,"mood: contemplative, melancholic, peaceful, reflective, wistful. style: cinematic, warm-toned, shallow-focus. objects: elderly man, beach, water, buildings, shirt"
melancholic contemplative wistful introspective longing cinematic warm-toned silhouetted person sky sun text logo,"mood: melancholic, contemplative, wistful, introspective, longing. style: cinematic, warm-toned, silhouetted. objects: person, sky, sun, text, logo"
contemplative peaceful nostalgic wistful serene cinematic soft-lit atmospheric fence person trees playground buildings,"mood: contemplative, peaceful, nostalgic, wistful, serene. style: cinematic, soft-lit, atmospheric. objects: fence, person, trees, playground, buildings"
urgent serious contemplative focused melancholic warm-toned shallow-focus intimate hand paper pen writing,"mood: urgent, serious, contemplative, focused, melancholic. style: warm-toned, shallow-focus, intimate. objects: hand, paper, pen, writing"
contemplative nostalgic serene reflective hopeful cinematic soft-focus documentary man playground red posts field trees,"mood: contemplative, nostalgic, serene, reflective, hopeful. style: cinematic, soft-focus, documentary. objects: man, playground, red posts, field, trees"
energetic playful hopeful youthful inspiring cinematic dusty atmospheric children trees playground basketball hoop school uniforms,"mood: energetic, playful, hopeful, youthful, inspiring. style: cinematic, dusty, atmospheric. objects: children, trees, playground, basketball hoop, school uniforms"
hopeful inspirational determined uplifting empowering cinematic warm-toned inspirational person water beach waves,"mood: hopeful, inspirational, determined, uplifting, empowering. style: cinematic, warm-toned, inspirational. objects: person, water, beach, waves"
joyful playful cheerful lighthearted carefree documentary natural-lighting candid elderly man balloon beach woman sand,"mood: joyful, playful, cheerful, lighthearted, carefree. style: documentary, natural-lighting, candid. objects: elderly man, balloon, beach, woman, sand"
peaceful serene contemplative golden tranquil cinematic warm-toned silhouetted ocean waves people beach sky,"mood: peaceful, serene, contemplative, golden, tranquil. style: cinematic, warm-toned, silhouetted. objects: ocean, waves, people, beach, sky"
peaceful contemplative serene hopeful introspective cinematic warm-toned dreamy person shoes sand beach,"mood: peaceful, contemplative, serene, hopeful, introspective. style: cinematic, warm-toned, dreamy. objects: person, shoes, sand, beach"
contemplative serene reflective peaceful thoughtful cinematic warm-toned shallow-focus man field shirt grass person,"mood: contemplative, serene, reflective, peaceful, thoughtful. style: cinematic, warm-toned, shallow-focus. objects: man, field, shirt, grass, person"
contemplative melancholic atmospheric introspective somber cinematic atmospheric moody man road smoke buildings trees,"mood: contemplative, melancholic, atmospheric, introspective, somber. style: cinematic, atmospheric, moody. objects: man, road, smoke, buildings, trees"
contemplative focused serene introspective wise cinematic warm-toned intimate elderly man pen glasses desk papers,"mood: contemplative, focused, serene, introspective, wise. style: cinematic, warm-toned, intimate. objects: elderly man, pen, glasses, desk, papers"
peaceful contemplative serene reflective tranquil cinematic serene natural-lighting elderly man pond fountain trees buildings,"mood: peaceful, contemplative, serene, reflective, tranquil. style: cinematic, serene, natural-lighting. objects: elderly man, pond, fountain, trees, buildings"
contemplative serene introspective peaceful wise cinematic warm-toned silhouetted man pen paper window,"mood: contemplative, serene, introspective, peaceful, wise. style: cinematic, warm-toned, silhouetted. objects: man, pen, paper, window"
warm gentle caring tender compassionate documentary natural-lighting candid woman man flowers beach people,"mood: warm, gentle, caring, tender, compassionate. style: documentary, natural-lighting, candid. objects: woman, man, flowers, beach, people"
serious contemplative regretful somber reflective cinematic warm-toned shallow-focus man face text subtitles,"mood: serious, contemplative, regretful, somber, reflective. style: cinematic, warm-toned, shallow-focus. objects: man, face, text, subtitles"
contemplative serene reflective peaceful thoughtful documentary natural-lighting handheld elderly man younger man trees street,"mood: contemplative, serene, reflective, peaceful, thoughtful. style: documentary, natural-lighting, handheld. objects: elderly man, younger man, trees, street"
peaceful wise contemplative serene gentle cinematic warm-toned shallow-focus elderly woman white clothing subtitles blurred background,"mood: peaceful, wise, contemplative, serene, gentle. style: cinematic, warm-toned, shallow-focus. objects: elderly woman, white clothing, subtitles, blurred background"
warm contemplative peaceful reflective gentle cinematic shallow-focus natural-lighting elderly man white shirt road trees,"mood: warm, contemplative, peaceful, reflective, gentle. style: cinematic, shallow-focus, natural-lighting. objects: elderly man, white shirt, road, trees"
peaceful contemplative serene reflective introspective cinematic silhouetted golden-hour person beach sun ocean birds,"mood: peaceful, contemplative, serene, reflective, introspective. style: cinematic, silhouetted, golden-hour. objects: person, beach, sun, ocean, birds"
peaceful joyful uplifting serene hopeful cinematic warm-toned shallow-focus person grass building trees,"mood: peaceful, joyful, uplifting, serene, hopeful. style: cinematic, warm-toned, shallow-focus. objects: person, grass, building, trees"
peaceful contemplative warm hopeful serene documentary golden-hour contemplative person water beach shirt,"mood: peaceful, contemplative, warm, hopeful, serene. style: documentary, golden-hour, contemplative. objects: person, water, beach, shirt"
contemplative melancholic nostalgic wistful longing cinematic atmospheric shallow-focus person fence soccer field trees goal posts,"mood: contemplative, melancholic, nostalgic, wistful, longing. style: cinematic, atmospheric, shallow-focus. objects: person, fence, soccer field, trees, goal posts"
contemplative melancholic introspective solemn reflective cinematic warm-toned intimate elderly man glasses white shirt pen,"mood: contemplative, melancholic, introspective, solemn, reflective. style: cinematic, warm-toned, intimate. objects: elderly man, glasses, white shirt, pen"
peaceful contemplative serene melancholic nostalgic cinematic golden-hour contemplative beach person sun birds ocean,"mood: peaceful, contemplative, serene, melancholic, nostalgic. style: cinematic, golden-hour, contemplative. objects: beach, person, sun, birds, ocean"
joyful passionate heartfelt intimate musical candid warm-toned documentary guitar men chair shirt,"mood: joyful, passionate, heartfelt, intimate, musical. style: candid, warm-toned, documentary. objects: guitar, men, chair, shirt"
contemplative melancholic weary resigned sorrowful cinematic shallow-focus documentary man plate beach people,"mood: contemplative, melancholic, weary, resigned, sorrowful. style: cinematic, shallow-focus, documentary. objects: man, plate, beach, people"
warm nostalgic gentle intimate melancholic cinematic warm-toned intimate elderly man glasses white shirt phone,"mood: warm, nostalgic, gentle, intimate, melancholic. style: cinematic, warm-toned, intimate. objects: elderly man, glasses, white shirt, phone"
playful carefree joyful energetic innocent documentary naturalistic handheld people beach buildings sand umbrellas,"mood: playful, carefree, joyful, energetic, innocent. style: documentary, naturalistic, handheld. objects: people, beach, buildings, sand, umbrellas"
contemplative peaceful reflective serene melancholic contemplative natural-lighting documentary-style elderly man pond fountain trees buildings,"mood: contemplative, peaceful, reflective, serene, melancholic. style: contemplative, natural-lighting, documentary-style. objects: elderly man, pond, fountain, trees, buildings"
contemplative peaceful nostalgic serene reflective cinematic golden-hour contemplative elderly man beach buildings palm trees ocean,"mood: contemplative, peaceful, nostalgic, serene, reflective. style: cinematic, golden-hour, contemplative. objects: elderly man, beach, buildings, palm trees, ocean"
content peaceful reflective warm contemplative cinematic warm-toned shallow-focus man coffee cup shirt windows,"mood: content, peaceful, reflective, warm, contemplative. style: cinematic, warm-toned, shallow-focus. objects: man, coffee cup, shirt, windows"
contemplative melancholic introspective somber reflective cinematic soft-focus naturalistic man trees subtitles logo,"mood: contemplative, melancholic, introspective, somber, reflective. style: cinematic, soft-focus, naturalistic. objects: man, trees, subtitles, logo"
contemplative reflective serene introspective peaceful cinematic warm-toned shallow-focus person cross desert sky,"mood: contemplative, reflective, serene, introspective, peaceful. style: cinematic, warm-toned, shallow-focus. objects: person, cross, desert, sky"
contemplative melancholic reflective somber introspective cinematic atmospheric contemplative person sun water horizon,"mood: contemplative, melancholic, reflective, somber, introspective. style: cinematic, atmospheric, contemplative. objects: person, sun, water, horizon"
contemplative peaceful reflective hopeful serene cinematic warm-toned soft-focus person beach ocean sky sand,"mood: contemplative, peaceful, reflective, hopeful, serene. style: cinematic, warm-toned, soft-focus. objects: person, beach, ocean, sky, sand"
peaceful serene wise contemplative gentle cinematic warm-toned close-up elderly man hair face text,"mood: peaceful, serene, wise, contemplative, gentle. style: cinematic, warm-toned, close-up. objects: elderly man, hair, face, text"
peaceful wise serene contemplative warm cinematic warm-toned shallow-focus man beach ocean buildings people,"mood: peaceful, wise, serene, contemplative, warm. style: cinematic, warm-toned, shallow-focus. objects: man, beach, ocean, buildings, people"
peaceful contemplative wise serene hopeful cinematic warm-toned shallow-focus elderly man face text logo,"mood: peaceful, contemplative, wise, serene, hopeful. style: cinematic, warm-toned, shallow-focus. objects: elderly man, face, text, logo"
peaceful serene contemplative nostalgic tranquil cinematic golden-hour silhouetted beach ocean people waves sunset,"mood: peaceful, serene, contemplative, nostalgic, tranquil. style: cinematic, golden-hour, silhouetted. objects: beach, ocean, people, waves, sunset"
curious playful innocent exploratory wonder cinematic warm-toned documentary children dirt fence ground,"mood: curious, playful, innocent, exploratory, wonder. style: cinematic, warm-toned, documentary. objects: children, dirt, fence, ground"
warm contemplative peaceful intimate nostalgic cinematic warm-toned intimate elderly man glasses white shirt laptop wall,"mood: warm, contemplative, peaceful, intimate, nostalgic. style: cinematic, warm-toned, intimate. objects: elderly man, glasses, white shirt, laptop, wall"
contemplative melancholic introspective somber reflective cinematic backlit silhouetted man desk chair window papers,"mood: contemplative, melancholic, introspective, somber, reflective. style: cinematic, backlit, silhouetted. objects: man, desk, chair, window, papers"
contemplative peaceful introspective warm thoughtful cinematic warm-toned intimate man glasses laptop desk books,"mood: contemplative, peaceful, introspective, warm, thoughtful. style: cinematic, warm-toned, intimate. objects: man, glasses, laptop, desk, books"
nostalgic sentimental reflective heartwarming emotional dark-themed grid-layout promotional subscribe button video thumbnails social media icons text labels,"mood: nostalgic, sentimental, reflective, heartwarming, emotional. style: dark-themed, grid-layout, promotional. objects: subscribe button, video thumbnails, social media icons, text labels"
gentle tender affectionate peaceful loving natural documentary soft-focus horse person helmet plants saddle,"mood: gentle, tender, affectionate, peaceful, loving. style: natural, documentary, soft-focus. objects: horse, person, helmet, plants, saddle"
heartwarming hopeful compassionate uplifting tender documentary natural-lighting candid horse person grass hedge,"mood: heartwarming, hopeful, compassionate, uplifting, tender. style: documentary, natural-lighting, candid. objects: horse, person, grass, hedge"
heartwarming gentle peaceful tender affectionate documentary naturalistic outdoor-lighting horse girl helmet saddle vegetation,"mood: heartwarming, gentle, peaceful, tender, affectionate. style: documentary, naturalistic, outdoor-lighting. objects: horse, girl, helmet, saddle, vegetation"
peaceful gentle caring serene compassionate documentary natural-lighting outdoor person horse trees grass,"mood: peaceful, gentle, caring, serene, compassionate. style: documentary, natural-lighting, outdoor. objects: person, horse, trees, grass"
somber tragic distressing grim unsettling news-broadcast documentary surveillance-footage police car cows road wall trees,"mood: somber, tragic, distressing, grim, unsettling. style: news-broadcast, documentary, surveillance-footage. objects: police car, cows, road, wall, trees"
serious concerned empathetic determined compassionate broadcast natural-lighting documentary woman leaves text logo,"mood: serious, concerned, empathetic, determined, compassionate. style: broadcast, natural-lighting, documentary. objects: woman, leaves, text, logo"
heartwarming gentle peaceful affectionate joyful bright naturalistic documentary-style woman horse trees grass,"mood: heartwarming, gentle, peaceful, affectionate, joyful. style: bright, naturalistic, documentary-style. objects: woman, horse, trees, grass"
joyful carefree energetic playful cheerful motion-blur natural-lighting documentary-style woman hair plants garden,"mood: joyful, carefree, energetic, playful, cheerful. style: motion-blur, natural-lighting, documentary-style. objects: woman, hair, plants, garden"
gentle caring peaceful tender nurturing documentary natural-lighting close-up horse hand brush bridle,"mood: gentle, caring, peaceful, tender, nurturing. style: documentary, natural-lighting, close-up. objects: horse, hand, brush, bridle"
joyful excited proud enthusiastic celebratory bright natural conversational girl foliage microphone text,"mood: joyful, excited, proud, enthusiastic, celebratory. style: bright, natural, conversational. objects: girl, foliage, microphone, text"
proud accomplished surprised joyful triumphant meme-style polaroid-aesthetic documentary horse person field crowd,"mood: proud, accomplished, surprised, joyful, triumphant. style: meme-style, polaroid-aesthetic, documentary. objects: horse, person, field, crowd"
somber serious concerned distressed grave casual natural-lighting newscast woman foliage text news logo,"mood: somber, serious, concerned, distressed, grave. style: casual, natural-lighting, newscast. objects: woman, foliage, text, news logo"
peaceful serene hopeful determined pastoral documentary natural-lighting wide-shot horse rider field trees sky,"mood: peaceful, serene, hopeful, determined, pastoral. style: documentary, natural-lighting, wide-shot. objects: horse, rider, field, trees, sky"
contemplative peaceful reflective serene thoughtful naturalistic documentary overcast woman railing field power lines,"mood: contemplative, peaceful, reflective, serene, thoughtful. style: naturalistic, documentary, overcast. objects: woman, railing, field, power lines"
peaceful contemplative tender heartwarming serene documentary natural-lighting wide-shot woman gate horse field trees,"mood: peaceful, contemplative, tender, heartwarming, serene. style: documentary, natural-lighting, wide-shot. objects: woman, gate, horse, field, trees"
warm compassionate peaceful gentle nurturing natural-lighting documentary-style outdoor-setting woman foliage text hoodie,"mood: warm, compassionate, peaceful, gentle, nurturing. style: natural-lighting, documentary-style, outdoor-setting. objects: woman, foliage, text, hoodie"
peaceful joyful content serene cheerful natural documentary pastoral horse person field trees house,"mood: peaceful, joyful, content, serene, cheerful. style: natural, documentary, pastoral. objects: horse, person, field, trees, house"
cheerful warm nurturing peaceful content documentary natural-lighting handheld horse woman child field trees,"mood: cheerful, warm, nurturing, peaceful, content. style: documentary, natural-lighting, handheld. objects: horse, woman, child, field, trees"
tender peaceful affectionate gentle intimate documentary naturalistic close-up woman horse bridle trees,"mood: tender, peaceful, affectionate, gentle, intimate. style: documentary, naturalistic, close-up. objects: woman, horse, bridle, trees"
peaceful trusting gentle hopeful serene documentary natural-lighting wide-shot horse rider woman field houses,"mood: peaceful, trusting, gentle, hopeful, serene. style: documentary, natural-lighting, wide-shot. objects: horse, rider, woman, field, houses"
concerned serious troubled somber empathetic documentary natural-lighting handheld woman leaves foliage text,"mood: concerned, serious, troubled, somber, empathetic. style: documentary, natural-lighting, handheld. objects: woman, leaves, foliage, text"
peaceful joyful serene harmonious uplifting pastoral documentary natural-lighting grass trees horse rider,"mood: peaceful, joyful, serene, harmonious, uplifting. style: pastoral, documentary, natural-lighting. objects: grass, trees, horse, rider"
peaceful harmonious content tranquil serene documentary natural-lighting wide-shot horse rider field trees house,"mood: peaceful, harmonious, content, tranquil, serene. style: documentary, natural-lighting, wide-shot. objects: horse, rider, field, trees, house"
neutral professional clean minimalist corporate minimal dark corporate rté news logo text buttons,"mood: neutral, professional, clean, minimalist, corporate. style: minimal, dark, corporate. objects: rté news logo, text, buttons"
intense serious contemplative brooding focused cinematic shallow-focus naturalistic man sweater necklace people room,"mood: intense, serious, contemplative, brooding, focused. style: cinematic, shallow-focus, naturalistic. objects: man, sweater, necklace, people, room"
serious contemplative focused professional subdued cinematic low-lit atmospheric desk american flag filing cabinet papers person,"mood: serious, contemplative, focused, professional, subdued. style: cinematic, low-lit, atmospheric. objects: desk, american flag, filing cabinet, papers, person"
mysterious intense dramatic ominous unsettling dramatic warm-toned close-up man glasses red jacket hand,"mood: mysterious, intense, dramatic, ominous, unsettling. style: dramatic, warm-toned, close-up. objects: man, glasses, red jacket, hand"
mysterious contemplative melancholic atmospheric introspective moody atmospheric backlit person lights chair ceiling fan,"mood: mysterious, contemplative, melancholic, atmospheric, introspective. style: moody, atmospheric, backlit. objects: person, lights, chair, ceiling fan"
serene contemplative peaceful gentle wistful period-drama natural-lighting shallow-focus man trees clothing foliage,"mood: serene, contemplative, peaceful, gentle, wistful. style: period-drama, natural-lighting, shallow-focus. objects: man, trees, clothing, foliage"
contemplative serious intense focused brooding cinematic natural-lighting shallow-focus man bicycle building trees,"mood: contemplative, serious, intense, focused, brooding. style: cinematic, natural-lighting, shallow-focus. objects: man, bicycle, building, trees"
casual friendly relaxed conversational lighthearted cinematic natural-lighting shallow-focus person trees clothing park bench,"mood: casual, friendly, relaxed, conversational, lighthearted. style: cinematic, natural-lighting, shallow-focus. objects: person, trees, clothing, park bench"
warm affectionate intimate tender celebratory cinematic warm-toned shallow-focus woman man trees people,"mood: warm, affectionate, intimate, tender, celebratory. style: cinematic, warm-toned, shallow-focus. objects: woman, man, trees, people"
contemplative melancholic serious introspective somber cinematic muted-tones shallow-focus man suit collar face hair,"mood: contemplative, melancholic, serious, introspective, somber. style: cinematic, muted-tones, shallow-focus. objects: man, suit, collar, face, hair"
melancholic intimate vulnerable contemplative sorrowful cinematic motion-blur atmospheric person hand lace collar fabric,"mood: melancholic, intimate, vulnerable, contemplative, sorrowful. style: cinematic, motion-blur, atmospheric. objects: person, hand, lace collar, fabric"
peaceful contemplative serene solitary tranquil cinematic natural-lighting forest-atmospheric person trees forest bicycle,"mood: peaceful, contemplative, serene, solitary, tranquil. style: cinematic, natural-lighting, forest-atmospheric. objects: person, trees, forest, bicycle"
contemplative melancholic introspective somber pensive moody low-key intimate man face dark clothing indoor setting,"mood: contemplative, melancholic, introspective, somber, pensive. style: moody, low-key, intimate. objects: man, face, dark clothing, indoor setting"
contemplative melancholy pensive somber reflective cinematic naturalistic shallow-focus person trees grass tombstones cemetery,"mood: contemplative, melancholy, pensive, somber, reflective. style: cinematic, naturalistic, shallow-focus. objects: person, trees, grass, tombstones, cemetery"
tense serious contemplative somber intense cinematic natural-lighting shallow-focus police officer man table hat trees,"mood: tense, serious, contemplative, somber, intense. style: cinematic, natural-lighting, shallow-focus. objects: police officer, man, table, hat, trees"
mysterious tense suspenseful enigmatic intriguing close-up soft-focus muted person door,"mood: mysterious, tense, suspenseful, enigmatic, intriguing. style: close-up, soft-focus, muted. objects: person, door"
solemn reverent peaceful sacred contemplative cinematic atmospheric dramatic church interior altar cross pews chandelier,"mood: solemn, reverent, peaceful, sacred, contemplative. style: cinematic, atmospheric, dramatic. objects: church interior, altar, cross, pews, chandelier"
tense serious dark confrontational ominous dark cinematic atmospheric priest police officer uniform collar,"mood: tense, serious, dark, confrontational, ominous. style: dark, cinematic, atmospheric. objects: priest, police officer, uniform, collar"
solemn reverent gothic austere ceremonial gothic atmospheric cinematic altar organ chandelier arches people,"mood: solemn, reverent, gothic, austere, ceremonial. style: gothic, atmospheric, cinematic. objects: altar, organ, chandelier, arches, people"
tense mysterious apprehensive secretive ominous warm-toned cinematic atmospheric person wall door stairs railing,"mood: tense, mysterious, apprehensive, secretive, ominous. style: warm-toned, cinematic, atmospheric. objects: person, wall, door, stairs, railing"
contemplative melancholic reflective somber pensive cinematic warm-toned shallow-focus man suit tie trees buildings,"mood: contemplative, melancholic, reflective, somber, pensive. style: cinematic, warm-toned, shallow-focus. objects: man, suit, tie, trees, buildings"
claustrophobic tense confined desperate uncomfortable warm-toned atmospheric confined person ceiling walls floor wooden beams,"mood: claustrophobic, tense, confined, desperate, uncomfortable. style: warm-toned, atmospheric, confined. objects: person, ceiling, walls, floor, wooden beams"
serious contemplative authoritative somber determined cinematic shallow-focus natural-lighting police officer hat uniform trees,"mood: serious, contemplative, authoritative, somber, determined. style: cinematic, shallow-focus, natural-lighting. objects: police officer, hat, uniform, trees"
solemn contemplative serious troubled melancholic cinematic shallow-focus natural-lighting man priest collar trees foliage,"mood: solemn, contemplative, serious, troubled, melancholic. style: cinematic, shallow-focus, natural-lighting. objects: man, priest collar, trees, foliage"
peaceful contemplative serene thoughtful melancholic cinematic natural-lighting shallow-focus man trees church building,"mood: peaceful, contemplative, serene, thoughtful, melancholic. style: cinematic, natural-lighting, shallow-focus. objects: man, trees, church, building"
tense focused determined serious intense cinematic warm-toned shallow-focus person sunglasses headset microphone,"mood: tense, focused, determined, serious, intense. style: cinematic, warm-toned, shallow-focus. objects: person, sunglasses, headset, microphone"
dramatic bold confident promotional cinematic minimalist monochromatic typography-focused text quote movie title black background,"mood: dramatic, bold, confident, promotional, cinematic. style: minimalist, monochromatic, typography-focused. objects: text, quote, movie title, black background"
solemn reverent contemplative ceremonial serious cinematic warm-toned period-drama people red clothing mirror room,"mood: solemn, reverent, contemplative, ceremonial, serious. style: cinematic, warm-toned, period-drama. objects: people, red clothing, mirror, room"
concerned serious contemplative worried intense cinematic warm-toned shallow-focus person filing cabinets frames office,"mood: concerned, serious, contemplative, worried, intense. style: cinematic, warm-toned, shallow-focus. objects: person, filing cabinets, frames, office"
intimate delicate sensual mysterious anticipatory cinematic warm-toned shallow-focus fingers glass liquid plate,"mood: intimate, delicate, sensual, mysterious, anticipatory. style: cinematic, warm-toned, shallow-focus. objects: fingers, glass, liquid, plate"
intimate contemplative nostalgic personal reflective cinematic warm-toned shallow-focus hand pen check signature,"mood: intimate, contemplative, nostalgic, personal, reflective. style: cinematic, warm-toned, shallow-focus. objects: hand, pen, check, signature"
praising celebratory approving admiring congratulatory minimalist bold monochromatic text,"mood: praising, celebratory, approving, admiring, congratulatory. style: minimalist, bold, monochromatic. objects: text"
calm inviting curious welcoming serene naturalistic stone-texture subdued person stone wall archway satchel cup,"mood: calm, inviting, curious, welcoming, serene. style: naturalistic, stone-texture, subdued. objects: person, stone wall, archway, satchel, cup"
tense serious focused intense concerned dramatic dimly-lit intense man door wall,"mood: tense, serious, focused, intense, concerned. style: dramatic, dimly-lit, intense. objects: man, door, wall"
tense mysterious ominous unsettling eerie dimly-lit cluttered vintage hallway lamp door paintings debris,"mood: tense, mysterious, ominous, unsettling, eerie. style: dimly-lit, cluttered, vintage. objects: hallway, lamp, door, paintings, debris"
intense contemplative serious focused dramatic dramatic dimly-lit intimate person sofa chair window,"mood: intense, contemplative, serious, focused, dramatic. style: dramatic, dimly-lit, intimate. objects: person, sofa, chair, window"
happy engaged relaxed friendly casual cozy natural intimate people couch plant bookshelf,"mood: happy, engaged, relaxed, friendly, casual. style: cozy, natural, intimate. objects: people, couch, plant, bookshelf"
intriguing admiring dramatic captivating bold minimalist text-focused bold text,"mood: intriguing, admiring, dramatic, captivating, bold. style: minimalist, text-focused, bold. objects: text"
inquisitive intense focused tense mysterious dark moody backlit book exit sign people,"mood: inquisitive, intense, focused, tense, mysterious. style: dark, moody, backlit. objects: book, exit sign, people"
nostalgic cozy inviting warm relaxed dimly-lit vintage cozy bar stools bartender people,"mood: nostalgic, cozy, inviting, warm, relaxed. style: dimly-lit, vintage, cozy. objects: bar, stools, bartender, people"
suspenseful tense mysterious distressing secretive framed natural observational truck person path garden,"mood: suspenseful, tense, mysterious, distressing, secretive. style: framed, natural, observational. objects: truck, person, path, garden"
tense mysterious focused curious introspective dramatic moody focused priest window bricks,"mood: tense, mysterious, focused, curious, introspective. style: dramatic, moody, focused. objects: priest, window, bricks"
calm pastoral serene relaxed sunny rustic natural soft-lit house trees woman man truck,"mood: calm, pastoral, serene, relaxed, sunny. style: rustic, natural, soft-lit. objects: house, trees, woman, man, truck"
serious contemplative intense focused questioning dark moody contemplative person,"mood: serious, contemplative, intense, focused, questioning. style: dark, moody, contemplative. objects: person"
serious contemplative intense focused determined warm-toned cluttered stained-glass person books shelves stained glass,"mood: serious, contemplative, intense, focused, determined. style: warm-toned, cluttered, stained-glass. objects: person, books, shelves, stained glass"
pensive contemplative serious introspective quiet soft-lit contemplative natural person cup window plant,"mood: pensive, contemplative, serious, introspective, quiet. style: soft-lit, contemplative, natural. objects: person, cup, window, plant"
calm curious relaxed inquisitive casual natural casual balanced person phone apple chair table,"mood: calm, curious, relaxed, inquisitive, casual. style: natural, casual, balanced. objects: person, phone, apple, chair, table"
dark mysterious ominous suspenseful foreboding dark mysterious atmospheric person plant hood jacket,"mood: dark, mysterious, ominous, suspenseful, foreboding. style: dark, mysterious, atmospheric. objects: person, plant, hood, jacket"
eerie mysterious dark suspenseful ominous dark mysterious eerie person lantern forest,"mood: eerie, mysterious, dark, suspenseful, ominous. style: dark, mysterious, eerie. objects: person, lantern, forest"
dark mysterious eerie ominous suspenseful dark minimalistic empty sorry,"mood: dark, mysterious, eerie, ominous, suspenseful. style: dark, minimalistic, empty. objects: sorry"
mysterious eerie somber ominous unsettling dark atmospheric mysterious mausoleum stairs trees,"mood: mysterious, eerie, somber, ominous, unsettling. style: dark, atmospheric, mysterious. objects: mausoleum, stairs, trees"
tense mysterious dramatic investigative serious dramatic warm-toned mysterious man coat hat policeman,"mood: tense, mysterious, dramatic, investigative, serious. style: dramatic, warm-toned, mysterious. objects: man, coat, hat, policeman"
serene focused reverent timeless solemn dramatic dimly-lit atmospheric organ person keyboard windows,"mood: serene, focused, reverent, timeless, solemn. style: dramatic, dimly-lit, atmospheric. objects: organ, person, keyboard, windows"
mysterious suspenseful eerie ominous dramatic dramatic mysterious symmetrical silhouette red light candles stars text,"mood: mysterious, suspenseful, eerie, ominous, dramatic. style: dramatic, mysterious, symmetrical. objects: silhouette, red light, candles, stars, text"
mysterious dark tense suspenseful eerie dark atmospheric moody road lights mountains sky,"mood: mysterious, dark, tense, suspenseful, eerie. style: dark, atmospheric, moody. objects: road, lights, mountains, sky"
tense alarming clinical urgent unsettling clinical monochrome precise x-ray spine skull arrow,"mood: tense, alarming, clinical, urgent, unsettling. style: clinical, monochrome, precise. objects: x-ray, spine, skull, arrow"
serious contemplative intense focused intriguing warm-toned vintage cluttered desk lamp books glasses man,"mood: serious, contemplative, intense, focused, intriguing. style: warm-toned, vintage, cluttered. objects: desk, lamp, books, glasses, man"
mysterious intriguing anticipatory minimalist suggestive minimalist dark textual text,"mood: mysterious, intriguing, anticipatory, minimalist, suggestive. style: minimalist, dark, textual. objects: text"
dark tense mysterious anxious suspenseful dark tense moody man stairs wall pictures,"mood: dark, tense, mysterious, anxious, suspenseful. style: dark, tense, moody. objects: man, stairs, wall, pictures"
difficult challenging pessimistic doubtful uncertain minimalist dark stark impossible,"mood: difficult, challenging, pessimistic, doubtful, uncertain. style: minimalist, dark, stark. objects: impossible"
mysterious tense dark suspenseful ominous dark moody atmospheric car road signs trees,"mood: mysterious, tense, dark, suspenseful, ominous. style: dark, moody, atmospheric. objects: car, road, signs, trees"
serious pensive focused intense contemplative dark dramatic expressive man map wall frame,"mood: serious, pensive, focused, intense, contemplative. style: dark, dramatic, expressive. objects: man, map, wall, frame"
dark mysterious eerie suspenseful ominous dark mysterious gothic text eyes,"mood: dark, mysterious, eerie, suspenseful, ominous. style: dark, mysterious, gothic. objects: text, eyes"
dark mysterious gothic eerie somber minimalist gothic monochrome text,"mood: dark, mysterious, gothic, eerie, somber. style: minimalist, gothic, monochrome. objects: text"
humorous irreverent playful casual informal natural humorous subdued building graffiti paint roller trees people,"mood: humorous, irreverent, playful, casual, informal. style: natural, humorous, subdued. objects: building, graffiti, paint roller, trees, people"
serious contemplative surprised provocative tense cinematic natural sharp axe tree graffiti woman,"mood: serious, contemplative, surprised, provocative, tense. style: cinematic, natural, sharp. objects: axe, tree, graffiti, woman"
awkward tense curious surprised focused natural candid rustic person building trees paint wall,"mood: awkward, tense, curious, surprised, focused. style: natural, candid, rustic. objects: person, building, trees, paint, wall"
dark foreboding ominous somber eerie gothic monochromatic bold text,"mood: dark, foreboding, ominous, somber, eerie. style: gothic, monochromatic, bold. objects: text"
cozy mysterious contemplative intimate atmospheric dimly-lit vintage cozy sofa lamps chandelier people table,"mood: cozy, mysterious, contemplative, intimate, atmospheric. style: dimly-lit, vintage, cozy. objects: sofa, lamps, chandelier, people, table"
anticipatory mysterious dramatic enticing bold colorful bold modern netflix december 12 pg-13,"mood: anticipatory, mysterious, dramatic, enticing, bold. style: colorful, bold, modern. objects: netflix, december 12, pg-13"
vibrant energetic dynamic lively intense vibrant abstract colorful stripes colors,"mood: vibrant, energetic, dynamic, lively, intense. style: vibrant, abstract, colorful. objects: stripes, colors"
vibrant dynamic colorful energetic bold sleek vibrant modern netflix logo,"mood: vibrant, dynamic, colorful, energetic, bold. style: sleek, vibrant, modern. objects: netflix logo"
dramatic cinematic intense bold mysterious minimalist bold iconic n,"mood: dramatic, cinematic, intense, bold, mysterious. style: minimalist, bold, iconic. objects: n"
bold dramatic intense captivating powerful minimalistic bold modern netflix logo subscribe button,"mood: bold, dramatic, intense, captivating, powerful. style: minimalistic, bold, modern. objects: netflix logo, subscribe button"
mysterious dark enigmatic suspenseful minimalist minimalist bold monochromatic circle letters,"mood: mysterious, dark, enigmatic, suspenseful, minimalist. style: minimalist, bold, monochromatic. objects: circle, letters"
mysterious tranquil isolated serene ethereal silhouette ethereal aquatic silhouette water rope,"mood: mysterious, tranquil, isolated, serene, ethereal. style: silhouette, ethereal, aquatic. objects: silhouette, water, rope"
calm relaxed neutral serene soothing dark minimalist branded logo text,"mood: calm, relaxed, neutral, serene, soothing. style: dark, minimalist, branded. objects: logo, text"
gloomy mysterious eerie dark unsettling dark atmospheric neon-lit streetlights buildings cars road,"mood: gloomy, mysterious, eerie, dark, unsettling. style: dark, atmospheric, neon-lit. objects: streetlights, buildings, cars, road"
intense mysterious intimate sensual anticipatory close-up moist dramatic face lips water droplets,"mood: intense, mysterious, intimate, sensual, anticipatory. style: close-up, moist, dramatic. objects: face, lips, water droplets"
mysterious ominous futuristic moody enigmatic futuristic moody neon-lit silhouette circular light reflections stage beams,"mood: mysterious, ominous, futuristic, moody, enigmatic. style: futuristic, moody, neon-lit. objects: silhouette, circular light, reflections, stage, beams"
intense mysterious focused somber contemplative dark moody futuristic person background light hair,"mood: intense, mysterious, focused, somber, contemplative. style: dark, moody, futuristic. objects: person, background, light, hair"
mysterious dark suspenseful enigmatic shadowy dark moody silhouetted silhouette lights people neon signs,"mood: mysterious, dark, suspenseful, enigmatic, shadowy. style: dark, moody, silhouetted. objects: silhouette, lights, people, neon signs"
futuristic clinical intense focused precise futuristic mechanical clinical robotic arm hand device,"mood: futuristic, clinical, intense, focused, precise. style: futuristic, mechanical, clinical. objects: robotic arm, hand, device"
intense contemplative serious focused determined dramatic muted close-up person,"mood: intense, contemplative, serious, focused, determined. style: dramatic, muted, close-up. objects: person"
futuristic dim urban mysterious isolated futuristic moody urban helicopter pad vehicles buildings cityscape,"mood: futuristic, dim, urban, mysterious, isolated. style: futuristic, moody, urban. objects: helicopter pad, vehicles, buildings, cityscape"
mysterious dramatic enigmatic intense shadowy cinematic backlit dramatic person stage spotlight,"mood: mysterious, dramatic, enigmatic, intense, shadowy. style: cinematic, backlit, dramatic. objects: person, stage, spotlight"
dim eerie mysterious tense shadowy dark mysterious low-key person book table,"mood: dim, eerie, mysterious, tense, shadowy. style: dark, mysterious, low-key. objects: person, book, table"
tense mysterious dark suspenseful ominous dark atmospheric moody person silhouette fog light shadow,"mood: tense, mysterious, dark, suspenseful, ominous. style: dark, atmospheric, moody. objects: person, silhouette, fog, light, shadow"
mysterious suspenseful dark intriguing futuristic futuristic dark immersive person hologram staircase screen,"mood: mysterious, suspenseful, dark, intriguing, futuristic. style: futuristic, dark, immersive. objects: person, hologram, staircase, screen"
tense mysterious dark suspenseful foreboding dark mysterious shadowy silhouette light shadows,"mood: tense, mysterious, dark, suspenseful, foreboding. style: dark, mysterious, shadowy. objects: silhouette, light, shadows"
mysterious eerie intense foreboding enigmatic dark futuristic symmetrical circle of people cables standing figure,"mood: mysterious, eerie, intense, foreboding, enigmatic. style: dark, futuristic, symmetrical. objects: circle of people, cables, standing figure"
intense dramatic suspenseful ominous fiery cinematic warm-toned dramatic hand fire,"mood: intense, dramatic, suspenseful, ominous, fiery. style: cinematic, warm-toned, dramatic. objects: hand, fire"
mysterious suspenseful dark eerie foreboding dark textured moody hand water,"mood: mysterious, suspenseful, dark, eerie, foreboding. style: dark, textured, moody. objects: hand, water"
tense focused mysterious secretive futuristic futuristic dim-lit dramatic hand fingerprint scanner light,"mood: tense, focused, mysterious, secretive, futuristic. style: futuristic, dim-lit, dramatic. objects: hand, fingerprint scanner, light"
mysterious ominous tense eerie foreboding dark moody atmospheric person red outfit glowing visor backpack,"mood: mysterious, ominous, tense, eerie, foreboding. style: dark, moody, atmospheric. objects: person, red outfit, glowing visor, backpack"
tense mysterious dark suspenseful foreboding futuristic muted gritty car,"mood: tense, mysterious, dark, suspenseful, foreboding. style: futuristic, muted, gritty. objects: car"
mysterious tense dramatic focused intense cinematic warm-toned close-up camera hands,"mood: mysterious, tense, dramatic, focused, intense. style: cinematic, warm-toned, close-up. objects: camera, hands"
anxious intense contemplative serious focused dark dramatic intense person,"mood: anxious, intense, contemplative, serious, focused. style: dark, dramatic, intense. objects: person"
determined intense focused serious commanding cinematic dramatic intense person earrings jacket lights,"mood: determined, intense, focused, serious, commanding. style: cinematic, dramatic, intense. objects: person, earrings, jacket, lights"
dark mysterious suspenseful tense eerie dark mysterious shadowy dark room device logo,"mood: dark, mysterious, suspenseful, tense, eerie. style: dark, mysterious, shadowy. objects: dark room, device, logo"
desolate eerie somber mysterious dramatic dramatic dark rubble rubble person light beam debris,"mood: desolate, eerie, somber, mysterious, dramatic. style: dramatic, dark, rubble. objects: rubble, person, light beam, debris"
futuristic vibrant bustling chaotic urban futuristic neon-lit urban train buildings signs streets,"mood: futuristic, vibrant, bustling, chaotic, urban. style: futuristic, neon-lit, urban. objects: train, buildings, signs, streets"
intense mysterious focused curious detailed close-up detailed natural eye,"mood: intense, mysterious, focused, curious, detailed. style: close-up, detailed, natural. objects: eye"
futuristic mysterious reflective enigmatic intriguing futuristic reflective colorful helmet lights,"mood: futuristic, mysterious, reflective, enigmatic, intriguing. style: futuristic, reflective, colorful. objects: helmet, lights"
dark mysterious suspenseful enigmatic shadowy dark moody cinematic person beads lights,"mood: dark, mysterious, suspenseful, enigmatic, shadowy. style: dark, moody, cinematic. objects: person, beads, lights"
dark mysterious tense suspenseful ominous dark moody mysterious lights person gun goggles,"mood: dark, mysterious, tense, suspenseful, ominous. style: dark, moody, mysterious. objects: lights, person, gun, goggles"
tense mysterious dark suspenseful foreboding dark intense suspenseful gun person trees,"mood: tense, mysterious, dark, suspenseful, foreboding. style: dark, intense, suspenseful. objects: gun, person, trees"
mysterious eerie ominous dark suspenseful dark mysterious moody person water,"mood: mysterious, eerie, ominous, dark, suspenseful. style: dark, mysterious, moody. objects: person, water"
focused intense mysterious concentrated technological dark moody backlit hands keyboard,"mood: focused, intense, mysterious, concentrated, technological. style: dark, moody, backlit. objects: hands, keyboard"
intense serious contemplative focused dramatic cinematic moody dramatic person blurred lights,"mood: intense, serious, contemplative, focused, dramatic. style: cinematic, moody, dramatic. objects: person, blurred lights"
serious contemplative somber somber reflective dark futuristic moody person helmet cityscape lights,"mood: serious, contemplative, somber, somber, reflective. style: dark, futuristic, moody. objects: person, helmet, cityscape, lights"
mysterious ominous dramatic intense enigmatic cinematic warm-toned atmospheric structure smoke cables,"mood: mysterious, ominous, dramatic, intense, enigmatic. style: cinematic, warm-toned, atmospheric. objects: structure, smoke, cables"
devastating chaotic desolate grim apocalyptic dystopian desolate expansive rubble buildings debris sunset,"mood: devastating, chaotic, desolate, grim, apocalyptic. style: dystopian, desolate, expansive. objects: rubble, buildings, debris, sunset"
intense dramatic dark mysterious chaotic dark dynamic intense robot shield debris,"mood: intense, dramatic, dark, mysterious, chaotic. style: dark, dynamic, intense. objects: robot, shield, debris"
tense mysterious dynamic intense thrilling blurred dimly-lit dynamic person staircase,"mood: tense, mysterious, dynamic, intense, thrilling. style: blurred, dimly-lit, dynamic. objects: person, staircase"
eerie ominous shadowy mysterious unsettling dark mysterious silhouette silhouette machinery darkness,"mood: eerie, ominous, shadowy, mysterious, unsettling. style: dark, mysterious, silhouette. objects: silhouette, machinery, darkness"
tense mysterious dark suspenseful foreboding dark silhouette dramatic person gun door,"mood: tense, mysterious, dark, suspenseful, foreboding. style: dark, silhouette, dramatic. objects: person, gun, door"
intense chaotic dramatic explosive suspenseful dramatic dynamic intense spaceship smoke explosion,"mood: intense, chaotic, dramatic, explosive, suspenseful. style: dramatic, dynamic, intense. objects: spaceship, smoke, explosion"
intense focused suspenseful confrontational futuristic futuristic neon-lit dramatic gun woman neon signs cityscape,"mood: intense, focused, suspenseful, confrontational, futuristic. style: futuristic, neon-lit, dramatic. objects: gun, woman, neon signs, cityscape"
tense mysterious focused anxious suspenseful dark dramatic moody person ceiling fixture light,"mood: tense, mysterious, focused, anxious, suspenseful. style: dark, dramatic, moody. objects: person, ceiling, fixture, light"
mysterious suspenseful dark ominous enigmatic nighttime neon-lit vintage van building sign,"mood: mysterious, suspenseful, dark, ominous, enigmatic. style: nighttime, neon-lit, vintage. objects: van, building, sign"
curious focused determined intrigued contemplative moody dimly-lit retro headphones radio headphones light jacket,"mood: curious, focused, determined, intrigued, contemplative. style: moody, dimly-lit, retro. objects: headphones, radio, headphones, light, jacket"
tense mysterious suspenseful intriguing retro vintage moody analog radio display knob switch,"mood: tense, mysterious, suspenseful, intriguing, retro. style: vintage, moody, analog. objects: radio, display, knob, switch"
mysterious dark eerie suspenseful ominous dark atmospheric surreal n bicycles strands,"mood: mysterious, dark, eerie, suspenseful, ominous. style: dark, atmospheric, surreal. objects: n, bicycles, strands"
mysterious dark ominous suspenseful intriguing minimalist bold dark n,"mood: mysterious, dark, ominous, suspenseful, intriguing. style: minimalist, bold, dark. objects: n"
mysterious intriguing dark nostalgic enigmatic nighttime retro atmospheric building motorcycles tower lights sign,"mood: mysterious, intriguing, dark, nostalgic, enigmatic. style: nighttime, retro, atmospheric. objects: building, motorcycles, tower, lights, sign"
mysterious tense eerie focused immersive moody retro dimly-lit people lamp couch equipment table,"mood: mysterious, tense, eerie, focused, immersive. style: moody, retro, dimly-lit. objects: people, lamp, couch, equipment, table"
tense concerned suspenseful focused dramatic dramatic dimly-lit intense person chair light,"mood: tense, concerned, suspenseful, focused, dramatic. style: dramatic, dimly-lit, intense. objects: person, chair, light"
tense mysterious dark suspenseful focused moody dimly-lit atmospheric characters lamp jacket electrical panel,"mood: tense, mysterious, dark, suspenseful, focused. style: moody, dimly-lit, atmospheric. objects: characters, lamp, jacket, electrical panel"
contemplative tense somber pensive focused dimly-lit atmospheric somber person table chair lamp,"mood: contemplative, tense, somber, pensive, focused. style: dimly-lit, atmospheric, somber. objects: person, table, chair, lamp"
mysterious tense curious adventurous focused dark mysterious dramatic binoculars person vest,"mood: mysterious, tense, curious, adventurous, focused. style: dark, mysterious, dramatic. objects: binoculars, person, vest"
tense mysterious dark suspenseful foreboding dimly-lit atmospheric enclosed person lights chairs people,"mood: tense, mysterious, dark, suspenseful, foreboding. style: dimly-lit, atmospheric, enclosed. objects: person, lights, chairs, people"
tense mysterious dark suspenseful curious dimly-lit atmospheric moody person chairs table light,"mood: tense, mysterious, dark, suspenseful, curious. style: dimly-lit, atmospheric, moody. objects: person, chairs, table, light"
intense mysterious shadowy serious focused dramatic low-key moody bearded man hat,"mood: intense, mysterious, shadowy, serious, focused. style: dramatic, low-key, moody. objects: bearded man, hat"
tense mysterious dark suspenseful curious dark atmospheric retro people lamp desk wall lights,"mood: tense, mysterious, dark, suspenseful, curious. style: dark, atmospheric, retro. objects: people, lamp, desk, wall, lights"
tense contemplative somber reflective emotional dramatic moody soft-lit person red jacket building hand,"mood: tense, contemplative, somber, reflective, emotional. style: dramatic, moody, soft-lit. objects: person, red jacket, building, hand"
mysterious tense suspenseful ominous intriguing retro moody dimly-lit digital display switch knob panel,"mood: mysterious, tense, suspenseful, ominous, intriguing. style: retro, moody, dimly-lit. objects: digital display, switch, knob, panel"
ominous intense mysterious suspenseful eerie dark mysterious atmospheric text smoke,"mood: ominous, intense, mysterious, suspenseful, eerie. style: dark, mysterious, atmospheric. objects: text, smoke"
tense dramatic dynamic thrilling intense dramatic expansive naturalistic helicopters cyclists truck road,"mood: tense, dramatic, dynamic, thrilling, intense. style: dramatic, expansive, naturalistic. objects: helicopters, cyclists, truck, road"
isolated serene autumnal guarded calm cinematic natural autumnal buildings people trees fence,"mood: isolated, serene, autumnal, guarded, calm. style: cinematic, natural, autumnal. objects: buildings, people, trees, fence"
intense ominous militaristic dangerous foreboding gritty dramatic atmospheric soldiers rifles building doorway,"mood: intense, ominous, militaristic, dangerous, foreboding. style: gritty, dramatic, atmospheric. objects: soldiers, rifles, building, doorway"
somber eerie unsettling accusatory grim somber gritty contrasts tombstone person backpack leaves,"mood: somber, eerie, unsettling, accusatory, grim. style: somber, gritty, contrasts. objects: tombstone, person, backpack, leaves"
reflective somber melancholic contemplative serene drama-like natural-light somber gravestone person trees cap,"mood: reflective, somber, melancholic, contemplative, serene. style: drama-like, natural-light, somber. objects: gravestone, person, trees, cap"
somber concerned intimate quiet reflective dramatic moody intimate hospital bed patient chair person radio,"mood: somber, concerned, intimate, quiet, reflective. style: dramatic, moody, intimate. objects: hospital bed, patient, chair, person, radio"
comforting intimate gentle compassionate emotional moody intimate dramatic hands watch bed blanket,"mood: comforting, intimate, gentle, compassionate, emotional. style: moody, intimate, dramatic. objects: hands, watch, bed, blanket"
sad emotional contemplative somber heartfelt dramatic dimly-lit emotional person jacket dark background,"mood: sad, emotional, contemplative, somber, heartfelt. style: dramatic, dimly-lit, emotional. objects: person, jacket, dark background"
mysterious nostalgic analog intriguing suspenseful retro moody analog radio display knobs switches,"mood: mysterious, nostalgic, analog, intriguing, suspenseful. style: retro, moody, analog. objects: radio, display, knobs, switches"
intense fiery perilous dramatic action-packed futuristic intense high-contrast fire people suits corridor,"mood: intense, fiery, perilous, dramatic, action-packed. style: futuristic, intense, high-contrast. objects: fire, people, suits, corridor"
intimate warm comforting reflective personal warm-toned intimate moody people bed table lamp,"mood: intimate, warm, comforting, reflective, personal. style: warm-toned, intimate, moody. objects: people, bed, table, lamp"
eerie tense mysterious ominous foreboding dark moody atmospheric people building satellite dishes lights,"mood: eerie, tense, mysterious, ominous, foreboding. style: dark, moody, atmospheric. objects: people, building, satellite dishes, lights"
tense mysterious dark suspenseful foreboding dark atmospheric mysterious people flashlights fog darkness,"mood: tense, mysterious, dark, suspenseful, foreboding. style: dark, atmospheric, mysterious. objects: people, flashlights, fog, darkness"
nostalgic adventurous camaraderie determined hopeful naturalistic muted atmospheric people table trees,"mood: nostalgic, adventurous, camaraderie, determined, hopeful. style: naturalistic, muted, atmospheric. objects: people, table, trees"
collaborative adventurous nostalgic determined focused vintage adventurous collaborative map hands table backpack,"mood: collaborative, adventurous, nostalgic, determined, focused. style: vintage, adventurous, collaborative. objects: map, hands, table, backpack"
tender emotional intimate soft contemplative cinematic intimate warm person hand sweater wood netflix logo,"mood: tender, emotional, intimate, soft, contemplative. style: cinematic, intimate, warm. objects: person, hand, sweater, wood, netflix logo"
warm comforting intimate supportive calm dimly-lit cozy intimate person couch window surfboard,"mood: warm, comforting, intimate, supportive, calm. style: dimly-lit, cozy, intimate. objects: person, couch, window, surfboard"
somber intimate introspective subdued contemplative dark moody intimate person shirt netflix logo,"mood: somber, intimate, introspective, subdued, contemplative. style: dark, moody, intimate. objects: person, shirt, netflix logo"
emotional tearful intense somber vulnerable dark dramatic emotional person blue lighting text,"mood: emotional, tearful, intense, somber, vulnerable. style: dark, dramatic, emotional. objects: person, blue lighting, text"
mysterious tense ominous secretive atmospheric dark moody mysterious person bandana bracelet,"mood: mysterious, tense, ominous, secretive, atmospheric. style: dark, moody, mysterious. objects: person, bandana, bracelet"
tense mysterious ominous suspenseful dramatic dark dramatic red the final chapter,"mood: tense, mysterious, ominous, suspenseful, dramatic. style: dark, dramatic, red. objects: the final chapter"
eerie ominous mysterious suspenseful unsettling dark atmospheric eerie trees sky person,"mood: eerie, ominous, mysterious, suspenseful, unsettling. style: dark, atmospheric, eerie. objects: trees, sky, person"
tense mysterious intense suspenseful eerie red-lit dramatic mysterious flashlights people red lights corridor,"mood: tense, mysterious, intense, suspenseful, eerie. style: red-lit, dramatic, mysterious. objects: flashlights, people, red lights, corridor"
intense eerie suspenseful ominous mysterious red-tinted moody dramatic person hallway light jacket,"mood: intense, eerie, suspenseful, ominous, mysterious. style: red-tinted, moody, dramatic. objects: person, hallway, light, jacket"
tense mysterious dark suspenseful foreboding dark atmospheric dramatic two people gun dark background,"mood: tense, mysterious, dark, suspenseful, foreboding. style: dark, atmospheric, dramatic. objects: two people, gun, dark background"
dark eerie mysterious ominous unsettling dark eerie atmospheric person flashlight cavern wall,"mood: dark, eerie, mysterious, ominous, unsettling. style: dark, eerie, atmospheric. objects: person, flashlight, cavern wall"
ominous dark mysterious foreboding intense dark red-tinted atmospheric begins red background,"mood: ominous, dark, mysterious, foreboding, intense. style: dark, red-tinted, atmospheric. objects: begins, red background"
intense ominous mysterious dramatic electrifying vivid surreal dark explosion silhouettes sky lightning,"mood: intense, ominous, mysterious, dramatic, electrifying. style: vivid, surreal, dark. objects: explosion, silhouettes, sky, lightning"
tense suspenseful nervous intense worried dark dramatic intense people car interior,"mood: tense, suspenseful, nervous, intense, worried. style: dark, dramatic, intense. objects: people, car interior"
dark suspenseful eerie mysterious foreboding dark atmospheric moody person hallway light,"mood: dark, suspenseful, eerie, mysterious, foreboding. style: dark, atmospheric, moody. objects: person, hallway, light"
tense mysterious dark suspenseful eerie dark industrial tense laundry lights shelves linens,"mood: tense, mysterious, dark, suspenseful, eerie. style: dark, industrial, tense. objects: laundry, lights, shelves, linens"
tense protective anxious dramatic urgent dramatic dimly-lit intense child adult dinosaur chair,"mood: tense, protective, anxious, dramatic, urgent. style: dramatic, dimly-lit, intense. objects: child, adult, dinosaur, chair"
dark dramatic tense suspenseful ominous dark moody dramatic person debris light smoke,"mood: dark, dramatic, tense, suspenseful, ominous. style: dark, moody, dramatic. objects: person, debris, light, smoke"
dark suspenseful tense mysterious ominous dark moody dramatic person crossbow lights room,"mood: dark, suspenseful, tense, mysterious, ominous. style: dark, moody, dramatic. objects: person, crossbow, lights, room"
terrifying eerie tense suspenseful ominous dark eerie foggy creature street car trees,"mood: terrifying, eerie, tense, suspenseful, ominous. style: dark, eerie, foggy. objects: creature, street, car, trees"
tense mysterious dark suspenseful anxious dark dramatic close-up person scarf shirt wall,"mood: tense, mysterious, dark, suspenseful, anxious. style: dark, dramatic, close-up. objects: person, scarf, shirt, wall"
tense mysterious dark suspenseful foreboding dark tense dramatic gun hand jacket,"mood: tense, mysterious, dark, suspenseful, foreboding. style: dark, tense, dramatic. objects: gun, hand, jacket"
intense dynamic daring suspenseful nightmarish dark dynamic action-packed truck person sky,"mood: intense, dynamic, daring, suspenseful, nightmarish. style: dark, dynamic, action-packed. objects: truck, person, sky"
joyful playful carefree vibrant intimate dreamy underwater intimate people water bubbles,"mood: joyful, playful, carefree, vibrant, intimate. style: dreamy, underwater, intimate. objects: people, water, bubbles"
dramatic intense emotional submerged gripping dramatic subdued underwater people water,"mood: dramatic, intense, emotional, submerged, gripping. style: dramatic, subdued, underwater. objects: people, water"
intense frightening urgent desperate dramatic dramatic intense emotional people water clothing,"mood: intense, frightening, urgent, desperate, dramatic. style: dramatic, intense, emotional. objects: people, water, clothing"
tense mysterious dark suspenseful foreboding dark moody cinematic person foliage wall darkness,"mood: tense, mysterious, dark, suspenseful, foreboding. style: dark, moody, cinematic. objects: person, foliage, wall, darkness"
dark ominous mysterious suspenseful foreboding dark atmospheric dramatic tower smoke lights,"mood: dark, ominous, mysterious, suspenseful, foreboding. style: dark, atmospheric, dramatic. objects: tower, smoke, lights"
tense mysterious dark suspenseful foreboding dark gritty intense hands sink faucet water blood,"mood: tense, mysterious, dark, suspenseful, foreboding. style: dark, gritty, intense. objects: hands, sink, faucet, water, blood"
distressed sorrowful anxious intense gloomy moody dimly-lit emotional person soap dispenser wall,"mood: distressed, sorrowful, anxious, intense, gloomy. style: moody, dimly-lit, emotional. objects: person, soap dispenser, wall"
intense emotional vulnerable somber reflective close-up dimly-lit glossy face eyes sweat,"mood: intense, emotional, vulnerable, somber, reflective. style: close-up, dimly-lit, glossy. objects: face, eyes, sweat"
intense anxious desperate dramatic emotional dark dramatic close-up person fruit hands,"mood: intense, anxious, desperate, dramatic, emotional. style: dark, dramatic, close-up. objects: person, fruit, hands"
emotional comforting tender warm heartfelt dimly-lit emotional close-up child backpack cap person,"mood: emotional, comforting, tender, warm, heartfelt. style: dimly-lit, emotional, close-up. objects: child, backpack, cap, person"
tense serious suspenseful focused ominous dark tense moody man woman gun lab equipment,"mood: tense, serious, suspenseful, focused, ominous. style: dark, tense, moody. objects: man, woman, gun, lab equipment"
intense mysterious gritty suspenseful ominous dark intense moody man cap helmet jacket,"mood: intense, mysterious, gritty, suspenseful, ominous. style: dark, intense, moody. objects: man, cap, helmet, jacket"
intense mysterious suspenseful dramatic focused dark moody dramatic person darkness netflix logo,"mood: intense, mysterious, suspenseful, dramatic, focused. style: dark, moody, dramatic. objects: person, darkness, netflix logo"
intense dramatic suspenseful gritty cold dark gritty intense man leather jacket beanie,"mood: intense, dramatic, suspenseful, gritty, cold. style: dark, gritty, intense. objects: man, leather jacket, beanie"
mysterious suspenseful enigmatic tense intriguing retro warm-toned electronic radio switch knob display,"mood: mysterious, suspenseful, enigmatic, tense, intriguing. style: retro, warm-toned, electronic. objects: radio, switch, knob, display"
tense mysterious dark suspenseful foreboding dark dramatic atmospheric person jacket street lights,"mood: tense, mysterious, dark, suspenseful, foreboding. style: dark, dramatic, atmospheric. objects: person, jacket, street, lights"
tense mysterious dark suspenseful foreboding dark dramatic atmospheric person glasses building streetlamp,"mood: tense, mysterious, dark, suspenseful, foreboding. style: dark, dramatic, atmospheric. objects: person, glasses, building, streetlamp"
mysterious ominous eerie unsettling suspenseful shadowed eerie abstract shadow water reflection,"mood: mysterious, ominous, eerie, unsettling, suspenseful. style: shadowed, eerie, abstract. objects: shadow, water, reflection"
retro suspenseful mysterious curious nostalgic retro atmospheric detailed display knobs buttons switch,"mood: retro, suspenseful, mysterious, curious, nostalgic. style: retro, atmospheric, detailed. objects: display, knobs, buttons, switch"
dark tense mysterious suspenseful foreboding dark minimal branded,"mood: dark, tense, mysterious, suspenseful, foreboding. style: dark, minimal, branded"
intense fiery ominous dramatic chaotic dramatic fiery textured creature fire branches,"mood: intense, fiery, ominous, dramatic, chaotic. style: dramatic, fiery, textured. objects: creature, fire, branches"
mysterious dark ominous eerie suspenseful dark red bold stranger things 5,"mood: mysterious, dark, ominous, eerie, suspenseful. style: dark, red, bold. objects: stranger things, 5"
conclusive definitive nostalgic anticipatory poignant dark bold minimalist text,"mood: conclusive, definitive, nostalgic, anticipatory, poignant. style: dark, bold, minimalist. objects: text"
mysterious suspenseful dark intriguing foreboding dark mysterious textured netflix text background,"mood: mysterious, suspenseful, dark, intriguing, foreboding. style: dark, mysterious, textured. objects: netflix, text, background"
intense vibrant energetic dynamic chaotic abstract vibrant striped colorful stripes abstract patterns,"mood: intense, vibrant, energetic, dynamic, chaotic. style: abstract, vibrant, striped. objects: colorful stripes, abstract patterns"
mysterious ominous dark suspenseful foreboding dark vibrant textured netflix logo,"mood: mysterious, ominous, dark, suspenseful, foreboding. style: dark, vibrant, textured. objects: netflix logo"
sleek bold modern minimal dramatic minimalistic bold simplistic n black background,"mood: sleek, bold, modern, minimal, dramatic. style: minimalistic, bold, simplistic. objects: n, black background"
formal sleek modern bold engaging minimalistic bold modern netflix logo subscribe text,"mood: formal, sleek, modern, bold, engaging. style: minimalistic, bold, modern. objects: netflix logo, subscribe text"
intense brooding somber reflective dramatic dramatic dimly-lit focused person orange jumpsuit door,"mood: intense, brooding, somber, reflective, dramatic. style: dramatic, dimly-lit, focused. objects: person, orange jumpsuit, door"
intense serious focused tense moody dark moody intense man mirror window,"mood: intense, serious, focused, tense, moody. style: dark, moody, intense. objects: man, mirror, window"
clean professional minimal bold modern bold monochrome minimalist studios,"mood: clean, professional, minimal, bold, modern. style: bold, monochrome, minimalist. objects: studios"
tense mysterious dark somber intense dramatic shadowy intense person door,"mood: tense, mysterious, dark, somber, intense. style: dramatic, shadowy, intense. objects: person, door"
suspenseful tense dark secretive mysterious dimly-lit blurred dramatic camera people chandelier flag podium,"mood: suspenseful, tense, dark, secretive, mysterious. style: dimly-lit, blurred, dramatic. objects: camera, people, chandelier, flag, podium"
tense serious somber focused dramatic moody dramatic focused man suit tie audience lights,"mood: tense, serious, somber, focused, dramatic. style: moody, dramatic, focused. objects: man, suit, tie, audience, lights"
majestic serene solemn grand historical cinematic night-time iconic white house fountain washington monument trees sky,"mood: majestic, serene, solemn, grand, historical. style: cinematic, night-time, iconic. objects: white house, fountain, washington monument, trees, sky"
serious formal tense authoritative diplomatic formal dimly-lit elegant chandelier paintings curtains table people,"mood: serious, formal, tense, authoritative, diplomatic. style: formal, dimly-lit, elegant. objects: chandelier, paintings, curtains, table, people"
serious focused intense dramatic contemplative dark dramatic moody person suit chandelier,"mood: serious, focused, intense, dramatic, contemplative. style: dark, dramatic, moody. objects: person, suit, chandelier"
tense focused mysterious serious contemplative dark moody dramatic people suits chairs table,"mood: tense, focused, mysterious, serious, contemplative. style: dark, moody, dramatic. objects: people, suits, chairs, table"
tense chaotic dramatic thrilling intense dimly-lit dramatic elegant people aquarium chandelier curtains,"mood: tense, chaotic, dramatic, thrilling, intense. style: dimly-lit, dramatic, elegant. objects: people, aquarium, chandelier, curtains"
intense ominous eerie focused unsettling dramatic dimly-lit intense person orange jumpsuit door,"mood: intense, ominous, eerie, focused, unsettling. style: dramatic, dimly-lit, intense. objects: person, orange jumpsuit, door"
intense chaotic dramatic explosive urgent dynamic action-packed chaotic glass water person furniture,"mood: intense, chaotic, dramatic, explosive, urgent. style: dynamic, action-packed, chaotic. objects: glass, water, person, furniture"
intense chaotic violent dramatic urgent dynamic intense dramatic person glass suit,"mood: intense, chaotic, violent, dramatic, urgent. style: dynamic, intense, dramatic. objects: person, glass, suit"
tense urgent dynamic intense dramatic dynamic tense cinematic soldiers guns doorway columns chandelier,"mood: tense, urgent, dynamic, intense, dramatic. style: dynamic, tense, cinematic. objects: soldiers, guns, doorway, columns, chandelier"
tense dramatic urgent suspenseful action-packed dramatic dark atmospheric paintings person window curtains,"mood: tense, dramatic, urgent, suspenseful, action-packed. style: dramatic, dark, atmospheric. objects: paintings, person, window, curtains"
tense confrontational dramatic suspenseful intense cinematic dramatic nighttime people trees lights reflections,"mood: tense, confrontational, dramatic, suspenseful, intense. style: cinematic, dramatic, nighttime. objects: people, trees, lights, reflections"
serious concerned intense uncertain worried dark dramatic somber man suit trees lights,"mood: serious, concerned, intense, uncertain, worried. style: dark, dramatic, somber. objects: man, suit, trees, lights"
intense somber contemplative serious focused dark moody intense man window,"mood: intense, somber, contemplative, serious, focused. style: dark, moody, intense. objects: man, window"
intense mysterious dark ominous suspenseful dimly-lit reflective mysterious man mirror reflection,"mood: intense, mysterious, dark, ominous, suspenseful. style: dimly-lit, reflective, mysterious. objects: man, mirror, reflection"
tense mysterious dark suspenseful ominous bold minimalistic monochromatic february,"mood: tense, mysterious, dark, suspenseful, ominous. style: bold, minimalistic, monochromatic. objects: february"
warm serene majestic nostalgic reflective cinematic sunlit dramatic capitol building washington monument sunset city skyline,"mood: warm, serene, majestic, nostalgic, reflective. style: cinematic, sunlit, dramatic. objects: capitol building, washington monument, sunset, city skyline"
mysterious solemn authoritative shadowy imposing dramatic silhouetted symmetrical desk chair flags lamps bookshelf,"mood: mysterious, solemn, authoritative, shadowy, imposing. style: dramatic, silhouetted, symmetrical. objects: desk, chair, flags, lamps, bookshelf"
somber reflective contemplative serious introspective silhouette backlit dramatic man curtains window flag,"mood: somber, reflective, contemplative, serious, introspective. style: silhouette, backlit, dramatic. objects: man, curtains, window, flag"
serious official tense authoritative formal symmetrical corporate dramatic conference room flags seal chairs table,"mood: serious, official, tense, authoritative, formal. style: symmetrical, corporate, dramatic. objects: conference room, flags, seal, chairs, table"
tense serious intense focused strategic cinematic dimly-lit split-screen control room map chairs people,"mood: tense, serious, intense, focused, strategic. style: cinematic, dimly-lit, split-screen. objects: control room, map, chairs, people"
serene solemn technological analytical reflective contrasting dynamic balanced tree people gravestones screens,"mood: serene, solemn, technological, analytical, reflective. style: contrasting, dynamic, balanced. objects: tree, people, gravestones, screens"
intense dramatic chaotic explosive overwhelming dramatic explosive dynamic explosions smoke ocean boats,"mood: intense, dramatic, chaotic, explosive, overwhelming. style: dramatic, explosive, dynamic. objects: explosions, smoke, ocean, boats"
dramatic intense thrilling dynamic energetic cinematic dynamic atmospheric missiles trails clouds sky,"mood: dramatic, intense, thrilling, dynamic, energetic. style: cinematic, dynamic, atmospheric. objects: missiles, trails, clouds, sky"
intense explosive thrilling dramatic dynamic dramatic high-contrast dynamic person vehicle debris fire,"mood: intense, explosive, thrilling, dramatic, dynamic. style: dramatic, high-contrast, dynamic. objects: person, vehicle, debris, fire"
explosive intense dramatic urgent suspenseful explosive dynamic intense truck explosion man office,"mood: explosive, intense, dramatic, urgent, suspenseful. style: explosive, dynamic, intense. objects: truck, explosion, man, office"
intense secretive tense authoritative focused dramatic muted high-contrast men suits door hallway light,"mood: intense, secretive, tense, authoritative, focused. style: dramatic, muted, high-contrast. objects: men, suits, door, hallway, light"
serious authoritative contemplative focused intense cinematic subdued dramatic man suit chair flag,"mood: serious, authoritative, contemplative, focused, intense. style: cinematic, subdued, dramatic. objects: man, suit, chair, flag"
serious authoritative intense focused professional cinematic cool-toned formal person suit window,"mood: serious, authoritative, intense, focused, professional. style: cinematic, cool-toned, formal. objects: person, suit, window"
heroic adventurous empowering bold dynamic dynamic vibrant symmetrical wings road trees sky,"mood: heroic, adventurous, empowering, bold, dynamic. style: dynamic, vibrant, symmetrical. objects: wings, road, trees, sky"
quiet serene isolated suspenseful eerie minimalist muted distant bird sky,"mood: quiet, serene, isolated, suspenseful, eerie. style: minimalist, muted, distant. objects: bird, sky"
heroic intense dynamic action-packed confrontational dynamic dramatic contrasting shield wings person gun building,"mood: heroic, intense, dynamic, action-packed, confrontational. style: dynamic, dramatic, contrasting. objects: shield, wings, person, gun, building"
heroic determined intense focused powerful dynamic vibrant action-packed shield superhero staircase trees,"mood: heroic, determined, intense, focused, powerful. style: dynamic, vibrant, action-packed. objects: shield, superhero, staircase, trees"
intense action-packed confrontational suspenseful dramatic action-packed gritty dynamic armored figure masked soldiers fountain stone building,"mood: intense, action-packed, confrontational, suspenseful, dramatic. style: action-packed, gritty, dynamic. objects: armored figure, masked soldiers, fountain, stone building"
tense action-packed suspenseful urgent dynamic dynamic action-packed gritty truck person road trees,"mood: tense, action-packed, suspenseful, urgent, dynamic. style: dynamic, action-packed, gritty. objects: truck, person, road, trees"
dramatic intense adventurous thrilling suspenseful cinematic dramatic atmospheric jet sky clouds,"mood: dramatic, intense, adventurous, thrilling, suspenseful. style: cinematic, dramatic, atmospheric. objects: jet, sky, clouds"
tense mysterious dark suspenseful foreboding symmetrical divided moody window curtain man wall,"mood: tense, mysterious, dark, suspenseful, foreboding. style: symmetrical, divided, moody. objects: window, curtain, man, wall"
tense mysterious suspenseful ominous curious cinematic moody neon-lit gas pump person,"mood: tense, mysterious, suspenseful, ominous, curious. style: cinematic, moody, neon-lit. objects: gas pump, person"
explosive intense dramatic chaotic powerful dramatic high-energy intense ocean explosion ship,"mood: explosive, intense, dramatic, chaotic, powerful. style: dramatic, high-energy, intense. objects: ocean, explosion, ship"
chaotic intense dramatic suspenseful alarming dramatic high-contrast dynamic helicopter sky clouds,"mood: chaotic, intense, dramatic, suspenseful, alarming. style: dramatic, high-contrast, dynamic. objects: helicopter, sky, clouds"
somber mournful tranquil respectful grave somber naturalistic widescreen graveyard people trees headstones,"mood: somber, mournful, tranquil, respectful, grave. style: somber, naturalistic, widescreen. objects: graveyard, people, trees, headstones"
somber solemn respectful poignant reflective cinematic somber formal people trees suits,"mood: somber, solemn, respectful, poignant, reflective. style: cinematic, somber, formal. objects: people, trees, suits"
formal solemn disciplined respectful serious dramatic uniformed formal soldiers rifles uniforms gloves,"mood: formal, solemn, disciplined, respectful, serious. style: dramatic, uniformed, formal. objects: soldiers, rifles, uniforms, gloves"
somber contemplative isolated subdued melancholic dimly-lit contemplative minimalist chairs person window ceiling lights,"mood: somber, contemplative, isolated, subdued, melancholic. style: dimly-lit, contemplative, minimalist. objects: chairs, person, window, ceiling lights"
mysterious tense dark suspenseful intense dark dramatic contrast shield people truck headlights,"mood: mysterious, tense, dark, suspenseful, intense. style: dark, dramatic, contrast. objects: shield, people, truck, headlights"
dark mysterious tense gritty ominous dark gritty moody computer shelves lights posters tools,"mood: dark, mysterious, tense, gritty, ominous. style: dark, gritty, moody. objects: computer, shelves, lights, posters, tools"
intense determined focused challenging dramatic dramatic dimly-lit tense person headset uniform window,"mood: intense, determined, focused, challenging, dramatic. style: dramatic, dimly-lit, tense. objects: person, headset, uniform, window"
mysterious suspenseful tense dark secretive dark silhouette moody hat window curtains man,"mood: mysterious, suspenseful, tense, dark, secretive. style: dark, silhouette, moody. objects: hat, window, curtains, man"
intense dynamic dramatic action-packed exhilarating dramatic dynamic realistic fighter jets helicopter clouds,"mood: intense, dynamic, dramatic, action-packed, exhilarating. style: dramatic, dynamic, realistic. objects: fighter jets, helicopter, clouds"
intense action-packed thrilling dramatic urgent dynamic dramatic high-contrast fighter jet ocean smoke trails,"mood: intense, action-packed, thrilling, dramatic, urgent. style: dynamic, dramatic, high-contrast. objects: fighter jet, ocean, smoke trails"
heroic intense epic powerful dramatic dramatic dynamic high-contrast shield cape person clouds,"mood: heroic, intense, epic, powerful, dramatic. style: dramatic, dynamic, high-contrast. objects: shield, cape, person, clouds"
tense mysterious ominous suspenseful dramatic dramatic dark-toned intense ocean ship smoke structure,"mood: tense, mysterious, ominous, suspenseful, dramatic. style: dramatic, dark-toned, intense. objects: ocean, ship, smoke, structure"
tense mysterious dark suspenseful ominous dramatic misty intense ocean smoke ship cloud,"mood: tense, mysterious, dark, suspenseful, ominous. style: dramatic, misty, intense. objects: ocean, smoke, ship, cloud"
heroic intense dynamic action-packed powerful dynamic vibrant dramatic flying superhero shield wings water sky,"mood: heroic, intense, dynamic, action-packed, powerful. style: dynamic, vibrant, dramatic. objects: flying superhero, shield, wings, water, sky"
intense chaotic explosive dramatic action-packed dramatic intense moody explosions aircraft ocean clouds,"mood: intense, chaotic, explosive, dramatic, action-packed. style: dramatic, intense, moody. objects: explosions, aircraft, ocean, clouds"
bold assertive dramatic strong impactful bold minimalist monochrome mackie,"mood: bold, assertive, dramatic, strong, impactful. style: bold, minimalist, monochrome. objects: mackie"
hopeful determined warm united heroic cinematic warm-toned dynamic people trees sunset armor,"mood: hopeful, determined, warm, united, heroic. style: cinematic, warm-toned, dynamic. objects: people, trees, sunset, armor"
intense suspenseful tense foreboding apprehensive dramatic tense forested swat team rifle vehicle forest,"mood: intense, suspenseful, tense, foreboding, apprehensive. style: dramatic, tense, forested. objects: swat team, rifle, vehicle, forest"
tense serious confrontational determined focused gritty shadowy naturalistic shield people fence trees,"mood: tense, serious, confrontational, determined, focused. style: gritty, shadowy, naturalistic. objects: shield, people, fence, trees"
bold strong impactful direct assertive bold minimalist monochrome ford,"mood: bold, strong, impactful, direct, assertive. style: bold, minimalist, monochrome. objects: ford"
tense authoritative serious intense focused futuristic dramatic cool-toned board people uniform lights table,"mood: tense, authoritative, serious, intense, focused. style: futuristic, dramatic, cool-toned. objects: board, people, uniform, lights, table"
intense confrontational dramatic serious emotional dramatic moody intense person plane window,"mood: intense, confrontational, dramatic, serious, emotional. style: dramatic, moody, intense. objects: person, plane window"
tense determined intense suspenseful focused dark dramatic tense person gun lockers corridor,"mood: tense, determined, intense, suspenseful, focused. style: dark, dramatic, tense. objects: person, gun, lockers, corridor"
intense violent dark menacing grim dark moody tense person sword corridor lights,"mood: intense, violent, dark, menacing, grim. style: dark, moody, tense. objects: person, sword, corridor, lights"
intense dynamic chaotic adventurous thrilling dynamic action-packed blurred spaceship sky clouds distant planet,"mood: intense, dynamic, chaotic, adventurous, thrilling. style: dynamic, action-packed, blurred. objects: spaceship, sky, clouds, distant planet"
tense urgent suspenseful dramatic focused cinematic dramatic elegant man chandelier curtains door wall art,"mood: tense, urgent, suspenseful, dramatic, focused. style: cinematic, dramatic, elegant. objects: man, chandelier, curtains, door, wall art"
intense aggressive confrontational tense gritty gritty dynamic tense man gun cars building,"mood: intense, aggressive, confrontational, tense, gritty. style: gritty, dynamic, tense. objects: man, gun, cars, building"
intense thrilling dynamic energetic action-packed dynamic intense cinematic ship sky clouds,"mood: intense, thrilling, dynamic, energetic, action-packed. style: dynamic, intense, cinematic. objects: ship, sky, clouds"
mysterious dark suspenseful eerie ominous dark mysterious silhouette person door bars light,"mood: mysterious, dark, suspenseful, eerie, ominous. style: dark, mysterious, silhouette. objects: person, door, bars, light"
tense mysterious serious intense focused dimly-lit dramatic focused person suit light wall,"mood: tense, mysterious, serious, intense, focused. style: dimly-lit, dramatic, focused. objects: person, suit, light, wall"
intense dynamic action-packed urgent thrilling dynamic dimly-lit action-packed person corridor light wall,"mood: intense, dynamic, action-packed, urgent, thrilling. style: dynamic, dimly-lit, action-packed. objects: person, corridor, light, wall"
serious formal authoritative ceremonial anticipatory cinematic vibrant symmetrical podium people trees building,"mood: serious, formal, authoritative, ceremonial, anticipatory. style: cinematic, vibrant, symmetrical. objects: podium, people, trees, building"
urgent concerned protective intense dramatic dramatic realistic dynamic person tree suit badge,"mood: urgent, concerned, protective, intense, dramatic. style: dramatic, realistic, dynamic. objects: person, tree, suit, badge"
somber intense dramatic serious contemplative dark dramatic close-up handshake suits people,"mood: somber, intense, dramatic, serious, contemplative. style: dark, dramatic, close-up. objects: handshake, suits, people"
intense powerful aggressive dramatic fiery dark dramatic smoky muscular figure smoke fire embers,"mood: intense, powerful, aggressive, dramatic, fiery. style: dark, dramatic, smoky. objects: muscular figure, smoke, fire embers"
tense curious focused alert intense naturalistic documentary-like medium-focus photographers cameras notepad curtains people,"mood: tense, curious, focused, alert, intense. style: naturalistic, documentary-like, medium-focus. objects: photographers, cameras, notepad, curtains, people"
intense destructive fiery powerful chaotic dramatic intense fiery hulk fire rubble,"mood: intense, destructive, fiery, powerful, chaotic. style: dramatic, intense, fiery. objects: hulk, fire, rubble"
intense aggressive chaotic dangerous alarming action-packed intense dynamic car person gun,"mood: intense, aggressive, chaotic, dangerous, alarming. style: action-packed, intense, dynamic. objects: car, person, gun"
chaotic destructive intense alarming dramatic dramatic explosive high-contrast white house explosion trees flag,"mood: chaotic, destructive, intense, alarming, dramatic. style: dramatic, explosive, high-contrast. objects: white house, explosion, trees, flag"
intense dramatic powerful charged epic dramatic dynamic intense world figures landscape trees,"mood: intense, dramatic, powerful, charged, epic. style: dramatic, dynamic, intense. objects: world, figures, landscape, trees"
heroic patriotic determined triumphant bold dynamic heroic focused shield pants trees sky,"mood: heroic, patriotic, determined, triumphant, bold. style: dynamic, heroic, focused. objects: shield, pants, trees, sky"
heroic determined confident action-packed dynamic vibrant action-packed heroic superhero shield cars trees,"mood: heroic, determined, confident, action-packed, dynamic. style: vibrant, action-packed, heroic. objects: superhero, shield, cars, trees"
angry aggressive intense furious explosive high-contrast intense dynamic red hulk trees sky,"mood: angry, aggressive, intense, furious, explosive. style: high-contrast, intense, dynamic. objects: red hulk, trees, sky"
intense chaotic threatening explosive urgent dramatic action-packed intense burning car person trees road,"mood: intense, chaotic, threatening, explosive, urgent. style: dramatic, action-packed, intense. objects: burning car, person, trees, road"
heroic dynamic adventurous exhilarating intense dynamic action-packed vibrant wingsuit helmet pavement gloves,"mood: heroic, dynamic, adventurous, exhilarating, intense. style: dynamic, action-packed, vibrant. objects: wingsuit, helmet, pavement, gloves"
intense fiery dramatic chaotic overwhelming intense fiery vibrant fire person,"mood: intense, fiery, dramatic, chaotic, overwhelming. style: intense, fiery, vibrant. objects: fire, person"
dramatic intense fiery chaotic energetic dynamic fiery dramatic phoenix fire road trees,"mood: dramatic, intense, fiery, chaotic, energetic. style: dynamic, fiery, dramatic. objects: phoenix, fire, road, trees"
heroic bold patriotic inspiring adventurous gritty minimalist monochromatic marvel studios captain america brave new world,"mood: heroic, bold, patriotic, inspiring, adventurous. style: gritty, minimalist, monochromatic. objects: marvel studios, captain america, brave new world"
bold heroic exciting dramatic intense bold minimalistic monochrome logo text,"mood: bold, heroic, exciting, dramatic, intense. style: bold, minimalistic, monochrome. objects: logo, text"
anticipatory exciting intriguing suspenseful promising minimalist bold monochrome text,"mood: anticipatory, exciting, intriguing, suspenseful, promising. style: minimalist, bold, monochrome. objects: text"
energetic passionate intense powerful vibrant dynamic energetic modern taxi street playground fence,"mood: energetic, passionate, intense, powerful, vibrant. style: dynamic, energetic, modern. objects: taxi, street, playground, fence"
curious adventurous historical lively intriguing dramatic dimly-lit detailed dinosaur skeleton people ladder banner chandelier,"mood: curious, adventurous, historical, lively, intriguing. style: dramatic, dimly-lit, detailed. objects: dinosaur skeleton, people, ladder, banner, chandelier"
confident composed professional calm focused cinematic dimly-lit centered woman statue boxes table,"mood: confident, composed, professional, calm, focused. style: cinematic, dimly-lit, centered. objects: woman, statue, boxes, table"
tense serious intense focused dramatic dark corporate moody man sculpture scaffolding,"mood: tense, serious, intense, focused, dramatic. style: dark, corporate, moody. objects: man, sculpture, scaffolding"
tense confused focused inquisitive serious cinematic muted focused man woman glasses sculpture ladder,"mood: tense, confused, focused, inquisitive, serious. style: cinematic, muted, focused. objects: man, woman, glasses, sculpture, ladder"
tense adventurous suspenseful cautious mysterious lush dynamic naturalistic field person trees fog,"mood: tense, adventurous, suspenseful, cautious, mysterious. style: lush, dynamic, naturalistic. objects: field, person, trees, fog"
adventurous determined tense focused exploratory cinematic vibrant adventurous backpack greenery mountains sky,"mood: adventurous, determined, tense, focused, exploratory. style: cinematic, vibrant, adventurous. objects: backpack, greenery, mountains, sky"
tense mysterious suspenseful adventurous alert cinematic lush adventurous man plants backpack jungle,"mood: tense, mysterious, suspenseful, adventurous, alert. style: cinematic, lush, adventurous. objects: man, plants, backpack, jungle"
tense suspenseful anxious adventurous alert adventurous vibrant naturalistic people grass backpack,"mood: tense, suspenseful, anxious, adventurous, alert. style: adventurous, vibrant, naturalistic. objects: people, grass, backpack"
majestic adventurous awe-inspiring serene expansive cinematic lush detailed dinosaurs grass mountains trees,"mood: majestic, adventurous, awe-inspiring, serene, expansive. style: cinematic, lush, detailed. objects: dinosaurs, grass, mountains, trees"
mysterious eerie atmospheric suspenseful haunting moody atmospheric misty mountains mist bird,"mood: mysterious, eerie, atmospheric, suspenseful, haunting. style: moody, atmospheric, misty. objects: mountains, mist, bird"
tense mysterious intense serious focused cinematic dimly-lit realistic person scaffolding crate screen,"mood: tense, mysterious, intense, serious, focused. style: cinematic, dimly-lit, realistic. objects: person, scaffolding, crate, screen"
quiet informative curious historic focused museum-like detailed spacious dinosaur skeleton scaffolding windows people,"mood: quiet, informative, curious, historic, focused. style: museum-like, detailed, spacious. objects: dinosaur skeleton, scaffolding, windows, people"
serious professional focused analytical intense dramatic dimly-lit formal people suits boxes columns,"mood: serious, professional, focused, analytical, intense. style: dramatic, dimly-lit, formal. objects: people, suits, boxes, columns"
curious skeptical surprised inquisitive focused cinematic dimly-lit dramatic man glasses sweater fossils display case,"mood: curious, skeptical, surprised, inquisitive, focused. style: cinematic, dimly-lit, dramatic. objects: man, glasses, sweater, fossils, display case"
grand cinematic epic majestic powerful cinematic dramatic polished earth universal logo text,"mood: grand, cinematic, epic, majestic, powerful. style: cinematic, dramatic, polished. objects: earth, universal logo, text"
adventurous picturesque lively serene bustling cinematic vibrant expansive village bridge mountains boats people,"mood: adventurous, picturesque, lively, serene, bustling. style: cinematic, vibrant, expansive. objects: village, bridge, mountains, boats, people"
joyful energetic celebratory lively vibrant vibrant dynamic immersive people shirt can table,"mood: joyful, energetic, celebratory, lively, vibrant. style: vibrant, dynamic, immersive. objects: people, shirt, can, table"
curious contemplative intense focused uncertain naturalistic warm-toned cinematic man suit railing roof,"mood: curious, contemplative, intense, focused, uncertain. style: naturalistic, warm-toned, cinematic. objects: man, suit, railing, roof"
relaxed casual sunny carefree chill casual vibrant natural-lighting sunglasses bottle bar necklace,"mood: relaxed, casual, sunny, carefree, chill. style: casual, vibrant, natural-lighting. objects: sunglasses, bottle, bar, necklace"
dynamic intense thrilling energetic adventurous dramatic vibrant symmetrical boat water waves,"mood: dynamic, intense, thrilling, energetic, adventurous. style: dramatic, vibrant, symmetrical. objects: boat, water, waves"
futuristic focused intense analytical strategic futuristic high-contrast interactive hand touchscreen bracelets cup,"mood: futuristic, focused, intense, analytical, strategic. style: futuristic, high-contrast, interactive. objects: hand, touchscreen, bracelets, cup"
intense focused serious tense alert cinematic dramatic dimly-lit people military uniform beret interior,"mood: intense, focused, serious, tense, alert. style: cinematic, dramatic, dimly-lit. objects: people, military uniform, beret, interior"
serene peaceful calm tranquil warm cinematic golden-hour silhouettes sunset mountains valley,"mood: serene, peaceful, calm, tranquil, warm. style: cinematic, golden-hour, silhouettes. objects: sunset, mountains, valley"
relaxed friendly casual warm informal cinematic warm-toned natural-light people bamboo structure boat water,"mood: relaxed, friendly, casual, warm, informal. style: cinematic, warm-toned, natural-light. objects: people, bamboo structure, boat, water"
relaxed cheerful casual lighthearted social vibrant relaxed casual person bottle bar decorations,"mood: relaxed, cheerful, casual, lighthearted, social. style: vibrant, relaxed, casual. objects: person, bottle, bar, decorations"
dramatic adventurous serene mysterious exploratory cinematic vibrant dramatic boat water rocks islands,"mood: dramatic, adventurous, serene, mysterious, exploratory. style: cinematic, vibrant, dramatic. objects: boat, water, rocks, islands"
dark mysterious tense foreboding suspenseful gritty dimly-lit industrial rubble debris people lights walls,"mood: dark, mysterious, tense, foreboding, suspenseful. style: gritty, dimly-lit, industrial. objects: rubble, debris, people, lights, walls"
tense alert concerned intense cautious dark dramatic focused person hat building text,"mood: tense, alert, concerned, intense, cautious. style: dark, dramatic, focused. objects: person, hat, building, text"
mysterious ominous eerie sci-fi suspenseful futuristic amber-lit dramatic dinosaur tank platform,"mood: mysterious, ominous, eerie, sci-fi, suspenseful. style: futuristic, amber-lit, dramatic. objects: dinosaur, tank, platform"
tense curious investigative scientific suspenseful dark dramatic investigative man flashlight containment chamber liquid,"mood: tense, curious, investigative, scientific, suspenseful. style: dark, dramatic, investigative. objects: man, flashlight, containment chamber, liquid"
intense adventurous determined focused alert cinematic adventurous lush person grass backpack,"mood: intense, adventurous, determined, focused, alert. style: cinematic, adventurous, lush. objects: person, grass, backpack"
intense adventurous curious mysterious focused adventurous dramatic vivid two people jungle smoke,"mood: intense, adventurous, curious, mysterious, focused. style: adventurous, dramatic, vivid. objects: two people, jungle, smoke"
adventurous awe-inspiring mysterious expansive curious cinematic lush adventurous person waterfalls trees cliffs,"mood: adventurous, awe-inspiring, mysterious, expansive, curious. style: cinematic, lush, adventurous. objects: person, waterfalls, trees, cliffs"
tense focused adventurous collaborative determined earthy adventurous naturalistic men glasses backpack foliage,"mood: tense, focused, adventurous, collaborative, determined. style: earthy, adventurous, naturalistic. objects: men, glasses, backpack, foliage"
majestic serene adventurous tranquil inspiring aerial lush expansive waterfall rocks trees person,"mood: majestic, serene, adventurous, tranquil, inspiring. style: aerial, lush, expansive. objects: waterfall, rocks, trees, person"
adventurous daring focused intense exhilarating dynamic adventurous vibrant rappelling person waterfall cliff vegetation,"mood: adventurous, daring, focused, intense, exhilarating. style: dynamic, adventurous, vibrant. objects: rappelling person, waterfall, cliff, vegetation"
intense focused concerned serious engaged adventurous earthy-toned naturalistic men rocks foliage,"mood: intense, focused, concerned, serious, engaged. style: adventurous, earthy-toned, naturalistic. objects: men, rocks, foliage"
adventurous daring thrilling breathtaking suspenseful cinematic adventurous lush waterfall cliff people,"mood: adventurous, daring, thrilling, breathtaking, suspenseful. style: cinematic, adventurous, lush. objects: waterfall, cliff, people"
mysterious tense ancient dark atmospheric cinematic low-key atmospheric stone walls person light beam,"mood: mysterious, tense, ancient, dark, atmospheric. style: cinematic, low-key, atmospheric. objects: stone walls, person, light beam"
tense adventurous mysterious suspenseful eerie dark adventurous moody person stone wall plants bag,"mood: tense, adventurous, mysterious, suspenseful, eerie. style: dark, adventurous, moody. objects: person, stone wall, plants, bag"
intense focused suspenseful ominous cautious dramatic dark focused syringe glasses glove face,"mood: intense, focused, suspenseful, ominous, cautious. style: dramatic, dark, focused. objects: syringe, glasses, glove, face"
adventurous intense thrilling daring dramatic adventurous vibrant dynamic person rock wall waterfall flying creature,"mood: adventurous, intense, thrilling, daring, dramatic. style: adventurous, vibrant, dynamic. objects: person, rock wall, waterfall, flying creature"
tense action-packed adventurous intense thrilling dramatic dimly-lit action-oriented pterodactyl person net stone wall,"mood: tense, action-packed, adventurous, intense, thrilling. style: dramatic, dimly-lit, action-oriented. objects: pterodactyl, person, net, stone wall"
tense mysterious dark suspenseful anxious dimly-lit rustic dramatic person glasses stone wall blanket,"mood: tense, mysterious, dark, suspenseful, anxious. style: dimly-lit, rustic, dramatic. objects: person, glasses, stone wall, blanket"
adventurous exhilarating vibrant awe-inspiring thrilling dynamic vibrant expansive person trees waterfall rainbow,"mood: adventurous, exhilarating, vibrant, awe-inspiring, thrilling. style: dynamic, vibrant, expansive. objects: person, trees, waterfall, rainbow"
anticipatory exciting mysterious dramatic bold bold minimalist dramatic text,"mood: anticipatory, exciting, mysterious, dramatic, bold. style: bold, minimalist, dramatic. objects: text"
serene tranquil natural picturesque inviting cinematic vibrant tranquil cliffs trees beach ocean,"mood: serene, tranquil, natural, picturesque, inviting. style: cinematic, vibrant, tranquil. objects: cliffs, trees, beach, ocean"
intense mysterious solitary fiery atmospheric dark dramatic moody fire person smoke,"mood: intense, mysterious, solitary, fiery, atmospheric. style: dark, dramatic, moody. objects: fire, person, smoke"
mysterious intense dramatic ominous fiery dramatic smoky intense smoke flame darkness,"mood: mysterious, intense, dramatic, ominous, fiery. style: dramatic, smoky, intense. objects: smoke, flame, darkness"
intense determined tense focused gritty cinematic dramatic low-lit person necklace straps light,"mood: intense, determined, tense, focused, gritty. style: cinematic, dramatic, low-lit. objects: person, necklace, straps, light"
tense mysterious dark suspenseful curious dark tense focused men glasses shirt,"mood: tense, mysterious, dark, suspenseful, curious. style: dark, tense, focused. objects: men, glasses, shirt"
tense mysterious dark suspenseful eerie dark cinematic tense water dinosaur vehicle,"mood: tense, mysterious, dark, suspenseful, eerie. style: dark, cinematic, tense. objects: water, dinosaur, vehicle"
intense concerned tense anxious focused dark tense dramatic two people glasses vest,"mood: intense, concerned, tense, anxious, focused. style: dark, tense, dramatic. objects: two people, glasses, vest"
tense mysterious dark suspenseful urgent dimly-lit dynamic cinematic people suitcase platform torches,"mood: tense, mysterious, dark, suspenseful, urgent. style: dimly-lit, dynamic, cinematic. objects: people, suitcase, platform, torches"
dark eerie ominous foreboding mysterious dark minimalistic mysterious sneakers building sign street people,"mood: dark, eerie, ominous, foreboding, mysterious. style: dark, minimalistic, mysterious. objects: sneakers, building, sign, street, people"
tense mysterious dark suspenseful foreboding dark suspenseful shadowy two people,"mood: tense, mysterious, dark, suspenseful, foreboding. style: dark, suspenseful, shadowy. objects: two people"
tense mysterious dark suspenseful foreboding dark dramatic intense child boat,"mood: tense, mysterious, dark, suspenseful, foreboding. style: dark, dramatic, intense. objects: child, boat"
intense heated dramatic urgent dynamic dramatic warm-toned smoky person smoke hat,"mood: intense, heated, dramatic, urgent, dynamic. style: dramatic, warm-toned, smoky. objects: person, smoke, hat"
intense desperate fearful emotional dramatic dark intense dramatic person scarf necklace light,"mood: intense, desperate, fearful, emotional, dramatic. style: dark, intense, dramatic. objects: person, scarf, necklace, light"
eerie dark unsettling mysterious creepy black-and-white gritty intense tree moon silhouette,"mood: eerie, dark, unsettling, mysterious, creepy. style: black-and-white, gritty, intense. objects: tree, moon, silhouette"
intense mysterious suspenseful dark urgent dark dynamic industrial people tunnel light,"mood: intense, mysterious, suspenseful, dark, urgent. style: dark, dynamic, industrial. objects: people, tunnel, light"
mysterious dramatic intriguing intense anticipated dramatic minimalist bold text,"mood: mysterious, dramatic, intriguing, intense, anticipated. style: dramatic, minimalist, bold. objects: text"
tense suspenseful adventurous thrilling ominous cinematic adventurous vibrant dinosaur person spaceship dock,"mood: tense, suspenseful, adventurous, thrilling, ominous. style: cinematic, adventurous, vibrant. objects: dinosaur, person, spaceship, dock"
tense frightening suspenseful alarming dramatic dramatic vibrant dynamic dinosaur person foliage,"mood: tense, frightening, suspenseful, alarming, dramatic. style: dramatic, vibrant, dynamic. objects: dinosaur, person, foliage"
tense mysterious suspenseful confined ominous sci-fi atmospheric claustrophobic astronaut window suit red lighting,"mood: tense, mysterious, suspenseful, confined, ominous. style: sci-fi, atmospheric, claustrophobic. objects: astronaut, window, suit, red lighting"
suspenseful thrilling urgent tense underwater dark underwater dynamic person water rock,"mood: suspenseful, thrilling, urgent, tense, underwater. style: dark, underwater, dynamic. objects: person, water, rock"
tense dramatic dangerous suspenseful alarming dramatic dark intense dinosaur water person,"mood: tense, dramatic, dangerous, suspenseful, alarming. style: dramatic, dark, intense. objects: dinosaur, water, person"
mysterious contemplative focused somber introspective cinematic moody naturalistic man tree glasses forest,"mood: mysterious, contemplative, focused, somber, introspective. style: cinematic, moody, naturalistic. objects: man, tree, glasses, forest"
suspenseful thrilling adventurous tense ominous cinematic vibrant dynamic boat dinosaur water cliffs,"mood: suspenseful, thrilling, adventurous, tense, ominous. style: cinematic, vibrant, dynamic. objects: boat, dinosaur, water, cliffs"
intense alert focused concerned urgent dynamic vibrant tense woman man boat interior window,"mood: intense, alert, focused, concerned, urgent. style: dynamic, vibrant, tense. objects: woman, man, boat interior, window"
intense exciting dangerous adrenaline-pumping thrilling dynamic action-packed vivid boat ocean fin,"mood: intense, exciting, dangerous, adrenaline-pumping, thrilling. style: dynamic, action-packed, vivid. objects: boat, ocean, fin"
tense anxious protective distressed urgent intense dramatic dimly-lit man child helicopter interior,"mood: tense, anxious, protective, distressed, urgent. style: intense, dramatic, dimly-lit. objects: man, child, helicopter interior"
adventurous tense curious focused intense cinematic colorful natural boat ocean life raft rock formation,"mood: adventurous, tense, curious, focused, intense. style: cinematic, colorful, natural. objects: boat, ocean, life raft, rock formation"
determined focused serious intense contemplative cinematic natural minimalist person ocean sky,"mood: determined, focused, serious, intense, contemplative. style: cinematic, natural, minimalist. objects: person, ocean, sky"
adventurous thrilling risky dramatic daring dramatic adventurous dynamic boat ocean cliffs,"mood: adventurous, thrilling, risky, dramatic, daring. style: dramatic, adventurous, dynamic. objects: boat, ocean, cliffs"
intense thrilling suspenseful dangerous urgent dynamic intense action-packed person ladder shark water,"mood: intense, thrilling, suspenseful, dangerous, urgent. style: dynamic, intense, action-packed. objects: person, ladder, shark, water"
tense chaotic alarming urgent disoriented dynamic dramatic low-light person boat water bag,"mood: tense, chaotic, alarming, urgent, disoriented. style: dynamic, dramatic, low-light. objects: person, boat, water, bag"
intense thrilling action-packed dangerous dramatic action-packed dynamic intense dinosaur spaceship person water,"mood: intense, thrilling, action-packed, dangerous, dramatic. style: action-packed, dynamic, intense. objects: dinosaur, spaceship, person, water"
intense determined aggressive focused action-packed dynamic action-oriented intense person rifle railing,"mood: intense, determined, aggressive, focused, action-packed. style: dynamic, action-oriented, intense. objects: person, rifle, railing"
intense dramatic thrilling dangerous alarming dramatic dynamic intense boat sea whale,"mood: intense, dramatic, thrilling, dangerous, alarming. style: dramatic, dynamic, intense. objects: boat, sea, whale"
intense dramatic thrilling chaotic fierce dynamic intense aquatic shark water fin waves,"mood: intense, dramatic, thrilling, chaotic, fierce. style: dynamic, intense, aquatic. objects: shark, water, fin, waves"
adventurous thrilling nostalgic mysterious intense dramatic dark emblematic logo dinosaur text,"mood: adventurous, thrilling, nostalgic, mysterious, intense. style: dramatic, dark, emblematic. objects: logo, dinosaur, text"
calm introspective somber serene quiet dark moody close-up person,"mood: calm, introspective, somber, serene, quiet. style: dark, moody, close-up. objects: person"
tense mysterious intimate dim contemplative cinematic warm-toned intimate person robe shelves lamp bottles,"mood: tense, mysterious, intimate, dim, contemplative. style: cinematic, warm-toned, intimate. objects: person, robe, shelves, lamp, bottles"
intense determined somber desolate dramatic cinematic muted dramatic person suit smoke fire,"mood: intense, determined, somber, desolate, dramatic. style: cinematic, muted, dramatic. objects: person, suit, smoke, fire"
supportive intimate determined hopeful united dramatic muted close-up two people helmets gloves ground,"mood: supportive, intimate, determined, hopeful, united. style: dramatic, muted, close-up. objects: two people, helmets, gloves, ground"
emotional intense heartfelt dramatic sorrowful dramatic somber close-up two people earrings jacket,"mood: emotional, intense, heartfelt, dramatic, sorrowful. style: dramatic, somber, close-up. objects: two people, earrings, jacket"
intense emotional dramatic caring urgent dramatic muted intense two people white jacket black jacket parachute,"mood: intense, emotional, dramatic, caring, urgent. style: dramatic, muted, intense. objects: two people, white jacket, black jacket, parachute"
somber sorrowful emotional grieving poignant somber desaturated intimate woman gravestone,"mood: somber, sorrowful, emotional, grieving, poignant. style: somber, desaturated, intimate. objects: woman, gravestone"
serious contemplative somber introspective subdued cinematic warm-toned moody person necklace lamp shelf picture,"mood: serious, contemplative, somber, introspective, subdued. style: cinematic, warm-toned, moody. objects: person, necklace, lamp, shelf, picture"
tense dizzying intimidating suspenseful vertiginous dramatic high-angle industrial buildings streets traffic silhouette,"mood: tense, dizzying, intimidating, suspenseful, vertiginous. style: dramatic, high-angle, industrial. objects: buildings, streets, traffic, silhouette"
mysterious ominous suspenseful dramatic eerie silhouetted atmospheric moody silhouette hand sky clouds,"mood: mysterious, ominous, suspenseful, dramatic, eerie. style: silhouetted, atmospheric, moody. objects: silhouette, hand, sky, clouds"
suspenseful chaotic intense ominous dramatic aerial gritty desaturated debris road people shadows,"mood: suspenseful, chaotic, intense, ominous, dramatic. style: aerial, gritty, desaturated. objects: debris, road, people, shadows"
chaotic urgent tense alarming distressing dystopian dark dramatic people taxi road bridge,"mood: chaotic, urgent, tense, alarming, distressing. style: dystopian, dark, dramatic. objects: people, taxi, road, bridge"
epic heroic dramatic adventurous intense cinematic moody urban marvel studios logo buildings cityscape,"mood: epic, heroic, dramatic, adventurous, intense. style: cinematic, moody, urban. objects: marvel studios logo, buildings, cityscape"
intense focused mysterious subdued brooding cinematic moody contrasting person interior panel,"mood: intense, focused, mysterious, subdued, brooding. style: cinematic, moody, contrasting. objects: person, interior, panel"
anxious concerned tense worried dramatic dimly-lit dramatic tense woman phone,"mood: anxious, concerned, tense, worried, dramatic. style: dimly-lit, dramatic, tense. objects: woman, phone"
anticipatory mysterious focused reflective intriguing architectural illuminated reflective person illuminated sign building structure,"mood: anticipatory, mysterious, focused, reflective, intriguing. style: architectural, illuminated, reflective. objects: person, illuminated sign, building structure"
tense angry intense hostile moody dark moody dramatic man kitchen stove light counter,"mood: tense, angry, intense, hostile, moody. style: dark, moody, dramatic. objects: man, kitchen, stove, light, counter"
pensive tense focused contemplative serious moody dimly-lit naturalistic person phone kitchen faucet,"mood: pensive, tense, focused, contemplative, serious. style: moody, dimly-lit, naturalistic. objects: person, phone, kitchen, faucet"
serious tense determined focused intense cinematic dramatic moody people elevator,"mood: serious, tense, determined, focused, intense. style: cinematic, dramatic, moody. objects: people, elevator"
tense focused serious intense uncertain cinematic dimly-lit dramatic people ropes window,"mood: tense, focused, serious, intense, uncertain. style: cinematic, dimly-lit, dramatic. objects: people, ropes, window"
intense defiant action-packed gritty determined cinematic desolate dynamic motorcycle road gun man mountains,"mood: intense, defiant, action-packed, gritty, determined. style: cinematic, desolate, dynamic. objects: motorcycle, road, gun, man, mountains"
pensive somber introspective somber reflective dark moody contrasted person window shelves,"mood: pensive, somber, introspective, somber, reflective. style: dark, moody, contrasted. objects: person, window, shelves"
somber reflective serious introspective subdued dark introspective somber phone hand text pants,"mood: somber, reflective, serious, introspective, subdued. style: dark, introspective, somber. objects: phone, hand, text, pants"
intense contemplative somber serious focused moody dramatic dim-lit person curtain window,"mood: intense, contemplative, somber, serious, focused. style: moody, dramatic, dim-lit. objects: person, curtain, window"
tense dramatic suspenseful daring isolated cinematic moody expansive person building cityscape mountains,"mood: tense, dramatic, suspenseful, daring, isolated. style: cinematic, moody, expansive. objects: person, building, cityscape, mountains"
tense dramatic chaotic urgent gritty gritty moody dramatic van truck road building,"mood: tense, dramatic, chaotic, urgent, gritty. style: gritty, moody, dramatic. objects: van, truck, road, building"
chaotic intense destructive dramatic thrilling dramatic desaturated dynamic car road building flag,"mood: chaotic, intense, destructive, dramatic, thrilling. style: dramatic, desaturated, dynamic. objects: car, road, building, flag"
intense urgent dramatic worried chaotic gritty dramatic action-packed person building street sign,"mood: intense, urgent, dramatic, worried, chaotic. style: gritty, dramatic, action-packed. objects: person, building, street, sign"
intense chaotic action-packed urgent dramatic action-packed dramatic gritty man road car bridge sidewalk,"mood: intense, chaotic, action-packed, urgent, dramatic. style: action-packed, dramatic, gritty. objects: man, road, car, bridge, sidewalk"
intense chaotic urgent dramatic dangerous cinematic action-packed dramatic person building car debris,"mood: intense, chaotic, urgent, dramatic, dangerous. style: cinematic, action-packed, dramatic. objects: person, building, car, debris"
anticipation excitement suspense curiosity urgency bold simple high-contrast text,"mood: anticipation, excitement, suspense, curiosity, urgency. style: bold, simple, high-contrast. objects: text"
mysterious tense dark suspenseful ominous dark cinematic high-contrast vehicles lights people building,"mood: mysterious, tense, dark, suspenseful, ominous. style: dark, cinematic, high-contrast. objects: vehicles, lights, people, building"
mysterious ominous suspenseful dark enigmatic silhouette moody urban silhouette buildings glasses,"mood: mysterious, ominous, suspenseful, dark, enigmatic. style: silhouette, moody, urban. objects: silhouette, buildings, glasses"
tense mysterious dark worried focused dark dramatic focused person radio,"mood: tense, mysterious, dark, worried, focused. style: dark, dramatic, focused. objects: person, radio"
dark tense chaotic ominous suspenseful dark atmospheric dramatic lights vehicles building smoke,"mood: dark, tense, chaotic, ominous, suspenseful. style: dark, atmospheric, dramatic. objects: lights, vehicles, building, smoke"
gloomy ominous eerie mysterious foreboding dark moody aerial buildings streets rooftops,"mood: gloomy, ominous, eerie, mysterious, foreboding. style: dark, moody, aerial. objects: buildings, streets, rooftops"
tense mysterious dark suspenseful eerie dark moody atmospheric office desks windows people,"mood: tense, mysterious, dark, suspenseful, eerie. style: dark, moody, atmospheric. objects: office, desks, windows, people"
intense focused alert determined watchful cinematic cool-toned dramatic people building street,"mood: intense, focused, alert, determined, watchful. style: cinematic, cool-toned, dramatic. objects: people, building, street"
majestic powerful ominous heroic dramatic dramatic moody urban person buildings sky,"mood: majestic, powerful, ominous, heroic, dramatic. style: dramatic, moody, urban. objects: person, buildings, sky"
tense caring dramatic somber intimate dark moody dramatic characters bathtub chair curtain,"mood: tense, caring, dramatic, somber, intimate. style: dark, moody, dramatic. objects: characters, bathtub, chair, curtain"
serious intense focused gritty urban dark gritty urban car person road building,"mood: serious, intense, focused, gritty, urban. style: dark, gritty, urban. objects: car, person, road, building"
somber contemplative cold eerie isolated dark atmospheric moody people trees snow,"mood: somber, contemplative, cold, eerie, isolated. style: dark, atmospheric, moody. objects: people, trees, snow"
serious intense gritty determined rugged dark muted gritty person building window,"mood: serious, intense, gritty, determined, rugged. style: dark, muted, gritty. objects: person, building, window"
tense mysterious dark suspenseful foreboding dark dramatic atmospheric man girl forest snow,"mood: tense, mysterious, dark, suspenseful, foreboding. style: dark, dramatic, atmospheric. objects: man, girl, forest, snow"
tense mysterious dark suspenseful ominous gritty atmospheric muted vhs tape snow blood,"mood: tense, mysterious, dark, suspenseful, ominous. style: gritty, atmospheric, muted. objects: vhs tape, snow, blood"
tense gritty urban anxious shadowed gritty muted urban person bicycle street building,"mood: tense, gritty, urban, anxious, shadowed. style: gritty, muted, urban. objects: person, bicycle, street, building"
determined compelling bold conclusive final bold monochromatic minimalist one last shot,"mood: determined, compelling, bold, conclusive, final. style: bold, monochromatic, minimalist. objects: one last shot"
thrilling action-packed intense adventurous dynamic cinematic expansive dynamic motorcycle road truck sky,"mood: thrilling, action-packed, intense, adventurous, dynamic. style: cinematic, expansive, dynamic. objects: motorcycle, road, truck, sky"
energetic dynamic intense fast-paced thrilling blurry dynamic outdoor horse sky,"mood: energetic, dynamic, intense, fast-paced, thrilling. style: blurry, dynamic, outdoor. objects: horse, sky"
intense thrilling dramatic adventurous exhilarating cinematic dynamic expansive truck road sky mountains,"mood: intense, thrilling, dramatic, adventurous, exhilarating. style: cinematic, dynamic, expansive. objects: truck, road, sky, mountains"
intense alarmed chaotic frightened urgent dynamic intense blurred person interior vehicle,"mood: intense, alarmed, chaotic, frightened, urgent. style: dynamic, intense, blurred. objects: person, interior, vehicle"
serious contemplative intense somber reflective cinematic muted naturalistic person beard building window,"mood: serious, contemplative, intense, somber, reflective. style: cinematic, muted, naturalistic. objects: person, beard, building, window"
sad emotional distressed intense somber cinematic muted emotional person sword vehicle building,"mood: sad, emotional, distressed, intense, somber. style: cinematic, muted, emotional. objects: person, sword, vehicle, building"
tense mysterious dark suspenseful foreboding dark atmospheric dramatic lasers figures lights,"mood: tense, mysterious, dark, suspenseful, foreboding. style: dark, atmospheric, dramatic. objects: lasers, figures, lights"
tense mysterious dark suspenseful intense dark moody dramatic person mask red light,"mood: tense, mysterious, dark, suspenseful, intense. style: dark, moody, dramatic. objects: person, mask, red light"
intense dramatic bold impactful serious bold minimalistic high-contrast text,"mood: intense, dramatic, bold, impactful, serious. style: bold, minimalistic, high-contrast. objects: text"
intense dynamic chaotic fast-paced aggressive cinematic desert dynamic car desert person,"mood: intense, dynamic, chaotic, fast-paced, aggressive. style: cinematic, desert, dynamic. objects: car, desert, person"
action-packed intense aggressive thrilling dynamic dark action-packed gritty shield truck lights helmets,"mood: action-packed, intense, aggressive, thrilling, dynamic. style: dark, action-packed, gritty. objects: shield, truck, lights, helmets"
explosive intense chaotic dramatic dangerous dramatic action-packed vibrant explosion people debris wall,"mood: explosive, intense, chaotic, dramatic, dangerous. style: dramatic, action-packed, vibrant. objects: explosion, people, debris, wall"
emotional intense somber reflective dramatic cinematic moody close-up person helmet armor,"mood: emotional, intense, somber, reflective, dramatic. style: cinematic, moody, close-up. objects: person, helmet, armor"
tense dramatic powerful suspenseful intense dramatic moody dynamic helicopter flying figure sky,"mood: tense, dramatic, powerful, suspenseful, intense. style: dramatic, moody, dynamic. objects: helicopter, flying figure, sky"
chaotic intense destructive urgent ominous dark dramatic chaotic person street debris building wreckage,"mood: chaotic, intense, destructive, urgent, ominous. style: dark, dramatic, chaotic. objects: person, street, debris, building, wreckage"
chaotic intense explosive destructive dramatic explosive dynamic intense fire explosion debris smoke road,"mood: chaotic, intense, explosive, destructive, dramatic. style: explosive, dynamic, intense. objects: fire, explosion, debris, smoke, road"
intense alarming dramatic chaotic urgent dark moody gritty people shelves jackets,"mood: intense, alarming, dramatic, chaotic, urgent. style: dark, moody, gritty. objects: people, shelves, jackets"
somber ominous tense mysterious clinical dark clinical symmetrical lab equipment shelves table lights figures,"mood: somber, ominous, tense, mysterious, clinical. style: dark, clinical, symmetrical. objects: lab equipment, shelves, table, lights, figures"
chaotic intense alarming destructive dramatic dramatic intense realistic burning building people sky storefronts,"mood: chaotic, intense, alarming, destructive, dramatic. style: dramatic, intense, realistic. objects: burning building, people, sky, storefronts"
anticipation curiosity intrigue focus concern cinematic dramatic muted people building costumes wall posters,"mood: anticipation, curiosity, intrigue, focus, concern. style: cinematic, dramatic, muted. objects: people, building, costumes, wall, posters"
gloomy mysterious eerie bleak ominous dark dramatic cinematic buildings cityscape skyscrapers,"mood: gloomy, mysterious, eerie, bleak, ominous. style: dark, dramatic, cinematic. objects: buildings, cityscape, skyscrapers"
emotional intense distressed concerned dramatic cinematic moody dramatic person lamp jacket,"mood: emotional, intense, distressed, concerned, dramatic. style: cinematic, moody, dramatic. objects: person, lamp, jacket"
tense mysterious dark suspenseful apprehensive dark moody dramatic person chair building lights,"mood: tense, mysterious, dark, suspenseful, apprehensive. style: dark, moody, dramatic. objects: person, chair, building, lights"
dark mysterious tense foreboding ominous dark moody grainy person sword,"mood: dark, mysterious, tense, foreboding, ominous. style: dark, moody, grainy. objects: person, sword"
determined tense focused resilient thoughtful cinematic desaturated dramatic person street buildings,"mood: determined, tense, focused, resilient, thoughtful. style: cinematic, desaturated, dramatic. objects: person, street, buildings"
desolate tense dramatic ominous somber dark dramatic desaturated person vehicle rubble building,"mood: desolate, tense, dramatic, ominous, somber. style: dark, dramatic, desaturated. objects: person, vehicle, rubble, building"
intense aggressive alarmed urgent fierce dramatic intense close-up two people,"mood: intense, aggressive, alarmed, urgent, fierce. style: dramatic, intense, close-up. objects: two people"
bold energetic dramatic powerful intense bold minimalist contrast thunderbolts marvel studios,"mood: bold, energetic, dramatic, powerful, intense. style: bold, minimalist, contrast. objects: thunderbolts, marvel studios"
bold striking modern energetic vibrant bold minimalistic geometric yellow asterisk,"mood: bold, striking, modern, energetic, vibrant. style: bold, minimalistic, geometric. objects: yellow asterisk"
exciting engaging bold urgent compelling bold minimalist promotional imax may 2 tickets streaming pg-13,"mood: exciting, engaging, bold, urgent, compelling. style: bold, minimalist, promotional. objects: imax, may 2, tickets, streaming, pg-13"
happy vibrant joyful lively energetic sepia grainy nostalgic sorry,"mood: happy, vibrant, joyful, lively, energetic. style: sepia, grainy, nostalgic. objects: sorry"
confident nostalgic warm cinematic engaging studio-lit professional poised person lights text,"mood: confident, nostalgic, warm, cinematic, engaging. style: studio-lit, professional, poised. objects: person, lights, text"
energetic dynamic focused intense dramatic dynamic dramatic cinematic person lights screens text,"mood: energetic, dynamic, focused, intense, dramatic. style: dynamic, dramatic, cinematic. objects: person, lights, screens, text"
serene historical majestic tranquil contemplative serene atmospheric architectural pagoda river skyline trees,"mood: serene, historical, majestic, tranquil, contemplative. style: serene, atmospheric, architectural. objects: pagoda, river, skyline, trees"
thoughtful contemplative serious introspective calm cinematic natural contemplative person blue shirt building plants,"mood: thoughtful, contemplative, serious, introspective, calm. style: cinematic, natural, contemplative. objects: person, blue shirt, building, plants"
pensive contemplative serene introspective calm natural muted contemplative person plants building sign,"mood: pensive, contemplative, serene, introspective, calm. style: natural, muted, contemplative. objects: person, plants, building, sign"
nostalgic reflective somber sentimental contemplative cinematic muted naturalistic photo hands plant sidewalk,"mood: nostalgic, reflective, somber, sentimental, contemplative. style: cinematic, muted, naturalistic. objects: photo, hands, plant, sidewalk"
serene contemplative tranquil traditional nostalgic symmetrical atmospheric muted people garden building trees,"mood: serene, contemplative, tranquil, traditional, nostalgic. style: symmetrical, atmospheric, muted. objects: people, garden, building, trees"
serious contemplative somber reflective calm muted contemplative natural person pavilion trees,"mood: serious, contemplative, somber, reflective, calm. style: muted, contemplative, natural. objects: person, pavilion, trees"
thoughtful introspective calm contemplative serene naturalistic muted intimate person building plant,"mood: thoughtful, introspective, calm, contemplative, serene. style: naturalistic, muted, intimate. objects: person, building, plant"
calm reflective serene contemplative peaceful traditional serene natural-light plants steps people building sign,"mood: calm, reflective, serene, contemplative, peaceful. style: traditional, serene, natural-light. objects: plants, steps, people, building, sign"
majestic classical iconic cinematic grand iconic classic vibrant statue clouds sky light stairs,"mood: majestic, classical, iconic, cinematic, grand. style: iconic, classic, vibrant. objects: statue, clouds, sky, light, stairs"
curious anticipatory urban focused transitional cinematic urban realistic taxi woman suitcase street man,"mood: curious, anticipatory, urban, focused, transitional. style: cinematic, urban, realistic. objects: taxi, woman, suitcase, street, man"
reflective contemplative somber quiet introspective cozy moody intimate person window box hat book,"mood: reflective, contemplative, somber, quiet, introspective. style: cozy, moody, intimate. objects: person, window, box, hat, book"
urban solitary bleak gritty somber urban gritty moody graffiti sidewalk building tree person,"mood: urban, solitary, bleak, gritty, somber. style: urban, gritty, moody. objects: graffiti, sidewalk, building, tree, person"
energetic youthful determined urban casual urban dynamic gritty person school stairs backpack graffiti,"mood: energetic, youthful, determined, urban, casual. style: urban, dynamic, gritty. objects: person, school, stairs, backpack, graffiti"
busy distracted crowded tense focused cinematic warm-toned naturalistic backpacks jackets lockers beanie hallway,"mood: busy, distracted, crowded, tense, focused. style: cinematic, warm-toned, naturalistic. objects: backpacks, jackets, lockers, beanie, hallway"
serious contemplative introspective somber pensive dimly-lit moody introspective person lamp hoodie,"mood: serious, contemplative, introspective, somber, pensive. style: dimly-lit, moody, introspective. objects: person, lamp, hoodie"
concerned thoughtful anxious serious intense natural warm-toned intimate person earrings shirt door frame,"mood: concerned, thoughtful, anxious, serious, intense. style: natural, warm-toned, intimate. objects: person, earrings, shirt, door frame"
curious cautious unexpected focused inquisitive naturalistic neutral-toned candid person door phone backpack building,"mood: curious, cautious, unexpected, focused, inquisitive. style: naturalistic, neutral-toned, candid. objects: person, door, phone, backpack, building"
focused introspective calm relaxed studious casual naturalistic candid headphones notebook drink can stairs people,"mood: focused, introspective, calm, relaxed, studious. style: casual, naturalistic, candid. objects: headphones, notebook, drink can, stairs, people"
quiet domestic intimate focused cozy warm-toned intimate natural table plates glasses food people,"mood: quiet, domestic, intimate, focused, cozy. style: warm-toned, intimate, natural. objects: table, plates, glasses, food, people"
casual relaxed domestic cozy focused cozy intimate natural-light person bowl chopsticks table glass,"mood: casual, relaxed, domestic, cozy, focused. style: cozy, intimate, natural-light. objects: person, bowl, chopsticks, table, glass"
calm focused introspective intimate contemplative cinematic warm-toned intimate woman table food chair lamp,"mood: calm, focused, introspective, intimate, contemplative. style: cinematic, warm-toned, intimate. objects: woman, table, food, chair, lamp"
calm reflective cozy content peaceful cinematic warm-toned intimate chopsticks rice person red hoodie,"mood: calm, reflective, cozy, content, peaceful. style: cinematic, warm-toned, intimate. objects: chopsticks, rice, person, red hoodie"
thoughtful serious contemplative tense intimate cinematic warm-toned intimate woman table bowl lamp chair,"mood: thoughtful, serious, contemplative, tense, intimate. style: cinematic, warm-toned, intimate. objects: woman, table, bowl, lamp, chair"
chaotic bustling urban dynamic energetic cinematic wide-angle urban intersection trucks cars building,"mood: chaotic, bustling, urban, dynamic, energetic. style: cinematic, wide-angle, urban. objects: intersection, trucks, cars, building"
busy urban bustling dynamic chaotic urban bustling overcast car person building street traffic light,"mood: busy, urban, bustling, dynamic, chaotic. style: urban, bustling, overcast. objects: car, person, building, street, traffic light"
curious casual engaging conversational urban urban natural casual woman man street buildings,"mood: curious, casual, engaging, conversational, urban. style: urban, natural, casual. objects: woman, man, street, buildings"
dynamic intense energetic focused active dynamic action-oriented diverse martial arts gym people training gear punching bag,"mood: dynamic, intense, energetic, focused, active. style: dynamic, action-oriented, diverse. objects: martial arts gym, people, training gear, punching bag"
calm casual conversational urban relaxed urban natural candid person building cars street sidewalk,"mood: calm, casual, conversational, urban, relaxed. style: urban, natural, candid. objects: person, building, cars, street, sidewalk"
focused energetic intense disciplined serious neutral-toned documentary wide-angle martial artists mirror mat sign,"mood: focused, energetic, intense, disciplined, serious. style: neutral-toned, documentary, wide-angle. objects: martial artists, mirror, mat, sign"
intense dynamic energetic confrontational focused action-packed dynamic realistic people uniforms wall sign benches mirror,"mood: intense, dynamic, energetic, confrontational, focused. style: action-packed, dynamic, realistic. objects: people, uniforms, wall sign, benches, mirror"
victorious intense strained competitive energetic dynamic action-packed dramatic person mat gloves,"mood: victorious, intense, strained, competitive, energetic. style: dynamic, action-packed, dramatic. objects: person, mat, gloves"
intense focused determined confrontational competitive dramatic muted intense martial artist martial arts uniform dojo people logo,"mood: intense, focused, determined, confrontational, competitive. style: dramatic, muted, intense. objects: martial artist, martial arts uniform, dojo, people, logo"
curious contemplative relaxed urban casual urban natural-light candid person building street backpack,"mood: curious, contemplative, relaxed, urban, casual. style: urban, natural-light, candid. objects: person, building, street, backpack"
cheerful friendly relaxed casual hopeful natural urban candid woman man buildings road car,"mood: cheerful, friendly, relaxed, casual, hopeful. style: natural, urban, candid. objects: woman, man, buildings, road, car"
happy friendly warm relaxed casual natural urban candid people bus building bag,"mood: happy, friendly, warm, relaxed, casual. style: natural, urban, candid. objects: people, bus, building, bag"
intense focused dynamic energetic determined moody dimly-lit gritty punching bag person gloves desk chair,"mood: intense, focused, dynamic, energetic, determined. style: moody, dimly-lit, gritty. objects: punching bag, person, gloves, desk, chair"
intense focused aggressive determined energetic dynamic low-light motion-blurred person shelves boxes light,"mood: intense, focused, aggressive, determined, energetic. style: dynamic, low-light, motion-blurred. objects: person, shelves, boxes, light"
majestic urban grand iconic expansive aerial vibrant detailed empire state building skyscrapers river cityscape,"mood: majestic, urban, grand, iconic, expansive. style: aerial, vibrant, detailed. objects: empire state building, skyscrapers, river, cityscape"
tense confrontational uneasy crowded intense gritty dim-lit realistic subway train people helmet,"mood: tense, confrontational, uneasy, crowded, intense. style: gritty, dim-lit, realistic. objects: subway train, people, helmet"
unimpressed tired bored indifferent casual dimly-lit naturalistic muted person subway poster jacket,"mood: unimpressed, tired, bored, indifferent, casual. style: dimly-lit, naturalistic, muted. objects: person, subway, poster, jacket"
tense confrontational intense serious focused cinematic moody gritty subway people jacket hats,"mood: tense, confrontational, intense, serious, focused. style: cinematic, moody, gritty. objects: subway, people, jacket, hats"
calm quiet serene isolated peaceful aerial urban minimalist intersection cars crosswalk buildings,"mood: calm, quiet, serene, isolated, peaceful. style: aerial, urban, minimalist. objects: intersection, cars, crosswalk, buildings"
somber pensive moody introspective urban cinematic gritty moody person car road building,"mood: somber, pensive, moody, introspective, urban. style: cinematic, gritty, moody. objects: person, car, road, building"
tense curious conversational urban secretive cinematic urban muted car storefront people sign,"mood: tense, curious, conversational, urban, secretive. style: cinematic, urban, muted. objects: car, storefront, people, sign"
determined focused intense mysterious urban cinematic moody urban person hoodie buildings taxi street,"mood: determined, focused, intense, mysterious, urban. style: cinematic, moody, urban. objects: person, hoodie, buildings, taxi, street"
tense confrontational focused determined intense cinematic muted dynamic crowd building person backpack,"mood: tense, confrontational, focused, determined, intense. style: cinematic, muted, dynamic. objects: crowd, building, person, backpack"
curious surprised contemplative gathered social naturalistic candid muted people backpacks building street,"mood: curious, surprised, contemplative, gathered, social. style: naturalistic, candid, muted. objects: people, backpacks, building, street"
intense dynamic aggressive confrontational energetic dynamic action-packed gritty person building sweatshirt jeans,"mood: intense, dynamic, aggressive, confrontational, energetic. style: dynamic, action-packed, gritty. objects: person, building, sweatshirt, jeans"
painful distressed vulnerable intense dramatic dramatic dark dynamic person road,"mood: painful, distressed, vulnerable, intense, dramatic. style: dramatic, dark, dynamic. objects: person, road"
tense curious surprised dramatic concerned dramatic urban dynamic people building clothing,"mood: tense, curious, surprised, dramatic, concerned. style: dramatic, urban, dynamic. objects: people, building, clothing"
determined urban focused casual somber urban moody realistic scooter woman man building street,"mood: determined, urban, focused, casual, somber. style: urban, moody, realistic. objects: scooter, woman, man, building, street"
curious investigative urban vibrant focused urban textured vibrant person posters wall backpack,"mood: curious, investigative, urban, vibrant, focused. style: urban, textured, vibrant. objects: person, posters, wall, backpack"
pensive contemplative solitary uncertain introspective gritty urban textured person posters wall,"mood: pensive, contemplative, solitary, uncertain, introspective. style: gritty, urban, textured. objects: person, posters, wall"
calm peaceful serene tranquil contemplative cinematic warm-toned silhouette skyline buildings sunset skyscrapers,"mood: calm, peaceful, serene, tranquil, contemplative. style: cinematic, warm-toned, silhouette. objects: skyline, buildings, sunset, skyscrapers"
reflective contemplative nostalgic intimate warm intimate warm-lit conversational man boy sweater staircase,"mood: reflective, contemplative, nostalgic, intimate, warm. style: intimate, warm-lit, conversational. objects: man, boy, sweater, staircase"
moody urban atmospheric bustling evocative moody cinematic urban buildings road skyscrapers cityscape,"mood: moody, urban, atmospheric, bustling, evocative. style: moody, cinematic, urban. objects: buildings, road, skyscrapers, cityscape"
reflective serene thoughtful calm contemplative dimly-lit atmospheric elegant lanterns people coats roof lights,"mood: reflective, serene, thoughtful, calm, contemplative. style: dimly-lit, atmospheric, elegant. objects: lanterns, people, coats, roof, lights"
joyful festive warm celebratory serene nighttime festive lantern-lit lanterns people buildings trees,"mood: joyful, festive, warm, celebratory, serene. style: nighttime, festive, lantern-lit. objects: lanterns, people, buildings, trees"
curious nostalgic inviting warm intriguing textured warm-toned casual flyer hands blanket table,"mood: curious, nostalgic, inviting, warm, intriguing. style: textured, warm-toned, casual. objects: flyer, hands, blanket, table"
calm contemplative cozy warm domestic warm domestic natural woman bed lamp clothes,"mood: calm, contemplative, cozy, warm, domestic. style: warm, domestic, natural. objects: woman, bed, lamp, clothes"
anxious contemplative uncertain tense intrigued cinematic warm-toned moody person shirt window curtain,"mood: anxious, contemplative, uncertain, tense, intrigued. style: cinematic, warm-toned, moody. objects: person, shirt, window, curtain"
tense focused energetic dynamic determined dimly-lit blurred minimalist poster wall person,"mood: tense, focused, energetic, dynamic, determined. style: dimly-lit, blurred, minimalist. objects: poster, wall, person"
reflective nostalgic serene contemplative intimate moody intimate natural woman window photo plants table,"mood: reflective, nostalgic, serene, contemplative, intimate. style: moody, intimate, natural. objects: woman, window, photo, plants, table"
calm contemplative neutral introspective reserved dramatic dimly-lit intimate person sweater kitchen table,"mood: calm, contemplative, neutral, introspective, reserved. style: dramatic, dimly-lit, intimate. objects: person, sweater, kitchen, table"
reflective solemn intimate contemplative subdued cinematic warm-toned intimate man table bowls food lamp,"mood: reflective, solemn, intimate, contemplative, subdued. style: cinematic, warm-toned, intimate. objects: man, table, bowls, food, lamp"
nostalgic serene quaint peaceful retro vintage nostalgic rustic cars house plants fence,"mood: nostalgic, serene, quaint, peaceful, retro. style: vintage, nostalgic, rustic. objects: cars, house, plants, fence"
calm contemplative serene peaceful introspective traditional serene wooden man tatami mats wall art calligraphy plant,"mood: calm, contemplative, serene, peaceful, introspective. style: traditional, serene, wooden. objects: man, tatami mats, wall art, calligraphy, plant"
thoughtful contemplative serious somber introspective muted dramatic intimate man wall shirt door,"mood: thoughtful, contemplative, serious, somber, introspective. style: muted, dramatic, intimate. objects: man, wall, shirt, door"
reflective somber contemplative nostalgic calm cinematic warm-toned contemplative person room window light,"mood: reflective, somber, contemplative, nostalgic, calm. style: cinematic, warm-toned, contemplative. objects: person, room, window, light"
nostalgic respectful serene contemplative traditional traditional warm-toned framed calligraphy photograph wooden comb brush,"mood: nostalgic, respectful, serene, contemplative, traditional. style: traditional, warm-toned, framed. objects: calligraphy, photograph, wooden comb, brush"
calm reflective serene peaceful thoughtful warm-toned soft-focus intimate person wall shirt,"mood: calm, reflective, serene, peaceful, thoughtful. style: warm-toned, soft-focus, intimate. objects: person, wall, shirt"
calm reflective serene thoughtful introspective cinematic warm-toned natural-light person wooden wall window painting,"mood: calm, reflective, serene, thoughtful, introspective. style: cinematic, warm-toned, natural-light. objects: person, wooden wall, window, painting"
calm thoughtful neutral relaxed contemplative warm-toned balanced casual person lamp wall jacket,"mood: calm, thoughtful, neutral, relaxed, contemplative. style: warm-toned, balanced, casual. objects: person, lamp, wall, jacket"
calm inviting tranquil serene contemplative warm-toned minimalist serene table chairs lamp swords fireplace,"mood: calm, inviting, tranquil, serene, contemplative. style: warm-toned, minimalist, serene. objects: table, chairs, lamp, swords, fireplace"
urban busy modern dynamic bustling urban gritty muted taxi bridge buildings skyline,"mood: urban, busy, modern, dynamic, bustling. style: urban, gritty, muted. objects: taxi, bridge, buildings, skyline"
peaceful serene tranquil calm relaxed aerial sunlit organized rooftop garden plants pathways chairs people,"mood: peaceful, serene, tranquil, calm, relaxed. style: aerial, sunlit, organized. objects: rooftop garden, plants, pathways, chairs, people"
focused intense determined concentrated energetic dynamic intense focused person wooden log rope plants building,"mood: focused, intense, determined, concentrated, energetic. style: dynamic, intense, focused. objects: person, wooden log, rope, plants, building"
dynamic intense focused energetic determined dynamic urban blurred person dummy plants building,"mood: dynamic, intense, focused, energetic, determined. style: dynamic, urban, blurred. objects: person, dummy, plants, building"
chaotic intense violent urgent dynamic dynamic action-packed earthy-toned person jacket floor plant,"mood: chaotic, intense, violent, urgent, dynamic. style: dynamic, action-packed, earthy-toned. objects: person, jacket, floor, plant"
intense action-packed dynamic energetic aggressive realistic vibrant dynamic two people plants building courtyard,"mood: intense, action-packed, dynamic, energetic, aggressive. style: realistic, vibrant, dynamic. objects: two people, plants, building, courtyard"
calm nostalgic peaceful serene reflective urban natural relaxed man log ball plants buildings,"mood: calm, nostalgic, peaceful, serene, reflective. style: urban, natural, relaxed. objects: man, log, ball, plants, buildings"
content warm nostalgic hopeful serene cinematic natural-light urban person buildings trees lights,"mood: content, warm, nostalgic, hopeful, serene. style: cinematic, natural-light, urban. objects: person, buildings, trees, lights"
reflective serene contemplative peaceful calm vibrant urban focused man jacket buildings plants lights,"mood: reflective, serene, contemplative, peaceful, calm. style: vibrant, urban, focused. objects: man, jacket, buildings, plants, lights"
reflective thoughtful calm concerned pensive naturalistic urban soft-lit people plants buildings sky,"mood: reflective, thoughtful, calm, concerned, pensive. style: naturalistic, urban, soft-lit. objects: people, plants, buildings, sky"
energetic lively urban focused vibrant urban vibrant expansive person plants buildings sky,"mood: energetic, lively, urban, focused, vibrant. style: urban, vibrant, expansive. objects: person, plants, buildings, sky"
suspenseful mysterious ominous intense dramatic dramatic bold simple text,"mood: suspenseful, mysterious, ominous, intense, dramatic. style: dramatic, bold, simple. objects: text"
energetic dynamic focused rhythmic disciplined cinematic warm-toned symmetrical people lanterns wooden panels open doorway,"mood: energetic, dynamic, focused, rhythmic, disciplined. style: cinematic, warm-toned, symmetrical. objects: people, lanterns, wooden panels, open doorway"
focused disciplined serene determined tranquil natural serene dynamic wooden dummy person pond trees building,"mood: focused, disciplined, serene, determined, tranquil. style: natural, serene, dynamic. objects: wooden dummy, person, pond, trees, building"
contemplative casual introspective calm serene natural-light soft-focus muted-tones man jacket wall chair,"mood: contemplative, casual, introspective, calm, serene. style: natural-light, soft-focus, muted-tones. objects: man, jacket, wall, chair"
serious focused inquisitive tense attentive natural urban casual three people buildings strings of lights,"mood: serious, focused, inquisitive, tense, attentive. style: natural, urban, casual. objects: three people, buildings, strings of lights"
chaotic intense aggressive dynamic confrontational dynamic action-packed bright person pants shoes pavement,"mood: chaotic, intense, aggressive, dynamic, confrontational. style: dynamic, action-packed, bright. objects: person, pants, shoes, pavement"
intense dynamic focused energetic competitive overhead geometric natural people wooden floor plants,"mood: intense, dynamic, focused, energetic, competitive. style: overhead, geometric, natural. objects: people, wooden floor, plants"
determined focused dramatic intense urban cinematic urban natural-light person buildings trees sky,"mood: determined, focused, dramatic, intense, urban. style: cinematic, urban, natural-light. objects: person, buildings, trees, sky"
pensive reflective subdued contemplative relaxed natural-light candid sunlit person wooden planks t-shirt,"mood: pensive, reflective, subdued, contemplative, relaxed. style: natural-light, candid, sunlit. objects: person, wooden planks, t-shirt"
curious concerned surprised focused attentive casual natural-light outdoors two people plant building ladder,"mood: curious, concerned, surprised, focused, attentive. style: casual, natural-light, outdoors. objects: two people, plant, building, ladder"
vibrant bustling energetic expansive captivating vibrant urban dusk-lit city skyline buildings lights sunset,"mood: vibrant, bustling, energetic, expansive, captivating. style: vibrant, urban, dusk-lit. objects: city skyline, buildings, lights, sunset"
mysterious contemplative intimate curious reflective dimly-lit intimate moody envelope hands pattern,"mood: mysterious, contemplative, intimate, curious, reflective. style: dimly-lit, intimate, moody. objects: envelope, hands, pattern"
serene nostalgic intimate contemplative warm warm-toned vintage cluttered photograph lamp papers pencil holder window,"mood: serene, nostalgic, intimate, contemplative, warm. style: warm-toned, vintage, cluttered. objects: photograph, lamp, papers, pencil holder, window"
energetic lively carefree casual relaxed urban dynamic sunlit person plants sofa buildings,"mood: energetic, lively, carefree, casual, relaxed. style: urban, dynamic, sunlit. objects: person, plants, sofa, buildings"
reflective contemplative intimate sincere thoughtful cinematic warm-toned intimate man another man street lights,"mood: reflective, contemplative, intimate, sincere, thoughtful. style: cinematic, warm-toned, intimate. objects: man, another man, street, lights"
reflective casual relaxed conversational serene cinematic warm-toned intimate pizza sign people street shoes,"mood: reflective, casual, relaxed, conversational, serene. style: cinematic, warm-toned, intimate. objects: pizza sign, people, street, shoes"
calm contemplative warm introspective quiet cinematic warm-toned intimate people street lights,"mood: calm, contemplative, warm, introspective, quiet. style: cinematic, warm-toned, intimate. objects: people, street, lights"
intense aggressive chaotic confrontational energetic dynamic intense dark people crowd fight,"mood: intense, aggressive, chaotic, confrontational, energetic. style: dynamic, intense, dark. objects: people, crowd, fight"
excited chaotic energetic intense lively dynamic chaotic lively people jacket building lights,"mood: excited, chaotic, energetic, intense, lively. style: dynamic, chaotic, lively. objects: people, jacket, building, lights"
dynamic focused energetic determined lively dynamic naturalistic urban person plants chair buildings,"mood: dynamic, focused, energetic, determined, lively. style: dynamic, naturalistic, urban. objects: person, plants, chair, buildings"
somber reflective nostalgic warm intimate warm-toned intimate reflective photograph candle thermometer table,"mood: somber, reflective, nostalgic, warm, intimate. style: warm-toned, intimate, reflective. objects: photograph, candle, thermometer, table"
traditional nostalgic somber reflective classic dark minimalistic text-focused tradition,"mood: traditional, nostalgic, somber, reflective, classic. style: dark, minimalistic, text-focused. objects: tradition"
dynamic intense energetic focused disciplined oriental dynamic traditional martial artist dojo training mat pillars,"mood: dynamic, intense, energetic, focused, disciplined. style: oriental, dynamic, traditional. objects: martial artist, dojo, training mat, pillars"
chaotic frantic intense dynamic rugged dark gritty urban person bottles wall window,"mood: chaotic, frantic, intense, dynamic, rugged. style: dark, gritty, urban. objects: person, bottles, wall, window"
comforting emotional tender intimate supportive cinematic dimly-lit intimate people poster shelves,"mood: comforting, emotional, tender, intimate, supportive. style: cinematic, dimly-lit, intimate. objects: people, poster, shelves"
excited energetic vibrant lively celebratory cinematic vibrant urban crowd platform skyscrapers scoreboard,"mood: excited, energetic, vibrant, lively, celebratory. style: cinematic, vibrant, urban. objects: crowd, platform, skyscrapers, scoreboard"
intense determined focused energetic engaging cinematic dynamic crowded person crowd cityscape sunset,"mood: intense, determined, focused, energetic, engaging. style: cinematic, dynamic, crowded. objects: person, crowd, cityscape, sunset"
exciting intense energetic competitive dramatic dynamic vibrant action-packed two people crowd building sky,"mood: exciting, intense, energetic, competitive, dramatic. style: dynamic, vibrant, action-packed. objects: two people, crowd, building, sky"
nostalgic exciting dramatic bold iconic dramatic retro cinematic karate kid legends jackie chan ralph macchio,"mood: nostalgic, exciting, dramatic, bold, iconic. style: dramatic, retro, cinematic. objects: karate kid legends, jackie chan, ralph macchio"
anticipatory exclusive nostalgic exciting enigmatic dramatic minimalistic bold text logo,"mood: anticipatory, exclusive, nostalgic, exciting, enigmatic. style: dramatic, minimalistic, bold. objects: text, logo"
determined nostalgic inspiring intense dramatic dramatic nostalgic vibrant karate kid legends poster three people,"mood: determined, nostalgic, inspiring, intense, dramatic. style: dramatic, nostalgic, vibrant. objects: karate kid legends poster, three people"
